# > host: RA(deg) dec(deg) Ks_mag rstar(rsun) mstar(msun) teff(K) log_g metallicity(dex)
# planet: T14(h) rplanet(rearth) mplanet(mearth) semi-major_axis(AU) period(d) transit_epoch(BJD) t_eq(K) is_min_mass
>11 Com: 185.1787793 17.7932516 2.282 13.760 2.090 4874.0 2.45 -0.26
 11 Com b: nan nan 4914.898 1.1780 323.21000 nan 803.3 1
>11 UMi: 229.2745954 71.8239428 1.939 29.790 2.780 4213.0 1.93 -0.02
 11 UMi b: nan nan 4684.814 1.5300 516.21997 nan 896.4 1
>14 And: 352.8241500 39.2358367 2.331 11.550 1.780 4888.0 2.55 -0.21
 14 And b: nan nan 1131.151 0.7750 186.76000 nan 909.9 1
>14 Her: 242.6021014 43.8163621 4.714 1.002 0.970 5280.0 4.40 0.43
 14 Her b: nan nan 2828.673 2.8390 1766.00000 2456834.400000 151.3 0
 HD 145675 c: nan nan 2510.844 20.0000 25000.00000 2454680.000000 57.0 0
>16 Cyg B: 295.4656422 50.5168243 4.651 1.130 1.080 5750.0 4.36 0.06
 16 Cyg B b: nan nan 565.737 1.6600 798.50000 2456937.320000 228.8 1
>17 Sco: 243.4620874 -11.8377905 2.094 25.920 1.220 4157.0 1.70 -0.01
 17 Sco b: nan nan 1373.019 1.4500 578.38000 nan 847.5 1
>18 Del: 314.6078375 10.8391378 3.366 8.800 2.100 4980.0 2.87 -0.06
 18 Del b: nan nan 2926.246 2.4760 982.85000 nan 452.7 1
>1RXS J160929.1-210524: 242.3762343 -21.0831403 8.916 1.352 0.850 4060.0 4.00 nan
 1RXS J160929.1-210524 b: nan 18.647 3000.000 330.0000 nan nan 12.5 0
>24 Boo: 217.1555242 49.8446488 3.159 12.190 1.050 4816.0 2.28 -0.78
 24 Boo b: nan nan 280.642 0.1940 30.33000 nan 1840.9 1
>24 Sex: 155.8684866 -0.9023998 4.285 4.900 1.540 5098.0 3.50 -0.03
 24 Sex b: nan nan 632.460 1.3330 452.80000 nan 471.3 1
 24 Sex c: nan nan 273.320 2.0800 883.00000 nan 377.3 1
>2MASS J01033563-5515561 A: 15.8992489 -55.2658291 9.237 nan 0.190 nan nan nan
 2MASS J01033563-5515561 AB b: nan nan 4131.790 84.0000 nan nan nan 0
>2MASS J01225093-2439505: 20.7128012 -24.6646128 9.198 0.366 0.400 3530.0 4.86 nan
 2MASS J01225093-2439505 b: nan 11.209 7786.500 52.0000 nan nan 14.3 0
>2MASS J02192210-3925225: 34.8427046 -39.4230767 10.404 0.281 0.108 3064.0 4.59 nan
 2MASS J02192210-3925225 b: nan 16.141 4417.837 156.0000 nan nan 6.3 0
>2MASS J0249-0557 A: 42.4851627 -5.9599921 11.055 nan 0.046 nan nan nan
 2MASS J0249-0557 c: nan 17.374 3616.887 1950.0000 nan nan nan 0
>2MASS J03590986+2009361: 59.7911026 20.1599759 12.533 nan nan nan nan nan
 2MASS J03590986+2009361 b: nan nan 5720.911 572.0000 nan nan nan 0
>2MASS J04372171+2651014: 69.3405531 26.8502997 10.386 0.840 0.170 3100.0 4.50 0.01
 2M0437 b: nan nan 1271.314 118.0000 nan nan 12.6 0
>2MASS J04414489+2301513: 70.4371079 23.0308544 13.161 nan 0.019 nan nan nan
 2MASS J04414489+2301513 b: nan nan 2383.600 15.0000 nan nan nan 0
>2MASS J11011926-7732383: 165.3295388 -77.5440912 11.632 nan nan nan nan nan
 2MASS J11011926-7732383 b: nan nan 8899.195 266.0000 nan nan nan 0
>2MASS J11550485-7919108: 178.7691634 -79.3197558 10.079 nan nan nan nan nan
 2MASS J11550485-7919108 b: nan nan 6356.568 587.0000 nan nan nan 0
>2MASS J12073346-3932539: 181.8890906 -39.5484399 11.945 0.219 0.188 2825.0 5.03 nan
 2MASS J12073346-3932539 b: nan 15.693 1652.708 46.0000 nan nan 9.4 0
>2MASS J16262785-2625152: 246.6160467 -26.4209954 9.845 nan nan nan nan nan
 KOINTREAU-4 b: nan nan 4862.775 182.0000 nan nan nan 0
>2MASS J19383260+4603591: 294.6359173 46.0664076 12.955 0.203 0.480 29564.0 5.51 nan
 2MASS J19383260+4603591 b: nan nan 591.161 0.8402 406.00000 nan 700.7 1
 Kepler-451 c: nan nan 511.704 1.9721 1460.00000 nan 457.4 1
 Kepler-451 d: nan nan 559.378 0.1881 43.00000 nan 1481.1 1
>2MASS J21252752-8138278: 321.3662989 -81.6414894 7.341 nan nan nan nan nan
 2MASS J21252752-8138278 b: nan nan 3813.941 7493.0000 nan nan nan 0
>2MASS J22362452+4751425: 339.1025931 47.8616830 9.148 nan 0.600 4045.0 nan nan
 2MASS J22362452+4751425 b: nan nan 3972.875 230.0000 nan nan nan 0
>2MASS J22501512+2325342: 342.5634097 23.4259058 9.833 nan nan nan nan nan
 2MASS J22501512+2325342 b: nan nan 9534.852 518.0000 nan nan nan 0
>4 UMa: 130.0528099 64.3280504 1.734 18.110 1.234 4415.0 1.80 -0.25
 4 UMa b: nan nan 2511.480 0.8770 270.27000 nan 967.4 1
>47 UMa: 164.8647611 40.4304931 3.750 1.213 1.060 5872.0 4.30 0.04
 47 UMa b: nan nan 804.080 2.1000 1078.00000 2454415.600000 215.2 1
 47 UMa c: nan nan 171.621 3.6000 2391.00000 2455564.000000 164.4 1
 47 UMa d: nan nan 521.220 11.6000 14002.00000 2451820.000000 91.6 1
>51 Eri: 69.4007424 -2.4738245 4.537 1.487 1.750 7295.0 4.31 -0.03
 51 Eri b: nan nan 3464.330 10.4000 9100.00000 nan 133.0 0
>51 Peg: 344.3675399 20.7690958 3.911 1.190 1.070 5761.0 4.32 0.20
 51 Peg b: nan nan 193.875 0.0520 4.23080 2456326.932300 1328.9 0
>55 Cnc: 133.1468373 28.3298154 4.015 0.943 0.905 5172.0 4.43 0.35
 55 Cnc b: nan nan 276.000 0.1180 14.65155 2455495.595000 722.3 1
 55 Cnc c: nan nan 56.600 0.2470 44.39360 2455491.230000 499.3 1
 55 Cnc d: nan nan 1214.105 5.6000 4799.00000 2451517.800000 104.9 1
 55 Cnc e: 1.579 1.875 7.990 0.0154 0.73655 2457063.209600 1949.1 0
 55 Cnc f: nan nan 48.500 0.8020 260.58000 2455236.400000 277.1 1
>55 Cnc B: 133.1679080 28.3152863 7.666 0.274 0.260 3286.0 4.86 0.16
 55 Cnc B b: nan nan 3.500 0.0440 6.79940 2455495.700000 395.4 1
 55 Cnc B c: nan nan 5.300 0.1300 33.74700 2455491.800000 230.0 1
>6 Lyn: 97.6960311 58.1611753 3.701 4.940 1.320 4941.0 3.16 -0.17
 6 Lyn b: nan nan 597.835 2.0280 919.86000 nan 371.9 1
>61 Vir: 199.5964550 -18.3157745 2.956 0.963 0.942 5577.0 4.34 -0.01
 61 Vir b: nan nan 5.100 0.0502 4.21500 2455200.597000 1177.9 1
 61 Vir c: nan nan 18.200 0.2175 38.02100 2455036.240000 565.9 1
 61 Vir d: nan nan 22.900 0.4760 123.01000 2455245.800000 382.5 1
>7 CMa: 99.1712760 -19.2561808 1.564 4.870 1.340 4826.0 3.19 0.21
 7 CMa b: nan nan 587.986 1.7580 735.10000 nan 387.3 1
 7 CMa c: nan nan 276.512 2.1530 996.00000 nan 350.0 1
>70 Vir: 202.1064898 13.7763085 3.500 1.890 1.090 5495.0 3.95 -0.06
 70 Vir b: nan nan 2357.027 0.4810 116.68800 2455656.682000 525.2 1
>75 Cet: 38.0391598 -1.0350269 3.207 10.380 1.920 4809.0 2.69 0.10
 75 Cet b: nan nan 787.897 1.9120 696.62000 nan 540.3 1
 75 Cet c: nan nan 289.860 3.9290 2051.62000 nan 376.9 1
>8 UMi: 224.2016850 74.9009379 4.515 10.730 1.510 4847.0 2.57 -0.03
 8 UMi b: nan nan 524.417 0.4620 93.31000 nan 1126.4 1
>81 Cet: 39.4243555 -3.3963607 3.266 11.210 1.230 4734.0 2.41 -0.11
 81 Cet b: nan nan 1051.059 2.1040 1005.57000 nan 526.9 1
>91 Aqr: 348.9745031 -9.0878076 1.597 11.000 1.400 4665.0 2.52 -0.03
 91 Aqr b: nan nan 1017.000 0.7000 181.40000 nan 891.7 1
>AB Aur: 73.9410446 30.5510888 4.230 nan 2.400 9770.0 nan nan
 AB Aur b: nan nan 2860.456 93.9000 nan nan nan 0
>AB Pic: 94.8039208 -58.0541184 6.981 nan nan nan nan nan
 AB Pic b: nan nan 4290.500 260.0000 nan nan nan 0
>AF Lep: 81.7699216 -11.9011752 4.926 1.250 1.218 6100.0 4.40 0.19
 AF Lep b: nan nan 1147.361 8.9960 8905.00000 2456700.000000 109.6 0
>AT2021ueyL: 324.5450417 26.4665694 nan nan 0.490 3680.0 nan nan
 AT2021ueyL b: nan nan 425.890 4.0100 4168.69000 nan nan 0
>AU Mic: 311.2911369 -31.3424500 4.529 0.862 0.635 3540.0 4.37 0.01
 AU Mic b: 3.240 4.790 8.990 0.0700 8.46345 2458330.350878 599.0 0
 AU Mic c: 4.290 2.790 14.460 0.1190 18.85902 2458342.223325 459.4 0
 AU Mic d: nan nan 1.053 0.0853 12.73596 nan 523.9 0
 AU Mic e: nan nan 21.100 0.1702 33.11000 2459118.500000 387.9 0
>BD+03 2562: 177.5647268 2.7601075 6.021 32.350 1.140 4095.0 1.89 -0.71
 BD+03 2562 b: nan nan 2034.112 1.3000 481.90000 nan 985.0 1
>BD+05 4868 A: 326.8614036 6.6053185 7.448 0.690 0.700 4596.0 4.60 -0.05
 BD+05 4868 A b: nan nan 6.200 0.0208 1.27187 2460556.289200 1276.5 0
>BD+14 4559: 318.4010002 14.6893834 7.336 0.860 0.490 4864.0 4.26 0.17
 BD+14 4559 b: nan nan 330.543 0.7800 268.94000 nan 246.3 1
>BD+15 2375: 176.4820239 14.6163182 7.718 8.950 1.080 4649.0 2.61 -0.22
 BD+15 2375 b: nan nan 337.218 0.5760 153.22000 nan 883.7 1
>BD+15 2940: 240.0956400 15.5467507 6.525 14.700 1.100 4796.0 2.80 0.28
 BD+15 2940 b: nan nan 352.780 0.5390 137.48000 nan 1207.7 1
>BD+20 2457: 154.1867820 19.8912626 6.420 49.000 2.800 4137.0 1.51 -1.00
 BD+20 2457 b: nan nan 6807.630 1.4500 379.63000 nan 1159.7 1
 BD+20 2457 c: nan nan 3963.170 2.0100 621.99000 nan 985.0 1
>BD+20 274: 25.9203179 21.0052692 6.169 17.300 0.800 4296.0 1.99 -0.46
 BD+20 274 b: nan nan 1334.886 1.3000 578.20000 nan 755.7 1
>BD+20 594: 53.6511231 20.5990205 9.368 1.080 1.670 5766.0 4.50 -0.15
 BD+20 594 b: nan 2.578 22.248 0.2803 41.68550 2457151.902100 545.8 0
>BD+37 3172: 278.8155071 38.1153886 6.496 50.240 3.750 4500.0 1.50 -0.03
 BD+37 3172 b: nan nan 3368.981 4.6500 1887.76000 2456191.534000 713.3 1
>BD+42 2315: 187.5887597 41.2695674 7.229 17.850 1.380 4500.0 2.00 -0.20
 BD+42 2315 b: nan nan 174.806 0.5400 123.05000 2453155.660000 1247.6 1
>BD+45 564: 32.9470485 45.9242187 7.557 nan 0.810 5004.0 4.22 -0.09
 BD+45 564 b: nan nan 432.247 0.8300 307.88000 nan nan 1
>BD+48 738: 40.7102869 49.5869395 5.904 11.000 0.740 4414.0 2.24 -0.20
 BD+48 738 b: nan nan 289.225 1.0000 392.60000 nan 705.9 1
>BD+48 740: 40.7425426 48.9300579 5.645 10.330 1.090 4534.0 2.48 -0.13
 BD+48 740 b: nan nan 540.311 1.7000 733.00000 nan 538.9 1
>BD+49 828: 45.6406187 49.7299481 6.571 7.600 1.520 4943.0 2.85 -0.19
 BD+49 828 b: nan nan 508.500 4.2000 2590.00000 nan 320.6 1
>BD+55 362: 23.9636676 56.6982282 7.331 nan 0.909 5012.0 4.09 0.18
 BD+55 362 b: nan nan 228.836 0.7800 265.59000 nan nan 1
>BD+60 1417: 190.8875453 60.0143636 7.288 0.797 1.000 4993.0 4.55 nan
 BD+60 1417 b: nan 14.684 4767.426 1662.0000 nan nan 5.3 0
>BD+63 1405: 271.3979337 63.6700064 6.780 nan 0.816 5000.0 4.20 -0.09
 BD+63 1405 b: nan nan 1258.600 2.0600 1198.48000 nan nan 1
>BD-06 1339: 88.2511811 -5.9963378 6.305 nan 0.700 4324.0 4.74 -0.14
 BD-06 1339 b: nan nan 8.500 0.0428 3.87280 nan nan 1
 BD-06 1339 c: nan nan 53.000 0.4350 125.94000 nan nan 1
>BD-08 2823: 150.1971964 -9.5165689 7.323 0.710 0.500 4816.0 4.43 -0.06
 BD-08 2823 b: nan nan 12.713 0.0600 5.60000 nan 798.9 1
 BD-08 2823 c: nan nan 104.000 0.6800 237.60000 nan 237.3 1
>BD-10 3166: 164.6191243 -10.7704227 8.124 0.910 1.470 5393.0 4.69 0.38
 BD-10 3166 b: nan nan 187.520 0.0400 3.48777 2451705.963000 1240.4 1
>BD-11 4672: 278.3688659 -11.6370481 6.867 0.639 0.651 4550.0 4.64 -0.35
 BD-11 4672 b: nan nan 206.589 2.3600 1634.00000 nan 114.2 1
 BD-11 4672 c: nan nan 15.370 0.3000 74.20000 nan 320.2 1
>BD-13 2130: 114.2884692 -13.9066703 7.151 19.170 2.120 4545.0 2.20 -0.08
 BD-13 2130 b: nan nan 3108.377 1.6600 714.29999 nan 744.8 1
>BD-14 3065 A: 153.6696689 -15.6428372 9.932 2.350 1.410 6935.0 3.85 -0.34
 BD-14 3065 b: 3.086 21.590 3932.000 0.0656 4.28897 2459313.485780 2001.5 0
>BD-17 63: 7.1413494 -16.2273254 6.914 0.740 0.741 4665.0 4.19 0.01
 BD-17 63 b: nan nan 1639.995 1.3365 655.57000 nan 167.4 0
>BD-210397: 33.3024198 -21.1962147 6.504 0.747 0.690 4051.0 4.67 0.12
 BD-210397 b: nan nan 214.000 2.6300 1891.00000 nan 104.1 1
 BD-210397 c: nan nan 1525.576 5.9000 6240.00000 nan 69.5 0
>BEBOP-3: 110.9026550 79.1323952 7.860 1.414 1.083 6033.0 4.20 -0.02
 BEBOP-3 b: nan nan 177.348 1.4440 547.00000 nan 287.9 1
>BEBOP-4 A: 192.5772651 26.1595358 8.076 nan 1.507 nan nan nan
 BEBOP-4 AB b: nan nan 8358.887 3.6340 1823.50000 nan nan 0
>Barnard's star: 269.4486144 4.7379808 4.524 0.185 0.162 3195.0 4.90 -0.56
 Barnard b: nan nan 0.299 0.0229 3.15420 2460139.204000 437.9 1
 Barnard c: nan nan 0.335 0.0274 4.12440 nan 400.3 1
 Barnard d: nan nan 0.263 0.0188 2.34020 nan 483.3 1
 Barnard e: nan nan 0.193 0.0381 6.73920 nan 339.5 1
>CD Cet: 48.3530155 4.7751881 7.833 0.175 0.161 3130.0 4.93 0.13
 CD Cet b: nan nan 3.950 0.0185 2.29070 nan 464.2 1
>CD-35 2722: 92.3300147 -35.8255375 7.046 nan 0.400 3689.0 4.24 -0.16
 CD-35 2722 b: nan 17.374 9375.938 67.0000 nan nan nan 0
>CFBDSIR J145829+101343: 224.6208333 10.2286111 nan nan 0.021 580.5 4.72 nan
 CFBDSIR J145829+101343 b: nan nan 3337.100 2.6000 10037.50000 nan nan 0
>CFHTWIR-Oph 98 A: 246.9342770 -23.9811500 14.593 0.245 0.015 2320.0 3.85 nan
 CFHTWIR-Oph 98 b: nan 20.849 2479.062 200.0000 8040000.00000 nan 3.9 0
>CHXR 73: 166.6193985 -77.6258725 10.703 nan 0.350 nan nan nan
 CHXR 73 b: nan nan 3994.486 210.0000 nan nan nan 0
>CI Tau: 68.4667685 22.8416192 7.793 nan 1.032 nan nan nan
 CI Tau c: nan nan 1144.182 0.1700 25.20000 nan nan 1
>COCONUTS-2 A: 117.3009140 -76.7026960 6.579 0.366 0.400 3552.0 4.91 0.00
 COCONUTS-2 b: nan 12.576 2383.713 7506.0000 402000000.00000 nan 1.2 0
>CT Cha: 166.0375038 -76.4553693 8.661 nan nan nan nan nan
 CT Cha b: nan 24.660 5403.000 440.0000 nan nan nan 0
>CWISEP J193518.59-154620.3: 293.8262172 -15.7725727 nan nan 0.024 nan nan nan
 CWISEP J193518.59-154620.3 b: nan nan 4926.340 2.4800 nan nan nan 0
>CoRoT-1: 102.0798591 -3.1021394 12.149 1.110 0.950 5950.0 4.25 -0.30
 CoRoT-1 b: 2.373 16.700 327.350 0.0254 1.50896 2454159.453200 1896.8 0
>CoRoT-10: 291.0636813 0.7460143 11.782 0.790 0.890 5075.0 4.65 0.26
 CoRoT-10 b: 2.980 10.870 874.000 0.1055 13.24060 2454273.343600 669.7 0
>CoRoT-11: 280.6872998 5.9376586 11.248 1.370 1.270 6440.0 4.22 -0.03
 CoRoT-11 b: 2.501 16.030 740.510 0.0436 2.99433 2454597.679000 1740.7 0
>CoRoT-12: 100.7656871 -1.2964437 13.557 1.116 1.078 5675.0 4.38 0.16
 CoRoT-12 b: 2.574 16.140 291.438 0.0402 2.82804 2454398.627070 1442.6 0
>CoRoT-13: 102.7211432 -5.0864557 13.376 1.010 1.090 5945.0 4.46 0.01
 CoRoT-13 b: 3.140 9.920 415.704 0.0510 4.03519 2454790.809100 1275.7 0
>CoRoT-14: 103.4242023 -5.5360385 13.806 1.210 1.130 6035.0 4.35 0.05
 CoRoT-14 b: 1.662 12.220 2415.400 0.0270 1.51214 2454787.669400 1948.1 0
>CoRoT-16: 278.5246658 -6.0026026 12.847 1.190 1.098 5650.0 4.36 0.19
 CoRoT-16 b: 2.390 13.110 170.032 0.0618 5.35227 2454923.913800 1195.5 0
>CoRoT-17: 278.6992360 -6.6122880 12.472 1.590 1.040 5740.0 4.40 0.00
 CoRoT-17 b: 4.720 11.430 772.290 0.0461 3.76810 2454923.309300 1625.5 0
>CoRoT-18: 98.1724172 -0.0316045 13.014 1.000 0.950 5440.0 4.40 -0.10
 CoRoT-18 b: 2.387 14.680 1102.820 0.0295 1.90007 2455321.724120 1527.3 0
>CoRoT-19: 97.0335983 -0.1707293 11.837 1.650 1.210 6090.0 4.07 -0.02
 CoRoT-19 b: 4.700 14.460 352.780 0.0518 3.89713 2455257.441020 1657.4 0
>CoRoT-2: 291.7770457 1.3836634 10.310 0.906 0.960 5625.0 4.42 0.03
 CoRoT-2 b: 2.267 16.432 1102.820 0.0280 1.74299 2454237.535560 1543.5 0
>CoRoT-20: 97.7204249 0.2268931 12.513 1.020 1.140 5880.0 4.20 0.14
 CoRoT-20 b: 2.405 12.082 1366.669 0.0900 9.24285 2455266.000100 954.5 0
 CoRoT-20 c: nan nan 5403.110 2.9000 1675.00000 nan 168.2 1
>CoRoT-21: 101.0526207 -0.2991544 13.813 1.950 1.290 6200.0 3.70 0.00
 CoRoT-21 b: 4.760 14.572 718.296 0.0417 2.72474 2454399.028200 2044.4 0
>CoRoT-22: 280.6671392 6.2191669 11.988 1.136 1.099 5939.0 4.36 0.17
 CoRoT-22 b: 4.492 4.880 12.200 0.0920 9.75598 2454598.420140 1006.3 0
>CoRoT-23: 279.7826586 4.3577516 12.364 1.610 1.140 5900.0 4.30 0.05
 CoRoT-23 b: 3.888 11.770 889.900 0.0480 3.63130 2455308.939000 1647.7 0
>CoRoT-24: 101.9225430 -3.7192892 12.924 0.860 0.910 4950.0 4.55 0.30
 CoRoT-24 b: 2.850 3.700 5.700 0.0560 5.11340 2454789.611000 935.4 0
 CoRoT-24 c: 4.800 5.000 28.000 0.0980 11.75900 2454795.380300 707.1 0
>CoRoT-25: 280.6296561 6.5138223 12.846 1.190 1.090 6040.0 4.31 -0.01
 CoRoT-25 b: 1.920 12.110 85.810 0.0578 4.86069 2454576.215600 1321.5 0
>CoRoT-26: 279.7504991 6.9697828 13.261 1.790 1.090 5590.0 3.99 0.01
 CoRoT-26 b: 5.470 14.120 165.260 0.0526 4.20474 2454573.629900 1572.5 0
>CoRoT-27: 278.4958319 5.5383811 12.985 1.080 1.050 5900.0 4.40 -0.10
 CoRoT-27 b: 2.770 11.287 3302.110 0.0476 3.57532 2455748.684000 1355.2 0
>CoRoT-28: 278.6883216 5.5736911 11.032 1.780 1.010 5150.0 3.60 0.15
 CoRoT-28 b: 5.700 10.705 153.830 0.0603 5.20851 2455755.846600 1349.2 0
>CoRoT-29: 278.9020691 6.4795703 13.048 0.900 0.970 5260.0 4.30 0.20
 CoRoT-29 b: 2.190 10.088 270.156 0.0386 2.85057 2455753.115000 1224.7 0
>CoRoT-3: 292.0552827 0.1218359 11.618 1.560 1.370 6740.0 4.22 0.14
 CoRoT-3 b: 3.384 11.320 6883.910 0.0566 4.25680 2454283.138300 1706.5 0
>CoRoT-30: 277.6011767 6.8359338 13.562 0.910 0.980 5650.0 4.40 0.02
 CoRoT-30 b: nan 11.310 921.707 0.0844 9.06005 2455665.514600 894.6 0
>CoRoT-31: 94.8207350 -4.4222978 13.426 2.150 1.250 5700.0 3.85 0.00
 CoRoT-31 b: nan 16.365 266.977 0.0586 4.62941 2455843.944500 1664.9 0
>CoRoT-32: 100.1951714 9.2573953 12.193 0.790 1.080 5970.0 4.67 0.00
 CoRoT-32 b: 2.496 6.389 47.675 0.0710 6.71837 2455901.811000 960.3 0
>CoRoT-35: 289.3143526 -2.7747085 12.935 1.650 1.010 6390.0 4.01 -0.50
 CoRoT-35 b: 4.190 18.831 349.611 0.0429 3.22748 2456074.241500 1910.9 0
>CoRoT-36: 277.7510149 7.1833465 11.592 1.520 1.320 6730.0 4.16 -0.10
 CoRoT-36 b: 4.980 15.805 216.123 0.0660 5.61653 2455662.522360 1557.4 0
>CoRoT-4: 102.1946233 -0.6727861 12.288 1.170 1.160 6190.0 4.41 0.05
 CoRoT-4 b: 4.432 13.340 228.830 0.0900 9.20205 2454141.364160 1076.2 0
>CoRoT-5: 101.2772396 0.8152163 12.546 1.186 1.000 6100.0 4.19 -0.25
 CoRoT-5 b: 2.933 15.558 148.420 0.0495 4.03790 2454400.198850 1440.2 0
>CoRoT-6: 281.0725563 6.6632062 12.119 1.025 1.050 6090.0 4.43 -0.20
 CoRoT-6 b: 4.080 13.068 940.740 0.0855 8.88659 2454595.614400 1016.8 0
>CoRoT-7: 100.9561682 -1.0630076 9.806 0.830 0.820 5275.0 4.50 0.05
 CoRoT-7 b: 1.059 1.681 4.077 0.0164 0.85359 2454398.077560 1807.2 0
 CoRoT-7 c: nan nan 8.400 0.0460 3.69800 2454445.000000 1098.6 0
 CoRoT-7 d: nan nan 17.142 0.0820 8.96600 nan 809.3 0
>CoRoT-8: 291.5885696 1.4262972 11.463 0.770 0.880 5080.0 4.58 0.30
 CoRoT-8 b: 2.740 6.390 69.920 0.0630 6.21229 2454238.974300 856.4 0
>CoRoT-9: 280.7866461 6.2040783 11.688 0.960 0.960 5625.0 4.54 -0.01
 CoRoT-9 b: 8.268 11.949 266.977 0.4021 95.27266 2455365.527230 419.1 0
>DE CVn: 201.7207198 45.5455449 8.555 nan 0.510 nan nan nan
 DE CVn b: nan nan 3813.960 5.7500 4098.10000 nan nan 1
>DENIS-P J082303.1-491201: 125.7620668 -49.2003008 12.062 nan 0.075 nan nan nan
 DENIS-P J082303.1-491201 b: nan nan 9057.770 0.3600 246.36000 nan nan 0
>DH Tau: 67.4231674 26.5493897 8.178 0.270 0.330 4371.0 4.00 nan
 DH Tau b: nan 5.978 3496.000 330.0000 nan nan 6.0 0
>DMPP-1: 86.7761233 -10.6303217 6.690 1.260 1.210 6196.0 4.41 nan
 DMPP-1 b: nan nan 16.800 0.1423 17.81200 nan 889.1 1
 DMPP-1 c: nan nan 10.940 0.0973 10.03000 nan 1075.2 1
 DMPP-1 d: nan nan 4.720 0.0447 3.14170 nan 1586.8 1
 DMPP-1 e: nan nan 4.130 0.0651 5.51600 nan 1314.4 1
>DMPP-2: 27.4077310 -34.4590985 7.437 1.780 1.410 6500.0 4.10 nan
 DMPP-2 b: nan nan 171.480 0.0664 5.20300 nan 1623.1 1
 DMPP-2 c: nan nan 51.790 0.0479 3.16800 nan 1910.9 1
 DMPP-2 d: nan nan 91.790 0.1432 16.49100 nan 1105.1 1
>DMPP-3 A: 91.6243532 -72.5143057 7.061 0.910 0.900 5138.0 4.30 0.18
 DMPP-3 A b: nan nan 2.670 0.0596 5.59000 nan 968.3 1
>DMPP-4: 293.5826648 51.2358069 4.494 1.380 1.250 6400.0 4.24 -0.01
 DMPP-4 b: nan nan 12.200 0.0485 3.49820 2457139.900000 1645.7 1
>DMPP-6: 120.3857827 -70.0234291 6.330 1.270 1.079 nan nan nan
 DMPP-6 b: nan nan 5.800 0.0779 7.60270 nan nan 1
 DMPP-6 c: nan nan 13.470 0.2206 36.44100 nan nan 1
>DMPP-7: 203.5284651 0.4988127 7.386 nan 1.090 nan 4.17 nan
 DMPP-7 b: nan nan 61.390 0.0587 4.98400 nan nan 1
>DMPP-8: 305.3083517 -81.6166664 7.191 1.240 0.990 nan nan nan
 DMPP-8 b: nan nan 81.090 0.3098 62.91500 nan nan 1
>DMPP-9: 316.3060007 -66.9581622 7.906 1.260 1.100 nan nan nan
 DMPP-9 b: nan nan 14.430 0.1097 12.73300 nan nan 1
>DP Leo: 169.3162193 17.9615717 nan nan 0.690 nan nan nan
 DP Leo b: nan nan 1922.790 8.1900 10220.00000 nan nan 1
>DS Tuc A: 354.9154673 -69.1960430 6.676 0.964 1.010 5428.0 4.60 0.00
 DS Tuc A b: 3.176 5.700 413.179 0.0912 8.13827 2458332.309970 850.8 0
>EPIC 201170410: 170.1408561 -4.8070039 12.619 0.282 0.287 3648.0 5.00 -0.05
 EPIC 201170410.02: nan 1.047 nan 0.0349 6.79870 2456813.148500 500.0 0
>EPIC 201238110: 179.7058532 -3.3894613 11.933 0.374 0.410 nan nan nan
 EPIC 201238110 b: 3.360 1.870 nan 0.1346 28.16560 2456852.657200 nan 0
>EPIC 201427007: 184.6021322 -0.5512886 12.581 0.940 0.639 5633.0 4.40 -0.05
 EPIC 201427007 b: nan 1.500 nan 0.0136 0.72091 2457625.794300 2262.3 0
>EPIC 201497682: 168.9366786 0.4880606 11.438 0.552 0.780 nan nan nan
 EPIC 201497682 b: nan 0.692 nan 0.0298 2.13174 2456850.026300 nan 0
>EPIC 201595106: 183.7203635 1.9681688 10.218 0.980 0.958 5679.0 4.43 0.01
 EPIC 201595106 b: 1.001 1.565 7.670 0.0177 0.87724 2457583.044290 2037.7 0
 K2-360 c: nan nan 15.230 0.0883 9.79692 nan 912.3 1
>EPIC 201757695: 173.9385102 4.6164303 12.149 0.655 0.727 4520.0 4.66 -0.00
 EPIC 201757695.02: nan 0.908 nan 0.0296 2.04780 2456811.637000 1025.3 0
>EPIC 201841433: 175.2067520 6.1348146 12.454 0.628 0.802 5053.0 4.59 0.00
 EPIC 201841433 b: 2.400 1.040 nan 0.0350 4.16980 2456811.635900 1032.5 0
>EPIC 206024342: 331.2771441 -14.1218019 11.487 1.100 2.030 5724.0 4.50 -0.22
 EPIC 206024342 b: 2.184 1.764 nan 0.0521 4.50756 2456899.132400 1268.4 0
 EPIC 206024342 c: 1.416 1.400 nan 0.0240 0.91172 2457016.529910 1867.0 0
 EPIC 206024342 d: 4.008 2.600 nan 0.1483 14.64753 2456985.475060 751.6 0
>EPIC 206032309: 341.2404563 -13.9011223 12.538 0.229 0.221 nan nan nan
 EPIC 206032309 b: nan 1.010 nan 0.0239 2.87814 2456899.132000 nan 0
>EPIC 206042996: 337.5136198 -13.6101475 13.071 0.500 0.245 4114.0 4.80 0.01
 EPIC 206042996 b: 3.144 1.700 nan 0.0372 5.29860 2456989.046200 727.3 0
 EPIC 206042996 c: 1.070 1.200 nan 0.0060 0.35488 2457007.068270 1804.1 0
>EPIC 206215704: 335.0949721 -9.5097112 12.767 0.250 0.202 3297.0 4.90 -0.33
 EPIC 206215704 b: 0.984 1.000 nan 0.0198 2.25544 2457010.007200 565.4 0
>EPIC 206317286: 337.6178427 -7.9724560 11.635 0.758 0.832 4752.0 4.60 0.02
 EPIC 206317286 b: 1.752 1.100 nan 0.0237 1.58252 2457011.332700 1295.3 0
 EPIC 206317286 c: 4.150 2.094 nan 0.1218 17.51547 2456977.821500 571.7 0
>EPIC 211822797: 130.4102091 17.6399744 11.429 0.580 0.620 4057.0 4.70 0.20
 EPIC 211822797 b: 3.576 1.920 nan 0.1195 21.17020 2457144.405257 431.0 0
>EPIC 211945201: 136.5741931 19.4020565 8.837 1.390 1.170 6069.0 4.22 0.10
 EPIC 211945201 b: 3.910 5.760 27.000 0.1493 19.49221 2457158.824770 893.0 0
>EPIC 212297394: 207.2061241 -17.6098985 12.186 0.800 0.830 5171.0 4.55 -0.03
 EPIC 212297394 b: 1.880 1.480 nan 0.0317 2.28936 2457217.963190 1251.9 0
 EPIC 212297394 c: 2.620 2.270 nan 0.0538 5.21396 2457222.478879 961.9 0
>EPIC 212424622: 202.3313765 -14.3594358 11.775 1.344 1.106 nan nan nan
 EPIC 212424622 b: 4.320 2.170 nan 0.1395 18.09830 2457263.261600 nan 0
>EPIC 212499991: 202.4887520 -12.7347749 11.366 0.760 0.912 nan nan nan
 EPIC 212499991 b: nan 1.600 nan 0.2026 34.88500 2457280.625400 nan 0
>EPIC 212587672: 205.4445125 -10.8625468 10.857 0.980 0.990 6004.0 4.45 -0.18
 EPIC 212587672 b: 3.460 1.260 nan 0.1401 15.28078 2457227.644991 765.6 0
 EPIC 212587672 c: 3.250 2.320 nan 0.2312 23.22856 2457237.042492 596.0 0
>EPIC 212624936: 210.6376171 -10.0236852 12.292 0.930 5.332 5765.0 4.40 -0.39
 EPIC 212624936 b: nan 1.200 nan 0.0130 0.57866 2457232.531080 2353.6 0
 EPIC 212624936 c: 2.064 2.300 nan 0.1773 11.81144 2457233.787070 636.6 0
>EPIC 212737443: 204.2215065 -7.3180577 12.160 0.673 0.690 4684.0 4.62 -0.14
 EPIC 212737443 b: 2.976 2.586 nan 0.0980 13.60300 2457234.970000 591.9 0
 EPIC 212737443 c: 4.608 2.690 nan 0.2800 65.55000 2457227.790000 350.2 0
>EPIC 220492298: 16.7615005 6.5887980 12.168 0.890 0.533 5620.0 4.50 0.28
 EPIC 220492298 b: nan 0.990 nan 0.0132 0.76241 2457431.677340 2221.5 0
>EPIC 220674823: 13.0800239 10.7947051 10.344 0.990 0.913 5578.0 4.41 -0.01
 EPIC 220674823 b: 1.599 1.606 7.540 0.0132 0.57131 2459473.571200 2329.4 0
 EPIC 220674823 c: 3.782 2.712 7.900 0.1078 13.34060 2459473.524900 815.1 0
>EPIC 228836835: 189.5748998 -5.2446247 12.020 0.320 0.217 3782.0 5.00 -0.18
 EPIC 228836835 b: 0.799 1.100 nan 0.0095 0.72811 2457585.450610 1057.1 0
>EPIC 229004835: 186.4860415 -1.4047214 8.725 0.999 0.970 5868.0 4.47 -0.12
 EPIC 229004835 b: 2.100 2.332 10.400 0.1237 16.14113 2457920.445840 804.1 0
>EPIC 246851721: 78.9198197 16.2786991 9.893 1.586 1.317 6202.0 4.16 0.14
 EPIC 246851721 b: 4.108 11.781 953.490 0.0723 6.18023 2457865.110320 1400.8 0
>EPIC 248847494: 159.3890808 11.8427484 10.148 2.700 0.900 4898.0 3.52 -0.23
 EPIC 248847494 b: 53.600 12.442 4131.790 4.5000 3650.00000 2457967.170000 182.9 0
>EPIC 249893012: 228.2482353 -16.7246474 9.714 1.710 1.050 5430.0 3.99 0.20
 EPIC 249893012 b: 4.330 1.950 8.750 0.0470 3.59510 2457994.396000 1579.4 0
 EPIC 249893012 c: 6.370 3.670 14.670 0.1300 15.62400 2457998.841000 949.6 0
 EPIC 249893012 d: 9.560 3.940 10.180 0.2200 35.74700 2458008.652000 730.0 0
>FU Tau: 65.8974962 25.0506711 9.324 nan 0.050 2838.0 nan nan
 FU Tau b: nan nan 5085.280 800.0000 nan nan nan 0
>G 192-15: 90.6220931 49.8619390 8.435 nan 0.132 nan nan nan
 G 192-15 b: nan nan 1.030 0.0172 2.27476 2457851.820000 nan 1
 G 192-15 c: nan nan 14.300 1.1370 1219.00000 2458813.000000 nan 1
>G 196-3: 151.0884754 50.3861806 7.199 nan nan nan nan nan
 G 196-3 b: nan nan 8263.539 350.0000 nan nan nan 0
>G 261-6: 291.0743200 75.5558405 8.963 nan 0.118 nan nan nan
 G 261-6 b: nan nan 1.370 0.0297 5.45360 2459345.140000 nan 1
>G 264-012: 326.6719598 66.8038480 7.986 0.305 0.297 3326.0 4.85 0.10
 G 264-012 b: nan nan 2.500 0.0228 2.30538 nan 586.7 1
 G 264-012 c: nan nan 3.750 0.0525 8.05180 nan 386.6 1
>G 268-110: 16.2236880 -18.1248020 8.453 nan 0.137 nan nan nan
 G 268-110 b: nan nan 1.520 0.0128 1.43263 2457613.435000 nan 1
>G 9-40: 134.7188514 21.0747961 9.190 0.303 0.295 3395.0 4.84 -0.07
 G 9-40 b: 1.693 1.900 4.000 0.0418 5.74600 2459503.326820 440.5 0
>GJ 1002: 1.6764641 -7.5462123 7.439 0.137 0.120 3024.0 5.10 -0.25
 GJ 1002 b: nan nan 1.080 0.0457 10.34650 2458583.270000 252.5 1
 GJ 1002 c: nan nan 1.360 0.0738 21.20200 2458585.540000 198.7 1
>GJ 1061: 54.0032486 -44.5143104 6.610 0.156 0.120 2953.0 nan -0.08
 GJ 1061 b: nan nan 1.110 0.0210 3.20730 nan 388.1 0
 GJ 1061 c: nan nan 1.810 0.0342 6.68210 nan 304.1 0
 GJ 1061 d: nan nan 1.670 0.0540 13.06600 nan 242.0 0
>GJ 1132: 153.7090696 -47.1549358 8.322 0.221 0.195 3229.0 5.04 -0.17
 GJ 1132 b: 0.766 1.192 1.837 0.0157 1.62893 2459280.989880 584.3 0
 GJ 1132 c: nan nan 2.910 0.0491 8.92900 2457505.940000 330.4 1
>GJ 1148: 175.4326081 42.7515862 6.822 0.359 0.344 3287.0 4.87 0.16
 GJ 1148 b: nan nan 96.700 0.1660 41.38000 2454796.920000 232.9 1
 GJ 1148 c: nan nan 68.060 0.9120 532.58000 2454769.000000 99.4 1
>GJ 1151: 177.7304866 48.3732334 7.637 0.178 0.164 3280.0 5.09 -0.12
 GJ 1151 c: nan nan 10.620 0.5714 389.70000 2457798.670000 88.3 1
>GJ 1214: 258.8313991 4.9606795 8.782 0.216 0.182 3101.0 5.03 0.24
 GJ 1214 b: 0.870 2.733 8.410 0.0150 1.58040 2459639.781262 566.8 0
>GJ 1252: 306.9286462 -56.4622865 7.915 0.391 0.381 3458.0 4.89 0.10
 GJ 1252 b: 0.857 1.193 1.320 0.0092 0.51823 2458668.097440 1089.8 0
>GJ 1265: 333.4324675 -17.6870623 8.115 0.192 0.178 3236.0 5.09 -0.04
 GJ 1265 b: nan nan 7.400 0.0260 3.65110 nan 424.0 1
>GJ 1289: 355.7813464 36.5363314 7.226 nan 0.210 3296.0 nan 0.02
 GJ 1289 b: nan nan 6.270 0.2700 111.74000 2459403.200000 nan 1
>GJ 143: 51.7501882 -63.5001660 5.375 0.695 0.730 4640.0 4.61 0.00
 GJ 143 b: 3.230 2.610 22.700 0.1915 35.61253 2458385.925020 426.2 0
 HD 21749 c: 2.515 0.892 3.700 0.0695 7.78993 2458371.228700 707.5 0
>GJ 15 A: 4.6126677 44.0247296 4.018 0.380 0.380 3607.0 4.87 -0.34
 GJ 15 A b: nan nan 3.030 0.0720 11.44070 2455783.630000 399.6 1
 GJ 15 A c: nan nan 36.000 5.4000 7600.00000 nan 46.1 1
>GJ 160.2: 61.6454173 -20.8564724 6.702 nan 0.690 4347.0 nan nan
 GJ 160.2 b: nan nan 10.200 0.0530 5.23540 nan nan 1
>GJ 163: 62.3228353 -53.3711768 7.135 nan 0.400 nan nan nan
 GJ 163 b: nan nan 10.600 0.0607 8.63182 nan nan 1
 GJ 163 c: nan nan 6.800 0.1254 25.63058 nan nan 1
 GJ 163 d: nan nan 29.400 1.0304 603.95116 nan nan 1
>GJ 179: 73.0245495 6.4752347 6.942 0.380 0.357 3370.0 4.83 0.30
 GJ 179 b: nan nan 260.610 2.4100 2288.00000 2454876.000000 64.5 1
>GJ 180: 73.4600970 -17.7761940 6.598 nan 0.430 3371.0 nan nan
 GJ 180 b: nan nan 6.490 0.0920 17.13300 nan nan 1
 GJ 180 c: nan nan 6.400 0.1290 24.32900 nan nan 1
 GJ 180 d: nan nan 7.560 0.3090 106.30000 nan nan 1
>GJ 2030: 50.8237604 -7.7950429 4.417 nan 0.960 nan nan nan
 GJ 2030 b: nan nan 4.767 0.0340 2.38129 nan nan 1
 GJ 2030 c: nan nan 4069.157 16.7610 25533.11353 nan nan 0
>GJ 2056: 108.0194945 -24.8921008 6.890 nan 0.620 nan nan nan
 GJ 2056 b: nan nan 16.200 0.2830 69.97100 nan nan 1
>GJ 2126: 257.3606793 -35.3917190 7.557 0.728 0.650 4159.0 4.53 0.60
 GJ 2126 b: nan nan 413.177 0.7100 272.70000 nan 203.1 1
>GJ 229: 92.6435993 -21.8677233 4.166 nan 0.509 nan nan nan
 GJ 229 A c: nan nan 8.581 0.3840 121.93268 nan nan 1
 GJ 229 b: nan nan 14.938 1.0860 579.47495 nan nan 1
>GJ 238: 98.4548810 -58.5250316 7.030 0.431 0.419 3485.0 4.85 0.15
 GJ 238 b: 1.239 0.566 nan 0.0212 1.74470 2458326.982220 757.5 0
>GJ 251: 103.7002499 33.2664632 5.275 0.360 0.350 3342.0 4.87 0.07
 GJ 251 b: nan nan 3.850 0.0808 14.23700 2458626.810000 340.2 1
 GJ 251 c: nan nan 3.880 0.1960 53.64700 2458922.000000 218.4 1
>GJ 27.1: 9.9980016 -44.2541679 7.394 nan 0.530 3542.0 nan nan
 GJ 27.1 b: nan nan 13.000 0.1010 15.81900 nan nan 1
>GJ 273: 111.8520910 5.2258070 4.857 0.293 0.290 3382.0 nan 0.09
 GJ 273 b: nan nan 2.890 0.0911 18.64980 nan 292.5 1
 GJ 273 c: nan nan 1.180 0.0365 4.72340 nan 462.3 1
>GJ 3021: 4.0634323 -79.8514218 4.859 0.900 0.900 5540.0 4.70 0.10
 GJ 3021 b: nan nan 1071.040 0.4900 133.71000 nan 362.0 1
>GJ 3082: 18.6432425 -53.9407751 6.966 nan 0.470 nan nan nan
 GJ 3082 b: nan nan 8.200 0.0790 11.94900 nan nan 1
>GJ 3090: 20.4384281 -46.7147234 7.294 0.516 0.519 3707.0 4.76 0.12
 GJ 3090 b: 1.264 2.180 4.520 0.0316 2.85310 2458356.153220 722.3 0
 GJ 3090 c: nan nan 10.000 0.0997 15.94070 2458350.830000 406.7 1
>GJ 3138: 32.2977385 -16.3392495 nan 0.500 0.681 3717.0 nan -0.30
 GJ 3138 b: nan nan 1.780 0.0197 1.22003 nan 903.0 1
 GJ 3138 c: nan nan 4.180 0.0570 5.97400 nan 530.9 1
 GJ 3138 d: nan nan 10.500 0.6980 257.80000 nan 151.7 1
>GJ 317: 130.2445254 -23.4528090 7.028 0.403 0.402 3496.0 4.82 -0.02
 GJ 317 b: nan nan 536.494 1.1380 695.69000 2458089.400000 100.3 1
 GJ 317 c: nan nan 454.495 5.0400 6500.00000 2462735.000000 47.7 1
>GJ 3222: 50.8972464 -40.0762325 4.767 nan 0.890 nan nan nan
 GJ 3222 b: nan nan 11.442 0.0910 10.66669 nan nan 1
>GJ 328: 133.7819507 1.5420011 6.352 0.630 0.650 3897.0 4.64 -0.06
 GJ 328 b: nan nan 797.749 4.1100 3771.00000 2456177.000000 73.6 1
 GJ 328 c: nan nan 21.400 0.6570 241.80000 2458478.800000 184.0 1
>GJ 3293: 67.1484425 -25.1713396 7.486 0.404 0.420 3466.0 nan 0.02
 GJ 3293 b: nan nan 23.540 0.1434 30.59870 nan 280.5 1
 GJ 3293 c: nan nan 21.090 0.3618 122.61960 nan 176.6 1
 GJ 3293 d: nan nan 7.600 0.1939 48.13450 nan 241.2 1
 GJ 3293 e: nan nan 3.280 0.0821 13.25430 nan 370.8 1
>GJ 3323: 75.4868824 -6.9485133 6.736 0.119 0.164 3159.0 nan -0.27
 GJ 3323 b: nan nan 2.020 0.0328 5.36360 nan 290.1 1
 GJ 3323 c: nan nan 2.310 0.1264 40.54000 nan 147.8 1
>GJ 3341: 78.9471415 -31.2948458 7.733 0.439 0.470 3526.0 nan -0.09
 GJ 3341 b: nan nan 6.600 0.0890 14.20700 nan 377.6 1
>GJ 3378: 90.2951302 59.5931917 6.639 0.275 0.262 3340.0 4.97 -0.09
 GJ 3378 b: nan nan 2.300 0.0967 21.45000 2460292.200000 271.6 1
>GJ 338 B: 138.5916722 52.6835211 4.136 0.580 0.640 4014.0 4.68 -0.03
 GJ 338 B b: nan nan 10.600 0.1420 24.42200 2457521.430000 391.2 1
>GJ 341: 140.3993759 -60.2811692 5.587 0.507 0.480 3770.0 4.72 -0.16
 GJ 341 b: 2.230 0.880 4.000 0.0577 7.57686 2459301.771000 538.6 0
>GJ 3470: 119.7735021 15.3912090 7.989 0.547 0.539 3600.0 4.70 0.20
 GJ 3470 b: 1.918 4.570 13.900 0.0355 3.33665 2455983.704210 681.4 0
>GJ 3473: 120.5936065 3.3371629 8.829 0.364 0.360 3347.0 4.81 0.11
 GJ 3473 b: 0.950 1.264 1.860 0.0159 1.19800 2458492.204080 772.5 0
 GJ 3473 c: nan nan 7.410 0.0876 15.50900 nan 329.0 1
>GJ 3512: 130.3316616 59.4918364 8.668 0.139 0.123 3141.0 nan -0.07
 GJ 3512 b: nan nan 146.519 0.3376 203.10900 2457739.510000 97.2 1
 GJ 3512 c: nan nan 143.976 1.7310 2354.00000 2457339.000000 42.9 1
>GJ 357: 144.0074644 -21.6650634 6.475 0.337 0.342 3505.0 4.94 -0.12
 GJ 357 b: 1.291 1.200 1.830 0.0360 3.93060 2459272.675700 517.1 0
 GJ 357 c: nan nan 3.400 0.0610 9.12470 nan 397.3 1
 GJ 357 d: nan nan 6.100 0.2040 55.66100 nan 217.2 1
>GJ 3634: 164.6433493 -31.1443383 7.470 0.430 0.450 nan nan nan
 GJ 3634 b: nan nan 8.400 0.0287 2.64561 nan nan 0
>GJ 367: 146.1214640 -45.7790165 5.780 0.457 0.451 3535.0 4.78 -0.01
 GJ 367 b: 0.615 0.736 0.503 0.0071 0.32192 2458543.814140 1369.8 0
 GJ 367 c: nan nan 4.130 0.0768 11.53010 2459153.940000 414.7 1
 GJ 367 d: nan nan 6.030 0.1591 34.36900 2459181.820000 288.1 1
>GJ 3779: 200.7335358 24.4639425 7.957 0.281 0.270 3324.0 5.05 0.00
 GJ 3779 b: nan nan 8.000 0.0260 3.02320 nan 526.9 1
>GJ 3929: 239.5775678 35.4081141 7.869 0.320 0.313 3384.0 4.89 -0.02
 GJ 3929 b: 1.190 1.090 1.750 0.0252 2.61624 2458956.396200 581.5 0
 GJ 3929 c: nan nan 5.710 0.0810 15.04000 2459070.900000 324.3 1
>GJ 393: 157.2288672 0.8378485 5.311 0.426 0.426 3579.0 4.88 -0.09
 GJ 393 b: nan nan 1.710 0.0540 7.02679 nan 484.6 1
>GJ 3942: 242.2645452 52.9441443 6.331 0.610 0.630 3867.0 4.65 -0.04
 GJ 3942 b: nan nan 7.140 0.0608 6.90500 nan 590.6 1
>GJ 3988: 255.8503747 51.4089795 7.921 0.197 0.184 3273.0 4.92 -0.12
 GJ 3988 b: nan nan 3.690 0.0405 6.94420 nan 348.4 1
>GJ 3998: 259.0020507 11.0561751 6.816 0.500 0.520 3726.0 4.75 -0.13
 GJ 3998 b: nan nan 2.500 0.0300 2.65033 2460202.964000 733.5 1
 GJ 3998 c: nan nan 6.820 0.0900 13.72700 2460196.960000 423.5 1
 GJ 3998 d: nan nan 6.070 0.1890 41.78000 2460170.550000 292.2 1
>GJ 411: 165.8344710 35.9723170 3.501 0.368 0.390 3719.0 4.89 -0.36
 GJ 411 b: nan nan 2.690 0.0788 12.93940 2456305.380000 387.8 1
 HD 95735 c: nan nan 13.600 2.9400 2946.00000 2457205.000000 63.5 1
>GJ 414 A: 167.7745044 30.4451688 4.979 0.680 0.650 4120.0 4.65 0.24
 GJ 414 A b: nan 2.630 7.600 0.2324 50.80000 2455179.900000 339.8 1
 GJ 414 A c: nan 8.400 53.830 1.4000 749.83000 2457228.000000 138.5 1
>GJ 422: 168.9810458 -57.5425629 7.035 nan 0.350 3323.0 nan nan
 GJ 422 b: nan nan 11.070 0.1110 20.12900 nan nan 1
>GJ 4274: 335.7805478 -17.6104078 7.319 0.190 0.180 3228.0 5.26 -0.19
 GJ 4274 b: nan nan 2.970 0.0153 1.63390 2460115.047000 548.5 1
 GJ 4274 c: nan nan 8.390 0.1860 69.57000 2460097.870000 157.3 1
>GJ 4276: 336.3221454 59.4125030 7.887 0.407 0.406 3387.0 4.97 0.12
 GJ 4276 b: nan nan 16.570 0.0820 13.35200 nan 363.9 1
>GJ 433: 173.8619194 -32.5436302 5.623 0.500 0.480 3461.0 4.81 -0.17
 GJ 433 b: nan nan 6.043 0.0620 7.37050 nan 473.9 1
 GJ 433 c: nan nan 32.422 4.8190 5094.10500 nan 53.8 1
 GJ 433 d: nan nan 5.223 0.1780 36.05900 nan 279.7 1
>GJ 436: 175.5505363 26.7030669 6.073 0.455 0.470 3500.0 4.79 0.00
 GJ 436 b: 0.761 4.170 22.100 0.0291 2.64388 2454510.801620 667.4 0
>GJ 463: 185.7440496 64.0324311 7.122 0.483 0.486 3563.0 4.86 -0.16
 GJ 463 b: nan nan 524.099 3.5300 3459.00000 2454313.000000 63.6 1
>GJ 480: 189.7134226 11.6950708 6.691 0.449 0.450 3509.0 4.88 0.26
 GJ 480 b: nan nan 8.800 0.0680 9.55360 2458446.000000 434.8 1
>GJ 486: 191.9815310 9.7494181 6.362 0.324 0.312 3317.0 4.91 -0.15
 GJ 486 b: 1.016 1.289 2.770 0.0171 1.46712 2459939.071602 695.7 0
>GJ 504: 199.1923480 9.4249781 4.033 nan 1.220 6234.0 4.60 0.28
 GJ 504 b: nan 12.106 1271.300 43.5000 nan nan nan 0
>GJ 508.2: 200.2443854 34.2776644 6.555 0.530 0.540 3720.0 nan -0.15
 GJ 508.2 b: nan nan 587.983 4.8500 5300.00000 nan 59.3 1
>GJ 514: 202.5040424 10.3725387 5.036 0.500 0.510 3728.0 4.76 -0.14
 GJ 514 b: nan nan 5.200 0.4220 140.43000 nan 195.7 1
>GJ 536: 210.2597264 -2.6522901 5.683 0.529 0.528 3641.0 4.71 -0.08
 GJ 536 b: nan nan 6.370 0.0668 8.70874 2460553.100000 494.1 1
 GJ 536 c: nan nan 5.890 0.1617 32.76100 2460547.350000 317.6 1
>GJ 581: 229.8564725 -7.7226935 5.837 0.302 0.295 3500.0 4.97 -0.08
 GJ 581 b: nan nan 20.500 0.0399 5.36860 2454724.631000 464.3 0
 GJ 581 c: nan nan 6.810 0.0718 12.92110 2455183.690000 346.1 0
 GJ 581 e: nan nan 2.480 0.0280 3.14810 nan 554.4 0
>GJ 625: 246.3557854 54.3033625 5.833 0.310 0.300 3499.0 4.94 -0.38
 GJ 625 b: nan nan 2.820 0.0784 14.62800 nan 335.6 1
>GJ 649: 254.5363221 25.7419719 5.624 0.500 0.510 3734.0 4.76 -0.15
 GJ 649 b: nan nan 82.000 1.1120 600.10000 2459045.400000 120.7 1
>GJ 667 C: 259.7510609 -34.9977651 6.036 nan 0.330 3350.0 4.69 -0.55
 GJ 667 C b: nan nan 5.600 0.0504 7.20300 nan nan 0
 GJ 667 C c: nan nan 3.800 0.1250 28.14000 nan nan 1
 GJ 667 C e: nan nan 2.700 0.2130 62.24000 nan nan 1
 GJ 667 C f: nan nan 2.700 0.1560 39.02600 nan nan 1
 GJ 667 C g: nan nan 4.600 0.5490 256.20000 nan nan 1
>GJ 674: 262.1700476 -46.8989826 4.855 nan 0.350 3600.0 nan -0.28
 GJ 674 b: nan nan 11.090 0.0390 4.69380 nan nan 1
>GJ 676 A: 262.5448903 -51.6377777 5.825 0.690 0.626 3734.0 4.62 0.08
 GJ 676 A b: nan nan 1840.862 1.7350 1051.44521 nan 113.5 0
 GJ 676 A c: nan nan 4288.141 9.7260 13921.42302 nan 48.0 0
 GJ 676 A d: nan nan 3.814 0.0390 3.60076 nan 757.4 1
 GJ 676 A e: nan nan 6.674 0.1810 35.47358 nan 351.6 1
>GJ 680: 263.8072214 -48.6788427 5.829 nan 0.456 nan nan nan
 GJ 680 b: nan nan 7977.493 10.1380 17281.66514 nan nan 0
>GJ 682: 264.2610245 -44.3232519 5.606 nan 0.270 3028.0 nan nan
 GJ 682 b: nan nan 4.400 0.0800 17.47800 nan nan 1
 GJ 682 c: nan nan 8.700 0.1760 57.32000 nan nan 1
>GJ 685: 263.8960378 61.6793482 6.066 0.540 0.550 3816.0 4.72 -0.15
 GJ 685 b: nan nan 9.000 0.1344 24.16000 nan 368.8 1
>GJ 687: 264.1041731 68.3336741 4.548 0.430 0.400 3340.0 4.82 0.15
 GJ 687 b: nan nan 17.200 0.1630 38.14200 2454481.070000 261.6 1
 GJ 687 c: nan nan 16.000 1.1650 727.56200 nan 97.8 1
>GJ 720 A: 278.8294172 45.7456038 6.082 0.560 0.570 3837.0 4.71 -0.14
 GJ 720 A b: nan nan 13.640 0.1190 19.46600 nan 401.4 1
>GJ 724: 280.2383650 -13.3824997 6.546 0.522 0.527 3799.0 4.88 -0.02
 GJ 724 b: nan nan 10.750 0.0469 5.10128 nan 611.6 1
>GJ 740: 284.4997178 5.9028670 5.357 0.560 0.580 3913.0 4.68 0.08
 GJ 740 b: nan nan 2.960 0.0290 2.37756 nan 829.2 1
>GJ 806: 311.2697002 44.5002351 6.533 0.414 0.413 3600.0 4.98 -0.28
 GJ 806 b: 0.930 1.331 1.900 0.0141 0.92632 2459445.573710 942.4 0
 GJ 806 c: nan nan 5.800 0.0523 6.64064 2459422.182000 488.6 1
>GJ 832: 323.3912616 -49.0125169 4.501 0.480 0.450 3657.0 4.70 -0.70
 GJ 832 b: nan nan 314.650 3.7000 3853.00000 nan 63.5 0
>GJ 849: 332.4229938 -4.6408317 5.594 0.450 0.450 3467.0 4.80 0.09
 GJ 849 b: nan nan 283.821 2.3200 1925.31000 2453906.000000 73.6 1
 GJ 849 c: nan nan 314.650 4.9500 5990.00000 2453120.000000 50.4 1
>GJ 86: 32.6224785 -50.8209945 4.125 0.770 0.930 5182.0 4.63 -0.22
 GJ 86 b: nan nan 1404.809 0.1100 15.76491 nan 661.1 1
>GJ 876: 343.3239737 -14.2665958 5.010 0.300 0.320 3293.7 4.87 0.21
 GJ 876 b: nan nan 723.223 0.2083 61.11660 2453055.984000 190.6 0
 GJ 876 c: nan nan 226.985 0.1296 30.08810 2453029.298000 241.7 0
 GJ 876 d: nan nan 6.830 0.0208 1.93778 2455200.064000 603.1 0
 GJ 876 e: nan nan 14.600 0.3343 124.26000 nan 150.5 0
>GJ 887: 346.5027573 -35.8473489 3.465 0.468 0.495 3688.0 4.16 -0.06
 GJ 887 b: nan nan 3.900 0.0683 9.26190 2453492.750000 465.5 1
 GJ 887 c: nan nan 6.500 0.1210 21.78400 2453498.200000 349.7 1
 GJ 887 d: nan nan 6.100 0.2120 50.77000 2453496.000000 264.2 1
 GJ 887 e: nan nan 1.460 0.0417 4.42490 2453488.050000 595.8 1
>GJ 896 A: 352.9700384 19.9370011 5.326 nan 0.436 nan nan nan
 GJ 896 A b: nan nan 718.292 0.6397 284.39000 nan nan 0
>GJ 900 A: 353.7526177 1.6055211 6.044 nan 1.080 nan nan -0.63
 GJ 900 b: nan nan 3496.112 12000.0000 nan nan nan 0
>GJ 9066: 30.0588307 13.0443172 6.648 0.164 0.150 3154.0 5.01 -0.13
 GJ 9066 c: nan nan 66.744 0.8800 771.36000 nan 65.7 1
>GJ 9404: 184.8472095 28.3827126 6.796 nan 0.620 nan nan nan
 GJ 9404 b: nan nan 11.900 0.0943 13.45860 nan nan 1
>GJ 96: 35.5624031 47.8802075 5.554 nan 0.600 3785.0 nan 0.14
 GJ 96 b: nan nan 19.660 0.2910 73.94000 nan nan 1
>GJ 9689: 303.4677310 13.3888921 7.468 0.570 0.590 3836.0 4.69 0.05
 GJ 9689 b: nan nan 9.650 0.1139 18.27000 nan 413.8 1
>GJ 9714: 315.4141767 -32.5250028 6.221 nan 0.670 nan nan nan
 GJ 9714 b: nan nan 2988.541 12.3190 19240.75467 nan nan 0
>GJ 9773: 333.1502333 8.5503355 7.472 0.362 0.358 3528.0 nan -0.20
 GJ 9773 b: nan nan 172.581 2.9210 2965.00000 2459362.000000 59.9 1
>GJ 9827: 351.7717763 -1.2853435 7.193 0.580 0.620 4236.0 4.72 -0.29
 GJ 9827 b: 1.265 1.440 4.280 0.0189 1.20897 2457738.825900 1131.5 0
 GJ 9827 c: 1.825 1.130 1.860 0.0395 3.64810 2457742.200000 782.7 0
 GJ 9827 d: 1.223 1.980 3.020 0.0530 6.20183 2460265.101960 675.7 0
>GPX-1: 38.3691648 56.0257080 11.181 1.560 1.680 7000.0 4.27 0.35
 GPX-1 b: 2.090 16.477 6261.220 0.0338 1.74458 2458770.238230 2293.2 0
>GQ Lup: 237.3003643 -35.6515055 7.096 1.942 0.700 4360.0 nan nan
 GQ Lup b: nan 33.600 6356.000 100.0000 nan nan 29.3 0
>GSC 06214-00210: 245.4776921 -20.7193398 9.152 0.905 0.900 4200.0 4.37 nan
 GSC 06214-00210 b: nan 20.176 5000.000 320.0000 nan nan 10.8 0
>GU Psc: 18.1464850 17.0650029 9.345 nan 0.325 nan nan 0.10
 GU Psc b: nan 14.179 3591.300 2000.0000 nan nan nan 0
>Gaia-1: 90.6436658 -0.5771099 11.269 0.952 0.949 5470.0 4.44 nan
 Gaia-1 b: 2.256 13.776 533.952 0.0405 3.05252 2458468.685240 1279.3 0
>Gaia-2: 110.7353308 67.2526565 9.742 1.064 1.000 5720.0 4.37 nan
 Gaia-2 b: 2.721 14.818 259.666 0.0467 3.69152 2458843.988750 1316.6 0
>Gaia-4: 209.5063762 31.6954898 9.135 0.624 0.644 4034.0 4.68 0.05
 Gaia-4 b: nan nan 3750.375 1.1636 571.30000 nan 142.4 0
>Gaia-5: 302.0408173 41.9415455 9.754 0.345 0.339 3447.0 4.83 -0.18
 Gaia-5 b: nan nan 6633.079 0.6888 358.62000 nan 117.6 0
>Gaia22dkvL: 151.7690000 -66.1808889 nan nan 1.145 nan nan nan
 Gaia22dkvL b: nan nan 187.837 1.4000 nan nan nan 0
>Gl 378: 150.5865513 48.0824515 6.160 0.560 0.560 3879.0 nan 0.06
 Gl 378 b: nan nan 13.020 0.0394 3.82200 nan 704.9 1
>Gl 410: 165.6604212 21.9669164 5.688 0.543 0.550 3842.0 4.87 0.05
 Gl 410 b: nan nan 8.400 0.0531 6.02000 nan 592.4 1
>Gl 49: 15.6687321 62.3454386 5.371 0.511 0.515 3805.0 4.69 0.13
 Gl 49 b: nan nan 5.630 0.0905 13.85080 nan 436.0 1
>Gl 686: 264.4764878 18.5959509 5.572 0.427 0.426 3656.0 4.87 -0.23
 Gl 686 b: nan nan 6.624 0.0910 15.53000 2450606.800000 381.9 1
>Gl 725 A: 280.6834312 59.6381090 4.432 0.351 0.330 3433.0 4.87 -0.19
 Gl 725 A b: nan nan 2.780 0.0680 11.22010 nan 376.1 1
>Gliese 12: 3.9579137 13.5576175 7.807 0.265 0.255 3328.0 5.25 -0.24
 Gliese 12 b: 1.200 0.930 0.950 0.0680 12.76142 2460033.163510 316.7 0
>HAT-P-1: 344.4453632 38.6749190 8.858 1.174 1.151 5980.0 4.36 0.13
 HAT-P-1 b: 2.850 14.785 166.861 0.0556 4.46530 2453979.932020 1324.9 0
>HAT-P-11: 297.7101763 48.0818635 7.009 0.765 0.811 4777.0 4.59 0.32
 HAT-P-11 b: 2.364 4.840 23.519 0.0526 4.88800 2454957.813141 878.6 1
 HAT-P-11 c: nan nan 851.780 4.1000 3361.00000 2456746.000000 99.5 0
>HAT-P-12: 209.3886452 43.4933100 10.108 0.701 0.733 4650.0 4.61 -0.29
 HAT-P-12 b: 2.338 10.749 67.059 0.0384 3.21306 2454419.195560 958.0 0
>HAT-P-13: 129.8823772 47.3519076 8.975 1.558 1.220 5653.0 4.13 0.41
 HAT-P-13 b: 3.228 14.258 270.462 0.0427 2.91625 2454779.929760 1646.7 0
 HAT-P-13 c: nan nan 4538.421 1.2212 446.27000 nan 307.9 1
>HAT-P-14: 260.1161719 38.2421682 8.851 1.820 2.650 6600.0 4.25 0.11
 HAT-P-14 b: 2.220 15.917 1093.335 0.0753 4.62767 2455310.290180 1564.4 0
>HAT-P-15: 66.2481420 39.4606020 9.641 1.070 1.000 5568.0 4.38 0.22
 HAT-P-15 b: 5.484 11.882 616.590 0.0958 10.86350 2454638.560190 897.4 0
>HAT-P-16: 9.5730343 42.4630961 9.553 1.266 1.218 6158.0 4.34 0.17
 HAT-P-16 b: 3.062 14.684 1332.605 0.0455 2.77596 2455027.603560 1566.2 0
>HAT-P-17: 324.5359781 30.4881882 8.544 0.870 0.990 5246.0 4.53 0.00
 HAT-P-17 b: 4.056 11.769 184.341 0.0919 10.33852 2454801.169430 778.2 0
 HAT-P-17 c: nan nan 1080.600 5.6000 5584.00000 nan 99.6 1
>HAT-P-18: 256.3463760 33.0123251 10.234 0.749 0.770 4803.0 4.57 0.10
 HAT-P-18 b: 2.714 11.153 62.610 0.0559 5.50802 2454715.021740 847.8 0
>HAT-P-19: 9.5165832 34.7114025 10.546 0.773 0.807 4962.0 4.57 0.17
 HAT-P-19 b: 2.837 11.299 88.038 0.0460 4.00878 2456610.863945 981.0 0
>HAT-P-2: 245.1514324 41.0479601 7.603 1.390 1.330 6380.0 4.16 0.18
 HAT-P-2 b: 4.289 10.957 2739.695 0.0681 5.63352 2454387.493750 1389.5 1
 HAT-P-2 c: nan nan 3400.764 8.9640 8500.00000 nan 121.1 0
>HAT-P-20: 111.9164295 24.3361185 8.601 0.694 0.756 4595.0 4.63 0.35
 HAT-P-20 b: 1.848 9.718 2302.899 0.0361 2.87532 2455080.926610 971.5 0
>HAT-P-21: 171.2749348 41.0280207 10.111 1.210 1.240 5588.0 4.33 0.01
 HAT-P-21 b: 3.672 12.442 1547.832 0.0543 4.12448 2454996.413120 1272.0 0
>HAT-P-22: 155.6814593 50.1287115 7.837 1.110 1.130 5302.0 4.36 0.24
 HAT-P-22 b: 2.653 12.890 785.040 0.0443 3.21222 2460362.105227 1279.9 0
>HAT-P-23: 306.1239076 16.7621462 10.791 1.203 1.130 5905.0 4.33 0.15
 HAT-P-23 b: 2.179 15.334 664.237 0.0232 1.21288 2454852.264640 2050.4 0
>HAT-P-24: 108.8251171 14.2626064 10.543 1.380 1.370 6373.0 4.27 -0.16
 HAT-P-24 b: 3.736 14.572 238.373 0.0488 3.35524 2458491.695717 1633.6 0
>HAT-P-25: 48.4354731 25.1973548 10.815 0.919 1.012 5519.0 4.52 0.29
 HAT-P-25 b: 2.813 12.722 180.845 0.0466 3.65282 2455176.851730 1181.8 0
>HAT-P-26: 213.1565508 4.0594175 9.581 0.870 1.120 5079.0 4.56 -0.04
 HAT-P-26 b: 2.455 7.062 22.248 0.0530 4.23452 2455304.651220 992.6 0
>HAT-P-27: 222.7673221 5.9473626 10.109 0.865 0.916 5316.0 4.53 0.30
 HAT-P-27 b: 1.680 11.430 197.050 0.0400 3.03958 2455407.908800 1191.8 0
>HAT-P-28: 13.0009159 34.7284020 11.104 1.103 1.025 5680.0 4.36 0.12
 HAT-P-28 b: 3.218 13.585 198.953 0.0434 3.25721 2455417.598320 1380.8 0
>HAT-P-29: 33.1310921 51.7787754 10.297 1.300 1.450 6087.0 4.34 0.21
 HAT-P-29 b: 3.855 13.115 279.690 0.0710 5.72319 2459885.016838 1256.2 0
>HAT-P-3: 206.0940142 48.0285650 9.448 0.870 1.060 5185.0 4.56 0.27
 HAT-P-3 b: 2.075 10.536 206.589 0.0407 2.89970 2454856.701180 1156.5 0
>HAT-P-30: 123.9498431 5.8368669 9.151 1.310 1.550 6304.0 4.36 0.13
 HAT-P-30 b: 2.129 16.141 263.799 0.0453 2.81060 2455456.465610 1635.3 0
>HAT-P-31: 271.5376722 26.4266061 10.083 1.390 1.310 6065.0 4.26 0.15
 HAT-P-31 b: 5.139 12.218 721.474 0.0627 5.00542 2454320.886600 1377.0 0
>HAT-P-32: 31.0427614 46.6878512 9.990 1.367 1.132 6001.0 4.22 -0.16
 HAT-P-32 b: 3.120 22.194 216.124 0.0340 2.15001 2455867.402743 1835.7 0
>HAT-P-33: 113.1842383 33.8350214 10.004 1.790 1.820 6446.0 4.15 0.05
 HAT-P-33 b: 4.414 20.737 292.404 0.0547 3.47447 2455110.925950 1778.2 0
>HAT-P-34: 303.1954355 18.1047776 9.247 1.530 1.392 6442.0 4.17 0.22
 HAT-P-34 b: 3.401 13.417 1058.374 0.0677 5.45265 2455431.597060 1476.3 0
>HAT-P-35: 123.2507030 4.7870288 11.030 1.435 1.236 6096.0 4.22 0.11
 HAT-P-35 b: 3.936 14.930 335.628 0.0498 3.64671 2455578.661580 1578.3 0
>HAT-P-36: 188.2662048 44.9153672 10.603 1.041 1.030 5620.0 4.37 0.26
 HAT-P-36 b: 2.232 14.314 587.413 0.0241 1.32735 2457138.087590 1781.1 0
>HAT-P-37: 284.2960393 51.2691212 11.667 0.877 0.929 5500.0 4.52 0.03
 HAT-P-37 b: 2.330 13.204 371.528 0.0379 2.79744 2455642.143180 1275.8 0
>HAT-P-38: 35.3834942 32.2460441 10.501 0.923 0.886 5330.0 4.45 0.06
 HAT-P-38 b: 3.041 9.247 84.857 0.0523 4.64038 2455863.119570 1079.7 0
>HAT-P-39: 113.7582526 17.8300283 11.157 1.625 1.404 6430.0 4.16 0.19
 HAT-P-39 b: 4.188 17.609 190.372 0.0509 3.54387 2455208.750490 1751.9 0
>HAT-P-4: 229.9912200 36.2295450 9.770 1.596 1.248 5860.0 4.13 0.24
 HAT-P-4 b: 4.260 14.280 213.255 0.0444 3.05654 2454502.562270 1694.5 0
>HAT-P-40: 335.5129199 45.4573423 10.009 1.940 1.030 6080.0 3.93 0.22
 HAT-P-40 b: 6.109 17.038 152.558 0.0536 4.45724 2459855.872666 1764.0 0
>HAT-P-41: 297.3226523 4.6724124 9.728 2.050 2.560 6390.0 4.14 0.21
 HAT-P-41 b: 3.655 22.978 378.218 0.0520 2.69405 2458071.243890 1935.5 0
>HAT-P-42: 135.3443583 6.0970828 10.626 1.530 1.178 5743.0 4.14 0.27
 HAT-P-42 b: 4.034 14.348 331.801 0.0575 4.64188 2455952.526030 1428.5 0
>HAT-P-43: 128.9256885 10.2065866 11.764 1.080 1.030 5693.0 4.38 0.20
 HAT-P-43 b: 3.250 13.630 210.395 0.0444 3.33264 2458253.596573 1353.9 0
>HAT-P-44: 213.1438604 47.0147826 11.275 0.949 0.942 5295.0 4.46 0.33
 HAT-P-44 b: 3.125 13.922 111.871 0.0507 4.30122 2455696.936950 1104.7 0
 HAT-P-44 c: 12.072 nan 1271.300 1.7520 872.20000 2455711.200000 187.9 1
>HAT-P-45: 274.3732697 -3.3810594 10.201 1.319 1.259 6330.0 4.30 0.07
 HAT-P-45 b: 3.446 15.984 283.492 0.0452 3.12899 2455729.986120 1648.9 0
>HAT-P-46: 270.4441831 -2.9709800 9.924 1.396 1.284 6120.0 4.25 0.30
 HAT-P-46 b: 3.098 14.392 156.684 0.0577 4.46313 2455701.336460 1451.6 0
>HAT-P-49: 305.4413294 26.6926759 9.346 2.060 2.220 6820.0 4.10 0.07
 HAT-P-49 b: 3.986 17.822 699.226 0.0493 2.69155 2460558.071975 2125.0 0
>HAT-P-5: 274.4055335 36.6214617 10.481 1.120 1.040 5960.0 4.37 0.24
 HAT-P-5 b: 2.946 13.563 311.473 0.0392 2.78849 2459414.394742 1535.8 0
>HAT-P-50: 118.0634379 12.1393474 10.500 1.698 1.273 6280.0 4.07 -0.18
 HAT-P-50 b: 3.674 14.437 429.070 0.0453 3.12201 2456285.909930 1854.0 0
>HAT-P-51: 21.0651251 32.8107000 11.614 0.995 0.961 5453.0 4.43 0.30
 HAT-P-51 b: 3.367 13.507 97.573 0.0504 4.21802 2458349.531230 1168.1 0
>HAT-P-52: 42.7217412 29.0222492 11.621 0.893 0.887 5131.0 4.48 0.28
 HAT-P-52 b: 2.407 11.310 259.985 0.0369 2.75360 2455852.103260 1216.5 0
>HAT-P-53: 21.8711012 38.9681137 12.100 1.209 1.093 5956.0 4.31 0.00
 HAT-P-53 b: 2.794 14.773 471.660 0.0316 1.96162 2455829.447810 1776.8 0
>HAT-P-54: 99.8979924 25.4824005 10.326 0.617 0.645 4390.0 4.67 -0.13
 HAT-P-54 b: 1.762 10.581 241.551 0.0412 3.79985 2456299.303700 819.5 0
>HAT-P-55: 264.2735096 25.7311468 11.627 1.105 1.028 5804.0 4.36 0.00
 HAT-P-55 b: 2.935 14.841 189.426 0.0463 3.58523 2458311.922550 1367.6 0
>HAT-P-56: 100.8480137 27.2521823 9.830 1.470 1.420 6566.0 3.39 0.00
 HAT-P-56 b: 2.314 16.926 734.187 0.0435 2.79083 2456774.091640 1839.6 0
>HAT-P-57: 274.7434180 10.5971968 9.433 1.850 2.770 6330.0 4.25 -0.25
 HAT-P-57 b: 3.499 19.504 448.140 0.0501 2.46530 2455113.481270 1855.4 0
>HAT-P-58: 68.8465093 56.8682691 10.978 1.530 1.031 6078.0 4.08 -0.22
 HAT-P-58 b: 4.150 14.930 118.232 0.0499 4.01384 2457369.030940 1622.2 0
>HAT-P-59: 292.4588212 62.5291892 10.208 1.104 1.008 5678.0 4.36 0.22
 HAT-P-59 b: 2.339 12.588 489.456 0.0506 4.14198 2458618.540880 1278.3 0
>HAT-P-6: 354.7740917 42.4659866 9.313 1.620 1.790 6570.0 4.22 -0.13
 HAT-P-6 b: 3.225 16.589 419.536 0.0582 3.85298 2460605.038813 1670.9 0
>HAT-P-60: 28.2825719 52.0539209 8.368 2.197 1.435 6212.0 3.91 0.04
 HAT-P-60 b: 5.035 18.282 182.434 0.0628 4.79478 2458360.940290 1772.2 0
>HAT-P-61: 75.4801665 50.1311784 11.141 0.938 1.004 5587.0 4.50 0.19
 HAT-P-61 b: 1.658 10.077 335.945 0.0301 1.90231 2457851.211190 1503.9 0
>HAT-P-62: 74.5043816 48.3008551 10.701 1.170 1.023 5629.0 4.31 0.41
 HAT-P-62 b: 3.103 12.027 241.867 0.0377 2.64532 2457118.389790 1511.7 0
>HAT-P-63: 269.5720695 5.7613709 11.512 0.966 0.925 5400.0 4.43 0.25
 HAT-P-63 b: 2.933 12.543 195.147 0.0429 3.37773 2456382.942560 1235.1 0
>HAT-P-64: 68.9743955 2.4312732 11.123 1.735 1.298 6457.0 4.07 -0.11
 HAT-P-64 b: 4.925 19.089 184.340 0.0539 4.00723 2457751.463540 1767.0 0
>HAT-P-65: 315.9054895 11.9893675 11.528 1.666 1.297 5872.0 4.11 0.21
 HAT-P-65 b: 4.366 18.058 176.077 0.0404 2.60545 2458139.350670 1817.9 0
>HAT-P-66: 150.5726262 53.9508237 11.675 1.881 1.255 6002.0 3.99 0.04
 HAT-P-66 b: 4.699 17.822 248.861 0.0436 2.97209 2457258.799070 1900.3 0
>HAT-P-67: 256.6107279 44.7768849 8.900 2.620 1.730 6640.0 3.84 0.14
 HAT-P-67 b: 6.696 23.987 143.023 0.0630 4.81011 2459010.991740 2064.3 0
>HAT-P-68: 118.4831501 23.9382192 11.019 0.670 0.678 4508.0 4.62 -0.06
 HAT-P-68 b: 2.087 12.016 230.109 0.0300 2.29841 2456614.203550 1028.1 0
>HAT-P-69: 130.5056385 3.7105662 9.280 1.926 1.648 7394.0 4.11 -0.07
 HAT-P-69 b: 5.126 18.786 1137.831 0.0655 4.78695 2458495.788610 1932.7 0
>HAT-P-7: 292.2471900 47.9695429 9.334 2.000 1.560 6389.0 4.07 0.26
 HAT-P-7 b: 3.877 16.926 584.807 0.0384 2.20474 2454954.357802 2223.0 0
>HAT-P-70: 74.5523332 9.9979794 8.963 1.858 1.890 8450.0 4.18 -0.06
 HAT-P-70 b: 3.480 20.961 2154.887 0.0474 2.74432 2458439.575190 2551.3 0
>HAT-P-8: 343.0414932 35.4471778 8.953 1.570 1.270 6200.0 4.15 0.01
 HAT-P-8 b: 3.809 15.693 406.822 0.0448 3.07634 2454437.675820 1770.7 0
>HAT-P-9: 110.1685157 37.1405946 11.015 1.338 1.281 6350.0 4.29 0.12
 HAT-P-9 b: 3.360 15.614 238.055 0.0529 3.92281 2455484.913088 1540.4 0
>HATS-1: 175.5252399 -23.3548451 10.580 1.038 0.986 5870.0 4.40 -0.06
 HATS-1 b: 2.417 14.594 589.550 0.0444 3.44646 2455241.287220 1368.6 0
>HATS-10: 294.3068385 -22.2044872 11.511 1.105 1.101 5880.0 4.39 0.15
 HATS-10 b: 3.007 10.862 167.179 0.0449 3.31285 2456457.881930 1406.4 0
>HATS-11: 289.4007603 -22.3900092 12.243 1.540 1.330 6563.0 4.19 0.03
 HATS-11 b: 4.368 18.030 263.799 0.0507 3.61919 2457313.273670 1744.2 0
>HATS-12: 289.2024020 -19.3559227 11.391 1.170 1.160 6357.0 4.36 -0.10
 HATS-12 b: 4.524 7.760 759.614 0.0441 3.14270 2457311.238760 1578.9 0
>HATS-13: 316.9614798 -26.0967205 11.983 0.887 0.962 5523.0 4.52 0.05
 HATS-13 b: 2.635 13.585 172.582 0.0406 3.04405 2456340.317050 1245.3 0
>HATS-14: 313.2154754 -25.6873756 12.037 0.933 0.967 5346.0 4.48 0.33
 HATS-14 b: 2.642 11.646 340.396 0.0382 2.76676 2456408.764620 1274.8 0
>HATS-15: 311.0920041 -19.4375266 12.724 0.922 0.871 5311.0 4.45 0.00
 HATS-15 b: 2.270 12.386 689.691 0.0271 1.74749 2456387.211610 1493.2 0
>HATS-16: 358.5588439 -30.0130385 12.280 1.238 0.970 5738.0 4.24 -0.10
 HATS-16 b: 2.621 14.572 1039.304 0.0374 2.68650 2456824.790690 1591.1 0
>HATS-17: 192.1895676 -47.6136789 10.698 1.091 1.131 5846.0 4.42 0.30
 HATS-17 b: 4.826 8.709 425.257 0.1308 16.25461 2457139.167200 814.1 0
>HATS-18: 173.9574203 -29.1560639 12.289 1.020 1.037 5600.0 4.44 0.28
 HATS-18 b: 1.944 14.897 629.144 0.0174 0.83784 2458569.538097 2067.5 0
>HATS-2: 176.7388264 -22.5630097 11.386 0.876 0.904 5227.0 4.51 0.15
 HATS-2 b: 2.081 12.576 435.425 0.0232 1.35413 2458591.084931 1549.8 0
>HATS-22: 174.0098693 -29.5433642 10.942 0.689 0.759 4803.0 4.64 0.00
 HATS-22 b: 2.191 10.682 870.854 0.0503 4.72281 2457078.580300 857.6 0
>HATS-23: 286.3667500 -50.0673496 12.262 1.199 1.121 5780.0 4.33 0.28
 HATS-23 b: 1.805 20.849 467.210 0.0340 2.16052 2457072.852660 1655.9 0
>HATS-24: 268.8907069 -61.7474000 11.382 1.120 1.070 6125.0 4.37 -0.23
 HATS-24 b: 2.407 15.637 718.296 0.0238 1.34850 2457948.709321 2026.1 0
>HATS-25: 207.9076746 -23.7812403 11.416 1.107 0.994 5715.0 4.35 0.02
 HATS-25 b: 3.204 14.123 194.830 0.0516 4.29864 2456870.368720 1276.1 0
>HATS-26: 144.9268593 -28.5856004 11.435 2.040 1.299 6071.0 3.94 -0.02
 HATS-26 b: 5.215 19.616 206.589 0.0474 3.30239 2456867.423200 1921.5 0
>HATS-27: 193.5524603 -46.5877159 11.550 1.740 1.415 6438.0 4.11 0.09
 HATS-27 b: 4.831 16.814 168.450 0.0611 4.63704 2457029.337400 1656.7 0
>HATS-28: 284.3997616 -49.1385126 12.086 0.922 0.929 5498.0 4.48 0.01
 HATS-28 b: 2.354 13.384 213.582 0.0413 3.18108 2457034.283000 1252.5 0
>HATS-29: 285.0965172 -54.8933408 10.877 1.073 1.032 5670.0 4.39 0.16
 HATS-29 b: 3.211 14.022 207.543 0.0548 4.60587 2457031.956180 1210.4 0
>HATS-3: 312.4574879 -24.4286938 10.694 1.404 1.209 6351.0 4.22 -0.16
 HATS-3 b: 3.586 15.480 340.382 0.0485 3.54785 2456155.967340 1647.7 0
>HATS-30: 5.6185250 -59.9425892 10.793 1.061 1.093 5943.0 4.42 0.06
 HATS-30 b: 2.750 13.171 224.388 0.0435 3.17435 2456629.761560 1414.7 0
>HATS-31: 191.7028214 -24.4273897 11.572 1.870 1.275 6050.0 4.00 0.00
 HATS-31 b: 4.594 18.383 279.690 0.0478 3.37796 2456960.147600 1824.7 0
>HATS-32: 346.0750861 -21.2720168 12.699 1.097 1.099 5700.0 4.40 0.39
 HATS-32 b: 2.854 14.000 292.404 0.0402 2.81265 2456454.625200 1435.1 0
>HATS-33: 294.6336944 -55.3302692 10.287 1.022 1.062 5659.0 4.45 0.29
 HATS-33 b: 2.676 13.787 378.853 0.0373 2.54956 2456497.231810 1429.0 0
>HATS-34: 0.7744866 -62.4693167 12.095 0.980 0.955 5380.0 4.43 0.25
 HATS-34 b: 1.555 16.029 299.078 0.0317 2.10616 2456634.857320 1443.4 0
>HATS-35: 296.6884420 -63.5656488 11.118 1.433 1.317 6300.0 4.24 0.21
 HATS-35 b: 3.118 16.410 388.388 0.0320 1.82100 2456981.801990 2033.2 0
>HATS-36: 291.4787013 -23.2028183 12.809 1.100 1.100 5950.0 4.40 0.15
 HATS-36 b: 3.463 12.920 1022.141 0.0523 4.17519 2457314.463100 1315.8 0
>HATS-37 A: 199.8018300 -22.9868431 9.947 0.877 0.843 5326.0 4.48 0.05
 HATS-37 A b: 2.914 6.793 31.465 0.0491 4.33154 2458006.801450 1085.1 0
>HATS-38: 154.2710615 -25.2762982 10.768 1.105 0.890 5732.0 4.30 -0.10
 HATS-38 b: 3.216 6.882 23.519 0.0504 4.37502 2457725.160420 1294.7 0
>HATS-39: 112.4192251 -29.9379163 11.518 1.621 1.379 6572.0 4.16 0.00
 HATS-39 b: 3.732 17.598 200.233 0.0601 4.57763 2457315.283380 1646.2 0
>HATS-4: 94.1120914 -22.5468824 11.612 0.925 1.001 5403.0 4.51 0.43
 HATS-4 b: 2.527 11.433 420.471 0.0362 2.51673 2455808.340950 1317.0 0
>HATS-40: 100.5712467 -29.7767800 12.147 2.260 1.561 6460.0 3.92 0.01
 HATS-40 b: 5.330 17.710 505.350 0.0500 3.26427 2456962.676000 2094.9 0
>HATS-41: 103.5173558 -27.0504156 11.498 1.710 1.496 6424.0 4.14 0.47
 HATS-41 b: 2.196 14.908 3082.951 0.0583 4.19365 2456795.724000 1677.7 0
>HATS-42: 108.4523991 -33.4373462 12.245 1.480 1.273 6060.0 4.20 0.22
 HATS-42 b: 3.266 15.693 597.520 0.0369 2.29210 2456768.607340 1850.9 0
>HATS-43: 80.5382418 -30.9708179 11.556 0.812 0.837 5099.0 4.54 0.05
 HATS-43 b: 2.988 13.227 82.954 0.0494 4.38885 2457636.089460 996.5 0
>HATS-44: 84.3267559 -27.9725758 12.188 0.847 0.860 5080.0 4.51 0.32
 HATS-44 b: 1.651 11.960 177.985 0.0365 2.74390 2456931.113840 1180.2 0
>HATS-45: 101.9942455 -21.9107112 12.137 1.315 1.272 6450.0 4.30 0.02
 HATS-45 b: 3.046 14.415 222.481 0.0551 4.18762 2456731.195330 1519.3 0
>HATS-46: 6.7026401 -56.3161021 11.965 0.853 0.917 5495.0 4.54 -0.06
 HATS-46 b: 2.434 10.122 54.985 0.0537 4.74237 2457376.685390 1056.4 0
>HATS-47: 287.4844021 -49.6649424 11.926 0.656 0.674 4512.0 4.63 -0.11
 HATS-47 b: 2.002 12.520 117.279 0.0427 3.92280 2457365.358040 853.1 0
>HATS-48 A: 288.6720048 -59.5793505 11.427 0.715 0.728 4546.0 4.59 0.19
 HATS-48 A b: 2.346 8.967 77.233 0.0377 3.13167 2457100.550220 954.9 0
>HATS-49: 6.6135927 -56.3442798 11.938 0.698 0.713 4405.0 4.60 0.21
 HATS-49 b: 2.346 8.575 112.194 0.0452 4.14805 2457105.164800 835.0 0
>HATS-5: 67.2228465 -21.4820568 10.703 0.871 0.936 5304.0 4.53 0.19
 HATS-5 b: 2.986 10.223 75.323 0.0542 4.76339 2456273.790680 1025.3 0
>HATS-50: 300.4280761 -26.0775640 12.289 1.117 1.168 5990.0 4.41 nan
 HATS-50 b: 3.079 12.666 123.954 0.0505 3.82970 2456870.347920 1359.0 0
>HATS-51: 102.8474248 -29.0586551 10.867 1.440 1.187 5758.0 4.20 nan
 HATS-51 b: 3.322 15.805 244.093 0.0464 3.34887 2457042.004050 1546.9 0
>HATS-52: 140.0875894 -31.2692116 12.114 1.046 1.111 6010.0 4.45 nan
 HATS-52 b: 2.090 15.491 711.939 0.0250 1.36665 2456929.030390 1875.3 0
>HATS-53: 176.6283230 -33.8600764 12.046 1.101 0.964 5644.0 4.34 nan
 HATS-53 b: 3.506 15.020 189.109 0.0475 3.85378 2457236.756530 1309.9 0
>HATS-54: 200.6348641 -44.6888393 12.170 1.230 1.050 5621.0 4.20 0.37
 HATS-54 b: 2.468 11.377 239.325 0.0370 2.54418 2457780.010230 1562.8 0
>HATS-55: 114.2833819 -32.7554188 12.020 1.126 1.196 6214.0 4.41 0.11
 HATS-55 b: 2.784 14.022 292.721 0.0541 4.20420 2457413.130420 1366.8 0
>HATS-56: 180.1650720 -45.7994559 10.251 2.201 1.573 6536.0 3.95 0.19
 HATS-56 b: 4.642 18.921 191.334 0.0604 4.32480 2457788.002900 1902.1 0
>HATS-57: 60.9482779 -19.0568182 10.707 0.960 1.026 5587.0 4.48 0.27
 HATS-57 b: 2.489 12.767 1000.211 0.0349 2.35062 2457778.495890 1412.4 0
>HATS-58 A: 186.7873036 -48.9784105 10.289 1.433 1.461 7175.0 4.29 nan
 HATS-58 A b: 3.180 12.274 327.365 0.0580 4.21809 2457463.299900 1720.0 0
>HATS-59: 170.3243250 -22.3881770 12.238 1.036 1.038 5670.0 4.42 0.18
 HATS-59 b: 3.593 12.621 256.171 0.0611 5.41608 2456620.665270 1125.7 0
 HATS-59 c: nan nan 4036.441 2.5040 1422.00000 nan 175.9 1
>HATS-6: 88.1468079 -19.0316268 11.224 0.570 0.574 3724.0 4.68 0.20
 HATS-6 b: 2.041 11.187 101.388 0.0362 3.32527 2456643.740580 712.3 0
>HATS-60: 341.3640336 -14.9917747 10.988 1.460 1.097 5688.0 4.15 0.34
 HATS-60 b: 3.859 12.924 210.403 0.0471 3.56083 2458015.723580 1527.4 0
>HATS-61: 61.6578005 -25.3496674 11.478 1.664 1.076 5542.0 4.03 0.25
 HATS-61 b: 5.530 13.395 1080.622 0.0791 7.81795 2457673.061100 1225.9 0
>HATS-62: 312.4493079 -24.3035060 12.109 0.933 0.896 5416.0 4.45 0.13
 HATS-62 b: 2.765 11.825 56.892 0.0416 3.27688 2455808.051580 1236.4 0
>HATS-63: 67.4185820 -28.1972149 12.216 1.070 0.931 5627.0 4.35 0.08
 HATS-63 b: 2.448 13.529 305.117 0.0403 3.05665 2457659.937550 1398.8 0
>HATS-64: 144.2876092 -29.8004440 11.705 2.113 1.564 6554.0 3.98 0.22
 HATS-64 b: 5.806 18.820 305.117 0.0656 4.90890 2457769.822870 1793.4 0
>HATS-65: 292.9397825 -26.7402021 11.095 1.310 1.257 6277.0 4.30 0.20
 HATS-65 b: 2.885 16.825 260.938 0.0450 3.10516 2457520.961300 1633.7 0
>HATS-66: 101.3948048 -33.8816918 12.761 1.841 1.411 6626.0 4.06 -0.02
 HATS-66 b: 4.543 15.816 1694.034 0.0471 3.14144 2457603.051400 1996.7 0
>HATS-67: 180.2087883 -46.1364201 12.327 1.441 1.435 6594.0 4.28 0.33
 HATS-67 b: 1.946 18.887 460.853 0.0303 1.60918 2457796.881270 2192.0 0
>HATS-68: 15.0060770 -58.9047242 10.949 1.748 1.351 6147.0 4.08 0.21
 HATS-68 b: 3.420 13.809 410.001 0.0507 3.58622 2457410.408600 1740.3 0
>HATS-69: 289.2974275 -60.8917599 11.875 0.878 0.892 5137.0 4.50 0.38
 HATS-69 b: 2.358 10.593 183.388 0.0321 2.22526 2457755.393900 1295.7 0
>HATS-7: 208.8567465 -21.2078587 10.976 0.815 0.849 4985.0 4.54 0.25
 HATS-7 b: 2.299 6.311 38.140 0.0401 3.18532 2456528.296970 1083.4 0
>HATS-70: 109.1045212 -31.2443947 12.040 1.881 1.780 7930.0 4.17 0.04
 HATS-70 b: 3.624 15.513 4100.007 0.0363 1.88824 2456911.874860 2751.9 0
>HATS-71: 15.5518893 -61.7561333 11.727 0.478 0.486 3405.0 4.77 0.17
 HATS-71 b: 2.015 11.478 117.597 0.0374 3.79552 2457858.801340 586.8 0
>HATS-72: 339.0258401 -17.0003046 9.764 0.721 0.731 4656.1 4.59 0.10
 HATS-72 b: 3.085 8.097 39.856 0.0665 7.32795 2458087.647820 739.4 0
>HATS-74 A: 171.0147921 -19.5569588 12.361 0.576 0.601 3776.9 4.70 0.51
 HATS-74 A b: 1.653 11.568 464.029 0.0238 1.73186 2458392.026540 895.1 0
>HATS-75: 60.9493919 -25.4089214 11.584 0.585 0.602 3790.4 4.68 0.52
 HATS-75 b: 1.913 9.909 156.054 0.0327 2.78866 2458611.054870 772.4 0
>HATS-76: 70.3397665 -32.3204175 12.812 0.626 0.662 4016.0 4.67 0.32
 HATS-76 b: 1.858 12.094 835.571 0.0266 1.94164 2458424.555560 939.7 0
>HATS-77: 149.8236672 -27.3928174 12.934 0.643 0.655 4071.0 4.64 0.25
 HATS-77 b: 2.228 13.058 436.696 0.0361 3.08763 2459136.693780 828.7 0
>HATS-8: 294.9416887 -25.7483655 12.661 1.086 1.056 5679.0 4.39 0.21
 HATS-8 b: 3.031 9.785 43.861 0.0467 3.58389 2456672.110200 1321.0 0
>HATS-9: 290.8101704 -20.1663771 11.479 1.560 1.100 5599.0 4.10 0.38
 HATS-9 b: 3.497 13.850 266.024 0.0312 1.91529 2457311.751400 1909.1 0
>HD 100508: 173.3014057 -67.0546386 5.944 nan 0.940 5419.0 4.39 0.33
 HD 100508 b: nan nan 381.394 6.1100 5681.00000 nan nan 0
>HD 100546: 173.3555116 -70.1947897 5.418 nan 2.400 10500.0 nan nan
 HD 100546 b: nan 77.342 2701.541 53.0000 nan nan nan 0
>HD 100655: 173.7653631 20.4415410 4.129 10.060 2.280 4891.0 2.79 0.07
 HD 100655 b: nan nan 511.706 0.6800 157.57001 nan 907.1 1
>HD 100777: 173.9646303 -4.7555425 6.735 1.040 1.080 5533.0 4.32 0.25
 HD 100777 b: nan nan 390.929 1.0600 383.00000 nan 264.3 0
>HD 10180: 24.4731133 -60.5114881 5.868 1.109 1.060 5911.0 4.39 0.08
 HD 10180 c: nan nan 13.222 0.0641 5.75969 nan 1185.4 1
 HD 10180 d: nan nan 12.014 0.1286 16.35700 nan 837.1 1
 HD 10180 e: nan nan 25.585 0.2699 49.74800 nan 577.8 1
 HD 10180 f: nan nan 22.947 0.4929 122.74400 nan 427.5 1
 HD 10180 g: nan nan 23.265 1.4270 604.67000 nan 251.3 1
 HD 10180 h: nan nan 65.664 3.3810 2205.00000 nan 163.2 1
>HD 101930: 175.8756080 -58.0053798 6.147 0.860 0.570 5108.0 4.33 0.15
 HD 101930 b: nan nan 79.457 0.3000 70.46000 nan 417.0 1
>HD 102117: 176.2097267 -58.7040134 5.833 1.230 1.060 5655.0 4.29 0.28
 HD 102117 b: nan nan 54.031 0.1500 20.81330 nan 780.9 1
>HD 102195: 176.4254063 2.8209912 6.151 0.820 0.760 5301.0 4.49 0.04
 HD 102195 b: nan nan 130.310 0.0500 4.11377 nan 1035.2 1
>HD 102272: 176.5980316 14.1240201 6.259 10.300 1.450 4790.0 2.58 -0.41
 HD 102272 b: nan nan 1570.080 0.5100 127.58000 nan 1038.0 1
>HD 102329: 176.6941567 3.4742143 5.402 9.820 3.210 4745.0 2.96 0.05
 HD 102329 b: nan nan 2593.493 1.8100 778.09998 nan 532.9 1
 HD 102329 c: nan nan 483.102 2.3077 1123.00000 nan 472.0 1
>HD 102843: 177.5854673 -1.2522989 7.495 nan 0.950 5436.0 nan nan
 HD 102843 b: nan nan 113.900 4.0740 3090.94200 nan nan 1
>HD 102888: 177.6545263 -27.2779074 4.269 8.600 2.420 4990.0 2.87 0.07
 HD 102888 b: nan nan 1808.444 1.0500 252.06000 nan 688.6 1
>HD 102956: 177.8436988 57.6406584 5.663 4.550 1.660 4985.0 3.38 0.13
 HD 102956 b: nan nan 305.117 0.0807 6.49470 nan 1805.0 1
>HD 103197: 178.2201971 -50.2927911 7.426 0.880 0.800 5250.0 4.45 0.22
 HD 103197 b: nan nan 28.605 0.2500 47.84000 nan 475.0 1
>HD 103720: 179.1713308 -2.7791393 7.283 0.730 0.794 5017.0 4.43 -0.02
 HD 103720 b: nan nan 197.046 0.0498 4.55570 nan 926.2 1
>HD 103774: 179.2310729 -12.1079951 6.000 nan 1.335 6489.0 4.26 0.28
 HD 103774 b: nan nan 116.000 0.0700 5.88810 nan nan 1
>HD 103891: 179.4382907 -8.5486195 5.187 2.220 1.280 6072.0 3.79 -0.19
 HD 103891 b: nan nan 457.673 3.2700 1919.00000 nan 241.3 1
>HD 103949: 179.5479558 -23.9241221 6.314 nan 0.770 4792.0 nan nan
 HD 103949 b: nan nan 11.200 0.4390 120.87800 nan nan 1
>HD 104067: 179.7923543 -20.3556058 5.614 0.780 0.820 4952.0 4.56 0.11
 HD 104067 b: nan nan 62.100 0.2674 55.85100 2454167.300000 407.8 1
 HD 104067 c: nan nan 13.200 0.1058 13.89920 2455192.900000 648.4 1
>HD 10442: 25.4715240 2.7044193 5.590 1.970 1.010 4912.0 3.19 0.11
 HD 10442 b: nan nan 472.613 2.0100 1032.30000 nan 234.5 1
>HD 104985: 181.3157854 76.9053359 3.274 11.120 1.220 4738.0 2.42 -0.32
 HD 104985 b: nan nan 1766.808 0.7150 199.68000 nan 901.0 1
>HD 105618: 182.4021288 11.2115695 7.014 nan 1.010 nan nan nan
 HD 105618 b: nan nan 25.426 0.0910 10.02245 nan nan 1
 HD 105618 c: nan nan 8419.592 35.7310 77114.07158 nan nan 0
>HD 105779: 182.6612053 -16.9564908 7.111 0.940 0.890 5792.0 4.36 -0.25
 HD 105779 b: nan nan 203.410 3.3800 2412.00000 nan 147.3 1
>HD 106252: 183.3730583 10.0404302 5.929 1.118 1.050 5877.6 4.37 -0.06
 HD 106252 b: nan nan 3178.284 2.6550 1535.00000 nan 183.9 0
>HD 106270: 183.4049258 -9.5135645 5.862 2.660 1.390 5509.0 3.72 0.06
 HD 106270 b: nan nan 3219.618 3.3400 1888.00000 nan 237.1 1
>HD 106315: 183.4724742 -0.3934357 7.853 1.296 1.091 6327.0 4.25 -0.31
 HD 106315 b: 3.775 2.440 12.600 0.0907 9.55237 2457586.548700 1153.3 0
 HD 106315 c: 4.638 4.350 15.200 0.1536 21.05704 2457569.017300 886.2 0
>HD 10647: 25.6233526 -53.7412852 4.340 1.100 1.110 6218.0 4.62 0.00
 HD 10647 b: nan nan 298.750 2.0150 989.20000 2452357.000000 221.5 1
>HD 106515 A: 183.7762699 -7.2575413 6.151 1.620 0.890 5362.0 4.41 0.03
 HD 106515 A b: nan nan 6006.957 4.4800 3626.00000 nan 155.5 0
>HD 106906: 184.4713308 -55.9755805 6.683 2.124 1.500 6516.0 3.90 nan
 HD 106906 b: nan nan 3496.000 650.0000 nan nan 18.0 0
>HD 10697: 26.2324076 20.0826974 4.601 1.863 0.990 5645.1 3.96 0.16
 HD 10697 b: nan nan 1825.289 2.0510 1075.37990 2452506.800000 259.4 0
>HD 107148: 184.8059773 -3.3199927 6.474 1.169 1.120 5797.0 4.45 0.31
 HD 107148 b: nan nan 66.741 0.2690 48.05600 2456091.900000 582.8 1
 HD 107148 c: nan nan 19.896 0.1407 18.32670 2455203.400000 799.7 1
>HD 108147: 186.4409852 -64.0223492 5.721 1.207 1.220 6255.7 4.36 0.18
 HD 108147 b: nan nan 82.950 0.1020 10.89850 nan 1037.5 1
>HD 108202: 186.4613189 -1.1109233 7.310 nan 0.740 nan nan nan
 HD 108202 b: nan nan 953.485 3.7000 2990.00000 nan nan 0
>HD 108236: 186.5740627 -51.3630519 7.637 0.877 0.869 5660.0 4.49 -0.28
 HD 108236 b: 2.384 1.615 nan 0.0453 3.79596 2458773.296400 1201.3 0
 HD 108236 c: 2.860 2.071 nan 0.0620 6.20345 2458770.905860 1026.5 0
 HD 108236 e: 4.200 3.083 nan 0.1367 19.59003 2458782.469350 691.3 0
 HD 108236 f: 3.270 2.017 nan 0.1758 29.54115 2458793.278600 609.6 0
 TOI-1233.01: 3.850 2.539 nan 0.1074 14.17568 2458769.796820 779.9 0
>HD 108341: 186.8791724 -71.4224896 7.326 0.790 0.843 5122.0 4.45 0.04
 HD 108341 b: nan nan 1112.400 2.0000 1129.00000 nan 155.2 1
>HD 108863: 187.5826081 21.9480993 5.392 5.740 1.590 4878.0 3.07 0.20
 HD 108863 b: nan nan 767.242 1.3200 437.70000 nan 490.5 1
>HD 108874: 187.6126029 22.8794399 7.060 1.050 1.100 5600.0 4.44 0.26
 HD 108874 b: nan nan 451.319 1.0400 394.48123 2453527.500000 271.3 1
 HD 108874 c: nan nan 314.640 2.6590 1624.00000 2454785.000000 169.7 1
>HD 109246: 188.0271840 74.4893379 7.216 1.070 1.200 5844.0 4.46 0.10
 HD 109246 b: nan nan 273.334 0.3300 68.27000 nan 507.4 1
>HD 109271: 188.3973970 -11.6215204 6.495 nan 1.047 5783.0 4.28 0.10
 HD 109271 b: nan nan 17.162 0.0790 7.85430 nan nan 1
 HD 109271 c: nan nan 24.154 0.1960 30.93000 nan nan 1
>HD 109286: 188.3958418 7.2809064 7.162 1.089 0.980 5694.0 4.44 0.05
 HD 109286 b: nan nan 950.307 1.2590 520.10000 nan 255.4 1
>HD 109749: 189.3173489 -40.8121458 6.678 1.220 1.130 5824.0 4.31 0.24
 HD 109749 b: nan nan 85.814 0.0615 5.23989 nan 1250.8 1
>HD 10975: 27.1628025 37.9527542 3.875 11.160 1.410 4840.0 2.48 -0.21
 HD 10975 b: nan nan 143.023 0.9500 283.80000 nan 799.9 1
>HD 109833: 189.7758591 -74.5740205 7.820 1.000 1.080 5881.0 4.45 -0.07
 HD 109833 b: 2.492 2.888 nan 0.0925 9.18853 2456437.573740 932.2 0
 HD 109833 c: 2.126 2.590 nan 0.1367 13.90015 2456440.756700 766.9 0
>HD 109988: 189.8154662 -32.7263607 6.863 nan 0.880 nan nan nan
 HD 109988 b: nan nan 6935.334 12.5180 17132.15854 nan nan 0
>HD 110014: 189.8111935 -7.9956702 2.011 20.900 2.170 4445.0 2.10 0.19
 HD 110014 b: nan nan 3524.590 2.1400 835.47700 nan 669.8 1
>HD 110067: 189.8392243 20.0273377 6.492 0.788 0.798 5266.0 4.54 -0.20
 HD 110067 b: 3.095 2.200 5.690 0.0793 9.11368 2459640.157970 800.5 0
 HD 110067 c: 3.704 2.388 6.300 0.1039 13.67369 2459657.457040 699.3 0
 HD 110067 d: 3.818 2.852 8.520 0.1362 20.51962 2459708.202820 610.8 0
 HD 110067 e: 4.864 1.940 3.900 0.1785 30.79309 2459646.091900 533.5 0
 HD 110067 f: 5.165 2.601 5.040 0.2163 41.05854 2459641.576300 484.7 0
 HD 110067 g: 5.666 2.607 8.400 0.2621 54.76992 2459656.092100 440.3 0
>HD 110082: 192.5892855 -88.1211107 8.002 1.190 1.210 6200.0 4.20 0.08
 HD 110082 b: 2.910 3.200 nan 0.1130 10.18271 2458629.909000 970.2 0
>HD 110113: 190.0365636 -44.3120777 8.502 0.968 0.997 5732.0 4.46 0.14
 HD 110113 b: 2.376 2.050 4.550 0.0350 2.54100 2458570.101000 1453.6 0
 HD 110113 c: 1.371 2.074 10.500 0.0680 6.74400 2458576.159251 1042.9 1
>HD 110537: 190.7462412 -4.0501059 6.200 nan 1.020 nan nan nan
 HD 110537 b: nan nan 8612.832 16.7140 24469.67342 nan nan 0
>HD 11112: 27.0881399 -41.4944106 5.648 nan 1.070 nan nan nan
 HD 11112 b: nan nan 2598.565 13.3800 17244.90764 nan nan 0
>HD 111232: 192.2159553 -68.4246679 5.898 0.900 0.960 5512.0 4.45 -0.43
 HD 111232 b: nan nan 2531.503 2.1480 1169.13202 nan 172.0 0
 HD 111232 c: nan nan 5740.935 17.2500 26472.44623 nan 60.7 0
>HD 111591: 192.5725483 22.8631285 nan 8.030 1.940 4884.0 3.10 0.07
 HD 111591 b: nan nan 1398.452 2.5000 1056.40000 nan 422.1 1
>HD 111998: 193.2953521 -3.5531133 4.993 1.450 1.400 6557.0 4.19 0.07
 HD 111998 b: nan nan 1525.576 1.9100 810.00000 nan 275.5 0
>HD 112300: 193.8988441 3.3972376 -1.189 65.800 1.400 3657.0 0.80 -0.06
 HD 112300 b: nan nan 5031.224 1.3300 466.63000 nan 1240.4 1
>HD 112570: 194.2824262 46.1765638 3.486 9.850 1.150 4750.0 2.51 -0.40
 HD 112570 b: nan nan 1086.973 3.9000 2615.00000 nan 364.0 0
>HD 112640: 194.2415171 67.2429122 3.613 39.000 1.800 4155.0 1.70 -0.09
 HD 112640 b: nan nan 1589.150 1.7000 613.20000 nan 959.6 1
>HD 113337: 195.4438496 63.6103280 5.005 1.500 1.410 6576.6 4.21 0.07
 HD 113337 b: nan nan 1035.803 1.0220 317.58639 nan 384.2 1
 HD 113337 c: nan nan 6299.677 6.8050 5429.93477 nan 148.9 0
>HD 113538: 196.2339330 -52.4463502 5.637 0.530 0.585 4462.0 3.79 -0.24
 HD 113538 b: nan nan 114.410 1.2400 663.20000 nan 140.7 1
 HD 113538 c: nan nan 295.570 2.4400 1818.00000 nan 100.3 1
>HD 113996: 196.7948740 27.6244384 1.493 25.110 1.490 4181.0 1.86 0.13
 HD 113996 b: nan nan 2002.329 1.6000 610.20000 nan 798.7 1
>HD 114082: 197.3171237 -60.3084347 7.163 1.490 1.470 6651.0 4.19 0.00
 HD 114082 b: nan 11.209 2542.627 0.5109 109.75000 2459339.038540 547.7 0
>HD 114386: 197.6652124 -35.0561807 6.351 0.760 0.600 4836.0 4.45 -0.05
 HD 114386 b: nan nan 362.326 1.7300 937.70001 nan 154.6 1
 HD 114386 c: nan nan 117.597 1.0500 444.00000 nan 198.4 1
>HD 114729: 198.1833997 -31.8746756 5.136 1.473 0.936 5844.0 4.05 -0.33
 HD 114729 b: nan nan 262.210 2.0670 1121.79000 2451631.000000 237.9 1
>HD 114783: 198.1818436 -2.2649921 5.475 0.841 0.853 5135.0 4.53 0.21
 HD 114783 b: nan nan 349.600 1.1600 493.70000 2455283.800000 210.8 1
 HD 114783 c: nan nan 603.874 5.0000 4352.00000 2454959.000000 101.5 0
>HD 11505: 28.2750265 -1.3284416 5.885 nan 1.030 nan nan nan
 HD 11505 b: nan nan 2510.527 20.2470 32669.22247 nan nan 0
>HD 11506: 28.2106607 -19.5073960 6.168 1.340 1.220 6123.0 4.39 0.30
 HD 11506 b: nan nan 1525.576 2.8850 1617.70000 2453398.000000 201.2 1
 HD 11506 c: nan nan 127.131 0.7710 223.92000 2453212.000000 389.2 1
 HD 11506 d: nan nan 4068.204 18.2000 26500.00000 2452015.500000 80.1 0
>HD 115404 A: 199.2155793 17.0160384 4.381 nan 0.830 nan nan nan
 HD 115404 A b: nan nan 30.829 0.0880 10.49488 nan nan 1
 HD 115404 A c: nan nan 3279.671 11.3640 15319.22517 nan nan 0
>HD 115954: 199.9853694 38.3691383 6.870 1.213 1.180 5957.0 4.15 0.34
 HD 115954 b: nan nan 2634.797 5.0000 3700.00000 nan 141.5 1
>HD 116029: 200.1646905 24.6484725 5.534 4.890 0.830 4819.0 2.98 0.09
 HD 116029 b: nan nan 444.962 1.6500 670.00000 nan 400.0 1
 HD 116029 c: nan nan 403.644 2.0166 907.00000 nan 361.9 1
>HD 117207: 202.3368806 -35.5713041 5.650 1.074 1.053 5732.0 4.37 0.19
 HD 117207 b: nan nan 612.141 3.7870 2621.75000 2453356.000000 147.2 1
>HD 11755: 29.7078360 73.1521372 3.760 20.580 0.720 4312.0 1.67 -0.74
 HD 11755 b: nan nan 1789.383 1.0900 433.70001 nan 903.5 1
>HD 117618: 203.1066418 -47.2719049 5.737 1.200 1.077 5990.0 4.41 0.01
 HD 117618 b: nan nan 55.302 0.1800 25.80000 nan 745.8 1
>HD 118203: 203.5099560 53.7281876 6.543 2.040 1.270 5742.0 3.92 0.29
 HD 118203 b: 5.643 12.778 680.153 0.0713 6.13498 2458731.064190 1481.0 0
 HD 118203 c: nan nan 3747.197 6.2800 5103.00000 2456825.000000 157.8 0
>HD 11964: 29.2884252 -10.2434693 4.491 2.010 0.910 5303.0 3.79 0.10
 HD 11964 b: nan nan 198.000 3.1600 1945.00000 2455803.000000 203.9 1
 HD 11964 c: nan nan 25.000 0.2290 37.91000 2455199.940000 757.5 1
>HD 11977: 28.7347403 -67.6469871 2.590 10.090 1.910 4970.0 2.90 -0.21
 HD 11977 b: nan nan 2080.000 1.9300 711.00000 nan 548.0 1
>HD 120084: 205.6619890 78.0646376 3.572 10.370 2.160 4879.0 2.74 0.10
 HD 120084 b: nan nan 2034.102 4.2100 2142.00000 nan 369.2 0
>HD 121504: 209.3199062 -56.0404085 6.124 1.070 1.620 6027.0 4.59 0.15
 HD 121504 b: nan nan 479.923 0.3300 63.33000 nan 523.3 1
>HD 12235: 30.0391601 3.0959098 4.494 nan 1.100 nan nan nan
 HD 12235 b: nan nan 10.488 0.0540 4.36305 nan nan 1
 HD 12235 c: nan nan 3135.695 22.2100 36336.70679 nan nan 0
>HD 122562: 210.5886904 20.8810286 5.510 nan 1.241 nan nan nan
 HD 122562 c: nan nan 73.101 0.4060 84.96276 nan nan 1
>HD 124330: 212.8207093 54.4089731 6.389 nan 1.150 5873.0 4.24 0.22
 HD 124330 b: nan nan 238.371 0.8600 270.66000 nan nan 1
>HD 12484: 30.6115322 2.8158078 6.706 nan 1.010 5920.0 4.65 0.05
 HD 12484 b: nan nan 947.133 0.2970 58.83000 nan nan 1
>HD 125136: 215.3703435 -72.3175327 5.144 5.390 1.550 4959.0 3.11 0.02
 HD 125136 b: nan nan 718.292 2.0320 849.77000 nan 389.5 1
>HD 125271: 216.6474037 -81.4542756 7.069 nan 0.750 nan nan nan
 HD 125271 b: nan nan 3465.601 10.8170 14901.99295 nan nan 0
>HD 125390: 214.5387463 38.9669132 5.875 6.470 1.820 4850.0 3.13 -0.11
 HD 125390 b: nan nan 8646.204 3.4960 1757.39151 nan 318.2 0
>HD 125595: 215.3434326 -40.3942443 6.447 0.740 0.290 4691.0 4.17 0.08
 HD 125595 b: nan nan 6.357 0.0800 9.67370 nan 688.0 1
>HD 125612: 215.2227183 -17.4818147 6.838 1.070 1.050 5931.0 4.45 0.24
 HD 125612 b: nan nan 945.222 1.3490 557.69994 nan 254.7 1
 HD 125612 c: nan nan 15.574 0.0510 4.15466 nan 1310.0 1
 HD 125612 d: nan nan 2281.372 3.9820 2822.72698 nan 148.3 0
>HD 126105: 216.0016789 -19.8010960 4.947 4.210 1.200 4875.0 3.18 0.00
 HD 126105 b: nan nan 530.773 1.3600 524.00000 nan 413.6 1
>HD 12648: 34.7480718 85.7365329 4.743 11.020 0.670 4835.0 2.18 -0.57
 HD 12648 b: nan nan 622.947 0.5400 133.60001 nan 1053.2 1
>HD 126525: 216.8852514 -51.9329118 6.215 0.979 0.897 5638.0 4.38 -0.10
 HD 126525 b: nan nan 75.326 1.8370 960.41000 nan 198.5 1
>HD 12661: 31.1423525 25.4135632 5.861 1.200 1.200 5645.0 4.36 0.36
 HD 12661 b: nan nan 772.327 0.8400 262.70862 2456079.280000 325.3 1
 HD 12661 c: nan nan 575.884 2.8145 1708.00000 2455774.900000 174.1 1
>HD 126614: 216.7005171 -5.1784093 7.060 1.090 0.960 5585.0 4.39 0.56
 HD 126614 b: nan nan 107.744 2.2490 1257.25303 2457930.000000 187.5 0
>HD 127195: 217.8714193 -47.7292571 4.914 4.160 1.340 4981.0 3.29 -0.04
 HD 127195 b: nan nan 212.945 1.4210 534.50000 nan 411.0 1
 HD 127195 c: nan nan 206.588 1.9163 836.99000 nan 353.9 1
>HD 127506: 217.6848544 35.4546059 6.135 nan 0.730 nan nan nan
 HD 127506 b: nan nan 27.333 0.2870 65.78395 nan nan 1
>HD 128311: 219.0032292 9.7454368 5.142 0.760 0.828 4965.0 4.61 0.08
 HD 128311 b: nan nan 562.241 1.0840 453.01900 2455211.300000 200.5 1
 HD 128311 c: nan nan 1204.258 1.7400 921.53800 2455219.000000 158.2 0
>HD 128356: 219.2702793 -25.8031728 nan 0.850 0.650 4875.0 4.52 0.17
 HD 128356 b: nan nan 282.869 0.8700 298.20000 nan 232.4 1
>HD 128717: 219.0881687 57.5609512 7.039 1.248 1.212 6210.0 4.33 0.16
 HD 128717 b: nan nan 6293.002 4.8500 3420.00000 nan 151.9 0
>HD 129445: 221.5104196 -68.7629901 7.167 nan 0.990 5646.0 4.28 0.25
 HD 129445 b: nan nan 508.507 2.9000 1840.00000 nan nan 1
>HD 130322: 221.8857975 -0.2820782 6.234 0.850 0.920 5387.0 4.52 -0.02
 HD 130322 b: nan nan 365.490 0.0925 10.70871 2455631.777000 787.4 1
>HD 131496: 223.3461495 18.2352618 5.437 4.440 1.340 4846.0 3.18 0.12
 HD 131496 b: nan nan 572.094 2.0100 896.00000 nan 347.3 1
>HD 13167: 32.0576350 -24.6955750 6.711 2.390 1.350 5671.0 3.72 nan
 HD 13167 b: nan nan 1052.017 4.1000 2613.00000 nan 208.8 1
>HD 13189: 32.4173964 32.3164548 3.997 38.410 2.240 4175.0 1.62 -0.37
 HD 13189 b: nan nan 3480.238 1.2500 471.60001 nan 1116.0 1
>HD 132406: 224.2276121 53.3809615 6.870 1.340 0.973 5783.0 4.20 0.14
 HD 132406 b: nan nan 1887.901 1.8185 908.00000 nan 239.4 0
>HD 132563: 224.5892892 44.0428571 7.431 1.296 1.231 6289.0 4.30 nan
 HD 132563 b: nan nan 473.547 2.6200 1544.00000 nan 213.3 1
>HD 133131 A: 225.8984524 -27.8431369 6.895 nan 0.950 5799.0 4.39 -0.31
 HD 133131 A b: nan nan 451.319 1.4400 649.00000 nan nan 1
 HD 133131 A c: nan nan 133.489 4.4900 3568.00000 nan nan 1
>HD 133131 B: 225.8999745 -27.8415947 6.896 nan 0.930 5805.0 4.41 -0.28
 HD 133131 B b: nan nan 794.575 6.1500 5769.00000 nan nan 1
>HD 134060: 227.6847587 -61.4223747 4.836 nan 1.095 5966.0 4.43 0.14
 HD 134060 b: nan nan 10.100 0.0444 3.26960 nan nan 1
 HD 134060 c: nan nan 29.290 2.3928 1291.56460 nan nan 1
>HD 134606: 228.8103897 -70.5203328 5.177 1.158 1.046 5576.0 4.33 0.34
 HD 134606 b: nan nan 9.090 0.1046 12.08900 nan 894.6 1
 HD 134606 c: nan nan 11.310 0.3007 58.88300 nan 527.6 1
 HD 134606 d: nan nan 44.800 1.9410 966.50000 nan 207.7 1
 HD 134606 e: nan nan 2.340 0.0527 4.32030 nan 1260.4 1
 HD 134606 f: nan nan 5.630 0.1784 26.91500 nan 685.0 1
>HD 134987: 228.3675397 -25.3096721 4.882 1.220 1.100 5736.0 4.31 0.28
 HD 134987 b: nan nan 511.706 0.8100 258.17999 2452704.420000 339.5 1
 HD 134987 c: nan nan 260.000 5.8000 5000.00000 2455060.000000 125.0 1
>HD 135344 A: 228.9538416 -37.1489176 7.563 1.500 nan 9540.0 nan 0.05
 HD 135344 A b: nan 16.253 3178.284 16.5000 nan nan 138.7 0
>HD 135625: 229.4511514 -45.9225871 6.290 nan 1.280 nan nan nan
 HD 135625 b: nan nan 731.005 5.4000 4055.00000 nan nan 0
>HD 135694: 227.8678636 71.8412965 7.502 1.080 1.020 5712.0 4.33 -0.12
 HD 135694 b: 4.490 2.857 5.700 0.1247 15.92348 2459834.139260 810.6 0
>HD 135872: 229.4213643 -5.2024735 5.086 nan 1.646 nan nan nan
 HD 135872 b: nan nan 1744.560 4.1720 2422.32597 nan nan 0
>HD 136118: 229.7306046 -1.5922913 5.599 nan 1.180 6097.0 4.05 -0.05
 HD 136118 b: nan nan 4164.188 2.3270 1187.59765 nan nan 0
>HD 136352: 230.4401147 -48.3188174 4.159 1.058 0.870 5664.0 4.39 -0.24
 HD 136352 b: 3.935 1.664 4.720 0.0964 11.57797 2458944.372600 904.8 0
 HD 136352 c: 3.251 2.916 11.240 0.1721 27.59221 2458954.409900 677.2 0
 HD 136352 d: 8.870 2.562 8.820 0.4250 107.24500 2459009.775900 430.9 0
>HD 136418: 229.7756438 41.7324230 nan 3.780 1.480 4989.0 3.45 -0.11
 HD 136418 b: nan nan 680.156 1.2900 464.29999 nan 411.8 1
>HD 136925: 230.7157509 13.3663117 6.359 1.193 0.875 5773.2 4.23 -0.22
 HD 136925 b: nan nan 266.976 5.1300 4540.00000 2449690.000000 134.3 1
>HD 13724: 33.0859626 -46.8166738 6.378 nan 1.004 nan nan nan
 HD 13724 c: nan nan 50.853 0.5340 142.22895 nan nan 1
>HD 137388: 233.9150820 -80.2044169 6.763 0.880 0.680 5181.0 4.39 0.19
 HD 137388 b: nan nan 63.566 0.8900 330.00000 nan 248.4 1
>HD 137496: 231.7420543 -16.5090014 8.244 1.590 1.040 5799.0 4.05 -0.03
 HD 137496 b: 3.280 1.310 4.040 0.0273 1.62116 2458039.131700 2133.3 0
 HD 137496 c: nan nan 2434.566 1.2163 479.90000 2458629.210000 319.7 1
>HD 13808: 33.1780708 -53.7437591 6.250 0.781 0.771 5035.0 nan -0.21
 HD 13808 b: nan nan 11.200 0.1052 14.18150 nan 661.6 1
 HD 13808 c: nan nan 9.960 0.2554 53.75300 nan 424.6 1
>HD 13908: 34.5609102 65.5941901 6.210 1.670 1.290 6255.0 4.11 0.01
 HD 13908 b: nan nan 274.910 0.1540 19.38200 nan 993.2 1
 HD 13908 c: nan nan 1630.400 2.0300 931.00000 nan 273.6 1
>HD 13931: 34.1979991 43.7722065 6.139 1.250 1.300 5867.0 4.36 0.05
 HD 13931 b: nan nan 699.226 5.1500 4218.00000 2456650.000000 139.4 1
>HD 139357: 233.8173564 53.9221505 3.406 11.470 2.690 4700.0 2.90 -0.13
 HD 139357 b: nan nan 6315.568 2.9490 1124.79139 nan 447.0 0
>HD 1397: 4.4471631 -66.3589285 5.988 2.336 1.324 5521.0 3.82 0.29
 HD 1397 b: 8.602 11.500 131.899 0.1097 11.53533 2458332.082610 1228.5 0
>HD 14067: 34.2933480 23.7676546 4.097 12.400 2.400 4815.0 2.61 -0.10
 HD 14067 b: nan nan 4862.775 5.1500 2744.00000 nan 360.3 0
>HD 140901: 236.8689866 -37.9172333 4.323 nan 1.060 nan nan nan
 HD 140901 b: nan nan 15.574 0.0850 9.02378 nan nan 1
 HD 140901 c: nan nan 572.091 11.8000 14386.00000 nan nan 0
>HD 141004: 236.6099205 7.3527684 2.989 1.389 1.052 5885.4 4.17 0.02
 HD 141004 b: nan nan 13.635 0.1238 15.50830 2456704.330000 950.7 1
>HD 141399: 236.7235392 46.9862880 5.499 1.460 1.070 5600.0 4.28 0.35
 HD 141399 b: nan nan 143.341 0.4150 94.44000 2455205.190000 506.5 1
 HD 141399 c: nan nan 422.714 0.6890 201.99000 2455626.020000 393.1 1
 HD 141399 d: nan nan 375.039 2.0900 1069.80000 2454755.600000 225.7 1
 HD 141399 e: nan nan 209.768 5.0000 5000.00000 2455729.000000 145.9 1
>HD 141937: 238.0735585 -18.4359716 5.764 1.030 1.090 5870.0 4.45 0.11
 HD 141937 b: nan nan 3591.461 1.5400 662.37000 nan 231.5 0
>HD 142: 1.5836771 -49.0753625 4.474 nan 1.210 nan nan nan
 HD 142 A d: nan nan 82.635 0.4740 108.45299 nan nan 1
 HD 142 b: nan nan 396.968 1.0390 351.43394 nan 358.2 1
 HD 142 c: nan nan 3464.647 9.8110 10159.64279 nan 116.6 0
>HD 142022 A: 242.5481731 -84.2317494 5.964 1.040 0.900 5421.0 4.35 0.19
 HD 142022 A b: nan nan 1411.165 2.9300 1928.00000 nan 155.7 1
>HD 142245: 238.2342443 15.4306118 5.110 4.630 3.500 4922.0 3.65 0.17
 HD 142245 b: nan nan 975.738 2.7800 1299.00000 nan 306.3 1
>HD 142415: 239.4189890 -60.2006948 5.892 1.040 1.070 5940.0 4.44 0.13
 HD 142415 b: nan nan 530.776 1.0600 386.29999 nan 283.7 1
>HD 143105: 238.4023547 68.7199779 5.519 nan 1.510 6380.0 4.37 0.15
 HD 143105 b: nan nan 384.574 0.0379 2.19740 nan nan 1
>HD 143361: 240.4588405 -44.4350575 7.488 0.916 0.968 5507.0 4.47 0.14
 HD 143361 b: nan nan 1122.576 1.9880 1039.15000 nan 180.3 1
>HD 143811 A: 240.8891972 -30.1371574 7.702 nan 1.320 6791.0 4.34 nan
 HD 143811 AB b: nan 15.693 1938.753 63.0000 117000.00000 nan nan 0
>HD 144899: 242.5721002 -47.9146826 7.499 nan 1.160 nan nan nan
 HD 144899 b: nan nan 20.341 0.2420 40.43914 nan nan 1
>HD 145377: 242.9019658 -27.0781199 6.706 1.050 1.200 6014.0 4.47 0.11
 HD 145377 b: nan nan 1913.337 0.4500 103.95000 nan 443.0 1
>HD 145457: 242.5162215 26.7429068 4.122 9.900 1.900 4757.0 2.77 -0.14
 HD 145457 b: nan nan 888.013 0.7620 176.13000 nan 826.8 1
>HD 145934: 243.2912249 13.2394527 6.145 6.931 2.058 4823.8 3.01 0.10
 HD 145934 b: nan nan 658.540 4.8900 2751.53433 2455976.000000 276.9 0
>HD 1461: 4.6762645 -8.0536206 4.897 1.152 1.020 5765.0 4.38 0.19
 HD 1461 b: nan nan 6.440 0.0634 5.77152 2455839.370000 1185.1 1
 HD 1461 c: nan nan 5.590 0.1117 13.50520 2455200.110000 892.9 1
>HD 147018: 245.7490012 -61.6901291 6.571 nan 0.927 5441.0 4.42 0.10
 HD 147018 b: nan nan 674.000 0.2388 44.23600 nan nan 1
 HD 147018 c: nan nan 2080.000 1.9220 1008.00000 nan nan 1
>HD 147379: 244.1725686 67.2392041 4.953 0.628 0.580 4090.0 4.61 0.16
 HD 147379 b: nan nan 21.600 0.3194 86.58000 2458589.900000 276.6 1
>HD 147513: 246.0057894 -39.1929661 3.933 nan 1.110 5883.0 4.51 0.06
 HD 147513 b: nan nan 385.000 1.3200 528.40000 nan nan 1
>HD 14787: 35.8085099 10.8367972 5.388 5.010 1.430 4946.0 3.23 nan
 HD 14787 b: nan nan 356.287 1.7000 676.60000 nan 409.4 1
>HD 147873: 246.4380471 -33.5672217 6.581 2.290 1.380 5972.0 3.86 0.03
 HD 147873 b: nan nan 1633.646 0.5220 116.59600 nan 603.2 1
 HD 147873 c: nan nan 731.009 1.3600 491.54000 nan 373.7 1
>HD 148156: 247.0723035 -46.3175085 6.397 1.210 1.220 6308.0 4.56 0.29
 HD 148156 b: nan nan 270.144 2.4500 1027.00000 nan 213.8 1
>HD 148164: 246.4351678 11.9190729 6.906 1.340 1.210 6032.0 nan 0.24
 HD 148164 b: nan nan 390.931 0.9930 328.55000 nan 337.9 1
 HD 148164 c: nan nan 1640.003 6.1500 5062.00000 nan 135.8 1
>HD 148427: 247.1171311 -13.3996231 4.682 3.860 1.640 5025.0 3.59 0.15
 HD 148427 b: nan nan 381.394 1.1100 331.90000 nan 451.9 0
>HD 149026: 247.6229827 38.3475349 6.819 1.410 1.420 6179.0 4.37 0.32
 HD 149026 b: 3.230 8.295 120.775 0.0446 2.87589 2454456.788350 1675.5 0
>HD 149143: 248.2126715 2.0844547 6.434 1.440 1.200 5856.0 4.25 0.29
 HD 149143 b: nan nan 422.714 0.0530 4.07182 nan 1471.9 1
>HD 149806: 249.2855187 0.2546794 5.183 nan 0.930 nan nan nan
 HD 149806 b: nan nan 4003.684 12.4040 16521.52778 nan nan 0
>HD 150010: 247.8670682 72.6125804 3.177 16.200 1.300 4153.0 2.10 -0.25
 HD 150010 b: nan nan 762.788 1.4000 562.00000 nan 681.2 1
>HD 1502: 4.8214389 14.0546830 6.120 4.670 1.460 4947.0 3.18 0.09
 HD 1502 b: nan nan 874.033 1.2620 428.50000 nan 458.9 1
>HD 150706: 247.8255687 79.7894032 5.565 0.960 1.170 5961.0 4.50 -0.01
 HD 150706 b: nan nan 861.280 6.7000 5894.00000 nan 108.8 1
>HD 151450: 252.0080127 -15.9643450 6.099 nan 1.140 nan nan nan
 HD 151450 b: nan nan 38.457 0.1600 21.89288 nan nan 1
 HD 151450 c: nan nan 1636.181 14.1310 18144.76236 nan nan 0
>HD 152079: 253.3732313 -46.3333582 7.634 1.128 1.147 5907.0 4.37 0.29
 HD 152079 b: nan nan 845.746 4.1870 2918.92000 nan 147.8 1
>HD 152581: 253.4316451 11.9736828 6.173 5.140 1.300 5027.0 3.29 -0.46
 HD 152581 b: nan nan 594.024 1.6600 686.50000 nan 426.5 1
>HD 152843: 253.7848853 20.4915240 7.629 1.430 1.150 6310.0 4.19 -0.16
 HD 152843 b: 5.590 3.050 9.820 0.1049 11.62071 2458994.285300 1123.4 0
 HD 152843 c: 6.500 5.940 9.670 0.1482 19.50210 2459002.771500 945.2 0
>HD 15337: 36.8678846 -27.6361171 7.044 0.855 0.829 5131.0 4.48 0.03
 HD 15337 b: 2.490 1.770 6.519 0.0520 4.75598 2458411.462300 1003.3 0
 HD 15337 c: 2.250 2.526 6.792 0.1224 17.18055 2458414.551620 653.9 0
>HD 153557: 254.4706516 47.3678558 5.458 nan 0.790 nan nan nan
 HD 153557 b: nan nan 20.341 0.0680 7.29903 nan nan 1
 HD 153557 c: nan nan 17.481 0.1110 15.27018 nan nan 1
 HD 153557 d: nan nan 8725.661 21.4490 40654.64809 nan nan 0
>HD 153950: 256.1292826 -43.3103753 6.006 1.280 1.250 6124.0 4.32 -0.01
 HD 153950 b: nan nan 937.598 1.2800 499.39999 nan 295.3 1
>HD 154088: 256.1164214 -28.5838342 4.758 nan 0.910 5374.0 4.37 0.28
 HD 154088 b: nan nan 6.600 0.1340 18.56000 nan nan 1
>HD 154345: 255.6524619 47.0855544 5.003 0.870 0.890 5490.6 4.51 -0.07
 HD 154345 b: nan nan 376.944 4.1580 3280.00000 2456384.000000 121.1 0
>HD 154391: 255.3201345 60.6489226 3.896 8.560 2.070 4909.0 2.89 0.10
 HD 154391 b: nan nan 2892.239 7.4600 5163.00000 nan 253.6 0
>HD 154672: 257.5206970 -56.4498041 6.612 1.320 1.180 5743.0 4.27 0.25
 HD 154672 b: nan nan 1706.747 0.6000 163.94000 nan 410.8 1
>HD 154857: 257.8161940 -56.6810380 5.509 2.300 1.960 5589.0 4.01 -0.22
 HD 154857 b: nan nan 778.683 1.2900 408.60001 nan 359.9 1
 HD 154857 c: nan nan 819.970 5.3600 3452.00000 nan 154.9 1
>HD 155193: 257.4208876 10.0381003 5.715 nan 1.221 6239.0 4.26 0.05
 HD 155193 b: nan nan 238.371 1.0400 352.65000 nan nan 1
>HD 155358: 257.3930947 33.3549277 5.808 1.380 1.150 5905.0 4.22 -0.60
 HD 155358 b: nan nan 314.652 0.6300 194.30000 nan 421.4 1
 HD 155358 c: nan nan 261.000 1.0200 391.90000 nan 331.2 1
>HD 155918: 260.5364025 -75.3492390 5.459 nan 1.030 nan nan nan
 HD 155918 b: nan nan 7.628 0.0300 1.87567 nan nan 1
 HD 155918 c: nan nan 1878.048 13.1830 17202.19446 nan nan 0
>HD 156098: 259.2646870 -32.6630768 4.357 nan 1.290 nan nan nan
 HD 156098 b: nan nan 15.891 0.1670 21.85849 nan nan 1
 HD 156098 c: nan nan 1661.607 8.4150 7841.58390 nan nan 0
>HD 156279: 258.0966686 63.3527828 6.269 0.966 0.940 5458.2 4.45 0.19
 HD 156279 b: nan nan 2997.758 0.5020 133.40355 2455464.940000 365.1 1
 HD 156279 c: nan nan 3098.827 5.4860 4818.25358 2455834.700000 110.5 0
>HD 156411: 259.9639522 -48.5502313 5.170 2.160 1.250 5900.0 4.07 -0.12
 HD 156411 b: nan nan 235.180 1.8800 842.20000 nan 305.0 1
>HD 156668: 259.4183491 29.2281610 6.004 0.720 0.772 4850.0 4.60 0.05
 HD 156668 b: nan nan 4.150 0.0500 4.64550 2455201.600000 887.5 1
 HD 156668 c: nan nan 31.497 1.5700 811.30000 2455890.000000 166.1 1
>HD 156846: 260.1423366 -19.3343650 5.149 1.900 1.380 6090.0 4.02 0.15
 HD 156846 b: nan nan 3391.246 1.1200 359.51001 nan 382.5 1
>HD 158038: 261.4395312 27.3030721 5.156 4.500 1.300 4860.0 3.24 0.19
 HD 158038 b: nan nan 486.280 1.5000 521.00000 nan 405.9 1
>HD 158259: 261.3495847 52.7904721 4.965 1.210 1.080 5801.9 4.25 nan
 HD 158259 b: 2.098 1.231 2.220 0.0337 2.17800 2460338.523071 1675.5 1
 HD 158259 c: nan nan 5.600 0.0457 3.43200 nan 1439.8 1
 HD 158259 d: nan nan 5.410 0.0603 5.19808 nan 1253.7 1
 HD 158259 e: nan nan 6.080 0.0800 7.95100 nan 1088.1 1
 HD 158259 f: nan nan 6.140 0.1054 12.02800 nan 947.9 1
>HD 158996: 259.9051092 80.1364033 2.133 50.300 1.800 4069.0 1.40 -0.20
 HD 158996 b: nan nan 4449.620 2.1000 820.20000 nan 960.3 1
>HD 15906: 38.2712534 -10.3521780 7.459 0.762 0.790 4757.0 4.49 0.02
 HD 15906 b: 1.800 2.240 nan 0.0900 10.92471 2458416.345300 667.5 0
 HD 15906 c: 2.190 2.930 nan 0.1410 21.58330 2457430.829600 533.3 0
>HD 159243: 263.3395365 5.7008254 7.297 1.120 1.125 6123.0 4.55 0.05
 HD 159243 b: nan nan 359.130 0.1100 12.62000 nan 942.1 1
 HD 159243 c: nan nan 603.900 0.8000 248.40000 nan 349.4 1
>HD 159868: 264.7466665 -43.1462347 5.535 2.130 1.190 5534.0 3.92 -0.05
 HD 159868 b: nan nan 704.947 2.3200 1184.10000 nan 255.7 1
 HD 159868 c: nan nan 244.093 1.0320 351.00000 nan 383.4 1
>HD 1605: 5.1317548 30.9750611 5.272 3.490 1.330 4915.0 3.40 0.22
 HD 1605 b: nan nan 296.853 1.4920 577.20000 nan 362.5 1
 HD 1605 c: nan nan 1150.545 3.5840 2149.00000 nan 233.9 1
>HD 160691: 266.0361585 -51.8348751 3.683 1.330 1.130 5773.0 4.20 0.28
 HD 160691 b: nan nan 1366.662 1.5217 645.00000 2453765.600000 260.2 0
 HD 160691 c: nan nan 1398.445 5.0911 3947.00000 2453237.000000 142.3 0
 HD 160691 d: nan nan 10.490 0.0923 9.63920 2455205.150000 1056.6 0
 HD 160691 e: nan nan 2224.799 0.9295 307.90000 2454483.800000 333.0 0
>HD 161178: 264.2873565 72.4558590 3.657 10.950 1.060 4786.0 2.38 -0.21
 HD 161178 b: nan nan 181.162 0.8500 279.30000 nan 828.3 1
>HD 16141: 38.8323674 -3.5624887 5.266 1.480 1.110 5757.0 4.14 0.13
 HD 16141 b: nan nan 82.636 0.3600 75.52300 2451932.300000 562.9 1
>HD 16175: 39.2577379 42.0624526 5.853 1.720 1.630 5981.0 4.18 0.30
 HD 16175 b: nan nan 1620.933 2.1200 990.00000 nan 259.8 1
>HD 162020: 267.6599252 -40.3184646 6.539 0.750 0.420 4723.0 4.31 -0.10
 HD 162020 b: nan nan 3127.447 0.0800 8.42820 nan 697.3 1
>HD 163607: 268.4181383 56.3924701 6.271 1.760 1.120 5522.0 3.97 0.19
 HD 163607 b: nan nan 249.052 0.3620 75.22030 nan 587.1 1
 HD 163607 c: nan nan 699.544 2.3900 1272.00000 nan 228.5 1
>HD 16417: 39.2441029 -34.5790905 4.246 nan 1.200 nan nan 0.06
 HD 16417 b: nan nan 22.100 0.1400 17.24000 nan nan 1
>HD 164509: 270.3800811 0.1044685 6.586 1.110 1.120 5859.0 4.44 0.20
 HD 164509 b: nan nan 140.799 0.8700 280.17000 nan 319.1 1
>HD 164595: 270.1613723 29.5726698 5.482 nan 0.990 5790.0 4.44 -0.04
 HD 164595 b: nan nan 16.140 0.2300 40.00000 nan nan 1
>HD 164604: 270.7787177 -28.5608343 7.169 0.780 0.770 4663.0 4.49 0.12
 HD 164604 b: nan nan 4195.335 1.3620 653.90000 nan 170.2 0
 HD 164604 c: nan nan 3019.370 5.5560 5387.00000 nan 84.2 0
>HD 164922: 270.6304652 26.3104077 5.113 0.946 0.926 5390.0 4.46 0.18
 HD 164922 b: nan nan 116.000 2.1600 1207.00000 2456743.000000 172.0 1
 HD 164922 c: nan nan 13.000 0.3410 75.74000 2455221.100000 432.9 1
 HD 164922 d: nan nan 4.000 0.1030 12.45800 2455198.580000 787.7 1
 HD 164922 e: nan nan 10.520 0.2292 41.76300 2455256.600000 543.7 1
>HD 165131: 271.3444007 -21.6737039 6.927 nan 1.060 5870.0 4.39 0.06
 HD 165131 b: nan nan 5943.391 3.5400 2342.60000 nan nan 0
>HD 165155: 271.4893395 -29.9172536 7.584 0.950 1.020 5426.0 4.49 0.09
 HD 165155 b: nan nan 918.529 1.1300 434.50000 nan 239.9 1
>HD 1666: 5.2180424 -19.9314823 6.964 1.930 1.500 6317.0 4.06 0.37
 HD 1666 b: nan nan 2040.000 0.9400 270.00000 nan 436.5 1
>HD 166724: 273.4988604 -42.5757218 7.246 nan 0.810 5127.0 4.43 -0.09
 HD 166724 b: nan nan 1121.890 5.4200 5144.00000 nan nan 1
>HD 167042: 272.6326268 54.2876184 3.550 4.630 1.390 4919.0 3.23 -0.01
 HD 167042 b: nan nan 444.006 1.2200 417.67000 2454232.000000 462.1 1
>HD 16760: 40.5892123 38.6182163 7.033 0.835 0.930 5518.0 4.47 0.07
 HD 16760 b: nan nan 6833.311 1.1560 466.08000 nan 226.1 0
>HD 167677: 274.2067844 -11.4067857 7.155 nan 0.960 5474.0 4.43 -0.29
 HD 167677 b: nan nan 905.811 2.8770 1820.00000 nan nan 0
>HD 167768: 274.2213308 -3.0085807 3.895 9.700 1.080 4851.0 2.50 -0.67
 HD 167768 b: nan nan 270.154 0.1512 20.65320 2454595.440000 1873.6 1
>HD 168009: 273.8847918 45.2088229 4.756 1.210 0.986 5778.3 4.27 0.02
 HD 168009 b: nan nan 9.535 0.1192 15.14790 2455201.560000 887.6 1
>HD 168443: 275.0159879 -9.5966905 5.211 1.679 0.980 5551.0 3.98 0.06
 HD 168443 b: nan nan 2424.395 0.2920 58.11187 2455272.957000 641.9 1
 HD 168443 c: nan nan 5500.338 2.8420 1753.10960 2455599.410000 205.8 0
>HD 168746: 275.4573269 -11.9229757 6.253 1.090 1.070 5570.0 4.39 -0.08
 HD 168746 b: nan nan 85.814 0.0700 6.40400 2454986.880000 1059.9 1
>HD 168863: 275.6642157 -18.0219726 7.040 nan 0.800 nan nan nan
 HD 168863 b: nan nan 2154.877 10.9610 14773.93272 nan nan 0
>HD 1690: 5.3055886 -8.2811442 6.018 21.660 1.860 4374.0 2.04 -0.27
 HD 1690 b: nan nan 2793.726 1.3600 533.00000 nan 841.7 1
>HD 16905: 40.0136203 -61.3550396 7.086 nan 0.850 nan nan nan
 HD 16905 b: nan nan 3591.461 8.8000 10256.00000 nan nan 0
>HD 169142: 276.1240717 -29.7805318 6.410 nan 1.850 nan nan nan
 HD 169142 b: nan nan 953.485 37.2000 nan nan nan 0
>HD 169830: 276.9561859 -29.8167919 4.688 1.936 1.170 6179.3 4.01 0.12
 HD 169830 b: nan nan 804.424 0.7650 225.67372 2455515.750000 474.0 1
 HD 169830 c: nan nan 2437.426 3.0750 1818.82339 2455139.000000 236.4 0
>HD 170469: 277.2955423 11.6954244 6.707 1.240 1.100 5842.0 4.30 0.29
 HD 170469 b: nan nan 209.768 2.2400 1145.00000 2453003.000000 209.6 1
>HD 17092: 41.5924261 49.6530375 4.807 13.580 6.730 4326.0 3.00 0.18
 HD 17092 b: nan nan 3219.618 1.3100 359.89999 nan 671.6 1
>HD 171028: 278.0643694 6.9456827 6.604 2.470 1.530 5671.0 3.84 -0.48
 HD 171028 b: nan nan 832.715 1.3200 550.00000 nan 374.1 1
>HD 171238: 278.6818389 -28.0727849 6.831 1.010 0.920 5440.0 4.43 0.20
 HD 171238 b: nan nan 2796.890 2.5180 1515.00000 nan 166.1 0
>HD 17156: 42.4366123 71.7530882 6.763 1.517 1.285 6046.0 4.18 0.21
 HD 17156 b: 3.151 12.263 1036.121 0.1632 21.21643 2458809.070370 888.9 0
>HD 173416: 280.9005676 36.5568570 3.814 13.500 2.000 4683.0 2.48 -0.22
 HD 173416 b: nan nan 585.122 1.1580 322.03000 nan 771.0 1
>HD 174205: 280.7932014 70.7928237 3.574 26.600 1.800 4308.0 1.80 -0.28
 HD 174205 b: nan nan 1334.879 1.7000 582.00000 nan 821.7 1
>HD 175167: 285.0033888 -69.9450664 6.288 1.750 1.090 5635.0 4.09 0.28
 HD 175167 b: nan nan 4703.860 2.2427 1175.00000 nan 240.0 0
>HD 175541: 283.9203211 4.2649344 5.829 4.190 1.390 5013.0 3.33 -0.10
 HD 175541 b: nan nan 190.062 0.9750 298.43000 2454003.500000 501.1 1
>HD 175607: 285.2742901 -66.1943379 6.881 0.700 0.710 5392.0 4.64 -0.62
 HD 175607 b: nan nan 8.980 0.1648 29.01000 nan 535.8 1
>HD 17674: 42.7684964 30.2865981 6.093 1.180 0.980 5904.0 4.34 -0.16
 HD 17674 b: nan nan 276.512 1.4200 623.80000 nan 259.5 1
>HD 176986: 285.7739138 -11.0449410 6.220 0.782 0.789 4931.0 4.44 0.03
 HD 176986 b: nan nan 5.360 0.0630 6.49164 2460624.060000 838.0 1
 HD 176986 c: nan nan 9.750 0.1187 16.81240 2460614.690000 610.2 1
 HD 176986 d: nan nan 6.760 0.2815 61.37600 2460614.690000 396.3 1
>HD 177565: 286.7175787 -37.8122394 4.539 nan 1.000 nan nan nan
 HD 177565 b: nan nan 15.100 0.2460 44.50500 nan nan 1
>HD 177830: 286.3363574 25.9204327 4.809 3.260 1.700 4901.0 3.64 0.42
 HD 177830 b: nan nan 537.133 1.1400 410.10001 2455452.400000 399.6 1
 HD 177830 c: nan nan 47.672 0.5137 110.90000 2455177.000000 538.9 1
>HD 178911 B: 287.2632091 34.6006972 6.375 1.080 1.240 5588.0 4.46 0.24
 HD 178911 B b: nan nan 2552.175 0.3400 71.48400 2450292.680000 480.2 1
>HD 179079: 287.7903733 -2.6387703 6.311 1.630 1.140 5646.0 4.16 0.24
 HD 179079 b: nan nan 25.744 0.1214 14.47900 nan 997.6 1
>HD 179949: 288.8890182 -24.1797939 4.936 1.267 1.210 6168.0 4.34 0.14
 HD 179949 b: nan nan 291.120 0.0443 3.09251 2453197.175000 1590.5 1
>HD 180053: 288.4008374 34.9146658 5.840 4.060 1.750 5131.0 3.54 nan
 HD 180053 b: nan nan 697.319 0.8430 213.72000 nan 543.0 1
>HD 18015: 43.3636339 -8.8480392 6.204 3.130 1.490 5603.0 3.64 -0.14
 HD 18015 b: nan nan 1010.699 3.8700 2278.00000 nan 243.0 1
>HD 180314: 288.7094401 31.8604391 4.312 9.200 2.600 4917.0 2.98 0.20
 HD 180314 b: nan nan 7216.930 1.4480 394.73000 nan 597.6 1
>HD 180617: 289.2277322 5.1631615 4.673 0.481 0.484 3534.0 4.90 -0.04
 HD 180617 b: nan nan 12.214 0.3430 105.91100 nan 201.8 1
>HD 180902: 289.8239604 -23.5582432 5.543 4.160 1.410 4961.0 3.36 0.04
 HD 180902 b: nan nan 535.544 1.4000 510.90000 nan 412.4 1
>HD 181234: 289.9998695 -9.3249700 6.689 1.050 0.940 5386.0 4.25 0.32
 HD 181234 b: nan nan 2980.913 7.4270 7593.40512 2457580.000000 97.7 0
>HD 181342: 290.2674078 -23.6196996 5.251 4.710 1.690 4945.0 3.28 0.26
 HD 181342 b: nan nan 807.288 1.5920 564.10000 nan 410.1 1
>HD 18143: 43.9140248 26.8723829 5.427 nan 0.850 nan nan nan
 HD 18143 b: nan nan 10.806 0.0880 10.28510 nan nan 1
 HD 18143 c: nan nan 3177.648 17.5300 28982.41764 nan nan 0
>HD 181433: 291.2873731 -66.4677838 6.094 0.811 0.860 4929.6 4.53 0.40
 HD 181433 b: nan nan 7.220 0.0828 9.37450 nan 743.9 1
 HD 181433 c: nan nan 235.500 1.8850 1018.50000 nan 155.9 1
 HD 181433 d: nan nan 206.910 6.7400 6896.10000 nan 82.4 1
>HD 181720: 290.7212224 -32.9208401 6.294 1.500 1.030 5736.0 4.09 -0.62
 HD 181720 b: nan nan 127.132 1.8500 956.00000 nan 249.1 1
>HD 183263: 292.1022982 8.3579183 6.422 1.293 1.060 5876.0 4.28 0.28
 HD 183263 b: nan nan 1103.182 1.4600 624.87404 2456925.200000 266.7 1
 HD 183263 c: nan nan 2958.982 5.5850 4667.97841 2457195.700000 136.4 0
>HD 183579: 293.2866147 -54.5327284 7.150 0.960 0.996 5784.0 4.45 -0.04
 HD 183579 b: 4.306 3.490 20.400 0.1322 17.47129 2458661.062630 751.6 0
>HD 184010: 292.8401421 26.6172796 3.980 4.860 1.350 4971.0 3.18 -0.17
 HD 184010 b: nan nan 98.527 0.9400 286.60000 2454609.200000 545.0 1
 HD 184010 c: nan nan 95.349 1.3340 484.30000 2454781.900000 457.5 1
 HD 184010 d: nan nan 143.023 1.9200 836.40000 2454926.000000 381.4 1
>HD 18438: 46.5318358 79.4185800 1.325 88.475 1.840 3860.0 0.90 -0.40
 HD 18438 b: nan nan 6674.397 2.1000 803.00000 nan 1208.2 1
>HD 185269: 294.2987668 28.4995140 5.260 2.000 1.300 5923.0 3.92 0.10
 HD 185269 b: nan nan 321.008 0.0770 6.83776 nan 1455.6 1
>HD 185283: 295.3233609 -56.3221096 6.601 nan 0.800 nan nan nan
 HD 185283 b: nan nan 413.177 4.6000 4060.00000 nan nan 0
>HD 18599: 44.2620144 -56.1918694 6.883 0.767 0.863 5145.0 4.54 0.00
 HD 18599 b: 2.060 2.600 24.100 0.0480 4.13744 2459111.739460 991.7 0
>HD 187085: 297.3915731 -37.7809929 5.876 1.270 1.189 6117.0 4.28 0.12
 HD 187085 b: nan nan 265.706 2.1000 1019.74000 nan 229.4 1
>HD 187123: 296.7428786 34.4189900 6.337 1.150 1.040 5790.0 4.33 0.09
 HD 187123 b: nan nan 166.218 0.0426 3.09658 2455665.934000 1450.9 1
 HD 187123 c: nan nan 632.460 4.8900 3810.00000 2458871.000000 135.4 1
>HD 18742: 45.0443115 -20.8027024 5.554 5.130 1.360 4940.0 3.09 -0.04
 HD 18742 b: nan nan 1080.622 1.8200 766.00000 nan 399.9 1
>HD 188015: 298.0191857 28.0999769 6.632 1.125 1.090 5746.0 4.45 0.29
 HD 188015 b: nan nan 476.720 1.2030 461.20000 2452094.400000 268.0 1
>HD 188641: 299.4048303 -37.7448845 5.800 nan 1.070 nan nan nan
 HD 188641 b: nan nan 9333.031 12.0270 14583.81038 nan nan 0
>HD 189567: 301.3959616 -67.3237992 4.511 nan 0.830 5726.0 4.41 -0.24
 HD 189567 b: nan nan 8.500 0.1110 14.28800 2455477.540000 nan 1
 HD 189567 c: nan nan 7.000 0.1970 33.68800 2455187.300000 nan 1
>HD 189733: 300.1821223 22.7097759 5.541 0.750 0.790 5052.0 4.49 -0.02
 HD 189733 b: 1.804 12.666 359.148 0.0308 2.21858 2453955.525551 1201.5 0
>HD 190007: 300.6956339 3.3266992 4.796 0.790 0.770 4610.0 4.58 0.16
 HD 190007 b: nan nan 15.500 0.0926 11.72413 nan 649.4 1
>HD 190228: 300.7537294 28.3065564 5.352 nan 1.415 5360.0 4.02 -0.24
 HD 190228 b: nan nan 1598.677 2.4060 1143.59858 nan nan 0
>HD 190360: 300.9092476 29.8945410 4.076 1.130 0.996 5560.0 4.10 0.26
 HD 190360 b: nan nan 537.000 3.9650 2887.50000 2456758.000000 143.1 0
 HD 190360 c: nan nan 26.200 0.1298 17.11625 2455198.610000 791.1 0
 HD 190360 d: nan nan 11.900 0.3886 88.69000 nan 457.2 0
>HD 190647: 301.8318167 -35.5395236 6.161 1.376 1.069 5656.0 4.16 0.23
 HD 190647 b: nan nan 630.893 2.2310 1176.45000 nan 214.2 1
>HD 190984: 302.8779827 -64.6202728 7.319 1.530 0.910 5988.0 4.02 -0.48
 HD 190984 b: nan nan 985.200 5.5000 4885.00000 nan 152.3 1
>HD 191806: 302.3687580 52.2767265 6.639 nan 1.070 6010.0 4.45 0.30
 HD 191806 b: nan nan 2966.610 2.7490 1603.38923 nan nan 0
>HD 191939: 302.0256247 66.8503014 7.180 0.940 0.810 5348.0 4.30 -0.15
 HD 191939 b: 2.939 3.410 10.000 0.0804 8.88033 2459443.542360 881.8 0
 HD 191939 c: 4.162 3.195 8.000 0.1752 28.57974 2459440.549100 597.3 0
 HD 191939 d: 5.360 2.995 2.800 0.2132 38.35304 2459433.906000 541.5 0
 HD 191939 e: nan nan 112.200 0.4070 101.12000 2459348.120000 391.9 1
 HD 191939 f: nan nan 915.346 3.7100 2898.00000 2460449.000000 129.8 1
 HD 191939 g: nan nan 13.500 0.8120 284.00000 2459385.000000 277.5 1
>HD 192263: 303.4990864 -0.8657574 5.537 0.740 0.660 4976.0 4.51 0.03
 HD 192263 b: nan nan 177.985 0.1500 24.35560 2452107.090000 532.9 1
>HD 192310: 303.8284712 -27.0337556 3.501 0.730 0.800 5166.0 4.51 -0.04
 HD 192310 b: nan nan 16.900 0.3200 74.72000 2455767.850000 376.2 1
 HD 192310 c: nan nan 24.000 1.1800 525.80000 2455256.000000 195.9 1
>HD 192699: 304.0248392 4.5805708 4.366 4.410 1.380 5041.0 3.25 -0.25
 HD 192699 b: nan nan 666.172 1.0630 340.94000 nan 495.1 1
>HD 194490: 306.9980087 -51.6644646 7.533 nan 1.060 nan nan nan
 HD 194490 b: nan nan 3561.903 11.1160 13092.18348 nan nan 0
>HD 195019: 307.0792427 18.7692509 5.256 1.480 1.210 5751.0 4.18 0.05
 HD 195019 b: nan nan 1264.963 0.1400 18.20132 2453356.428000 901.7 1
>HD 196050: 309.4637796 -60.6347649 6.034 1.420 1.270 5879.0 4.25 0.21
 HD 196050 b: nan nan 1493.794 2.6500 1392.00000 nan 207.5 0
>HD 196067: 310.4364195 -75.3514992 5.080 1.710 1.160 6072.0 4.09 0.21
 HD 196067 b: nan nan 3623.244 4.7100 3413.70000 nan 176.4 0
 HD 196067 c: nan nan 10.400 0.0569 4.60109 nan 1605.3 1
>HD 19615: 48.7813299 73.8680150 3.062 32.300 1.100 4263.0 1.40 -0.31
 HD 19615 b: nan nan 2701.541 1.1000 402.00000 nan 1113.9 1
>HD 196885 A: 309.9664609 11.2500236 5.072 1.310 1.280 6254.0 4.31 0.22
 HD 196885 A b: nan nan 819.970 2.3700 1333.00000 nan 224.2 1
>HD 197037: 309.8869681 42.2475930 5.488 nan 1.110 6150.0 4.40 -0.20
 HD 197037 b: nan nan 251.000 2.0700 1035.70000 nan nan 1
>HD 199509: 317.3445632 -82.0274926 5.425 nan 1.040 nan nan nan
 HD 199509 b: nan nan 43.225 0.4260 99.62167 nan nan 1
>HD 19994: 48.1943193 -1.1963955 3.748 nan 1.365 6188.0 4.29 0.27
 HD 19994 b: nan nan 435.410 1.3050 466.20000 nan nan 1
>HD 20003: 46.9090081 -72.3219221 6.647 nan 0.875 5494.0 4.41 0.04
 HD 20003 b: nan nan 11.660 0.0974 11.84820 nan nan 1
 HD 20003 c: nan nan 14.440 0.1964 33.92390 nan nan 1
>HD 200964: 316.6664183 3.8033357 4.286 4.920 1.390 4982.0 3.22 -0.17
 HD 200964 b: nan nan 508.210 1.5650 606.30000 nan 426.0 1
 HD 200964 c: nan nan 385.846 1.9600 852.50000 nan 380.6 1
>HD 202206: 318.7405221 -20.7897284 6.485 1.040 1.070 5766.0 4.50 0.30
 HD 202206 c: nan nan 5689.157 2.4100 1260.00000 nan 182.6 0
>HD 202696: 319.2250346 27.2582799 5.877 6.430 1.910 5040.0 3.11 0.02
 HD 202696 b: nan nan 634.389 1.5660 517.80000 nan 492.5 0
 HD 202696 c: nan nan 592.435 2.3420 946.60000 nan 402.7 0
>HD 202772 A: 319.6995877 -26.6163743 6.959 2.554 1.721 6442.0 3.93 0.23
 HD 202772 A b: 5.673 18.237 323.549 0.0521 3.30888 2458328.683570 2175.3 0
>HD 203030: 319.7432238 26.2305846 6.653 nan nan nan nan nan
 HD 203030 b: nan 14.460 3496.112 487.1000 nan nan nan 0
>HD 20329: 49.1781240 15.6563542 7.116 1.130 0.900 5596.0 4.40 -0.07
 HD 20329 b: 1.260 1.720 7.420 0.0180 0.92612 2459472.143210 2138.0 0
>HD 203387: 320.5617820 -16.8345229 2.206 nan 2.817 nan nan nan
 HD 203387 b: nan nan 1106.043 1.7710 512.53520 nan nan 1
 HD 203387 c: nan nan 2378.946 5.0670 2481.07227 nan nan 0
>HD 2039: 6.0851069 -56.6499880 7.549 1.190 1.230 5945.0 4.38 0.30
 HD 2039 b: nan nan 1999.151 2.2000 1120.00000 nan 210.8 1
>HD 204313: 322.0510568 -21.7274194 6.459 1.100 1.030 5783.0 4.37 0.16
 HD 204313 b: nan nan 1466.778 3.1850 2041.11539 nan 163.9 0
 HD 204313 c: nan nan 17.163 0.2110 34.95875 nan 636.7 1
 HD 204313 e: nan nan 4868.178 7.4570 7325.64666 nan 107.1 0
>HD 204941: 323.0966714 -20.9579570 6.357 0.780 0.580 5026.0 4.42 -0.19
 HD 204941 b: nan nan 73.101 2.5500 1733.00000 nan 134.0 1
>HD 205158: 323.9186227 -59.6933144 6.457 nan 1.160 nan nan nan
 HD 205158 b: nan nan 124.589 0.1770 25.33798 nan nan 1
>HD 205739: 324.5351273 -31.7378373 7.299 1.330 1.220 6176.0 4.29 0.19
 HD 205739 b: nan nan 435.410 0.8960 279.80000 nan 362.8 1
>HD 206255: 325.5917768 -50.0935884 5.979 nan 1.420 5635.0 nan nan
 HD 206255 b: nan nan 34.200 0.4610 96.04500 nan nan 1
>HD 206610: 325.8537599 -7.4082451 5.952 6.120 1.550 4842.0 3.22 0.14
 HD 206610 b: nan nan 647.102 1.7400 673.20000 nan 437.9 1
>HD 206893: 326.3416874 -12.7833522 5.593 nan 1.310 6500.0 4.45 nan
 HD 206893 b: nan 14.011 6197.654 10.7500 11100.00000 nan nan 0
 HD 206893 c: nan 16.365 3527.895 3.7400 2290.00000 nan nan 0
>HD 207496: 328.7181708 -77.3388025 5.967 0.769 0.800 4819.0 4.51 0.10
 HD 207496 b: 1.762 2.250 6.100 0.0629 6.44101 2458658.789780 812.5 0
>HD 20781: 50.0139757 -28.7841175 6.553 nan 0.700 5256.0 4.37 -0.11
 HD 20781 b: nan nan 1.930 0.0529 5.31350 nan nan 1
 HD 20781 c: nan nan 5.330 0.1004 13.89050 nan nan 1
 HD 20781 d: nan nan 10.610 0.1647 29.15800 nan nan 1
 HD 20781 e: nan nan 14.030 0.3374 85.50730 nan nan 1
>HD 20782: 50.0166232 -28.8543535 5.827 1.127 1.040 5782.1 4.35 -0.05
 HD 20782 b: nan nan 472.830 1.3649 597.06430 nan 253.3 1
>HD 207832: 328.1517893 -26.0271749 7.207 0.890 1.050 5726.0 4.50 0.14
 HD 207832 b: nan nan 177.985 0.5860 160.07000 nan 340.3 1
 HD 207832 c: nan nan 232.016 2.1120 1155.70000 nan 179.8 1
>HD 207897: 325.2016451 84.3337613 6.312 0.783 0.821 5106.0 4.56 -0.03
 HD 207897 b: 2.905 2.343 14.800 0.1170 16.20166 2458796.495590 636.8 0
>HD 20794: 49.9997666 -43.0666533 2.636 0.930 0.790 5368.0 4.39 -0.42
 HD 20794 b: nan nan 2.150 0.1257 18.31400 2460383.260000 704.1 1
 HD 20794 d: nan nan 2.980 0.3625 89.68000 2460356.200000 414.6 1
 HD 20794 e: nan nan 4.770 0.5090 147.02000 nan 349.9 1
 HD 20794 f: nan nan 5.820 1.3541 647.60000 2459933.000000 214.5 1
>HD 208487: 329.3332489 -37.7641354 6.159 1.160 1.150 6134.0 4.34 0.09
 HD 208487 b: nan nan 146.201 0.5300 129.36000 nan 437.6 1
>HD 208527: 329.0999413 21.2399220 2.224 51.100 1.600 4035.0 1.40 -0.09
 HD 208527 b: nan nan 3146.400 2.1000 875.50000 nan 959.8 1
>HD 20868: 50.1794053 -33.7296900 7.543 0.760 0.390 4802.0 4.26 0.05
 HD 20868 b: nan nan 397.288 0.9500 380.85001 nan 207.1 1
>HD 208897: 329.7490639 19.0201591 4.198 4.980 1.250 4860.0 3.13 0.21
 HD 208897 b: nan nan 379.487 1.0630 358.27000 nan 507.2 1
>HD 209458: 330.7950219 18.8842419 6.308 1.190 1.230 6091.0 4.45 0.01
 HD 209458 b: 2.958 15.581 232.016 0.0488 3.52475 2460552.879740 1451.1 0
>HD 210193: 332.3951324 -41.2252050 6.310 nan 1.040 5790.0 nan nan
 HD 210193 b: nan nan 153.100 1.4870 649.91800 nan nan 1
>HD 210277: 332.3748117 -7.5505962 4.799 1.070 1.010 5538.0 4.38 0.22
 HD 210277 b: nan nan 410.001 1.1300 442.19000 2457177.690000 259.9 1
>HD 210702: 332.9638643 16.0404806 3.984 4.540 1.330 4912.0 3.23 -0.02
 HD 210702 b: nan nan 481.510 1.0790 355.50000 nan 485.9 1
>HD 211403: 333.8158177 58.2755601 7.244 1.206 1.200 6273.0 4.30 0.18
 HD 211403 b: nan nan 1760.769 0.7680 223.80000 nan 379.1 1
>HD 211810: 334.5286724 61.1349912 6.969 1.130 1.030 5652.0 nan 0.17
 HD 211810 b: nan nan 212.946 2.6560 1558.00000 nan 177.8 1
>HD 211970: 335.5661579 -54.5596006 5.663 nan 0.610 4127.0 nan nan
 HD 211970 b: nan nan 13.000 0.1430 25.20100 nan nan 1
>HD 212301: 336.8803957 -77.7183219 6.466 1.160 1.550 6239.0 4.50 0.18
 HD 212301 b: nan nan 162.093 0.0300 2.24571 nan 1870.8 1
>HD 212771: 336.7624130 -17.2641046 5.496 5.270 1.560 5003.0 3.31 -0.15
 HD 212771 b: nan nan 759.614 1.1900 380.70000 nan 507.7 1
>HD 213240: 337.7506266 -49.4341037 5.354 1.510 1.570 5979.0 4.27 0.15
 HD 213240 b: nan nan 1773.491 1.8900 882.70001 nan 257.7 1
>HD 213472: 337.7069969 40.7222277 6.609 1.434 1.048 5729.5 4.14 0.12
 HD 213472 b: nan nan 1112.399 13.0000 17000.00000 2459580.000000 91.8 1
>HD 213519: 337.7727845 45.1452472 6.140 nan 1.050 nan nan nan
 HD 213519 b: nan nan 9.217 0.0990 11.12214 nan nan 1
>HD 213885: 338.9837166 -59.8648290 6.419 1.101 1.068 5978.0 4.38 -0.04
 HD 213885 b: 1.410 1.745 8.830 0.0201 1.00804 2458379.970430 2132.5 0
 HD 213885 c: nan nan 19.950 0.0568 4.78503 nan 1269.2 1
>HD 21411: 51.5474155 -30.6168403 6.131 nan 0.890 5605.0 nan nan
 HD 21411 b: nan nan 65.900 0.3620 84.28800 nan nan 1
>HD 214823: 340.0832062 31.7875183 6.640 2.040 1.115 5933.0 4.05 0.14
 HD 214823 b: nan nan 5914.787 3.0800 1854.84424 nan 232.8 0
>HD 215152: 340.8380941 -6.4020685 5.775 0.730 0.770 4935.0 4.40 -0.10
 HD 215152 b: nan nan 1.819 0.0576 5.75999 nan 846.9 1
 HD 215152 c: nan nan 1.720 0.0674 7.28243 nan 783.2 1
 HD 215152 d: nan nan 2.801 0.0880 10.86499 nan 685.4 1
 HD 215152 e: nan nan 2.877 0.1542 25.19670 nan 517.8 1
>HD 21520: 51.6403449 -43.6136649 7.707 1.044 1.090 5871.0 4.42 0.05
 HD 21520 b: 4.885 2.697 17.700 0.1726 25.12920 2459160.015700 696.3 0
>HD 215497: 341.6527140 -56.5997984 6.784 0.850 0.670 5110.0 4.40 0.20
 HD 215497 b: nan nan 6.357 0.0500 3.93404 nan 1016.0 1
 HD 215497 c: nan nan 111.240 1.3100 566.00000 nan 198.5 0
>HD 216435: 343.4094703 -48.5986332 4.612 nan 1.300 5999.0 4.15 0.24
 HD 216435 b: nan nan 400.400 2.5600 1311.00000 nan nan 1
>HD 216437: 343.6639631 -70.0733957 4.518 1.394 1.220 5909.0 4.19 0.20
 HD 216437 b: nan nan 1334.879 2.5700 1359.00000 nan 209.9 0
>HD 216520: 341.8768719 83.6975307 5.449 0.760 0.820 5103.0 4.54 -0.16
 HD 216520 b: nan nan 10.260 0.1980 35.45000 2455216.800000 482.1 1
 HD 216520 c: nan nan 9.440 0.5280 154.43000 nan 295.2 1
>HD 216536: 343.2665641 44.4777303 6.496 9.830 0.810 4639.0 2.36 -0.17
 HD 216536 b: nan nan 333.721 0.6100 148.60001 nan 898.0 1
>HD 216770: 343.9748751 -26.6595286 6.311 0.930 0.740 5399.0 4.37 0.27
 HD 216770 b: nan nan 181.163 0.4600 118.45000 nan 370.2 1
>HD 21693: 51.8040469 -58.3232726 6.193 nan 0.800 5430.0 4.37 0.00
 HD 21693 b: nan nan 8.230 0.1455 22.67860 nan nan 1
 HD 21693 c: nan nan 17.370 0.2586 53.73570 nan nan 1
>HD 217107: 344.5647243 -2.3954489 4.536 1.224 1.045 5575.0 4.27 0.28
 HD 217107 b: nan nan 459.580 0.0736 7.12702 2456306.847000 1096.6 0
 HD 217107 c: nan nan 1388.910 5.9220 5138.70000 2460064.000000 122.2 0
>HD 217786: 345.7838088 -0.4303594 6.352 1.270 1.140 5966.0 4.35 -0.14
 HD 217786 b: nan nan 4402.559 2.4460 1301.36009 nan 207.3 0
 HD 217786 c: nan nan 7.310 0.0380 2.52221 nan 1663.1 1
>HD 217958: 346.1365770 -25.6917758 6.513 nan 1.080 nan nan nan
 HD 217958 b: nan nan 166.542 3.7580 2560.19774 nan nan 0
>HD 218566: 347.2974170 -2.2611645 6.223 0.850 0.760 4730.0 4.46 0.28
 HD 218566 b: nan nan 63.566 0.6900 225.70000 2454667.400000 253.2 1
>HD 219077: 348.5319387 -62.7018297 4.287 1.910 0.920 5362.0 4.00 -0.13
 HD 219077 b: nan nan 3057.509 5.9350 5478.68861 nan 146.7 0
>HD 219134: 348.3372026 57.1696255 3.261 0.778 0.810 4699.0 4.57 0.11
 HD 219134 b: 0.945 1.602 4.740 0.0388 3.09293 2457126.699130 1015.2 0
 HD 219134 c: 1.660 1.511 4.360 0.0653 6.76458 2457474.045910 782.1 0
 HD 219134 d: nan 1.610 16.170 0.2370 46.85900 2455208.440000 410.5 0
 HD 219134 f: nan 1.310 7.300 0.1463 22.71700 2455233.170000 522.5 0
 HD 219134 g: nan nan 10.806 0.3753 94.20000 nan 339.3 1
 HD 219134 h: nan nan 108.062 3.1100 2247.00000 2456761.000000 117.9 1
>HD 219139: 348.3604055 11.0649832 3.392 11.220 1.460 4831.0 2.48 -0.20
 HD 219139 b: nan nan 247.906 0.9400 275.50000 nan 804.8 1
>HD 219415: 348.7243579 56.7303001 6.421 2.900 1.000 4820.0 3.51 -0.04
 HD 219415 b: nan nan 317.830 3.2000 2093.30000 nan 221.3 1
>HD 219666: 349.5592665 -56.9039857 8.158 1.059 1.020 5540.0 4.40 0.04
 HD 219666 b: 2.028 4.898 17.600 0.0653 6.03447 2459083.510700 1076.2 0
>HD 219828: 349.6947029 18.6457524 6.530 1.690 1.040 5891.0 4.08 0.19
 HD 219828 b: nan nan 19.070 0.0490 3.83483 nan 1668.3 1
 HD 219828 c: nan nan 5102.417 5.6570 4789.87297 nan 155.3 0
>HD 220074: 350.0599827 61.9701062 2.006 54.920 2.200 3787.0 1.30 -0.25
 HD 220074 b: nan nan 5288.691 1.6000 672.09998 nan 1069.9 1
>HD 220197: 350.4946927 16.6323305 7.349 0.980 0.910 5683.0 4.42 -0.55
 HD 220197 b: nan nan 63.566 2.7290 1728.00000 nan 164.2 1
>HD 220689: 351.4707282 -20.6167923 6.326 1.068 1.016 5921.0 4.36 -0.07
 HD 220689 b: nan nan 355.334 3.3960 2266.40000 nan 160.1 1
>HD 220773: 351.6144715 8.6428871 5.651 nan 1.160 5940.0 4.24 0.09
 HD 220773 b: nan nan 460.800 4.9400 3724.70000 nan nan 1
>HD 220842: 351.6534162 56.8871415 6.555 nan 1.130 5960.0 4.24 -0.17
 HD 220842 b: nan nan 1010.699 0.7400 218.47000 nan nan 1
>HD 221287: 352.8362230 -58.2097540 6.569 nan 1.250 6304.0 4.43 -0.03
 HD 221287 b: nan nan 982.050 1.2500 456.10000 nan nan 1
>HD 221416: 353.0331863 -21.8012007 6.043 2.943 1.212 5080.0 3.58 -0.08
 HD 221416 b: 8.571 9.170 60.500 0.1228 14.27670 2458357.014900 1199.2 0
>HD 221420: 353.3319001 -77.3853286 4.306 1.947 1.351 5847.0 4.03 0.33
 HD 221420 b: nan nan 7278.271 10.1500 10090.00000 nan 123.5 0
>HD 221585: 353.2293802 63.1556146 5.781 nan 1.190 5620.0 4.05 0.29
 HD 221585 b: nan nan 511.706 2.3060 1173.00000 nan nan 1
>HD 222076: 354.5319820 -70.9032461 5.127 4.100 1.070 4806.0 3.31 0.05
 HD 222076 b: nan nan 495.815 1.8300 871.00000 nan 346.9 1
>HD 222155: 354.5025617 48.9960191 5.510 1.850 1.210 5701.0 3.99 -0.18
 HD 222155 b: nan nan 673.800 5.1400 3999.00000 nan 164.9 1
>HD 222237: 354.9078642 -72.7253271 4.581 0.710 0.760 4751.0 4.61 -0.32
 HD 222237 b: nan nan 1649.529 10.8000 14892.00000 nan 58.7 0
>HD 222582: 355.4640788 -5.9862379 6.173 1.130 1.120 5790.0 4.38 0.01
 HD 222582 b: nan nan 2660.237 1.3400 572.38000 2453054.200000 256.4 1
>HD 224018: 358.6390056 -4.7233362 8.145 1.147 1.013 5784.0 4.32 0.05
 HD 224018 b: nan 0.910 4.100 0.0952 10.64130 2457762.980000 968.1 0
 HD 224018 c: nan 2.420 10.400 0.2170 36.57669 2457778.154400 641.2 0
 HD 224018 d: nan 2.400 4.200 0.5300 138.07310 2457741.745000 410.3 0
>HD 224538: 359.7164302 -61.5868613 6.760 1.540 1.230 6097.0 4.19 0.27
 HD 224538 b: nan nan 2075.737 2.3750 1202.05199 nan 236.7 0
>HD 224693: 359.9749837 -22.4279999 6.808 1.930 1.310 5894.0 4.38 0.27
 HD 224693 b: nan nan 222.481 0.1910 26.69040 nan 903.5 1
>HD 22496: 53.7565398 -48.4178173 5.338 0.674 0.684 4385.0 4.69 -0.08
 HD 22496 b: nan nan 5.570 0.0510 5.09071 2458602.560000 768.7 1
>HD 22532: 53.8148478 -49.4172669 5.671 5.690 1.570 5038.0 3.09 -0.19
 HD 22532 b: nan nan 673.796 1.9000 872.60000 nan 420.4 1
>HD 22781: 55.2065581 31.8258855 6.607 nan 0.750 5027.0 4.60 -0.37
 HD 22781 b: nan nan 4338.200 1.1670 528.07000 nan nan 1
>HD 22946: 54.8195380 -42.7630276 6.981 1.117 1.098 6169.0 4.47 -0.08
 HD 22946 d: 6.482 2.607 26.570 0.2958 47.42489 2459136.537200 578.1 0
 TOI-411 b: 3.074 1.362 13.710 0.0573 4.04030 2458385.732100 1313.7 0
 TOI-411 c: 3.684 2.328 9.720 0.1017 9.57308 2459161.608610 985.9 0
>HD 23079: 54.9281897 -52.9162344 5.705 1.080 1.160 5994.0 4.37 -0.13
 HD 23079 b: nan nan 845.424 1.6759 735.74000 nan 232.0 1
 HD 23079 c: nan nan 8.260 0.0660 5.74891 nan 1169.3 1
>HD 23127: 54.8491271 -60.0772290 7.087 1.490 1.208 5843.0 4.15 0.29
 HD 23127 b: nan nan 485.326 2.3700 1211.17000 nan 223.4 1
>HD 231701: 293.0176220 16.4743566 7.657 1.530 1.210 6101.0 4.31 0.05
 HD 231701 b: nan nan 359.148 0.5670 141.63000 nan 483.3 1
>HD 233604: 137.4535054 53.5682016 7.979 10.900 1.500 4791.0 2.55 -0.36
 HD 233604 b: nan nan 2089.644 0.7470 192.00000 nan 882.5 1
>HD 233832: 171.5196515 50.3763099 8.013 0.680 0.710 4981.0 4.49 -0.66
 HD 233832 b: nan nan 565.737 2.8270 2058.00000 nan 117.8 1
>HD 23472: 55.4590314 -62.7672667 7.207 0.710 0.670 4684.0 4.53 -0.20
 HD 23472 b: 2.670 2.000 8.320 0.1162 17.66709 2458360.664100 558.3 0
 HD 23472 c: 2.940 1.870 3.410 0.1646 29.79749 2458370.103700 469.1 0
 HD 23472 d: 1.990 0.750 0.550 0.0430 3.97664 2458357.839800 918.0 0
 HD 23472 e: 2.480 0.818 0.720 0.0680 7.90754 2458354.565900 729.8 0
 HD 23472 f: 2.820 1.137 0.770 0.0906 12.16218 2458360.075400 632.3 0
>HD 235088: 300.6154535 53.3774418 7.084 0.772 0.849 5075.0 4.55 -0.02
 HD 235088 b: 2.673 1.982 4.150 0.0706 7.43413 2458705.646140 809.2 0
>HD 23596: 57.0018601 40.5307308 5.874 1.578 1.100 5982.0 4.08 0.28
 HD 23596 b: nan nan 3786.608 2.6940 1535.11912 nan 220.8 0
>HD 238090: 183.0886375 54.4861530 6.059 0.570 0.578 3933.0 4.70 -0.03
 HD 238090 b: nan nan 6.890 0.0932 13.67100 nan 469.0 1
>HD 238914: 279.5842102 59.2538819 6.325 12.730 1.470 4769.0 2.37 -0.25
 HD 238914 b: nan nan 1906.980 5.7000 4100.00000 nan 343.7 1
>HD 240210: 347.6219227 57.0294818 4.388 nan 0.820 4297.0 2.31 -0.18
 HD 240210 b: nan nan 1655.820 1.1600 501.75000 nan nan 1
>HD 240237: 348.9259334 58.0432233 4.319 71.230 8.760 3926.0 1.67 -0.25
 HD 240237 b: nan nan 5050.319 1.9200 745.70001 nan 1153.1 1
>HD 24040: 57.5962104 17.4752873 5.969 1.300 1.110 5802.0 4.26 0.19
 HD 24040 b: nan nan 1226.824 4.9200 3668.00000 2456932.000000 143.8 1
 HD 24040 c: nan nan 63.884 1.3000 515.40000 2454984.000000 287.7 1
>HD 24064: 59.1510071 74.0800789 3.130 40.000 1.610 4052.0 1.44 -0.49
 HD 24064 b: nan nan 4096.829 1.2900 535.59998 nan 1088.0 1
>HD 24085: 56.2563447 -70.0245193 6.172 nan 1.220 6034.0 nan nan
 HD 24085 b: nan nan 11.800 0.0340 2.04550 nan nan 1
>HD 25015: 59.4335463 -20.2673347 6.806 0.830 0.860 5160.0 4.40 0.04
 HD 25015 b: nan nan 2884.928 6.2480 6134.42700 nan 90.7 0
>HD 25171: 58.9574779 -65.1863239 6.489 1.230 1.076 6125.0 4.26 -0.12
 HD 25171 b: nan nan 290.814 2.9710 1802.29000 nan 190.0 1
>HD 25463: 60.7483361 9.2077676 5.706 1.418 1.251 6353.0 4.23 -0.02
 HD 25463 b: 3.349 2.545 8.700 0.0760 7.04914 2458442.618230 1323.3 0
 HD 25463 c: 1.351 1.364 4.300 0.0443 3.04405 2458438.473000 1733.3 0
>HD 25723: 61.0947182 -12.7922241 3.044 13.760 2.120 4766.0 2.50 -0.03
 HD 25723 b: nan nan 794.571 1.4900 457.01000 nan 698.4 1
>HD 25912: 60.9074988 -51.9315058 6.710 nan 1.080 nan nan nan
 HD 25912 b: nan nan 38.139 0.2420 41.83156 nan nan 1
 HD 25912 c: nan nan 5252.750 17.8480 26308.65619 nan nan 0
>HD 260655: 99.2915429 17.5662696 5.862 0.439 0.439 3803.0 5.20 -0.43
 HD 260655 b: 1.150 1.240 2.140 0.0293 2.76953 2459497.910200 709.5 0
 HD 260655 c: 0.980 1.533 3.090 0.0475 5.70588 2459490.364600 557.6 0
>HD 26161: 62.4122255 31.6524346 5.524 1.456 1.120 6057.6 4.16 -0.01
 HD 26161 b: nan nan 9045.396 10.0870 10942.29013 2460540.000000 111.0 0
>HD 2638: 7.4990038 -5.7649600 7.308 0.940 0.770 5186.0 4.38 0.13
 HD 2638 b: nan nan 133.489 0.0400 3.44420 nan 1212.3 1
>HD 2685: 7.3289156 -76.3040320 8.595 1.560 1.430 6801.0 4.21 0.02
 HD 2685 b: 4.405 16.141 371.861 0.0568 4.12688 2458325.782970 1718.7 0
>HD 27442: 64.1205476 -59.3028771 1.745 nan 1.230 4846.0 3.78 0.42
 HD 27442 b: nan nan 495.800 1.2710 428.10000 nan nan 1
>HD 27631: 64.9392168 -41.9606604 6.646 0.923 0.944 5737.0 4.46 -0.12
 HD 27631 b: nan nan 474.838 3.2420 2198.14000 nan 147.6 1
>HD 27894: 65.1975693 -59.4096776 7.071 nan 0.810 4875.0 4.22 0.30
 HD 27894 b: nan nan 196.736 0.1250 18.01939 nan nan 1
 HD 27894 c: nan nan 51.488 0.1980 36.07000 nan nan 1
 HD 27894 d: nan nan 2063.660 5.3620 5019.54244 nan nan 0
>HD 27969: 66.7068364 42.9087200 6.202 1.270 1.160 5966.0 4.12 0.18
 HD 27969 b: nan nan 1525.576 1.5520 654.50000 nan 260.2 1
>HD 28109: 65.2383065 -68.1026875 8.175 1.425 1.227 6189.0 4.25 0.10
 HD 28109 b: 2.690 2.690 6.200 0.1704 22.89105 2458344.815000 863.1 0
 HD 28109 c: 8.957 4.130 9.200 0.3095 55.99712 2458337.280700 640.4 0
 HD 28109 d: 10.320 3.110 5.800 0.4062 84.28990 2458355.568500 559.0 0
>HD 28185: 66.6100461 -10.5510754 6.185 1.048 0.974 5602.0 4.39 0.19
 HD 28185 b: nan nan 1859.296 1.0340 385.92000 2455438.700000 272.0 1
 HD 28185 c: nan nan 1906.970 8.5000 9090.00000 nan 94.9 0
>HD 28192: 66.7032517 -1.7244842 6.617 nan 1.080 nan nan nan
 HD 28192 b: nan nan 99.798 0.1180 14.23283 nan nan 1
>HD 28254: 66.2108141 -50.6228081 6.006 1.480 1.100 5664.0 4.12 0.06
 HD 28254 b: nan nan 1207.748 2.4500 1333.00000 nan 212.3 0
>HD 284149 A: 61.6616887 20.3030344 8.100 1.360 nan 6035.0 nan nan
 HD 284149 AB b: nan nan 8352.531 431.1600 nan nan 16.3 0
>HD 28471: 66.2875166 -64.0786861 6.315 1.080 0.980 5766.0 4.38 -0.04
 HD 28471 b: nan nan 3.720 0.0420 3.16490 2452945.806000 1409.9 1
 HD 28471 c: nan nan 5.720 0.0650 6.12450 2452945.806000 1133.3 1
 HD 28471 d: nan nan 4.910 0.1000 11.68100 2452945.806000 913.7 1
>HD 285507: 61.7556630 15.3349441 7.665 0.690 0.820 4503.0 4.67 0.13
 HD 285507 b: nan nan 311.473 0.0600 6.08810 nan 736.3 1
>HD 285968: 70.7353853 18.9533580 5.607 0.487 0.500 3543.0 4.75 -0.10
 HD 285968 b: nan nan 8.400 0.0660 8.78360 2455191.000000 464.0 1
>HD 28678: 67.8560643 4.5752495 5.775 6.480 1.530 4972.0 3.06 -0.16
 HD 28678 b: nan nan 490.094 1.1800 380.20000 nan 561.8 1
>HD 29021: 69.4681379 60.6762985 6.082 0.850 0.860 5560.0 4.44 -0.30
 HD 29021 b: nan nan 1420.693 2.2940 1365.00000 nan 163.2 0
>HD 290327: 80.8399887 -2.2780391 7.271 0.950 0.840 5505.0 4.41 -0.14
 HD 290327 b: nan nan 772.327 3.4300 2443.00000 nan 139.7 1
>HD 29399: 68.3903471 -62.8237576 3.777 4.500 1.170 4845.0 3.25 0.14
 HD 29399 b: nan nan 498.991 1.9130 892.70000 nan 358.3 1
>HD 2952: 8.2938367 54.8948177 3.629 10.900 1.910 4853.0 2.65 0.00
 HD 2952 b: nan nan 284.774 1.1170 312.08000 nan 731.0 1
>HD 29985: 70.5216589 -33.9210696 6.972 nan 0.750 nan nan nan
 HD 29985 b: nan nan 1739.475 13.3900 20608.14049 nan nan 0
>HD 30177: 70.4770964 -58.0208085 6.715 1.193 0.980 5680.0 4.28 0.43
 HD 30177 b: nan nan 2622.084 3.4900 2539.00000 nan 160.1 0
 HD 30177 c: nan nan 1484.259 9.9000 11320.00000 nan 95.1 0
>HD 30562: 72.1529519 -5.6751152 4.310 1.610 1.120 5882.0 4.07 0.20
 HD 30562 b: nan nan 387.753 2.3400 1157.00000 nan 235.3 1
>HD 30669: 72.1198522 -28.4190757 7.329 0.910 0.920 5400.0 4.37 0.13
 HD 30669 b: nan nan 149.370 2.6900 1684.00000 nan 151.5 1
>HD 307842: 159.3412205 -63.6556923 7.640 0.907 0.910 5558.0 4.48 -0.13
 TOI-784 b: 2.185 1.930 9.670 0.0380 2.79704 2459336.612210 1309.4 0
>HD 30856: 72.5745099 -24.3689282 5.657 4.400 1.170 4895.0 3.20 -0.14
 HD 30856 b: nan nan 491.683 1.8500 847.00000 nan 364.0 1
>HD 31253: 73.6822877 12.3520103 5.792 1.750 1.700 6130.0 4.18 0.17
 HD 31253 b: nan nan 197.055 1.2600 466.00000 2454222.000000 348.4 1
>HD 31527: 73.9096193 -23.2413163 6.049 nan 0.960 5898.0 4.45 -0.17
 HD 31527 b: nan nan 10.470 0.1254 16.55350 nan nan 1
 HD 31527 c: nan nan 14.160 0.2663 51.20530 nan nan 1
 HD 31527 d: nan nan 11.820 0.8098 271.67370 nan nan 1
>HD 3167: 8.7401487 4.3807215 7.066 0.880 0.837 5261.0 4.47 0.04
 HD 3167 b: 1.609 1.670 4.970 0.0180 0.95964 2457394.374540 1775.8 0
 HD 3167 c: 4.869 3.000 11.130 0.1776 29.84540 2457394.978800 564.7 0
 HD 3167 d: nan nan 4.330 0.0763 8.41120 2457745.370000 861.6 1
 HD 3167 e: nan nan 8.410 0.3885 96.63000 2457738.430000 381.8 1
>HD 32518: 77.4037569 69.6391355 3.911 10.220 1.130 4580.0 2.10 -0.15
 HD 32518 b: nan nan 905.493 0.5940 157.35000 nan 916.1 1
>HD 32963: 76.9820146 26.3276805 6.024 1.111 0.940 5727.0 4.41 0.11
 HD 32963 b: nan nan 222.481 3.4100 2372.00000 2455371.000000 157.6 1
>HD 330075: 237.4054997 -49.9639199 7.171 0.840 0.470 5000.0 4.26 0.05
 HD 330075 b: nan nan 152.558 0.0400 3.38773 nan 1104.9 1
>HD 331093: 295.6200054 31.7395451 6.649 nan 1.030 5544.0 4.20 0.17
 HD 331093 b: nan nan 476.743 1.4400 621.62000 nan nan 1
>HD 33142: 76.8980559 -13.9863374 5.792 4.170 1.520 5025.4 3.38 0.06
 HD 33142 b: nan nan 400.464 1.0740 330.00000 nan 477.5 1
 HD 33142 c: nan nan 282.867 1.9550 810.20000 nan 353.9 1
 HD 33142 d: nan nan 63.566 0.4520 89.90000 nan 736.0 1
>HD 332231: 306.7411340 33.7443882 7.242 1.266 1.164 6128.0 4.30 0.04
 HD 332231 b: 6.168 9.073 74.100 0.1450 18.71202 2458692.258200 873.1 0
>HD 33283: 77.0044889 -26.7976689 6.646 1.970 1.380 5935.0 4.12 0.35
 HD 33283 b: nan nan 104.566 0.1508 18.19910 nan 1034.4 1
>HD 33564: 80.6378979 79.2318488 3.911 nan 1.250 6250.0 4.00 -0.12
 HD 33564 b: nan nan 2892.100 1.1000 388.00000 nan nan 1
>HD 33844: 78.1505649 -14.9509775 4.945 5.390 1.840 4861.0 3.24 0.27
 HD 33844 b: nan nan 638.838 1.6000 551.40002 nan 430.2 1
 HD 33844 c: nan nan 556.202 2.2400 916.00000 nan 360.2 1
>HD 34445: 79.4207483 7.3527156 5.790 1.380 1.140 5879.0 4.21 0.18
 HD 34445 b: nan nan 260.621 2.0700 1049.00000 2454809.000000 231.5 1
 HD 34445 c: nan nan 53.500 0.7181 214.67000 nan 390.1 1
 HD 34445 d: nan nan 30.700 0.4817 117.87000 nan 476.3 1
 HD 34445 e: nan nan 16.800 0.2687 49.17500 nan 637.8 1
 HD 34445 f: nan nan 37.900 1.5430 676.80000 nan 266.1 1
 HD 34445 g: nan nan 120.600 6.3600 5700.00000 nan 131.1 1
>HD 35759: 82.8886636 64.3183753 6.319 nan 1.150 6060.0 4.24 0.04
 HD 35759 b: nan nan 1195.041 0.3890 82.46700 nan nan 1
>HD 35843: 81.3488924 -44.4312849 7.782 0.897 0.940 5666.0 4.47 -0.27
 HD 35843 b: nan nan 5.840 0.0880 9.89910 2459889.691000 872.3 1
 HD 35843 c: 5.800 2.540 11.320 0.2500 46.96220 2459221.756200 517.5 0
>HD 360: 2.0729030 -8.8242618 3.748 10.860 1.690 4770.0 2.59 -0.06
 HD 360 b: nan nan 238.371 0.9800 273.10000 nan 765.7 1
>HD 36384: 84.9319998 75.0439884 2.288 38.400 1.140 3940.0 1.10 -0.16
 HD 36384 b: nan nan 2097.667 1.3000 490.00000 nan 1032.6 1
>HD 3651: 9.8387218 21.2488844 3.999 0.872 0.799 5221.0 4.45 0.17
 HD 3651 b: nan nan 72.465 0.2950 62.25000 2455098.900000 432.8 1
>HD 37124: 84.2599947 20.7289784 5.952 0.949 0.850 5698.6 4.39 -0.44
 HD 37124 b: nan nan 214.535 0.5336 154.37800 2454920.130000 366.5 1
 HD 37124 c: nan nan 207.225 1.7100 885.50000 2454937.000000 204.7 1
 HD 37124 d: nan nan 221.210 2.8070 1862.00000 2454455.000000 159.8 1
>HD 37605: 85.0074276 6.0595116 6.815 0.910 0.940 5329.0 4.55 0.27
 HD 37605 b: nan nan 854.963 0.2770 55.01292 nan 465.8 1
 HD 37605 c: nan nan 1013.878 3.7400 2720.00000 nan 126.8 1
>HD 3765: 10.2072994 40.1842918 5.164 0.831 0.852 5049.8 4.53 0.17
 HD 3765 b: nan nan 54.984 2.1080 1211.00000 2455607.000000 152.9 1
>HD 38283: 84.2605324 -73.6998131 5.267 1.490 1.370 5981.0 4.23 -0.18
 HD 38283 b: nan nan 127.132 1.0200 363.20001 nan 348.6 1
>HD 38529: 86.6451363 1.1675866 4.211 2.835 0.980 5541.0 3.52 0.32
 HD 38529 b: nan nan 206.588 0.1150 14.30990 2455200.300000 1326.7 1
 HD 38529 c: nan nan 3299.059 3.2260 2127.60566 2454612.600000 250.5 0
>HD 38801: 86.9963141 -8.3280256 6.279 2.029 1.207 5338.0 3.88 0.25
 HD 38801 b: nan nan 3082.315 1.6230 685.25000 nan 287.8 1
>HD 39091: 84.2992798 -80.4646041 4.241 1.170 1.070 5998.0 4.43 0.09
 HD 39091 b: nan nan 4481.381 3.2800 2088.80000 2458632.600000 172.7 0
 pi Men c: 2.952 2.019 4.300 0.0680 6.26784 2458425.789204 1199.3 0
 pi Men d: nan nan 13.380 0.4995 124.64000 2455218.600000 446.4 1
>HD 39194: 86.1290710 -70.1382377 6.094 nan 0.860 5205.0 4.53 -0.61
 HD 39194 b: nan nan 4.620 0.0590 5.63692 nan nan 1
 HD 39194 c: nan nan 7.490 0.1083 14.03090 nan nan 1
 HD 39194 d: nan nan 5.160 0.1949 33.87400 nan nan 1
>HD 39855: 88.6260731 -19.7044472 5.756 nan 0.870 5576.0 nan nan
 HD 39855 b: nan nan 8.500 0.0410 3.24980 nan nan 1
>HD 40307: 88.5172191 -60.0237289 4.793 0.717 0.770 4956.0 4.47 -0.31
 HD 40307 b: nan nan 4.000 0.0468 4.31230 nan 935.2 1
 HD 40307 c: nan nan 6.600 0.0799 9.61840 nan 715.7 1
 HD 40307 d: nan nan 9.500 0.1321 20.43200 nan 556.6 1
 HD 40307 f: nan nan 5.200 0.2470 51.76000 nan 407.1 1
 HD 40307 g: nan nan 7.100 0.6000 197.80000 nan 261.2 1
>HD 40956: 91.6628015 63.4538750 4.143 8.560 2.000 4869.0 3.02 0.14
 HD 40956 b: nan nan 858.141 1.4000 578.60000 nan 580.6 1
>HD 40979: 91.1253346 44.2597855 5.452 1.210 1.450 6165.0 4.43 0.20
 HD 40979 b: nan nan 1484.266 0.8500 264.14999 2452405.100000 354.7 1
>HD 41004 A: 89.9566041 -48.2394189 6.428 nan nan nan nan nan
 HD 41004 A b: nan nan 807.250 nan 963.00000 nan nan 1
>HD 41004 B: 89.9565956 -48.2394114 nan nan 0.400 nan nan nan
 HD 41004 B b: nan nan 5838.290 0.0174 1.32830 nan nan 1
>HD 4113: 10.8027515 -37.9831248 6.289 nan 1.008 5688.0 4.40 0.20
 HD 4113 b: nan nan 541.262 1.2800 526.52390 nan nan 1
>HD 42012: 92.4854730 34.1341722 6.584 0.820 0.830 5405.0 4.45 -0.09
 HD 42012 b: nan nan 508.528 1.6700 857.50000 nan 182.6 1
>HD 4203: 11.1722288 20.4483925 7.047 1.420 1.250 5596.0 4.23 0.40
 HD 4203 b: nan nan 708.761 1.1700 431.88000 2440618.800000 297.3 1
 HD 4203 c: nan nan 689.660 6.9500 6700.00000 2453780.000000 125.0 1
>HD 4208: 11.1125532 -26.5150392 6.163 0.846 0.883 5717.0 4.50 -0.28
 HD 4208 b: nan nan 257.442 1.6620 832.97000 2452114.000000 196.7 1
>HD 42618: 93.0032173 6.7819742 5.301 0.999 1.015 5727.0 4.44 -0.09
 HD 42618 b: nan nan 14.400 0.5540 149.61000 2455170.600000 370.8 1
>HD 4308: 11.1652594 -65.6527159 4.945 1.020 0.930 5686.0 4.39 -0.35
 HD 4308 b: nan nan 15.892 0.1200 15.56000 nan 799.4 1
>HD 4313: 11.4181301 7.8450492 5.595 5.140 1.630 4943.0 3.24 0.14
 HD 4313 b: nan nan 612.458 1.1570 356.21000 nan 502.4 1
>HD 43197: 93.3993231 -29.8971929 7.203 1.000 0.960 5508.0 4.31 0.40
 HD 43197 b: nan nan 175.759 0.8820 308.92072 nan 282.8 1
 HD 43197 c: nan nan 2500.674 8.5400 9295.97350 nan 90.9 0
>HD 43691: 94.8946124 41.0920773 6.700 1.600 1.320 6093.0 4.28 0.33
 HD 43691 b: nan nan 810.466 0.2380 36.99870 nan 761.8 1
>HD 44219: 95.0599971 -10.7250799 6.115 1.320 1.200 5752.0 4.21 0.03
 HD 44219 b: nan nan 184.340 1.2600 472.00000 nan 283.9 0
>HD 45184: 96.1820205 -28.7806402 4.871 1.075 1.030 5869.0 4.47 0.04
 HD 45184 b: nan nan 12.190 0.0644 5.88540 2455946.530000 1156.3 1
 HD 45184 c: nan nan 8.810 0.1100 13.13540 2455954.000000 884.8 1
>HD 45350: 97.1902262 38.9627315 6.224 1.264 0.980 5566.0 4.23 0.23
 HD 45350 b: nan nan 568.890 1.9200 963.60000 2453802.100000 217.8 1
>HD 45364: 96.4105736 -31.4810037 6.316 0.890 0.820 5466.0 4.38 -0.17
 HD 45364 b: nan nan 60.165 0.6793 225.79000 nan 301.7 1
 HD 45364 c: nan nan 174.488 0.9020 345.43000 nan 261.8 1
>HD 45652: 97.3058709 10.9336212 6.263 0.940 0.920 5294.0 4.20 0.26
 HD 45652 b: nan nan 137.620 0.2370 44.07300 nan 508.4 1
>HD 457: 2.2492922 -39.7372401 6.338 nan 1.150 nan nan nan
 HD 457 b: nan nan 8445.336 15.3690 20324.58153 nan nan 0
>HD 46375: 98.3030763 5.4625071 6.000 0.914 0.920 5285.0 4.53 0.24
 HD 46375 b: nan nan 71.800 0.0398 3.02357 2452571.044000 1221.4 1
>HD 47186: 99.0367212 -27.6234285 6.005 1.080 0.960 5657.0 4.36 0.24
 HD 47186 b: nan nan 22.248 0.0500 4.08450 nan 1267.8 1
 HD 47186 c: nan nan 111.420 2.3950 1353.60000 nan 183.2 1
>HD 4732: 12.3085089 -24.1369079 3.691 5.030 1.390 4898.0 3.17 -0.01
 HD 4732 b: nan nan 631.207 1.1290 371.74000 nan 498.5 1
 HD 4732 c: nan nan 1069.493 4.7250 3184.20000 nan 243.7 1
>HD 47366: 99.4200181 -12.9856593 4.055 7.300 1.810 4866.0 2.97 -0.02
 HD 47366 b: nan nan 661.719 1.2070 360.08000 nan 577.0 1
 HD 47366 c: nan nan 483.735 1.8400 677.53000 nan 467.4 1
>HD 47536: 99.4489580 -32.3394531 2.383 23.470 2.100 4380.0 nan -0.65
 HD 47536 b: nan nan 2330.000 1.9300 712.13000 nan 736.5 1
>HD 4760: 12.4161652 6.4071412 3.993 42.400 1.050 4076.0 1.62 -0.91
 HD 4760 b: nan nan 4417.837 1.1400 434.00000 nan 1198.7 1
>HD 48265: 100.0073683 -48.5418284 6.449 1.901 1.312 5733.0 3.97 0.30
 HD 48265 b: nan nan 484.691 1.8140 778.51000 nan 283.0 1
 HD 48265 c: nan nan 1414.336 10.4000 10418.00000 nan 118.2 0
>HD 48948: 102.4898110 60.3373133 5.612 0.679 0.686 4593.0 4.61 -0.21
 HD 48948 b: nan nan 4.880 0.0652 7.34013 nan 714.7 1
 HD 48948 c: nan nan 7.270 0.1951 38.06000 nan 413.2 1
 HD 48948 d: nan nan 10.590 0.4894 151.92000 nan 260.9 1
>HD 4917: 12.7762624 -12.9276648 5.610 5.010 1.320 4802.0 2.97 nan
 HD 4917 b: nan nan 513.295 1.1670 400.50000 nan 479.8 1
>HD 49674: 102.8773483 40.8672284 6.432 1.020 1.030 5602.0 4.44 0.32
 HD 49674 b: nan nan 31.783 0.0600 4.94737 2454625.614000 1113.8 1
>HD 50499: 103.0080750 -33.9152670 5.836 1.351 1.253 6102.0 4.25 0.26
 HD 50499 b: nan nan 519.970 3.8330 2447.10000 2455005.000000 174.7 1
 HD 50499 c: nan nan 931.242 9.0200 8619.90000 2452710.000000 116.7 1
>HD 50554: 103.6782730 24.2451409 5.467 1.020 1.040 5987.0 4.29 -0.04
 HD 50554 b: nan nan 1574.464 2.3530 1293.00000 2453200.500000 190.1 1
>HD 51608: 103.7137102 -55.2600189 6.328 nan 0.800 5358.0 4.36 -0.07
 HD 51608 b: nan nan 12.770 0.1059 14.07260 nan nan 1
 HD 51608 c: nan nan 14.310 0.3809 95.94460 nan nan 1
>HD 52265: 105.0746449 -5.3668142 4.953 1.380 1.204 6136.0 4.36 0.19
 HD 52265 b: nan nan 384.574 0.5200 119.27000 2456393.460000 482.1 1
>HD 5278: 12.5467785 -83.7437671 6.605 1.194 1.126 6203.0 4.50 -0.12
 HD 5278 b: 4.800 2.450 7.800 0.1202 14.33916 2458680.699320 942.7 0
 HD 5278 c: nan nan 18.400 0.2416 40.87000 nan 664.9 1
>HD 5319: 13.7558096 0.7893425 5.699 4.060 1.270 4871.0 3.26 0.15
 HD 5319 b: nan nan 494.543 1.5700 637.10000 nan 377.7 1
 HD 5319 c: nan nan 334.675 1.9300 872.20000 nan 340.7 1
>HD 5388: 13.7990300 -47.4067326 5.441 1.910 1.210 6297.0 4.28 -0.27
 HD 5388 b: nan nan 1017.051 1.7570 772.50000 nan 316.6 0
>HD 55696: 108.0622029 -38.1746390 6.591 1.520 1.290 6012.0 4.15 0.37
 HD 55696 b: nan nan 1230.002 3.1800 1827.00000 nan 200.4 1
>HD 5583: 14.4869460 34.9853306 5.221 9.090 1.010 4830.0 2.53 -0.50
 HD 5583 b: nan nan 1837.057 0.5300 139.35000 nan 964.5 1
>HD 5608: 14.5594349 33.9505774 3.826 5.430 1.290 4807.0 3.06 0.04
 HD 5608 b: nan nan 371.224 1.7900 768.70000 nan 403.7 1
>HD 564: 2.4694459 -50.2678998 6.893 1.010 0.961 5902.0 4.53 -0.20
 HD 564 b: nan nan 104.880 1.2000 492.30000 nan 261.1 1
>HD 56414: 107.8436846 -68.8333403 8.823 1.751 1.890 8500.0 4.26 0.00
 HD 56414 b: 7.580 3.710 nan 0.2290 29.04992 2458348.324000 1133.4 0
>HD 56957: 109.3253986 -40.6560651 5.986 nan 1.030 nan nan nan
 HD 56957 b: nan nan 1880.909 6.4260 5859.08992 nan nan 0
>HD 5891: 15.1383168 20.2923139 5.621 10.640 1.930 4673.0 2.67 -0.37
 HD 5891 b: nan nan 2425.043 0.6400 177.11000 nan 918.8 1
>HD 59686 A: 112.9518629 17.0857195 2.922 13.200 1.900 4658.0 2.49 0.15
 HD 59686 A b: nan nan 2199.384 1.0860 299.36000 nan 783.1 1
>HD 60292: 114.6201698 66.2350517 3.926 27.000 1.700 4348.0 1.90 -0.17
 HD 60292 b: nan nan 2065.895 1.5000 495.40000 nan 889.5 1
>HD 60532: 113.5130656 -22.2958661 3.355 2.570 1.500 6245.0 3.80 -0.26
 HD 60532 b: nan nan 336.900 0.7700 201.90000 nan 550.2 1
 HD 60532 c: nan nan 797.753 1.6000 600.10000 nan 381.7 1
>HD 6061: 15.5981441 37.1854394 7.392 1.007 1.027 5934.0 4.44 -0.05
 HD 6061 b: 3.240 2.428 10.000 0.0600 5.25490 2458769.786300 1172.4 0
>HD 62364: 113.9052658 -75.5442707 6.001 1.401 1.157 6255.0 4.14 -0.11
 HD 62364 b: nan nan 5965.639 6.1500 5138.00000 nan 144.0 0
 HD 62364 c: nan nan 7923.462 36.9840 74839.94555 nan 58.7 0
>HD 62509: 116.3288240 28.0261270 -0.936 8.900 1.693 4892.6 2.78 0.10
 HD 62509 b: nan nan 731.000 1.6400 589.64000 nan 549.6 1
>HD 62549: 116.0821439 -5.0541223 6.258 nan 1.080 nan nan nan
 HD 62549 b: nan nan 2707.580 11.8420 14306.88519 nan nan 0
>HD 63433: 117.4793699 27.3631342 5.258 0.934 0.956 5553.0 4.56 -0.07
 HD 63433 b: 3.244 2.140 21.755 0.0717 7.10795 2458845.372818 966.7 0
 HD 63433 c: 4.072 2.692 15.539 0.1454 20.54383 2458844.058938 678.6 0
 HD 63433 d: 2.585 1.099 nan 0.0503 4.20908 2459373.823450 1167.9 0
>HD 63454: 114.8406393 -78.2791464 6.998 0.770 0.420 4812.0 4.28 0.10
 HD 63454 b: nan 9.027 79.457 0.0400 2.81805 nan 1018.1 1
>HD 63765: 116.9582617 -54.2653450 6.316 0.830 0.650 5449.0 4.41 -0.16
 HD 63765 b: nan nan 168.450 0.9400 358.00000 nan 246.9 1
>HD 63935: 117.9246417 9.3852412 6.881 0.960 0.941 5513.0 4.45 0.11
 HD 63935 b: 3.703 2.916 10.500 0.0830 9.05881 2458494.446740 904.0 0
 HD 63935 c: 5.421 3.065 11.100 0.1480 21.40270 2458504.130000 677.0 0
>HD 64114: 117.9825560 -11.0337221 6.046 nan 0.950 5676.0 nan nan
 HD 64114 b: nan nan 17.800 0.2460 45.79100 nan nan 1
>HD 64121: 117.3651424 -54.8126136 5.244 5.440 1.640 5078.0 3.19 -0.21
 HD 64121 b: nan nan 813.641 1.5100 623.00000 nan 464.8 1
>HD 6434: 16.1663441 -39.4904909 6.187 1.120 1.100 5769.0 4.38 -0.55
 HD 6434 b: nan nan 155.737 0.1400 21.99800 nan 786.8 1
>HD 65216: 118.4209646 -63.6466892 6.329 0.880 0.874 5612.0 4.44 -0.16
 HD 65216 b: nan nan 411.590 1.3010 577.60000 nan 222.6 1
 HD 65216 c: nan nan 645.195 5.7500 5370.00000 nan 105.9 1
>HD 66141: 120.5662825 2.3350265 1.447 21.400 1.100 4323.0 1.78 -0.32
 HD 66141 b: nan nan 1906.900 1.2000 480.50000 nan 880.3 1
>HD 66428: 120.8691654 -1.1636019 6.660 1.102 1.010 5773.0 4.36 0.23
 HD 66428 b: nan nan 3478.950 3.3950 2269.81726 2456562.000000 158.6 0
 HD 66428 c: nan nan 560.649 9.4080 10478.84437 2445900.000000 95.3 0
>HD 67087: 121.9155672 31.5511553 6.866 1.550 1.360 6330.0 4.19 0.25
 HD 67087 b: nan nan 973.000 1.0800 352.20000 nan 365.7 1
 HD 67087 c: nan nan 1540.000 3.8600 2374.00000 nan 193.4 1
>HD 6718: 16.9536005 -8.2336165 6.876 1.020 0.960 5746.0 4.51 -0.03
 HD 6718 b: nan nan 762.788 3.5300 2476.00000 nan 148.9 0
>HD 68402: 121.3474609 -74.4100732 7.697 1.020 1.120 5950.0 4.47 0.29
 HD 68402 b: nan nan 975.738 2.1800 1103.00000 nan 196.3 1
>HD 68475: 122.7192621 -42.8128841 6.600 nan 0.830 5022.0 4.56 0.07
 HD 68475 b: nan nan 1639.995 7.2700 7832.00000 nan nan 0
>HD 6860: 17.4329790 35.6204990 -1.846 86.400 2.490 3802.0 0.54 -0.03
 HD 6860 b: nan nan 8981.831 2.0300 663.87000 nan 1196.1 1
>HD 68988: 124.5935429 61.4608518 6.743 1.190 1.280 5932.0 4.40 0.35
 HD 68988 b: nan nan 626.125 0.0700 6.27711 2451549.717000 1179.4 1
 HD 68988 c: nan nan 4767.426 13.2000 16000.00000 2451660.000000 87.5 1
>HD 69123: 123.5549900 -35.4899246 3.586 7.720 1.680 4842.0 2.86 0.05
 HD 69123 b: nan nan 966.198 2.4820 1193.30000 nan 411.8 1
>HD 69830: 124.6010091 -12.6364246 4.165 0.887 0.860 5385.0 4.49 -0.05
 HD 69830 b: nan nan 10.200 0.0785 8.66700 2456585.350000 872.8 1
 HD 69830 c: nan nan 11.800 0.1860 31.56000 2455197.350000 567.0 1
 HD 69830 d: nan nan 18.100 0.6300 197.00000 2455304.100000 308.1 1
>HD 70573: 125.7079153 1.8591088 7.191 nan 1.000 5737.0 4.59 -0.18
 HD 70573 b: nan nan 1900.000 1.7600 851.80000 nan nan 1
>HD 70642: 125.3661079 -39.7044432 5.574 0.984 1.078 5732.0 4.46 0.22
 HD 70642 b: nan nan 633.435 3.3180 2124.54000 nan 150.5 1
>HD 7199: 17.6979344 -66.1886947 6.229 0.970 0.770 5371.0 4.35 0.32
 HD 7199 b: nan nan 85.814 1.3600 615.00000 nan 218.7 1
>HD 72490: 128.4028287 13.5507189 5.614 4.960 1.210 4934.0 3.21 nan
 HD 72490 b: nan nan 561.923 1.8800 858.00000 nan 386.5 1
>HD 72659: 128.5128072 -1.5686323 5.982 1.360 1.033 5929.0 4.23 -0.02
 HD 72659 b: nan nan 906.129 4.6070 3549.00000 2457164.000000 155.3 1
 HD 72659 c: nan nan 6165.871 21.5000 35500.00000 nan 71.9 0
>HD 72892: 128.7195554 -14.4574311 7.216 1.220 1.010 5688.0 4.27 0.25
 HD 72892 b: nan nan 1737.886 0.2280 39.44603 nan 634.5 1
>HD 73256: 129.0949961 -30.0373339 6.264 nan 1.000 nan nan nan
 HD 73256 c: nan nan 5085.255 3.8000 2690.00000 nan nan 0
>HD 73267: 129.0735123 -34.4594469 7.062 1.040 0.930 5317.0 4.28 0.03
 HD 73267 b: nan nan 1321.531 2.2290 1257.99159 nan 175.1 0
 HD 73267 c: nan nan 1630.778 12.6880 17071.78045 nan 73.4 0
>HD 73344: 129.6894456 23.6852651 5.567 1.220 1.200 6252.6 4.37 0.14
 HD 73344 b: 3.304 2.884 10.480 0.1310 15.61100 2458095.900000 920.1 0
 HD 73344 c: nan nan 118.550 0.3388 65.94000 2455482.980000 562.6 1
 HD 73344 d: nan nan 810.462 6.7000 5823.00000 2444345.000000 126.5 0
>HD 73526: 129.3183310 -41.3184231 7.302 1.530 1.140 5601.0 4.12 0.22
 HD 73526 b: nan nan 978.916 0.6500 188.30000 nan 414.4 1
 HD 73526 c: nan nan 715.090 1.0300 379.10000 nan 329.2 1
>HD 73534: 129.8153421 12.9599703 5.962 2.580 1.160 4917.0 3.60 0.28
 HD 73534 b: nan nan 353.427 2.9900 1750.00000 nan 220.2 1
>HD 73583: 129.6883026 -13.2565267 6.948 0.650 0.730 4511.0 4.62 0.00
 HD 73583 b: 2.143 2.790 10.200 0.0604 6.39804 2458517.690130 713.6 0
 HD 73583 c: 3.670 2.390 9.700 0.1242 18.87974 2459232.168200 497.6 0
>HD 74156: 130.6047813 4.5772338 6.209 1.479 1.100 5977.0 4.14 0.11
 HD 74156 b: nan nan 532.363 0.2800 51.63564 2455231.464000 662.5 1
 HD 74156 c: nan nan 2753.983 3.6780 2448.48726 2457109.700000 182.8 0
>HD 7449: 18.6214650 -5.0479716 6.084 1.029 1.196 6032.6 4.46 -0.10
 HD 7449 b: nan nan 2597.929 2.4380 1270.55195 nan 189.0 0
>HD 74698: 130.0744755 -71.8768726 6.230 1.333 1.039 5783.0 4.12 0.07
 HD 74698 b: nan nan 23.000 0.1210 15.01700 nan 925.6 1
 HD 74698 c: nan nan 126.000 4.5000 3449.00000 nan 151.8 1
>HD 75289: 131.9181715 -41.7377748 5.012 1.230 1.290 6117.0 4.37 0.26
 HD 75289 b: nan nan 155.737 0.0500 3.50927 nan 1463.0 1
>HD 75302: 132.3015641 3.4850141 5.840 nan 1.060 nan nan nan
 HD 75302 b: nan nan 1716.273 5.3000 4356.00000 nan nan 0
>HD 75784: 133.0992289 13.2330548 5.502 3.400 1.260 4867.0 3.46 0.25
 HD 75784 b: nan nan 317.830 1.0320 341.20000 nan 426.0 1
 HD 75784 c: nan nan 1792.561 8.4000 7900.00000 nan 149.3 1
>HD 75898: 133.4611999 33.0566885 6.662 1.580 1.295 6122.0 4.34 0.29
 HD 75898 b: nan nan 810.462 1.2025 422.82000 2453303.000000 338.4 1
 HD 75898 c: nan nan 2698.363 7.3900 6717.00000 2452005.650000 136.5 0
>HD 76700: 133.4782248 -66.8004747 6.500 1.370 0.990 5644.0 4.16 0.31
 HD 76700 b: nan nan 66.744 0.0500 3.97097 nan 1424.6 1
>HD 76920: 133.8203530 -67.2653621 5.253 8.330 1.000 4664.0 2.71 -0.19
 HD 76920 b: nan nan 994.803 1.0910 415.89100 nan 621.4 1
>HD 77338: 135.3022475 -25.5282343 6.761 0.970 1.370 5341.0 4.60 0.32
 HD 77338 b: nan nan 19.070 0.0600 5.73610 nan 1035.5 1
>HD 77946: 136.7776440 46.6724251 7.622 1.317 1.197 6007.0 4.28 0.21
 HD 77946 b: 2.976 2.896 10.900 0.0730 6.52736 2458875.998900 1230.5 0
>HD 79181: 137.9944736 -19.7474341 3.540 11.060 1.280 4862.0 2.45 -0.28
 HD 79181 b: nan nan 203.410 0.9000 273.10000 nan 821.9 1
>HD 7924: 20.4956562 76.7101475 5.159 0.780 0.650 5131.0 4.46 -0.21
 HD 7924 b: nan nan 6.357 0.0600 5.39792 2456174.716000 892.1 1
 HD 7924 c: nan nan 7.860 0.1134 15.29900 2455203.730000 642.7 1
 HD 7924 d: nan nan 6.440 0.1551 24.45100 2455188.300000 549.5 1
>HD 79498: 138.7885794 23.3748792 6.530 1.050 1.080 5748.0 4.37 0.18
 HD 79498 b: nan nan 425.892 2.9800 1807.00000 nan 164.5 1
>HD 80606: 140.6569501 50.6037764 7.316 1.050 1.050 5565.0 4.40 0.35
 HD 80606 b: 11.980 11.568 1323.469 0.4603 111.43676 2458888.074660 405.3 0
>HD 80653: 140.3390845 14.3678691 8.018 1.220 1.180 5959.0 4.27 0.26
 HD 80653 b: 1.758 1.613 5.720 0.0166 0.71957 2458134.424400 2462.6 0
 K2-312 c: nan nan 1719.452 1.9610 921.20000 2458968.800000 226.6 1
>HD 80869: 140.7912931 33.9048294 6.914 1.062 1.060 5837.0 4.18 0.17
 HD 80869 b: nan nan 1609.801 2.9050 1752.92067 nan 170.2 0
>HD 80883: 139.9331831 -59.4780815 6.469 nan 0.880 nan nan nan
 HD 80883 b: nan nan 1748.056 6.4620 6383.78352 nan nan 0
>HD 80913: 138.1021548 -81.7684510 6.072 nan 1.110 nan nan nan
 HD 80913 b: nan nan 7505.200 9.9500 10839.83341 nan nan 0
>HD 81040: 140.9455027 20.3646078 6.159 0.860 0.990 5700.0 4.50 -0.04
 HD 81040 b: nan nan 2301.078 1.9460 1002.70000 nan 182.7 0
>HD 81688: 142.1665753 45.6009241 3.056 11.130 1.070 4797.0 2.37 -0.32
 HD 81688 b: nan nan 525.688 0.6480 183.93000 nan 958.7 1
>HD 81817: 144.2715659 81.3263096 0.779 83.800 4.300 4140.0 1.30 -0.17
 HD 81817 b: nan nan 7668.564 3.2330 1021.20159 nan 1016.4 0
 HD 81817 c: nan nan 7185.782 2.3250 622.97802 nan 1198.5 1
>HD 82886: 143.9383526 34.7805902 5.452 5.260 2.530 4953.0 3.40 -0.31
 HD 82886 b: nan nan 740.544 1.5800 705.00000 nan 435.8 1
>HD 82943: 143.7114034 -12.1302976 5.105 1.183 1.080 5935.0 4.33 0.26
 HD 82943 b: nan nan 534.250 1.1831 441.47000 2455114.600000 286.1 0
 HD 82943 c: nan nan 622.603 0.7435 220.07800 2455135.170000 361.0 0
>HD 8326: 20.5314418 -26.8940678 6.504 nan 0.800 4914.0 nan nan
 HD 8326 b: nan nan 66.600 0.5330 158.99100 nan nan 1
>HD 83443: 144.2994103 -43.2727210 6.444 0.940 1.000 5442.0 4.39 0.34
 HD 83443 b: nan nan 127.767 0.0406 2.98563 2452307.369000 1262.7 1
 HD 83443 c: nan nan 476.743 8.0000 8241.00000 nan 90.0 0
>HD 8535: 20.9054804 -41.2701007 6.354 1.190 1.130 6136.0 4.46 0.06
 HD 8535 b: nan nan 216.124 2.4500 1313.00000 nan 206.2 1
>HD 85390: 147.5105663 -49.7905254 6.491 0.800 0.758 5186.0 4.41 -0.08
 HD 85390 b: nan nan 31.465 1.3730 799.52000 nan 190.9 1
>HD 8574: 21.3033807 28.5660169 5.784 1.380 1.340 6064.0 4.28 0.01
 HD 8574 b: nan nan 645.195 0.7600 227.00000 2453548.100000 394.0 1
>HD 86065: 148.9256674 -18.1069385 7.086 nan 0.810 nan nan nan
 HD 86065 b: nan nan 2877.301 15.9470 25775.78859 nan nan 0
>HD 86081: 149.0243714 -3.8083543 7.299 1.460 1.210 5939.0 4.18 0.22
 HD 86081 b: nan nan 470.388 0.0346 2.13784 nan 1860.3 1
>HD 86226: 149.1235154 -24.0991859 6.463 1.053 1.019 5863.0 4.40 0.02
 HD 86226 b: nan nan 143.024 2.7300 1628.00000 nan 175.6 0
 HD 86226 c: 3.120 2.160 7.250 0.0490 3.98442 2458543.253900 1310.6 0
>HD 86264: 149.2409308 -15.8953993 6.224 1.880 1.260 6210.0 4.02 0.20
 HD 86264 b: nan nan 3117.261 2.7630 1488.79123 nan 247.0 0
>HD 86728: 150.2500540 31.9218216 3.821 1.237 0.967 5610.0 4.25 0.20
 HD 86728 b: nan nan 9.430 0.1916 31.15150 2459260.690000 687.4 1
>HD 8673: 21.5378455 34.5793389 5.169 1.502 1.280 6389.1 4.19 0.15
 HD 8673 b: nan nan 4210.591 2.9700 1644.69097 nan 219.1 0
>HD 86950: 150.4066612 -17.3330699 5.038 8.800 1.660 4805.0 2.66 0.04
 HD 86950 b: nan nan 1144.188 2.7200 1270.00000 nan 416.8 1
>HD 87646: 151.6695435 17.8949795 6.536 1.550 1.120 5770.0 4.10 -0.17
 HD 87646 b: nan nan 3941.092 0.1170 13.48100 nan 1012.7 1
>HD 87816: 151.5296524 -52.1878679 4.283 9.000 2.410 4989.0 2.86 0.14
 HD 87816 b: nan nan 2142.163 1.6180 484.17000 nan 567.4 1
 HD 87816 c: nan nan 3877.507 10.1400 7596.00000 nan 226.6 1
>HD 87883: 152.1794175 34.2419984 5.314 0.760 0.800 4980.0 4.58 0.11
 HD 87883 b: nan nan 2005.497 3.7700 3006.00000 2454589.000000 107.8 0
>HD 88072: 152.3467466 2.3710540 5.997 nan 1.040 nan nan nan
 HD 88072 b: nan nan 2511.798 13.8950 18538.79293 nan nan 0
>HD 88133: 152.5319349 18.1857284 6.199 2.200 1.260 5392.0 3.88 0.32
 HD 88133 b: nan nan 90.423 0.0479 3.41488 nan 1762.1 1
>HD 88986: 154.1166869 28.6820708 4.884 1.543 1.250 5861.0 4.16 0.06
 HD 88986 b: nan 2.490 17.200 0.5800 146.05000 2458891.690000 461.0 0
>HD 89307: 154.5874958 12.6209392 5.564 1.100 1.270 5955.0 4.46 -0.13
 HD 89307 b: nan nan 670.621 3.2700 2166.00000 nan 166.5 1
>HD 89345: 154.6710977 10.1288464 7.721 1.747 1.157 5576.0 4.02 0.42
 HD 89345 b: 5.734 7.398 34.961 0.1066 11.81430 2457913.805200 1088.5 0
>HD 89744: 155.5433193 41.2289354 4.454 2.133 1.860 6291.0 4.07 0.22
 HD 89744 b: nan nan 2653.881 0.9170 256.78000 nan 462.6 1
>HD 89839: 155.1688790 -53.6640291 6.362 nan 1.210 6314.0 4.49 0.04
 HD 89839 b: nan nan 1196.900 4.7130 3391.20000 nan nan 1
>HD 90156: 155.9801144 -29.6451030 5.245 0.920 0.840 5599.0 4.48 -0.24
 HD 90156 b: nan nan 17.980 0.2500 49.77000 2455169.300000 518.0 1
>HD 9174: 22.5043352 -19.6052945 6.744 1.670 1.030 5577.0 4.03 0.39
 HD 9174 b: nan nan 352.791 2.2000 1179.00000 nan 234.3 1
>HD 92788: 160.7021351 -2.1847173 5.721 1.140 1.150 5744.0 4.39 0.27
 HD 92788 b: nan nan 1195.041 0.9700 325.80300 2450581.200000 300.3 1
 HD 92788 c: nan nan 1166.436 10.5000 11611.29750 2450140.000000 91.3 1
>HD 93083: 161.0866672 -33.5776794 6.132 0.837 0.836 5033.8 4.23 0.13
 GJ 1137 c: nan nan 5.120 0.0835 9.64120 2457951.490000 768.5 1
 HD 93083 b: nan nan 143.341 0.5080 144.72000 2457852.240000 311.6 1
>HD 93351: 161.6779279 -1.6885763 7.290 nan 0.940 nan nan nan
 HD 93351 b: nan nan 3.496 0.0350 2.45946 nan nan 1
 HD 93351 c: nan nan 4154.017 11.1540 14010.29410 nan nan 0
>HD 93385: 161.5627065 -41.4646040 6.065 nan 1.040 5977.0 4.42 0.02
 HD 93385 b: nan nan 4.200 0.0756 7.34260 nan nan 1
 HD 93385 c: nan nan 7.100 0.1120 13.18000 nan nan 1
 HD 93385 d: nan nan 8.700 0.2565 45.85000 nan nan 1
>HD 93963 A: 162.7766969 25.6410650 7.776 1.031 1.084 5908.0 4.45 0.11
 HD 93963 A b: 1.816 1.470 2.800 0.0206 1.03761 2459635.926000 2015.0 0
 HD 93963 A c: 2.364 3.120 18.400 0.0473 3.64514 2458902.874000 1330.7 0
>HD 9446: 23.3350424 29.2649187 6.851 1.000 1.000 5793.0 4.53 0.09
 HD 9446 b: nan nan 222.472 0.1890 30.05200 nan 642.5 1
 HD 9446 c: nan nan 578.426 0.6540 192.90000 nan 345.4 1
>HD 94771: 163.9746776 -35.1145225 5.632 1.903 1.200 5631.0 3.94 0.22
 HD 94771 b: nan nan 169.000 3.4800 2164.00000 nan 200.8 1
>HD 94834: 164.3126363 24.1429374 5.200 4.200 1.110 4798.0 3.22 nan
 HD 94834 b: nan nan 400.466 2.7400 1576.00000 nan 286.4 1
>HD 94890: 164.1797804 -37.1383035 2.228 10.710 1.740 4867.0 2.60 -0.02
 HD 94890 b: nan nan 676.975 2.0700 824.61000 nan 533.8 1
 HD 94890 c: nan nan 2831.851 4.3300 2492.19000 nan 369.1 1
>HD 95086: 164.2621032 -68.6672917 6.789 1.487 1.600 7595.0 4.34 nan
 HD 95086 b: nan nan 1589.000 55.7000 nan nan 59.8 0
>HD 95089: 164.6987480 1.7290087 5.626 5.080 1.540 4918.0 3.24 0.05
 HD 95089 b: nan nan 400.466 1.3600 464.40000 nan 458.3 1
 HD 95089 c: nan nan 1096.514 3.3300 1785.00000 nan 292.9 1
>HD 95127: 164.8961152 43.8144094 5.022 41.010 3.700 4218.0 1.78 -0.18
 HD 95127 b: nan nan 3378.533 1.2800 482.00000 nan 1151.3 1
>HD 95338: 164.8563364 -56.6235564 6.591 0.868 0.848 5097.0 4.44 0.08
 HD 95338 b: 5.587 4.272 42.900 0.2718 55.08269 2458585.280870 439.2 0
>HD 95544: 166.3231784 81.0389868 6.771 1.088 1.010 5722.0 4.07 0.11
 HD 95544 b: nan nan 1913.645 3.1660 2041.54152 nan 161.7 0
>HD 95872: 165.8658796 -22.0943303 7.956 0.840 0.700 5312.0 4.43 0.41
 HD 95872 b: nan nan 1188.684 5.1500 4375.00000 nan 103.4 1
>HD 96063: 166.1853484 -2.5132966 6.050 4.750 1.370 5020.0 3.33 -0.30
 HD 96063 b: nan nan 403.644 1.1100 362.50000 nan 500.8 1
>HD 96127: 166.4415020 44.3015500 3.911 35.000 0.910 3943.0 2.06 -0.24
 HD 96127 b: nan nan 1207.748 1.4100 638.90000 nan 947.3 0
>HD 96167: 166.3125657 -10.2913450 6.554 1.940 1.270 5733.0 3.99 0.34
 HD 96167 b: nan nan 227.884 1.3320 498.04000 nan 333.6 1
>HD 96700: 166.9742616 -30.1751383 4.995 nan 0.890 5845.0 4.39 -0.18
 HD 96700 b: nan nan 8.900 0.0777 8.12450 nan nan 1
 HD 96700 c: nan nan 3.500 0.1410 19.88000 nan nan 1
 HD 96700 d: nan nan 12.700 0.4240 103.50000 nan nan 1
>HD 96992: 167.5966158 43.9189897 6.015 7.430 0.960 4725.0 2.76 -0.45
 HD 96992 b: nan nan 362.326 1.2400 514.00000 nan 557.7 1
>HD 97037: 167.5545621 -7.3901483 5.271 nan 1.060 nan nan nan
 HD 97037 b: nan nan 6707.769 6.9250 6449.08337 nan nan 0
>HD 97048: 167.0133422 -77.6548530 5.941 2.250 2.400 10000.0 nan nan
 HD 97048 b: nan nan 794.575 130.0000 nan nan 63.4 0
>HD 97658: 168.6376584 25.7105962 5.734 0.728 0.850 5212.0 4.64 -0.23
 HD 97658 b: 2.971 2.120 8.300 0.0819 9.48971 2458904.936600 749.2 0
>HD 98219: 169.4475218 -23.9754880 5.813 4.600 1.410 4925.0 3.36 -0.02
 HD 98219 b: nan nan 624.218 1.2600 433.80000 nan 453.8 1
>HD 98649: 170.2147665 -23.2181063 6.419 1.000 0.970 5759.0 4.38 -0.06
 HD 98649 b: nan nan 3082.936 5.9700 5384.00000 nan 113.7 0
>HD 98736: 170.4549045 18.1896082 6.028 0.930 0.920 5271.0 nan 0.36
 HD 98736 b: nan nan 740.544 1.8640 968.80000 nan 179.5 1
>HD 99109: 171.0715576 -1.5297610 7.162 0.980 0.760 5282.0 4.34 0.35
 HD 99109 b: nan nan 139.845 1.1100 439.29999 2451991.000000 239.3 1
>HD 99283: 171.4874082 55.8506653 3.568 11.210 1.760 4886.0 2.57 -0.16
 HD 99283 b: nan nan 308.294 1.0800 310.40000 nan 759.1 1
>HD 99492: 171.6896870 3.0071331 5.256 0.960 0.850 4929.0 4.57 0.30
 HD 99492 b: nan nan 25.500 0.1228 17.05030 2454297.940000 664.5 1
 HD 99492 c: nan nan 17.900 0.3866 95.23300 nan 374.5 1
>HD 99706: 172.1261621 43.9662025 5.335 5.520 1.460 4862.0 3.09 0.14
 HD 99706 b: nan nan 390.931 1.9800 841.00000 nan 391.5 1
 HD 99706 c: nan nan 1808.453 2.7615 1278.00000 nan 331.5 1
>HIP 10090: 32.4351198 -30.7470844 7.236 nan 0.940 5661.0 nan 0.47
 HIP 10090 b: nan nan 1229.996 3.8700 2960.00000 nan nan 0
 HIP 10090 c: nan nan 270.154 0.9000 321.82000 nan nan 0
>HIP 105854: 321.5962275 -37.8294782 2.994 nan 2.100 4780.0 2.94 0.31
 HIP 105854 b: nan nan 2606.100 0.8100 184.20000 nan nan 1
>HIP 107772: 327.4977057 -41.2440371 7.139 nan 0.630 nan nan nan
 HIP 107772 b: nan nan 12.900 0.2430 55.19900 nan nan 1
>HIP 107773: 327.5005089 -64.7126993 3.292 11.600 2.420 4945.0 2.60 0.03
 HIP 107773 b: nan nan 629.303 0.7200 144.30000 nan 957.1 1
>HIP 109384: 332.4089720 71.3139560 7.652 nan 0.780 5180.0 4.43 -0.26
 HIP 109384 b: nan nan 495.815 1.1340 499.48000 nan nan 1
>HIP 109600: 333.0270790 29.0662082 7.499 nan 0.870 5530.0 4.45 -0.12
 HIP 109600 b: nan nan 851.784 0.7060 232.08000 nan nan 1
>HIP 111909: 340.0304354 -49.5985391 5.024 4.530 1.280 4891.0 3.09 -0.01
 HIP 111909 b: nan nan 384.572 1.3200 487.08000 nan 436.9 1
 HIP 111909 c: nan nan 257.441 1.9700 893.63000 nan 357.6 1
>HIP 113103: 343.5723794 -43.0102291 7.557 0.742 0.761 4930.0 4.60 -0.10
 HIP 113103 b: 2.138 1.829 nan 0.0690 7.61030 2458325.596600 779.6 0
 HIP 113103 c: 4.234 2.400 nan 0.1048 14.24565 2458337.055900 632.6 0
>HIP 114933: 349.2071949 -21.2033101 4.907 5.270 1.390 4823.0 2.99 0.06
 HIP 114933 b: nan nan 616.587 2.8400 1481.60000 nan 316.8 1
>HIP 116454: 353.9543517 0.4447043 8.029 0.758 0.800 5048.0 4.58 0.00
 HIP 116454 b: 2.431 2.469 9.700 0.0792 9.10042 2458072.292910 753.1 0
>HIP 12961: 41.6800749 -23.0860048 6.736 0.650 0.690 3901.0 4.65 -0.14
 HIP 12961 b: nan nan 114.419 0.2500 57.43500 nan 303.3 1
>HIP 14810: 47.8092750 21.0971302 6.828 1.070 1.010 5544.0 4.22 0.24
 HIP 14810 b: nan nan 1239.537 0.0696 6.67389 nan 1048.2 1
 HIP 14810 c: nan nan 416.357 0.5490 147.74700 nan 373.2 1
 HIP 14810 d: nan nan 187.520 1.9400 981.80000 nan 198.5 1
>HIP 18606: 59.7181058 -5.4706979 3.604 4.830 1.210 4860.0 3.10 -0.01
 HIP 18606 b: nan nan 244.728 1.6100 674.94000 nan 405.9 1
>HIP 19976: 64.2597881 -40.7985198 7.381 nan 0.670 nan nan nan
 HIP 19976 b: nan nan 21.612 0.2340 50.65905 nan nan 1
>HIP 21152: 68.0205209 5.4100745 5.333 nan 1.400 6655.0 4.30 0.13
 HIP 21152 b: nan nan 7627.882 17.0000 22000.00000 2449000.000000 nan 0
>HIP 34222: 106.4257786 27.4704132 6.781 nan 0.620 nan nan nan
 HIP 34222 b: nan nan 263.798 0.4920 159.98600 nan nan 1
>HIP 35173: 109.0449329 -3.6661273 6.674 nan 0.790 4881.0 nan nan
 HIP 35173 b: nan nan 12.700 0.2170 41.51600 nan nan 1
>HIP 35965: 111.2025182 -51.3257507 7.710 nan 0.780 nan nan nan
 HIP 35965 b: nan nan 2589.984 15.8980 26125.56497 nan nan 0
>HIP 38594: 118.5439118 -25.3023073 6.169 nan 0.610 nan nan nan
 HIP 38594 b: nan nan 8.100 0.2560 60.72200 nan nan 1
 HIP 38594 c: nan nan 48.400 3.8050 3477.76800 nan nan 1
>HIP 39017: 119.7665756 -4.3326006 6.227 nan 1.520 nan nan -0.26
 HIP 39017 b: nan nan 7500.750 22.1000 31000.00000 nan nan 0
>HIP 39330: 120.6116831 -46.3353155 6.006 nan 0.960 5748.0 nan 0.16
 HIP 39330 b: nan nan 530.773 5.0500 4650.00000 nan nan 0
>HIP 41378: 126.6158279 10.0803708 7.722 1.300 1.220 6290.0 4.30 -0.05
 HIP 41378 b: 5.260 2.640 6.900 0.1304 15.57209 2457152.282000 957.7 0
 HIP 41378 c: 3.220 2.740 5.970 0.2095 31.70591 2457163.166000 755.6 0
 HIP 41378 d: 12.710 3.650 6.530 0.8915 278.36180 2457166.261000 366.3 0
 HIP 41378 e: 13.200 5.190 7.620 1.1220 393.00000 2457142.018000 326.5 0
 HIP 41378 f: 18.900 9.470 25.000 1.3903 542.07970 2457186.914000 293.3 0
 HIP 41378 g: nan nan 5.750 0.3318 63.19000 2458777.860000 600.4 1
>HIP 4845: 15.5881733 -10.4246208 6.533 nan 0.620 nan nan nan
 HIP 4845 b: nan nan 14.400 0.1760 34.15000 nan nan 1
>HIP 48714: 149.0332672 62.7859505 5.200 nan 0.580 nan nan nan
 HIP 48714 b: nan nan 22.900 0.1120 17.81800 nan nan 1
>HIP 5158: 16.5094891 -22.4536134 7.669 0.750 0.780 4962.0 4.37 0.10
 HIP 5158 b: nan nan 451.000 0.8900 345.72000 nan 219.6 1
 HIP 5158 c: nan nan 4780.163 7.7000 9017.76000 nan 72.6 1
>HIP 54373: 166.8643532 -19.2916857 6.620 nan 0.570 4021.0 nan nan
 HIP 54373 b: nan nan 8.620 0.0630 7.76000 nan nan 1
 HIP 54373 c: nan nan 12.440 0.0990 15.14400 nan nan 1
>HIP 54515: 167.3066308 -1.3332838 6.422 nan 1.900 8100.0 nan nan
 HIP 54515 b: nan nan 5625.563 24.8000 33000.00000 nan nan 0
>HIP 54597: 167.6082179 -29.4143018 7.276 0.660 0.800 4799.0 4.43 -0.22
 HIP 54597 b: nan nan 762.788 4.0000 3274.00000 nan 94.0 0
>HIP 55507: 170.5227246 46.9078030 6.613 nan 0.650 nan nan nan
 HIP 55507 b: nan nan 2585.534 5.0620 5138.43727 nan nan 0
>HIP 56640: 174.2008941 -37.0391349 5.493 4.930 1.750 4769.0 2.91 -0.03
 HIP 56640 b: nan nan 2151.698 4.5500 2675.57603 nan 239.4 0
>HIP 56998: 175.2563039 -44.4041485 5.101 0.630 0.653 4675.0 4.65 -0.34
 HD 101581 b: 1.770 0.956 nan 0.0460 4.46569 2460014.849600 834.3 0
 HD 101581 c: 1.760 0.990 nan 0.0573 6.20401 2460017.114000 747.5 0
>HIP 57274: 176.1705487 30.9576484 6.286 0.780 0.290 4510.0 4.11 0.01
 HIP 57274 b: 3.080 nan 6.357 0.0700 8.13520 2455801.779000 726.0 1
 HIP 57274 c: 5.880 nan 130.000 0.1780 32.03000 2455793.035000 437.3 1
 HIP 57274 d: nan nan 167.400 1.0100 431.70000 nan 183.6 1
>HIP 5763: 18.4953430 16.4942738 6.909 nan 0.720 nan nan nan
 HIP 5763 b: nan nan 162.092 0.1700 30.01400 nan nan 1
>HIP 63242: 194.3824825 -65.6463263 4.406 nan 1.540 4830.0 2.53 -0.31
 HIP 63242 b: nan nan 2917.560 0.5650 124.60000 nan nan 1
>HIP 65 A: 0.1856063 -54.8308228 8.290 0.724 0.781 4590.0 4.61 0.18
 HIP 65 A b: 0.786 22.754 1021.188 0.0178 0.98097 2458326.104180 1411.0 0
>HIP 65407: 201.0876630 48.8847322 7.578 nan 0.930 5460.0 4.47 0.25
 HIP 65407 b: nan nan 136.031 0.1770 28.12500 nan nan 1
 HIP 65407 c: nan nan 249.179 0.3160 67.30000 nan nan 1
>HIP 65426: 201.1501727 -51.5045384 6.771 1.770 1.960 8840.0 nan nan
 HIP 65426 b: nan 16.814 2860.470 92.0000 nan nan 59.1 0
>HIP 65891: 202.6050857 -58.6643937 4.453 8.930 2.500 5000.0 2.90 0.16
 HIP 65891 b: nan nan 1938.753 2.8200 1089.60000 nan 429.0 0
>HIP 66074: 203.1635632 75.0071038 7.182 0.690 0.705 4300.0 4.58 0.12
 HIP 66074 b: nan nan 1589.142 0.7990 310.90000 nan 192.7 0
>HIP 67522: 207.5260010 -40.8358961 8.164 1.380 1.220 5675.0 4.00 0.00
 HIP 67522 b: 4.850 9.987 nan 0.0748 6.95947 2458604.023760 1175.4 0
 HIP 67522 c: 5.660 7.936 nan 0.1228 14.33489 2458602.502560 917.4 0
>HIP 67537: 207.5808445 -39.9008996 4.196 8.690 2.316 4985.0 2.85 0.15
 HIP 67537 b: nan nan 4309.118 4.8070 2523.64713 nan 323.2 0
>HIP 67851: 208.4653640 -35.3146536 3.751 5.450 1.280 4840.0 3.11 0.01
 HIP 67851 b: nan nan 365.503 0.4200 89.23000 nan 840.7 1
 HIP 67851 c: nan nan 1579.607 4.5500 3128.41000 nan 255.4 1
>HIP 70849: 217.3270762 -46.4646840 6.790 nan 0.650 4105.0 nan nan
 HIP 70849 b: nan nan 1430.228 3.9900 3649.00000 nan nan 0
>HIP 71135: 218.2158073 -52.6464757 7.242 nan 0.660 4146.0 nan nan
 HIP 71135 b: nan nan 18.800 0.3350 87.19000 nan nan 1
>HIP 74890: 229.5714974 -41.4210961 4.639 5.770 1.740 4850.0 3.10 0.20
 HIP 74890 b: nan nan 762.792 2.1000 822.30000 nan 387.7 1
>HIP 75092: 230.1724206 -25.9910525 4.738 4.530 1.280 4891.0 3.09 -0.01
 HIP 75092 b: nan nan 568.913 2.0200 926.40000 nan 353.2 1
>HIP 77900: 238.6253901 -27.3387434 6.300 nan nan nan nan nan
 HIP 77900 b: nan nan 6674.397 3319.0000 nan nan nan 0
>HIP 78530: 240.4810052 -21.9804920 nan 2.109 2.500 10500.0 4.13 nan
 HIP 78530 b: nan nan 7300.000 740.0000 nan nan 27.0 0
>HIP 79098 AB: 242.1821202 -23.6855244 5.707 nan 3.750 nan nan nan
 HIP 79098 AB b: nan nan 6515.515 345.0000 nan nan nan 0
>HIP 79431: 243.1742467 -18.8764247 6.589 nan 0.490 3191.0 nan 0.40
 HIP 79431 b: nan nan 667.415 0.3600 111.70000 nan nan 1
>HIP 81208 C: 248.8075000 -35.7247583 nan nan 0.135 nan nan nan
 HIP 81208 C b: nan nan 4703.860 23.0400 104100.00000 nan nan 0
>HIP 8152: 26.2092533 -18.4013844 8.449 0.960 0.937 5618.0 4.44 0.01
 HIP 8152 b: 2.995 2.536 8.900 0.0930 10.75101 2458393.085500 870.5 0
 HIP 8152 c: 4.383 2.524 10.700 0.1390 19.60562 2458398.286900 712.1 0
>HIP 8541: 27.5271962 -54.4651633 5.290 nan 2.009 nan nan nan
 HD 11343 c: nan nan 255.534 0.9230 228.53731 nan nan 1
 HIP 8541 b: nan nan 2451.728 3.7290 1852.14387 nan 305.1 0
>HIP 86221: 264.2948750 27.8963910 6.302 nan 0.790 nan nan nan
 HIP 86221 b: nan nan 225.658 0.0310 2.22400 nan nan 1
>HIP 8923: 28.7250931 -11.5113361 6.818 nan 1.010 5980.0 nan 0.42
 HIP 8923 b: nan nan 3171.928 5.9000 5160.00000 nan nan 0
>HIP 90988: 278.3892816 -50.2116920 5.383 3.940 1.613 4883.0 3.32 0.17
 HIP 90988 b: nan nan 668.075 1.3600 455.73816 nan 400.8 1
>HIP 91258: 279.2211173 61.7015065 6.893 0.890 0.970 5519.0 4.53 0.23
 HIP 91258 b: nan nan 346.435 0.0600 5.05050 nan 1025.0 1
>HIP 94235: 287.7411441 -60.2726358 6.881 1.080 1.094 5991.0 4.46 0.00
 HIP 94235 b: 2.470 3.000 379.000 0.0787 7.71306 2459037.870400 1070.2 0
>HIP 948: 2.9276336 -39.2304879 7.188 nan 0.710 nan nan nan
 HIP 948 b: nan nan 6547.265 15.0370 24955.45756 nan nan 0
>HIP 9618: 30.9050061 21.2813274 7.559 0.959 0.942 5649.0 4.45 -0.02
 HIP 9618 b: 4.943 3.828 8.300 0.1450 20.77286 2458767.422800 700.6 0
 HIP 9618 c: 6.572 3.429 7.000 0.2690 52.56363 2458779.190400 514.4 0
>HIP 97166: 296.2446203 74.0628577 7.923 0.842 0.934 5216.0 4.56 0.25
 HIP 97166 b: 1.533 2.480 19.100 0.0910 10.28891 2458691.654380 765.0 0
 HIP 97166 c: nan nan 8.000 0.1240 16.43200 2458694.000000 655.3 1
>HIP 97233: 296.4221207 -0.6968794 5.090 5.340 1.810 5020.0 3.26 0.29
 HIP 97233 b: nan nan 6098.174 2.4910 1062.26506 nan 354.4 0
>HIP 98599: 300.4090608 -22.1110649 6.878 nan 1.190 5978.0 nan -0.12
 HIP 98599 b: nan nan 2177.125 3.9600 2656.00000 nan nan 0
>HIP 99770: 303.6338344 36.8066046 4.422 nan 1.900 8000.0 nan nan
 HIP 99770 b: nan nan 5403.083 15.8000 18600.00000 nan nan 0
>HN Lib: 218.5684823 -12.5170062 5.939 0.299 0.291 3347.0 4.76 -0.18
 HN Lib b: nan nan 5.460 0.1417 36.11600 2457436.300000 234.4 1
>HN Peg: 326.1315705 14.7714524 4.559 nan nan nan nan nan
 HN Peg b: nan 11.777 6991.570 773.0000 nan nan nan 0
>HR 2562: 102.5042716 -60.2486775 5.020 1.334 1.300 6597.0 4.30 0.02
 HR 2562 b: nan 12.442 6992.225 22.2000 nan nan 78.0 0
>HR 5183: 206.7357992 6.3498994 4.851 1.530 1.070 5794.0 4.02 0.10
 HR 5183 b: nan nan 1026.591 18.0000 27000.00000 2458960.000000 81.5 1
>HR 810: 40.6417178 -50.7993484 4.138 1.130 1.340 6167.0 4.46 0.16
 HR 810 b: nan nan 721.474 0.9200 302.79999 2451908.600000 329.6 1
>HR 858: 42.9849779 -30.8140609 5.149 1.258 1.204 6354.0 4.30 0.03
 HR 858 b: 2.705 2.004 3.550 0.0489 3.58529 2458409.190000 1554.4 0
 HR 858 c: 2.843 1.979 3.800 0.0687 5.97386 2458415.633440 1311.1 0
 HR 858 d: 3.470 2.001 7.100 0.1046 11.23051 2458409.732400 1062.6 0
>HR 8799: 346.8701486 21.1340376 5.240 1.493 1.500 7204.6 4.30 -0.47
 HR 8799 b: nan 13.000 2000.000 68.0000 170000.00000 nan 51.5 0
 HR 8799 c: nan 13.000 3000.000 38.0000 69000.00000 nan 68.9 0
 HR 8799 d: nan 13.000 3000.000 24.0000 37000.00000 nan 86.7 0
 HR 8799 e: nan 13.115 3178.300 16.4000 20815.60000 nan 104.8 0
>HS Psc: 24.3473790 26.9528036 7.642 0.650 0.690 4203.0 4.66 -0.05
 HS Psc b: nan nan 464.029 0.0435 3.98600 2458486.422000 783.4 1
>HU Aqr: 316.9921976 -5.2948694 13.634 nan 0.880 nan nan nan
 HU Aqr AB b: nan nan 1875.197 3.6000 2390.00000 nan nan 1
 HU Aqr AB c: nan nan 1430.235 5.4000 4368.00000 nan nan 1
>IC 4651 9122: 261.2086139 -49.9489317 8.054 nan 2.100 nan 2.52 0.12
 IC 4651 9122 b: nan nan 2002.329 2.0380 734.00000 nan nan 1
>IRAS 04125+2902: 63.9283394 29.1665420 9.376 1.450 0.700 4080.0 3.85 nan
 IRAS 04125+2902 b: 5.995 10.738 nan 0.0770 8.83498 2458821.825100 853.8 0
>ISO-Oph 96: 246.7687845 -24.7166830 9.837 nan nan 3920.0 4.40 -0.05
 KOINTREAU-3 b: nan nan 1080.617 342.0000 nan nan nan 0
>ITG 15 A: 69.9370379 26.0312128 8.950 nan nan nan nan nan
 ITG 15 b: nan nan 6674.397 435.0000 nan nan nan 0
>K2-10: 172.1216476 1.6906217 10.645 0.956 0.880 5533.0 4.47 -0.07
 K2-10 b: 3.777 3.773 25.200 0.1350 19.30553 2456819.579440 710.1 0
>K2-100: 129.6010863 20.1060074 9.182 1.240 1.150 5945.0 4.33 0.22
 K2-100 b: 1.606 3.880 21.800 0.0301 1.67390 2457140.719410 1840.0 0
>K2-101: 130.3439097 18.9338205 10.536 0.760 0.820 4927.0 4.59 0.07
 K2-101 b: 3.336 2.000 nan 0.1124 14.67624 2457152.684988 617.8 0
>K2-102: 130.0558953 19.7787519 10.640 0.710 0.770 4695.0 4.53 0.14
 K2-102 b: 2.660 1.300 nan 0.0835 9.91562 2457139.655180 660.0 0
>K2-104: 129.6366594 19.7737202 12.014 0.480 0.510 3712.0 4.78 0.18
 K2-104 b: 1.584 1.790 nan 0.0242 1.97420 2457140.379979 797.2 0
>K2-105: 125.4202985 13.4975122 10.091 0.905 0.940 5373.0 4.45 0.22
 K2-105 b: 3.328 3.400 15.400 0.0784 8.26726 2457147.988670 880.4 0
>K2-107: 284.9853550 -22.2934206 11.210 1.810 1.300 6061.0 4.04 0.14
 K2-107 b: 3.190 15.980 266.977 0.0475 3.31396 2457311.151780 1804.1 0
>K2-108: 123.3818484 16.4195160 10.561 1.760 1.170 5599.0 4.02 0.36
 K2-108 b: 3.209 5.330 59.400 0.0581 4.73400 2457145.096090 1486.0 0
>K2-11: 169.0418328 1.9866832 11.347 5.150 1.350 5433.0 4.56 -0.12
 K2-11 b: 5.140 7.550 nan 0.2257 39.93767 2456829.829000 1251.4 0
>K2-110: 207.3497402 -12.2849182 9.607 0.713 0.738 5010.0 4.64 -0.34
 K2-110 b: 3.199 2.592 15.900 0.1021 13.86375 2457275.329920 638.5 0
>K2-111: 59.8903081 21.2985263 9.377 1.250 0.840 5775.0 4.25 -0.46
 K2-111 b: 3.236 1.837 5.350 0.0565 5.35190 2459519.134800 1309.8 0
 K2-111 c: nan nan 11.100 0.1157 15.67480 2458119.620000 915.5 1
>K2-113: 19.4493823 6.8688469 11.949 1.240 1.040 5660.0 4.27 0.27
 K2-113 b: 3.074 12.140 410.001 0.0642 5.81768 2457398.704330 1199.5 0
>K2-114: 127.8829120 11.9222550 12.304 0.832 0.863 4899.0 4.53 0.42
 K2-114 b: 3.970 10.592 638.835 0.0944 11.39093 2457687.088690 701.3 0
>K2-115: 126.5535002 12.2818510 11.724 0.855 0.918 5870.0 4.54 -0.20
 K2-115 b: 3.874 11.803 321.007 0.1415 20.27299 2457522.070140 695.8 0
>K2-116: 336.1523363 -11.5793181 7.875 0.669 0.695 4348.4 4.64 0.01
 K2-116 b: 1.890 0.690 nan 0.0480 4.65541 2456979.948000 783.0 0
>K2-117: 133.8557342 10.4692176 10.589 0.510 0.540 3778.0 4.75 -0.05
 K2-117 b: 1.381 2.030 nan 0.0189 1.29160 2457142.774520 946.3 0
 K2-117 c: 2.179 2.060 nan 0.0492 5.44402 2457143.566300 586.5 0
>K2-118: 132.1268608 15.6558964 11.654 0.735 0.756 4726.3 nan nan
 K2-118 b: 4.104 2.540 nan 0.2450 50.92092 2457160.473000 394.6 0
>K2-119: 132.0098683 16.9017663 12.174 0.710 0.760 4740.0 4.62 -0.05
 K2-119 b: 2.839 2.530 nan 0.0698 7.72728 2457148.831060 729.0 0
>K2-12: 173.1919022 2.2446794 10.605 1.117 0.965 5672.0 4.28 0.00
 K2-12 b: 4.180 2.440 5.200 0.0792 8.28246 2456815.370100 1027.1 0
>K2-121: 126.9366624 17.5793267 10.616 0.675 0.710 4526.0 4.63 0.04
 K2-121 b: 2.126 7.160 51.000 0.0523 5.18574 2457143.560700 784.0 0
>K2-122: 126.4762179 20.3593384 9.275 0.590 0.630 4009.0 4.69 0.32
 K2-122 b: 1.118 1.160 nan 0.0373 2.21930 2457141.830047 768.8 0
>K2-123: 134.4441404 21.4532748 11.055 0.590 0.620 4035.0 4.69 0.03
 K2-123 b: 4.117 2.760 nan 0.1649 30.95152 2457147.497340 368.0 0
>K2-124: 133.6410515 23.1329509 11.975 0.388 0.390 3570.0 4.86 0.02
 K2-124 b: 1.680 2.900 nan 0.0490 6.41365 2457142.181060 484.4 0
>K2-125: 204.1418754 -14.9478195 11.802 0.402 0.495 3654.5 nan nan
 K2-125 b: nan 2.180 nan 0.1210 21.75026 2457243.088000 321.2 0
>K2-126: 203.5467021 -13.5769705 9.712 0.650 0.690 4339.0 4.66 0.02
 K2-126 b: 2.630 1.970 nan 0.0656 7.38565 2457223.799210 658.6 0
>K2-127: 207.0782895 -11.5889878 12.793 0.660 0.720 4575.0 4.65 -0.11
 K2-127 b: 1.868 8.370 nan 0.0411 3.58816 2457223.925880 884.0 0
>K2-128: 204.4376666 -8.5970858 9.815 0.778 0.711 4469.5 4.70 -0.26
 K2-128 b: 1.805 1.420 nan 0.0560 5.67582 2457255.503000 803.1 0
>K2-129: 289.1485491 -25.6463233 8.852 0.360 0.360 3459.1 nan nan
 K2-129 b: 1.512 1.040 nan 0.0570 8.23949 2457335.009000 419.2 0
>K2-13: 170.1554763 2.5027534 11.169 0.780 0.800 5698.0 4.33 -0.54
 K2-13 b: 6.340 1.890 nan 0.2114 39.91488 2456812.525000 527.8 0
>K2-130: 290.2705419 -19.6908744 9.858 0.744 0.696 4356.5 4.62 -0.24
 K2-130 b: 1.704 1.250 nan 0.0320 2.49412 2457340.612000 1013.1 0
>K2-131: 182.7514040 -9.7652392 10.051 0.759 0.803 5120.0 4.61 -0.04
 K2-131 b: 1.000 1.690 7.900 0.0094 0.36930 2457582.936000 2224.0 0
>K2-132: 182.1662666 -8.7472172 9.540 3.850 1.080 4840.0 3.30 -0.01
 K2-132 b: 7.169 14.572 155.737 0.0880 9.17510 2457590.149100 1543.7 0
>K2-133: 70.1493775 25.0098135 10.279 0.455 0.461 3655.0 nan nan
 K2-133 b: 1.220 1.340 nan 0.0319 3.07133 2457821.315000 665.2 0
 K2-133 c: 1.620 1.603 nan 0.0434 4.86784 2457823.768600 570.6 0
 K2-133 d: 2.917 2.003 nan 0.0749 11.02454 2457826.170900 434.5 0
 K2-133 e: 1.440 1.730 nan 0.1346 26.58410 2457837.865700 324.0 0
>K2-136: 67.4128615 22.8825674 8.368 0.677 0.742 4500.0 4.68 -0.02
 K2-136 b: 2.670 1.014 4.300 0.0707 7.97525 2458679.083000 671.5 0
 K2-136 c: 3.449 3.000 18.100 0.1185 17.30723 2458678.079200 518.7 0
 K2-136 d: 3.040 1.565 3.000 0.1538 25.57500 2458675.936000 455.3 0
>K2-137: 186.8704260 -6.1952168 10.882 0.290 0.094 3697.0 5.00 -0.06
 K2-137 b: 0.629 0.640 158.915 0.0028 0.17972 2457639.275710 1804.0 0
>K2-138: 348.9490311 -10.8497391 10.305 0.863 0.935 5356.3 4.54 0.14
 K2-138 b: 2.010 1.510 3.100 0.0338 2.35309 2457773.316830 1304.1 0
 K2-138 c: 2.380 2.299 6.310 0.0446 3.56004 2457740.321820 1136.0 0
 K2-138 d: 2.700 2.390 7.920 0.0589 5.40479 2457743.159890 988.4 0
 K2-138 e: 2.970 3.390 12.970 0.0782 8.26146 2457740.645580 858.0 0
 K2-138 f: 3.200 2.904 1.630 0.1045 12.75758 2457738.702350 742.3 0
 K2-138 g: 4.750 3.013 4.320 0.2311 41.96797 2457773.861560 499.1 0
>K2-139: 289.0667070 -17.9107147 9.660 0.880 0.960 5370.0 4.54 0.24
 K2-139 b: 4.890 9.110 123.000 0.1796 28.38062 2457325.817500 573.2 0
>K2-14: 178.0568745 2.5941222 12.611 0.450 0.470 3789.0 4.89 -0.37
 K2-14 b: 2.330 4.810 nan 0.0627 8.36802 2456811.451300 489.5 0
>K2-140: 188.1373172 -9.6076115 10.995 1.060 0.960 5585.0 4.40 0.10
 K2-140 b: 3.810 13.563 295.580 0.0680 6.56919 2457588.285090 1063.3 0
>K2-141: 350.9170464 -1.1891827 8.401 0.681 0.708 4570.0 4.58 0.00
 K2-141 b: 0.940 1.510 4.970 0.0075 0.28032 2457744.071600 2104.1 0
 K2-141 c: nan 7.000 8.000 0.0683 7.74850 2457751.154600 695.8 0
>K2-146: 130.0266951 19.0923416 11.370 0.330 0.331 3385.0 4.91 -0.02
 K2-146 b: 1.320 2.050 5.770 0.0259 2.64460 2458204.590200 582.8 0
 K2-146 c: nan 2.190 7.490 0.0341 4.00498 2458204.131600 507.5 0
>K2-147: 293.8330329 -28.4984750 9.997 0.578 0.563 3690.0 4.67 -0.02
 K2-147 b: 0.902 1.473 nan 0.0158 0.96194 2457343.309070 1077.9 0
>K2-148: 14.5176494 -0.1932580 10.292 0.632 0.650 4079.0 4.65 -0.11
 K2-148 b: 1.776 1.330 nan 0.0454 4.38395 2457390.059560 733.9 0
 K2-148 c: 2.030 1.730 nan 0.0616 6.92260 2457387.727770 630.0 0
 K2-148 d: 1.800 1.640 nan 0.0774 9.75790 2457386.343050 562.1 0
>K2-149: 9.8217519 7.2769939 10.561 0.568 0.595 3745.0 4.71 0.11
 K2-149 b: nan 1.640 nan 0.0830 11.33200 2457388.338340 472.4 0
>K2-15: 178.1105741 4.2546649 12.495 0.680 0.720 5131.0 4.57 -0.46
 K2-15 b: 2.520 2.480 nan 0.0910 11.81040 2456811.850900 676.3 0
>K2-150: 18.3443908 8.9874328 11.249 0.436 0.457 3499.0 4.82 0.09
 K2-150 b: 2.400 2.000 nan 0.0727 10.59357 2457391.961580 413.2 0
>K2-151: 19.3047733 9.5012663 10.117 0.450 0.470 3695.0 4.80 -0.19
 K2-151 b: 1.541 1.490 nan 0.0373 3.83548 2457395.237350 618.9 0
>K2-152: 181.6324078 -5.8274311 10.096 0.610 0.630 4044.0 4.67 0.12
 K2-152 b: 4.000 2.290 nan 0.1716 32.64790 2457608.622200 367.7 0
>K2-153: 183.8088709 2.0208765 11.207 0.530 0.550 3845.0 4.73 -0.09
 K2-153 b: 2.300 2.000 nan 0.0614 7.51574 2457588.427000 544.7 0
>K2-154: 189.0015173 -2.6696217 10.368 0.630 0.650 4097.0 4.65 0.21
 K2-154 b: 1.700 1.990 nan 0.0405 3.67626 2457585.053300 779.2 0
 K2-154 c: 2.100 2.070 nan 0.0677 7.95486 2457584.337600 602.7 0
>K2-155: 65.4696140 21.3532633 9.496 0.580 0.650 4258.0 4.60 -0.30
 K2-155 b: 2.410 1.800 nan 0.0562 6.34200 2457818.715300 659.6 0
 K2-155 c: 3.528 2.600 nan 0.0946 13.85000 2457994.664670 508.4 0
 K2-155 d: 4.464 1.900 nan 0.1937 40.71800 2457782.832400 355.3 0
>K2-156: 182.6996730 -6.2943552 10.391 0.620 0.412 4460.0 4.70 -0.33
 K2-156 b: 1.300 1.100 nan 0.0127 0.81314 2457641.672480 1503.5 0
>K2-157: 183.7514959 -5.7820178 10.980 0.860 0.890 5334.0 4.45 0.02
 K2-157 b: 1.161 0.935 1.140 0.0096 0.36526 2457582.822000 2431.9 0
 K2-157 c: nan nan 30.800 0.1650 25.94200 2458557.020000 587.2 1
 K2-157 d: nan nan 23.300 0.3090 66.50000 2458589.300000 429.1 1
>K2-158: 179.9397081 -5.7216879 9.974 0.950 0.920 5503.0 4.45 0.07
 K2-158 b: 3.800 2.640 nan 0.0887 10.06049 2457590.483400 868.4 0
 K2-158 c: 5.000 1.280 nan 0.0622 5.90279 2457583.882800 1037.0 0
>K2-159: 180.5408896 -3.5809053 9.978 0.830 0.900 5425.0 4.56 -0.07
 K2-159 b: 3.300 2.260 nan 0.1013 12.42205 2457586.508200 748.8 0
>K2-16: 175.0972238 4.5574311 12.087 0.660 0.680 4742.0 4.51 -0.33
 EPIC 201754305 d: nan 1.080 nan 0.0333 2.71578 2456850.496300 1017.5 0
 K2-16 b: 2.487 2.020 nan 0.0667 7.61880 2456811.687100 719.3 0
 K2-16 c: 3.859 2.540 nan 0.1229 19.07863 2456809.480000 529.9 0
>K2-160: 184.0545174 -3.5530888 11.037 0.914 0.983 5649.0 4.61 0.07
 K2-160 b: nan 3.178 nan 0.0624 3.70587 2457585.666380 1042.4 0
>K2-161: 183.7938491 -3.4956913 10.261 2.568 0.987 4972.0 3.63 -0.03
 K2-161 b: nan 6.117 nan 0.1289 9.28319 2457587.847550 1070.3 0
>K2-162: 186.0383865 -1.1114790 9.898 0.690 0.750 4842.0 4.63 -0.17
 K2-162 b: 3.000 1.440 nan 0.0795 9.45889 2457583.907600 687.9 0
>K2-163: 182.3292517 -0.5393421 10.627 0.762 0.826 4937.0 4.71 0.14
 K2-163 b: nan 2.466 nan 0.0555 6.67312 2457582.848380 882.1 0
>K2-164: 171.9336590 -0.0628488 9.775 2.196 1.181 5791.0 3.81 -0.23
 K2-164 b: 8.140 3.249 nan 0.1421 17.35507 2456816.736960 1097.8 0
>K2-165: 184.9004881 0.9683270 9.536 0.804 0.835 5185.0 4.46 -0.05
 K2-165 b: nan 1.274 nan 0.0344 2.35499 2457584.482730 1208.2 0
 K2-165 c: nan 1.554 nan 0.0393 4.38274 2457584.213110 1130.9 0
 K2-165 d: 2.708 2.648 nan 0.1037 14.10136 2457586.758100 696.3 0
>K2-166: 185.1880932 2.2823788 10.637 1.610 1.160 5960.0 4.09 0.09
 EPIC 201615463 c: nan 1.633 nan 0.0488 3.80464 2457621.222700 1650.3 0
 K2-166 b: 3.700 2.190 nan 0.0858 8.52695 2457586.763500 1244.9 0
>K2-167: 336.5761233 -18.0116650 6.887 1.499 1.084 6310.0 4.12 -0.46
 K2-167 b: 3.600 2.365 6.500 0.0932 9.97854 2457299.246500 1220.3 0
>K2-168: 333.1100738 -16.3418863 10.549 0.830 0.877 5502.7 nan nan
 EPIC 205950854 c: 3.720 1.310 nan 0.0625 8.05072 2456973.764800 967.3 0
 K2-168 b: 3.792 1.860 nan 0.0981 15.85230 2456975.037740 771.7 0
>K2-169: 337.0442461 -14.5993376 10.371 0.919 0.986 5548.0 4.56 0.26
 K2-169 b: 2.780 1.273 nan 0.0581 6.38080 2456982.009710 1064.1 0
>K2-17: 178.3296746 6.4123178 10.308 0.660 0.710 4320.0 4.80 0.15
 K2-17 b: 2.760 2.230 nan 0.1190 17.96753 2456817.946200 490.6 0
>K2-170: 335.4506923 -14.5933554 11.075 0.982 0.964 5748.0 4.34 -0.11
 K2-170 b: 3.432 1.418 nan 0.0653 7.57654 2456986.185530 1074.8 0
 K2-170 c: 4.176 1.802 nan 0.0954 12.40005 2456985.666940 889.0 0
>K2-171: 332.3407712 -13.4288624 10.529 1.717 0.892 5250.0 3.95 -0.09
 K2-171 b: 6.710 2.687 nan 0.0437 5.62847 2456979.467120 1587.2 0
>K2-172: 335.3081368 -12.5569819 10.661 0.869 0.934 5569.0 4.61 -0.06
 K2-172 b: 3.900 1.666 nan 0.1016 14.31694 2456982.294870 785.3 0
 K2-172 c: 4.656 3.206 nan 0.1786 29.62682 2456993.539840 592.3 0
>K2-173: 60.3752402 15.6251296 10.299 0.843 0.882 5580.0 4.52 -0.25
 K2-173 b: 2.825 1.608 nan 0.0509 5.86870 2457067.141130 1095.1 0
>K2-174: 60.7929729 16.3471660 9.496 0.676 0.700 4455.0 4.62 0.11
 K2-174 b: 5.808 2.600 nan 0.1260 19.56231 2457083.779170 497.6 0
>K2-175: 52.5035514 17.5841081 9.195 1.420 1.095 5909.0 4.11 0.05
 K2-175 b: nan 2.038 nan 0.0730 9.52599 2457073.276840 1256.3 0
>K2-176: 58.2691796 17.9069486 10.726 0.864 0.939 5428.0 4.63 0.15
 K2-176 b: 2.760 1.491 nan 0.0555 5.32944 2457066.785930 1032.8 0
>K2-177: 55.2296156 20.7360891 10.593 1.214 1.211 6063.0 4.38 0.41
 K2-177 b: nan 2.116 nan 0.0600 14.15518 2457070.080220 1314.4 0
>K2-178: 52.8888524 22.4348186 10.292 0.887 0.951 5525.0 4.55 0.09
 K2-178 b: 3.464 3.558 nan 0.0764 8.74782 2457070.336560 908.0 0
>K2-179: 58.7967878 23.7567524 10.555 0.768 0.824 5015.0 4.63 0.03
 K2-179 b: 1.766 2.513 nan 0.0719 5.17219 2457066.580300 790.3 0
>K2-18: 172.5601410 7.5878315 8.899 0.411 0.359 3457.0 4.79 0.12
 K2-18 b: 2.628 2.370 8.920 0.1429 32.93962 2457264.391440 282.7 0
 K2-18 c: nan nan 7.510 0.0600 8.96200 nan 436.3 1
>K2-180: 126.4643579 10.2465770 10.677 0.719 0.735 5365.0 4.59 -0.58
 K2-180 b: 2.849 2.466 11.410 0.0756 8.86566 2457489.156600 797.8 0
>K2-181: 127.5541103 10.9101444 11.026 1.060 0.960 5528.0 4.35 0.18
 K2-181 b: 2.671 2.690 nan 0.0699 6.89410 2457143.794800 1037.8 0
>K2-182: 130.1800460 10.9829509 9.913 0.789 0.823 5128.0 4.56 0.02
 K2-182 b: 2.566 2.713 20.977 0.0517 4.73697 2457652.797550 965.6 0
>K2-183: 125.0071770 14.0194586 11.021 0.870 0.808 5482.0 4.60 0.09
 K2-183 b: 1.541 1.100 nan 0.0101 0.46929 2457196.912370 2451.6 0
 K2-183 c: 3.850 2.300 nan 0.0890 10.78799 2457212.473210 826.4 0
 K2-183 d: 4.140 2.300 nan 0.1982 22.62034 2457212.027600 553.8 0
>K2-184: 129.1405227 14.4618826 8.380 0.750 0.840 5245.0 4.62 -0.10
 K2-184 b: 2.719 1.470 nan 0.1685 16.97801 2457148.525337 533.6 0
>K2-185: 130.2596625 14.6902225 10.680 0.940 0.960 5788.0 4.48 -0.10
 K2-185 b: 2.600 1.150 nan 0.0940 10.61638 2457144.727092 882.7 0
 K2-185 c: 4.640 2.390 nan 0.2737 52.71349 2457159.157391 517.2 0
>K2-186: 135.3350487 18.8252879 10.774 0.981 1.019 5784.0 4.45 0.06
 K2-186 b: 6.120 3.172 nan 0.2232 41.47422 2457154.845400 584.6 0
>K2-187: 132.5235618 23.1924709 11.196 0.830 0.875 5438.0 4.60 0.00
 K2-187 b: 1.579 1.200 nan 0.0151 0.77401 2457184.436370 1947.1 0
 K2-187 c: 2.189 1.400 nan 0.0355 2.87151 2457144.638420 1267.7 0
 K2-187 d: 2.803 2.400 nan 0.0695 7.14958 2457203.520850 906.3 0
 K2-187 e: 4.224 1.900 nan 0.1081 13.60663 2457155.084950 726.7 0
>K2-188: 129.8137008 23.3574367 11.149 1.190 1.060 5977.0 4.31 -0.01
 K2-188 b: nan 1.350 nan 0.0289 1.74217 2457140.476170 1849.4 0
 K2-188 c: 3.433 2.830 nan 0.0785 7.81025 2457144.854470 1122.2 0
>K2-189: 203.6214411 -15.0365158 10.589 0.879 0.850 5442.0 4.51 -0.10
 K2-189 b: 2.220 1.403 nan 0.0349 2.58812 2457222.146600 1316.1 0
 K2-189 c: 2.427 2.310 nan 0.0658 6.67932 2457223.418200 959.5 0
>K2-19: 174.9602543 0.6035960 11.161 0.820 0.880 5322.0 4.51 0.06
 K2-19 b: 3.237 7.000 30.800 0.0745 7.91930 2456813.400000 851.3 0
 K2-19 c: 3.785 4.100 11.000 0.0978 11.90600 2456817.300000 743.1 0
 K2-19 d: 1.930 1.042 6.200 0.0348 2.50827 2456828.990900 1255.7 0
>K2-190: 205.3630485 -13.1608686 9.410 0.912 0.905 5631.0 4.38 -0.19
 K2-190 b: 3.710 1.357 nan 0.0731 10.09886 2457224.767920 959.4 0
 K2-190 c: nan 1.093 nan 0.1186 21.57402 2457228.692560 752.9 0
>K2-191: 201.6391407 -12.8066737 11.077 0.840 0.901 5176.0 4.57 0.31
 K2-191 b: 2.799 1.579 nan 0.0336 2.85865 2457219.557030 1247.9 0
>K2-192: 206.5823122 -11.5563527 10.657 0.810 0.900 5222.0 4.57 0.15
 K2-192 b: 1.441 1.520 nan 0.0490 4.16282 2457220.444000 1023.8 0
>K2-193: 205.2371043 -11.0093342 11.479 0.980 1.010 5817.0 4.46 0.00
 K2-193 b: 4.117 3.950 nan 0.1184 14.78689 2457224.261160 807.0 0
>K2-194: 204.6089755 -8.9271609 11.570 1.281 1.110 5979.0 4.21 0.10
 K2-194 b: 7.367 3.642 nan 0.1846 39.72139 2457243.006970 759.5 0
>K2-195: 199.8315191 -8.5095364 10.876 0.990 0.940 5713.0 4.42 -0.10
 K2-195 b: 4.800 3.130 nan 0.1208 15.85298 2457225.045630 788.6 0
 K2-195 c: 5.976 2.813 nan 0.1166 28.48279 2457243.008950 767.8 0
>K2-196: 200.4562487 -8.4717104 10.617 1.539 1.162 6045.0 4.08 0.01
 K2-196 b: nan 3.600 nan 0.1679 48.32422 2457227.890720 882.4 0
>K2-197: 202.3934779 -7.3739779 10.479 0.930 1.000 5667.0 4.50 0.08
 K2-197 b: 3.470 2.560 nan 0.0806 8.35788 2457218.182480 928.2 0
>K2-198: 198.8436817 -6.4649888 9.228 0.757 0.799 5212.9 4.60 0.09
 K2-198 b: 2.959 4.189 nan 0.0910 17.04287 2457204.568700 724.9 0
 K2-198 c: 1.420 1.423 nan 0.0308 3.35961 2457215.032000 1245.4 0
 K2-198 d: 3.002 2.438 nan 0.0525 7.45002 2457213.575900 954.9 0
>K2-199: 208.9014508 -6.1360833 9.625 0.682 0.711 4491.0 4.69 -0.01
 K2-199 b: 2.017 1.730 6.900 0.0382 3.22540 2457218.737330 915.0 0
 K2-199 c: 2.452 2.850 12.400 0.0662 7.37449 2457222.930340 695.1 0
>K2-200: 202.2512060 -4.6100532 10.375 0.792 0.860 5233.0 4.71 -0.04
 K2-200 b: 1.342 1.364 nan 0.0486 2.84988 2457218.560880 1018.5 0
>K2-201: 293.5607117 -23.1312775 10.198 0.878 0.956 5507.0 4.68 0.13
 K2-201 b: 1.750 1.400 nan 0.0190 1.05979 2457301.984150 1805.3 0
 K2-201 c: 3.648 3.286 nan 0.1661 22.77988 2457319.783020 610.5 0
>K2-2016-BLG-0005L: 269.8798333 -27.6074722 nan nan 0.584 nan nan nan
 K2-2016-BLG-0005L b: nan nan 349.611 4.1600 4700.00000 nan nan 0
>K2-202: 283.2643203 -22.4070553 11.046 0.911 0.971 5491.0 4.55 0.27
 K2-202 b: 2.033 2.302 nan 0.0506 3.40516 2457304.251530 1123.6 0
>K2-203: 12.7736909 -1.1958844 10.206 0.765 0.793 5026.0 4.57 -0.02
 K2-203 b: 3.103 1.265 nan 0.0824 9.69520 2457435.418900 738.5 0
>K2-204: 17.3825067 -0.5177539 11.478 1.253 1.076 5783.0 4.27 0.21
 K2-204 b: 4.570 3.172 nan 0.0738 7.05591 2457452.955000 1149.0 0
>K2-205: 15.2175909 0.4259660 10.879 1.078 0.951 5890.0 4.25 -0.26
 K2-205 b: 6.048 1.996 nan 0.1555 26.67226 2457413.419140 747.6 0
>K2-206: 11.2564264 0.5931866 10.918 0.758 0.789 5043.0 4.46 -0.14
 K2-206 b: nan 2.795 nan 0.0997 18.29455 2457396.576610 670.5 0
>K2-207: 11.6996481 0.6406182 11.383 0.928 0.942 5522.0 4.41 0.11
 K2-207 b: 4.296 2.606 nan 0.0914 12.48749 2457403.644590 848.4 0
>K2-208: 20.7789809 0.8890076 10.746 0.872 0.881 5500.0 4.50 -0.06
 K2-208 b: 1.944 1.675 nan 0.0488 4.19097 2457430.039000 1121.3 0
>K2-209: 14.6903464 1.3828070 8.613 0.712 0.745 4720.0 4.46 -0.06
 K2-209 b: nan 0.869 nan 0.0282 2.08061 2457394.233100 1144.6 0
>K2-21: 340.3037846 -14.4893256 9.417 0.647 0.676 4222.1 4.61 -0.11
 K2-21 b: 2.305 1.840 nan 0.0760 9.32504 2456989.422000 593.9 0
 K2-21 c: 2.378 2.490 nan 0.1070 15.50192 2456988.471000 500.5 0
>K2-210: 17.6412694 1.5784137 9.915 0.890 2.478 5500.0 4.60 0.00
 K2-210 b: nan 0.860 nan 0.0182 0.57023 2457465.803820 1854.0 0
>K2-211: 21.1061587 1.7049101 11.104 0.818 0.851 5117.0 4.54 0.13
 K2-211 b: 1.291 1.332 nan 0.0142 0.66956 2457432.647900 1873.4 0
>K2-212: 18.4241015 3.0970732 9.856 0.678 0.622 4349.0 4.72 0.03
 K2-212 b: 2.621 2.650 nan 0.0882 9.79565 2457399.641090 581.5 0
>K2-213: 13.1403998 3.5077702 10.656 1.204 1.070 5794.0 4.25 0.25
 K2-213 b: nan 1.514 nan 0.0742 8.13087 2457399.002560 1125.6 0
>K2-214: 14.8759777 4.2277722 10.223 1.236 1.030 5875.0 4.28 0.04
 K2-214 b: 3.730 2.510 nan 0.0829 8.59656 2457396.600900 1093.6 0
>K2-215: 18.4700795 6.1238647 11.298 0.974 1.000 5704.0 4.41 0.11
 K2-215 b: 2.232 2.124 nan 0.1273 8.26965 2457394.332250 761.1 0
>K2-216: 11.4802354 6.3470302 9.721 0.720 0.700 4503.0 4.57 0.00
 K2-216 b: 1.840 1.750 8.000 0.0280 2.17480 2457394.041700 1101.1 0
>K2-217: 11.2983678 6.4815879 10.679 1.334 1.103 5967.0 4.17 0.04
 K2-217 b: 5.688 3.579 nan 0.0999 14.07452 2457395.004470 1051.3 0
>K2-218: 12.8096130 6.8464327 11.206 1.008 1.047 5757.0 4.45 0.25
 K2-218 b: 3.840 2.569 nan 0.0751 8.67989 2457396.459140 1017.0 0
>K2-219: 12.8452963 8.8675474 10.424 1.189 1.022 5753.0 4.23 0.13
 K2-219 b: 3.408 1.348 nan 0.0500 3.90129 2457396.745300 1353.6 0
 K2-219 c: 4.824 1.438 nan 0.0572 6.66767 2457398.415740 1264.6 0
 K2-219 d: 4.896 2.576 nan 0.0872 11.13728 2457404.594250 1024.5 0
>K2-22: 169.4827046 2.6190363 11.924 0.580 0.487 3879.0 4.70 0.03
 K2-22 b: 0.800 2.300 444.962 0.0081 0.38107 2456846.943180 1583.6 0
>K2-220: 12.7700071 9.5167694 10.161 1.026 0.910 5612.0 4.45 -0.05
 K2-220 b: 3.360 2.370 nan 0.1085 13.68186 2457401.272900 832.2 0
>K2-221: 16.6550286 10.1897385 10.852 0.948 1.011 5716.0 4.57 0.13
 K2-221 b: 2.503 1.679 nan 0.0287 2.39909 2457395.355810 1584.6 0
>K2-222: 16.4625203 11.7537171 8.105 1.072 0.940 5942.0 4.35 -0.32
 K2-222 b: 4.382 2.275 7.500 0.1186 15.38893 2459491.954700 861.4 0
>K2-223: 185.3061830 -10.2820915 9.835 1.000 1.886 5859.0 4.50 0.19
 K2-223 b: 0.900 0.890 nan 0.0153 0.50557 2457637.663960 2280.6 0
 K2-223 c: 2.800 1.500 nan 0.0605 4.56255 2457628.612080 1149.0 0
>K2-224: 189.7041426 -10.0605942 10.940 0.840 0.910 5620.0 4.55 -0.19
 K2-224 b: 2.400 1.560 nan 0.0516 4.47904 2457585.671900 1093.4 0
 K2-224 c: 3.600 2.410 nan 0.0886 10.09489 2457588.415700 834.4 0
>K2-225: 186.5410958 -9.6248232 9.954 1.700 1.482 5520.0 4.15 0.49
 K2-225 b: 6.192 3.609 nan 0.1409 15.87230 2457619.111100 924.6 0
>K2-226: 183.6456643 -9.5626286 10.223 0.889 0.856 5288.0 4.47 -0.05
 K2-226 b: 2.323 1.539 nan 0.0410 3.27109 2457620.008200 1188.1 0
>K2-227: 190.9484237 -8.4784159 10.005 0.891 0.951 5673.0 4.58 -0.10
 K2-227 b: nan 1.666 nan 0.0881 13.62183 2457592.238310 870.0 0
>K2-228: 187.2947047 -6.8342028 10.324 0.650 0.710 4715.0 4.66 -0.25
 K2-228 b: 1.500 1.210 nan 0.0338 2.69828 2457583.194300 997.0 0
>K2-229: 186.8729195 -6.7218474 9.050 0.790 1.436 5315.0 4.60 -0.09
 K2-229 b: 1.500 1.000 2.590 0.0154 0.58422 2457646.566550 1833.8 0
 K2-229 c: 2.500 2.030 7.000 0.0769 8.32727 2457586.343100 821.5 0
>K2-230: 191.3631170 -6.5760510 11.257 1.390 1.110 5945.0 4.20 0.10
 K2-230 b: 2.600 1.960 nan 0.0409 2.86041 2457582.591800 1671.2 0
>K2-231: 289.0918242 -15.7712178 10.859 0.950 1.010 5695.0 4.48 0.14
 K2-231 b: 2.940 2.500 nan 0.1193 13.84190 2457320.001640 775.0 0
>K2-232: 73.7667927 18.6543230 8.434 1.161 1.188 6154.0 4.38 0.10
 K2-232 b: 5.354 11.209 126.496 0.1036 11.16845 2457825.349782 993.6 0
>K2-233: 230.4799011 -20.2317975 8.375 0.710 0.790 4796.0 4.53 -0.08
 K2-233 b: 1.882 1.315 2.400 0.0329 2.46758 2457991.689700 1073.9 0
 K2-233 c: 2.687 1.272 4.600 0.0664 7.06024 2457586.862000 756.2 0
 K2-233 d: 3.791 2.363 10.300 0.1516 24.36810 2458005.580200 500.5 0
>K2-237: 253.7688479 -28.7105836 10.217 1.236 1.256 6180.0 4.35 0.34
 K2-237 b: 2.927 16.062 434.154 0.0355 2.18053 2457706.616180 1757.9 0
>K2-238: 347.7043164 -7.8575592 12.032 1.590 1.190 5630.0 4.11 0.34
 K2-238 b: 3.331 14.572 273.334 0.0460 3.20466 2457740.503600 1596.1 0
>K2-239: 160.5941265 4.4413751 9.971 0.360 0.400 3420.0 4.90 -0.10
 K2-239 b: 1.466 1.100 nan 0.0441 5.24000 2457908.191000 471.2 0
 K2-239 c: 1.248 1.000 nan 0.0576 7.77500 2457916.860000 412.3 0
 K2-239 d: 1.838 1.100 nan 0.0685 10.11500 2457908.381000 378.1 0
>K2-24: 242.5734559 -24.9906029 9.180 1.160 1.070 5625.0 4.29 0.34
 K2-24 b: 5.474 5.400 19.000 0.1518 20.88977 2456905.885500 749.7 0
 K2-24 c: 6.470 7.500 15.400 0.2432 42.33910 2456915.448500 592.4 0
>K2-240: 227.8493710 -17.8754464 9.560 0.540 0.580 3810.0 4.70 -0.10
 K2-240 b: 2.153 2.000 nan 0.0513 6.03400 2457996.825000 596.1 0
 K2-240 c: 3.192 1.800 nan 0.1159 20.52300 2458005.722000 396.6 0
>K2-241: 181.2386829 -6.8052985 9.933 0.750 0.710 5262.0 4.54 -0.44
 K2-241 b: 4.100 2.550 nan 0.1567 26.81990 2457584.206300 555.1 0
>K2-242: 179.8358421 -6.5178542 11.777 0.370 0.380 3459.0 4.89 -0.01
 K2-242 b: 2.000 2.540 nan 0.0494 6.51389 2457586.240000 456.5 0
>K2-243: 181.1211419 -4.8991358 9.591 1.390 1.290 6570.0 4.26 -0.03
 K2-243 b: 3.700 2.170 nan 0.1087 11.54182 2457593.206200 1132.9 0
 K2-243 c: 5.200 2.010 nan 0.1817 24.94598 2457584.505000 876.3 0
>K2-244: 183.4686492 -3.8318097 10.163 0.920 0.860 5677.0 4.44 -0.29
 K2-244 b: 3.900 1.750 nan 0.1418 21.06884 2457588.474900 697.3 0
>K2-245: 185.1815630 -1.5909138 11.158 1.250 0.830 5793.0 4.16 -0.45
 K2-245 b: 4.200 4.340 nan 0.0959 11.89307 2457587.552400 1008.5 0
>K2-246: 181.6296115 -1.1606000 12.788 0.940 0.870 5610.0 4.43 -0.19
 K2-246 b: 3.400 3.490 nan 0.0602 5.76918 2457583.676100 1069.0 0
>K2-247: 188.8935189 -10.0692793 11.556 0.690 0.740 4667.0 4.63 -0.08
 K2-247 b: 1.200 2.120 nan 0.0304 2.25021 2457582.977000 1072.2 0
 K2-247 c: 1.700 2.190 nan 0.0615 6.49424 2457588.136900 753.8 0
>K2-248: 182.8173343 -9.4141696 11.643 0.920 0.880 5528.0 4.45 -0.10
 K2-248 b: 2.800 2.570 nan 0.0699 7.17256 2457588.104200 967.1 0
>K2-249: 183.3667344 -8.9952309 10.883 1.570 1.320 6504.0 4.16 0.04
 K2-249 b: 5.900 2.790 nan 0.1151 12.40900 2457583.045700 1158.3 0
>K2-25: 63.2739346 15.2477027 10.444 0.293 0.263 3207.0 4.94 0.15
 K2-25 b: 0.764 3.440 24.500 0.0287 3.48456 2458515.642060 494.3 0
>K2-250: 185.0315429 -8.9757427 12.016 0.797 0.809 5003.0 4.54 -0.02
 K2-250 b: 2.366 2.713 nan 0.0461 4.01392 2457620.253500 1003.5 0
>K2-251: 190.6892403 -8.5359826 11.515 0.490 0.520 3717.0 4.76 -0.04
 K2-251 b: 2.700 2.350 nan 0.0694 9.30075 2457589.078200 476.3 0
>K2-252: 182.3663818 -8.3096141 10.683 0.820 0.790 5152.0 4.50 -0.09
 K2-252 b: 3.600 1.740 nan 0.1041 13.81513 2457596.190100 697.3 0
>K2-253: 186.0853062 -6.3789537 12.947 1.100 1.080 6027.0 4.39 0.00
 K2-253 b: 2.100 12.670 nan 0.0506 4.00167 2457583.999300 1355.1 0
>K2-254: 185.5507926 -4.7172908 11.296 0.670 0.710 4629.0 4.64 -0.14
 K2-254 b: 1.600 1.630 nan 0.0448 4.09639 2457582.975700 863.2 0
 K2-254 c: 2.400 2.190 nan 0.0923 12.11839 2457590.613600 601.4 0
>K2-255: 189.9128532 -3.3705631 10.827 0.690 0.710 4676.0 4.62 -0.14
 K2-255 b: 1.100 2.900 nan 0.0274 1.96417 2457583.301500 1131.5 0
>K2-257: 188.2782840 -1.9532879 9.661 0.500 0.520 3725.0 4.76 -0.03
 K2-257 b: 1.300 0.830 nan 0.0216 1.60588 2457583.287500 864.2 0
>K2-258: 187.6314027 -1.1609171 11.782 1.310 1.210 6351.0 4.29 0.01
 K2-258 b: 6.000 3.000 nan 0.1490 19.09210 2457586.292800 908.1 0
>K2-259: 186.8026947 1.5668631 11.115 1.130 1.140 6059.0 4.39 0.16
 K2-259 b: 4.200 2.320 nan 0.1271 15.48043 2457585.709400 871.2 0
>K2-26: 94.2064312 24.5958335 10.530 0.520 0.560 3785.0 4.72 -0.13
 K2-26 b: 4.730 2.670 nan 0.0962 14.56650 2456775.165900 424.3 0
>K2-260: 76.8673317 16.8676948 11.093 1.755 1.637 6860.0 4.16 0.33
 K2-260 b: 4.199 18.416 546.665 0.0439 2.62670 2457894.284876 2091.1 0
>K2-261: 163.0323119 0.4931670 8.890 1.663 1.107 5490.0 4.04 0.37
 K2-261 b: 5.129 9.270 68.969 0.1086 11.63347 2458151.143920 1035.9 0
>K2-263: 129.6821253 15.6806039 9.748 0.850 0.880 5368.0 4.51 -0.08
 K2-263 b: 3.750 2.513 15.400 0.2573 50.81917 2459534.066200 470.5 0
>K2-264: 131.3583524 19.6984010 12.183 0.473 0.496 3660.0 4.78 -0.01
 K2-264 b: 1.884 2.231 nan 0.0502 5.84000 2458102.591770 541.6 0
 K2-264 c: 2.618 2.668 nan 0.1128 19.66030 2458117.091690 361.4 0
>K2-265: 342.0316493 -14.4947789 9.259 0.920 0.901 5420.0 4.46 0.03
 K2-265 b: 2.309 1.708 7.342 0.0336 2.36902 2457017.180780 1367.8 0
>K2-266: 157.9356855 0.9372782 8.897 0.703 0.686 4285.0 4.58 -0.12
 K2-266 b: 0.333 3.300 nan 0.0131 0.65852 2457949.674700 1516.0 0
 K2-266 c: 2.256 0.705 nan 0.0679 7.81400 2457946.651000 664.9 0
 K2-266 d: 3.408 2.930 8.900 0.1035 14.69700 2457944.839300 538.5 0
 K2-266 e: 3.665 2.730 14.300 0.1249 19.48200 2457938.541000 490.2 0
>K2-268: 133.7094899 11.8482712 11.639 0.780 0.840 5106.0 4.58 0.03
 K2-268 b: 1.970 1.500 nan 0.0281 2.15168 2457143.654276 1296.1 0
 K2-268 c: 3.350 2.690 nan 0.0623 9.32753 2457140.846650 871.3 0
 K2-268 d: 2.570 1.490 nan 0.0456 4.52860 2457143.974654 1018.4 0
 K2-268 e: 2.540 1.330 nan 0.0614 6.13124 2457142.343959 877.5 0
 K2-268 f: 4.620 2.230 nan 0.1502 26.27057 2457142.191739 561.1 0
>K2-269: 130.1551381 13.0146799 10.212 1.450 1.160 6209.0 4.18 -0.08
 K2-269 b: 2.717 1.570 nan 0.0531 4.14497 2457141.598550 1564.6 0
>K2-27: 171.5151874 1.2306237 10.704 0.876 0.880 5246.0 4.48 0.12
 K2-27 b: 2.802 4.740 30.200 0.0671 6.77135 2456812.844700 913.8 0
>K2-270: 131.2665588 13.5497322 11.368 0.770 0.850 4877.0 4.59 0.26
 K2-270 b: 1.759 1.380 nan 0.0247 1.54307 2457142.419980 1313.1 0
 K2-270 c: 1.277 2.950 nan 0.0497 4.40003 2457142.975100 925.7 0
>K2-271: 125.2239144 16.0907958 12.154 0.990 0.830 5644.0 4.37 -0.30
 K2-271 b: 3.510 7.280 nan 0.0770 8.56242 2457149.712710 975.9 0
>K2-272: 132.6211743 17.5423852 12.000 0.830 0.860 5397.0 4.53 -0.09
 K2-272 b: 3.624 3.130 nan 0.1007 14.45368 2457144.854132 747.2 0
>K2-273: 129.7768928 19.0100046 11.300 0.850 0.890 5161.0 4.53 0.20
 K2-273 b: 5.191 3.050 nan 0.0729 11.71957 2457149.096162 849.8 0
>K2-274: 129.2823699 20.3992512 10.986 0.700 0.790 5044.0 4.64 -0.16
 K2-274 b: 3.648 2.080 nan 0.0964 14.13303 2457145.111261 655.4 0
>K2-275: 132.1698795 20.4550162 9.749 0.690 0.770 4841.0 4.65 -0.06
 K2-275 b: 1.908 2.340 nan 0.0277 3.28096 2457142.133959 1165.1 0
 K2-275 c: 2.527 2.210 nan 0.0881 8.43884 2457142.486716 653.3 0
>K2-276: 125.9528309 22.6339399 12.260 0.850 0.820 5139.0 4.49 0.07
 K2-276 b: 6.888 3.770 nan 0.1291 18.71827 2457151.876530 635.9 0
>K2-277: 202.0161895 -15.9379749 8.687 0.973 0.974 5680.0 4.45 0.08
 K2-277 b: 1.966 2.186 7.400 0.0664 6.32677 2457303.477100 1048.5 0
>K2-278: 203.3018653 -14.5041057 11.701 1.610 1.400 6747.0 4.17 0.00
 K2-278 b: 3.936 2.980 nan 0.0488 3.33497 2457219.822940 1868.7 0
>K2-279: 204.7792935 -6.0417592 9.994 0.860 0.790 5558.0 4.46 -0.37
 K2-279 b: 2.814 1.210 nan 0.0670 7.12261 2457222.132780 960.2 0
>K2-28: 335.6233145 -7.9563525 10.746 0.288 0.257 3214.0 4.93 0.26
 K2-28 b: 0.982 2.320 nan 0.0214 2.26045 2456977.990120 568.5 0
>K2-280: 291.5953596 -22.2477071 10.765 1.280 1.030 5500.0 4.21 0.33
 K2-280 b: 8.267 7.500 37.100 0.1461 19.89526 2457307.581140 785.0 0
>K2-281: 16.2274724 7.2692169 12.523 0.760 0.820 4812.0 4.59 0.22
 K2-281 b: 2.750 8.180 nan 0.0773 8.68772 2457393.882080 727.6 0
>K2-282: 13.4321524 7.9952914 12.002 1.000 1.027 5499.0 4.50 -0.23
 EPIC 220554210 c: 1.704 1.600 nan 0.0140 0.70531 2457466.113100 2245.0 0
 K2-282 b: 2.731 2.500 nan 0.0512 4.16978 2457457.544930 1172.4 0
>K2-283: 13.1943679 9.6929181 11.983 0.820 0.890 5060.0 4.56 0.28
 K2-283 b: 1.750 3.520 nan 0.0291 1.92104 2457394.909010 1295.2 0
>K2-284: 79.1407971 20.2549034 10.058 0.607 0.630 4140.0 4.67 0.00
 K2-284 b: 2.147 2.780 nan 0.0477 4.79507 2457859.113160 712.1 0
>K2-285: 349.3843458 1.3001522 9.971 0.787 0.830 4975.0 4.40 0.00
 K2-285 b: 2.180 2.590 9.680 0.0382 3.47174 2457743.375450 1089.3 0
 K2-285 c: 2.520 3.530 15.680 0.0824 7.13805 2457744.539060 741.4 0
 K2-285 d: 2.504 2.480 6.500 0.1178 10.45582 2457745.201000 620.1 0
 K2-285 e: 2.300 1.950 10.700 0.1804 14.76289 2457741.896900 501.1 0
>K2-286: 233.3698192 -16.7737113 9.317 0.620 0.640 3926.0 4.70 0.00
 K2-286 b: 3.000 2.100 nan 0.1768 27.35900 2458010.417000 354.5 0
>K2-287: 233.0743401 -22.3583447 9.188 1.070 1.056 5695.0 4.40 0.20
 K2-287 b: 3.500 9.494 100.116 0.1206 14.89329 2458001.721380 818.0 0
>K2-288 B: 55.4442857 18.2684913 nan 0.320 0.330 3341.0 4.96 -0.21
 K2-288 B b: 2.112 1.900 nan 0.1640 31.39346 2457063.402366 225.0 0
>K2-289: 246.6429443 -15.7925384 10.641 1.025 0.953 5529.0 4.39 0.16
 K2-289 b: 4.032 9.100 nan 0.1070 13.15697 2456897.143250 825.2 0
>K2-29: 62.6704220 24.4016558 10.062 0.860 0.940 5358.0 4.54 0.16
 K2-29 b: 2.220 13.339 232.016 0.0422 3.25883 2453219.009500 1166.8 0
>K2-290: 234.8578846 -20.1988975 9.420 1.511 1.194 6302.0 4.23 -0.06
 K2-290 b: 4.960 3.060 10.900 0.0923 9.21165 2457994.772500 1229.5 0
 K2-290 c: 8.140 11.276 246.000 0.3050 48.36685 2458019.173330 676.4 0
>K2-291: 76.4459400 21.5481990 8.353 0.899 0.934 5520.0 4.50 0.08
 K2-291 b: 1.719 1.589 6.490 0.0326 2.22518 2457830.061630 1397.6 0
>K2-292: 205.3758786 -9.9460704 8.407 1.090 1.000 5725.0 4.33 0.07
 K2-292 b: 3.660 2.630 24.500 0.1300 16.98410 2458180.284200 799.4 0
>K2-293: 351.6064952 -6.0279068 11.544 0.947 0.958 5532.0 4.52 0.22
 K2-293 b: 3.980 2.450 nan 0.1009 13.12250 2457749.134700 817.4 0
>K2-294: 352.0516724 -7.6037856 10.859 1.200 0.987 5612.0 4.20 0.19
 K2-294 b: 2.600 1.660 nan 0.0362 2.50387 2457740.009300 1557.7 0
>K2-295: 19.6101417 6.8167277 nan 0.700 0.740 4444.0 4.63 0.14
 K2-295 b: 2.498 10.054 106.473 0.0451 4.02487 2457395.414050 844.2 0
>K2-3: 172.3353708 -1.4551364 8.561 0.546 0.549 3844.0 4.70 -0.16
 K2-3 b: 2.553 2.078 5.110 0.0747 10.05465 2457165.329470 501.1 0
 K2-3 c: 3.633 1.582 2.680 0.1357 24.64673 2457329.856880 371.8 0
 K2-3 d: 4.512 1.458 2.200 0.2014 44.55603 2457271.787960 305.2 0
>K2-30: 52.3420548 22.2993491 11.088 0.844 0.900 5425.0 4.54 -0.15
 K2-30 b: 2.321 11.646 184.024 0.0484 4.09850 2457063.807140 1092.5 0
>K2-308: 78.3391194 16.4141986 13.206 1.240 1.090 6100.0 3.94 -0.10
 K2-308 b: 3.090 9.916 nan 0.0458 3.38628 2457823.223300 1530.8 0
>K2-31: 245.4405531 -23.5482730 8.866 0.780 0.910 5280.0 4.60 0.08
 K2-31 b: 0.982 11.882 563.830 0.0220 1.25785 2457191.708890 1516.0 0
>K2-315: 228.0210932 -20.1081634 11.838 0.196 0.174 3300.0 5.09 -0.24
 K2-315 b: 0.821 0.950 nan 0.0234 3.14432 2457990.862000 460.1 0
>K2-316: 233.6247336 -23.2594663 11.911 0.379 0.408 3436.0 4.89 nan
 K2-316 b: nan 1.330 nan 0.0147 1.13300 2457991.605000 841.3 0
 K2-316 c: nan 1.830 nan 0.0582 5.26000 2457994.123000 422.8 0
>K2-317: 228.6188638 -21.0227209 12.990 0.379 0.403 3387.0 4.88 nan
 K2-317 b: nan 2.930 nan 0.0542 6.22000 2457994.132000 431.9 0
>K2-318: 232.4461375 -17.5574630 11.152 0.552 0.561 3851.0 4.70 nan
 K2-318 b: nan 1.660 nan 0.0911 7.01000 2457997.194000 457.1 0
>K2-319: 166.8010058 3.0399357 10.223 0.898 0.954 5440.0 4.51 nan
 K2-319 b: nan 2.790 nan 0.1516 26.68000 2457915.592000 638.4 0
>K2-32: 252.4260080 -19.5430504 9.821 0.860 0.830 5271.0 4.49 -0.06
 K2-32 b: 3.488 5.299 15.000 0.0795 8.99200 2456900.926760 836.0 0
 K2-32 c: 4.350 3.134 8.100 0.1384 20.66093 2456899.423440 633.5 0
 K2-32 d: 4.888 3.484 6.700 0.1842 31.71701 2456903.787070 549.2 0
 K2-32 e: 2.671 1.212 2.100 0.0490 4.34934 2456898.878630 1064.9 0
>K2-320: 163.2519122 5.3064776 12.508 0.300 0.117 3157.0 4.55 nan
 K2-320 b: nan 2.620 nan 0.0142 1.99500 2457908.602000 699.7 0
>K2-321: 156.4054989 2.5138829 9.567 0.595 0.578 3750.0 4.65 0.15
 K2-321 b: 1.147 2.051 nan 0.0284 2.29797 2458141.267590 827.8 0
>K2-322: 156.6226981 4.7640203 10.413 0.602 0.630 4141.0 4.68 nan
 K2-322 b: nan 1.920 nan 0.0594 8.20500 2457914.022000 635.7 0
>K2-323: 159.4209874 6.2858689 10.789 0.549 0.478 3710.0 4.63 nan
 K2-323 b: nan 2.100 nan 0.1275 24.93000 2457914.251000 371.2 0
>K2-324: 157.6222171 6.8636732 11.237 0.505 0.517 3752.0 4.74 nan
 K2-324 b: nan 2.430 nan 0.0331 3.26200 2457909.146000 706.7 0
>K2-325: 353.9169507 -7.6867213 12.352 0.298 0.274 3287.0 4.84 nan
 K2-325 b: nan 2.200 nan 0.0419 6.93000 2457743.818000 422.7 0
>K2-326: 351.6122620 1.3375909 12.091 0.688 0.507 3924.0 4.46 nan
 K2-326 b: nan 2.280 nan 0.0198 1.25600 2457739.045000 1115.4 0
>K2-329: 351.1353785 -5.1641451 10.668 0.822 0.901 5282.0 4.57 0.10
 K2-329 b: 3.621 8.676 82.636 0.1016 12.45512 2457773.157267 724.5 0
>K2-33: 242.5613635 -19.3193831 10.026 1.050 0.560 3540.0 4.06 nan
 K2-33 b: 4.080 5.040 1175.971 0.0508 5.42486 2456898.692880 776.2 0
>K2-330: 126.8968265 11.6674131 8.412 1.500 1.230 6232.0 4.18 -0.03
 K2-330 b: 4.570 2.770 nan 0.1518 13.77480 2457151.064162 944.7 0
>K2-331: 132.7376431 13.1702690 9.804 1.060 1.100 5994.0 4.43 0.08
 K2-331 b: 3.920 1.790 nan 0.0826 9.39898 2458100.920192 1035.3 0
 K2-331 c: 4.430 2.720 nan 0.1867 22.99659 2458113.304754 688.7 0
>K2-332: 135.8832666 14.2504994 12.638 0.280 0.270 3315.0 4.97 0.09
 K2-332 b: 2.030 2.200 nan 0.0863 17.70632 2457156.420746 287.9 0
>K2-333: 136.7892752 15.2056765 10.596 1.220 1.060 5880.0 4.29 0.07
 K2-333 b: 4.960 6.180 nan 0.1308 14.75929 2458097.395983 865.8 0
>K2-334: 136.4894259 16.3255146 10.234 1.490 1.360 6502.0 4.22 0.17
 K2-334 b: 2.460 5.650 nan 0.1064 5.11398 2458096.810228 1173.5 0
>K2-335: 129.3896679 16.5220648 11.281 1.330 1.230 6222.0 4.28 0.10
 K2-335 b: 4.310 2.210 nan 0.1256 12.28321 2457148.209626 976.5 0
>K2-336: 133.8382032 16.7940663 10.796 0.800 0.860 5424.0 4.56 -0.17
 K2-336 b: 4.650 1.220 nan 0.1204 21.19473 2457146.585567 674.1 0
>K2-337: 127.7611370 16.9004702 10.804 1.320 0.940 5869.0 4.17 -0.27
 K2-337 b: 7.640 2.620 nan 0.0945 16.27356 2457145.963531 1057.9 0
>K2-338: 124.3609294 17.0241557 10.613 0.630 0.660 4558.0 4.65 -0.23
 K2-338 b: 1.780 1.030 nan 0.0443 3.85061 2457141.526349 828.6 0
>K2-339: 130.0825420 18.6929046 12.173 0.720 0.740 4857.0 4.59 -0.11
 K2-339 b: 3.400 1.920 nan 0.1363 19.50743 2457153.004667 538.3 0
>K2-34: 127.5787231 22.2359194 10.193 1.420 1.160 6168.0 4.20 0.01
 K2-34 b: 2.492 13.750 559.381 0.0442 2.99563 2457141.351483 1685.8 0
>K2-340: 127.9373409 19.0745863 12.435 1.130 0.930 5532.0 4.30 0.08
 K2-340 b: 5.290 3.360 nan 0.2144 29.74045 2457143.815863 612.4 0
>K2-341: 130.4971951 19.9166357 11.170 1.160 0.980 5817.0 4.30 -0.05
 K2-341 b: 6.250 3.210 nan 0.2273 36.55255 2457152.708694 633.7 0
>K2-342: 133.1218996 21.2386816 9.710 1.090 1.010 5920.0 4.36 -0.06
 K2-342 b: 3.730 2.030 nan 0.1113 11.56105 2458099.107260 893.3 0
>K2-343: 134.2021746 21.5026882 11.855 0.460 0.490 3804.0 4.80 -0.10
 K2-343 b: 1.460 1.650 nan 0.0288 2.78717 2457141.324970 732.9 0
 K2-343 c: 2.200 2.020 nan 0.0559 7.67697 2457144.624554 526.4 0
>K2-344: 136.3614923 21.6685886 9.662 0.490 0.510 4374.0 4.76 -0.95
 K2-344 b: 1.760 1.590 nan 0.0314 3.35585 2458095.747731 832.9 0
>K2-345: 132.7075876 21.7890367 11.460 0.520 0.560 3779.0 4.74 0.26
 K2-345 b: 2.080 2.110 nan 0.0873 10.36744 2457141.710348 444.6 0
>K2-346: 125.9864854 22.6632260 9.501 0.700 0.710 4801.0 4.60 -0.18
 K2-346 b: 3.330 2.260 nan 0.1845 26.20145 2457164.390197 450.9 0
>K2-347: 126.3726821 23.2974061 12.300 0.630 0.660 4599.0 4.65 -0.26
 K2-347 b: 2.570 2.410 nan 0.0630 7.18726 2457140.699277 701.0 0
>K2-348: 130.8783479 24.4229559 10.381 0.850 0.830 5077.0 4.50 0.13
 K2-348 b: 2.750 3.260 nan 0.0496 4.68842 2458096.716772 1013.4 0
 K2-348 c: 3.680 2.670 nan 0.0967 12.55017 2458104.435651 725.7 0
>K2-349: 199.0996546 -14.4447454 12.204 0.490 0.540 4385.0 4.78 -0.66
 K2-349 b: 3.250 1.380 nan 0.0456 9.03218 2457219.127431 693.5 0
>K2-35: 170.1031027 1.2858679 11.423 0.620 0.702 4402.7 4.56 0.04
 K2-35 b: 1.760 1.320 nan 0.0310 2.39996 2456810.584000 949.1 0
 K2-35 c: 2.050 1.930 nan 0.0550 5.60835 2456812.119000 712.6 0
>K2-350: 204.0355092 -14.0092516 11.776 1.040 0.980 5789.0 4.39 -0.02
 K2-350 b: 2.750 1.540 nan 0.0517 4.16387 2457219.277628 1252.6 0
 K2-350 c: 4.940 2.740 nan 0.1389 19.99194 2457228.164968 764.0 0
>K2-351: 206.6522408 -11.8049588 12.497 1.050 1.020 5769.0 4.40 0.08
 K2-351 b: 2.780 2.540 nan 0.0986 7.80616 2457223.495191 907.6 0
>K2-352: 140.4451478 18.4696280 9.691 0.950 0.980 5791.0 4.47 -0.05
 K2-352 b: 1.630 1.370 nan 0.0692 3.66591 2458098.635282 1034.8 0
 K2-352 c: 3.590 1.920 nan 0.0722 8.23489 2458098.716929 1012.7 0
 K2-352 d: 4.140 2.230 nan 0.1146 14.87139 2458103.622842 804.0 0
>K2-353: 201.6168564 -2.2819018 10.547 0.990 0.870 5698.0 4.38 -0.21
 K2-353 b: 3.390 5.550 nan 0.1154 15.46681 2458189.851818 804.9 0
>K2-354: 129.1299193 10.1472175 10.964 0.410 0.430 3669.0 4.86 -0.04
 K2-354 b: 1.530 1.560 nan 0.0363 3.79331 2457140.225970 594.4 0
>K2-355: 124.6426189 13.5027816 12.016 0.920 0.960 5790.0 4.49 -0.12
 K2-355 b: nan 2.250 nan 0.0632 5.73856 2458252.191830 1065.2 0
>K2-356: 128.3219134 13.6613758 11.508 0.860 0.900 5568.0 4.52 -0.11
 K2-356 b: nan 2.290 nan 0.1599 21.02674 2458256.040840 622.7 0
>K2-357: 131.9386628 16.3289144 11.952 1.000 0.980 5794.0 4.43 -0.02
 K2-357 b: nan 3.720 nan 0.1450 16.34886 2458255.116207 733.7 0
>K2-358: 133.8081054 18.9497263 11.989 0.910 0.930 5650.0 4.49 -0.07
 K2-358 b: nan 2.680 nan 0.0863 11.25103 2458259.009422 884.7 0
>K2-36: 169.4490102 3.8665038 9.454 0.718 0.790 4916.0 4.62 -0.09
 K2-36 b: 1.238 1.430 4.300 0.0229 1.42261 2456810.891600 1327.9 0
 K2-36 c: 1.354 3.200 7.900 0.0553 5.34089 2456812.840010 854.3 0
>K2-365: 238.8197061 -21.0269691 9.623 1.051 0.823 5561.0 4.31 -0.02
 K2-365 b: 5.712 2.906 nan 0.1498 23.44817 2456898.832600 710.3 0
>K2-366: 243.6800912 -19.3468837 9.875 0.940 0.825 5601.0 4.41 -0.22
 K2-366 b: 3.288 2.359 nan 0.1208 15.93704 2456906.435100 753.5 0
>K2-367: 337.8588454 -13.2644554 10.957 0.625 0.756 4348.0 4.73 -0.35
 K2-367 b: 1.940 2.413 nan 0.1309 20.64510 2456997.394100 458.1 0
>K2-368: 332.6357627 -11.1661157 11.042 0.663 0.746 4663.0 4.67 -0.25
 K2-368 b: 2.300 1.332 nan 0.0499 5.02560 2456978.767200 819.2 0
 K2-368 c: 2.856 1.361 nan 0.0801 9.66019 2456977.872200 646.9 0
 K2-368 d: 3.576 1.948 nan 0.1323 20.20108 2456988.537400 503.3 0
>K2-369: 329.7262534 -10.8750666 9.934 0.881 0.735 5682.0 4.42 -0.23
 K2-369 b: 2.200 1.313 nan 0.0586 5.76161 2456979.871600 1062.1 0
>K2-37: 243.4509662 -24.7870527 10.142 0.809 0.840 5352.0 4.53 -0.08
 K2-37 b: 2.706 1.390 nan 0.0499 4.44340 2456893.675300 1039.0 0
 K2-37 c: 2.908 2.410 nan 0.0638 6.42966 2456898.854800 918.6 0
 K2-37 d: 2.808 2.310 12.500 0.1077 14.09229 2456907.233100 707.2 0
>K2-370: 67.8205302 19.8316901 9.237 0.945 0.962 5662.0 4.48 0.08
 K2-370 b: 1.680 2.670 11.100 0.0321 2.14081 2457860.718590 1481.4 0
>K2-371: 128.0670932 11.6307099 12.391 0.736 0.958 4925.0 4.68 -0.11
 K2-371 b: 2.338 13.024 nan 0.0296 3.11490 2457141.417600 1184.8 0
>K2-372: 130.7988719 13.0094226 11.870 0.922 0.847 5479.0 4.44 -0.06
 K2-372 b: 3.425 2.945 nan 0.0858 9.84408 2457146.328700 866.1 0
>K2-373: 123.1361518 13.6884986 9.163 1.486 1.158 6138.0 4.16 0.05
 K2-373 b: 4.320 2.061 nan 0.1057 11.02066 2457150.289400 1110.0 0
>K2-374: 137.3794986 16.3558324 11.287 0.907 0.731 5789.0 4.39 -0.29
 K2-374 b: 3.000 1.593 nan 0.0483 4.52195 2458099.686900 1210.3 0
 K2-374 c: 3.600 2.213 nan 0.1143 16.43445 2458109.237600 786.2 0
>K2-375: 130.5013137 20.3593003 11.557 1.543 1.119 5822.0 4.11 -0.09
 K2-375 b: 6.792 2.243 nan 0.1213 14.45389 2457147.343600 1001.4 0
>K2-376: 132.7193327 25.0380824 9.007 1.149 0.908 5937.0 4.28 -0.18
 K2-376 b: 2.100 1.736 nan 0.0619 5.77647 2458096.742600 1233.7 0
>K2-377: 202.8978870 -12.0951142 10.994 0.691 0.821 4200.0 4.67 -0.01
 K2-377 b: 3.408 1.693 nan 0.0965 12.83224 2457230.142900 541.9 0
>K2-378: 205.1596569 -11.1172332 13.392 0.732 0.923 4823.0 4.67 -0.21
 K2-378 b: 1.378 2.880 nan 0.0324 2.06044 2457217.849300 1105.3 0
>K2-379: 283.0317641 -27.1807287 10.514 0.751 0.856 4603.0 4.62 -0.04
 K2-379 b: 2.904 2.181 nan 0.1207 8.77725 2457303.909100 553.7 0
>K2-38: 240.0333095 -23.1894196 9.470 1.060 1.030 5731.0 4.38 0.26
 K2-38 b: 3.192 1.540 7.300 0.0499 4.01593 2456896.878600 1273.2 0
 K2-38 c: 2.533 2.290 8.300 0.0951 10.56103 2456900.475200 922.4 0
>K2-380: 283.4346389 -26.5387308 9.681 1.320 0.993 5911.0 4.19 -0.05
 K2-380 b: 2.112 2.729 nan 0.0932 9.40131 2457302.935400 1072.4 0
>K2-381: 288.0267612 -21.0075789 10.302 0.675 0.754 4473.0 4.65 -0.24
 K2-381 b: 1.464 1.075 nan 0.0975 7.93893 2457304.844000 567.6 0
 K2-381 c: 3.144 2.000 nan 0.1236 16.03466 2457304.291600 504.0 0
 K2-381 d: 2.928 1.689 nan 0.1866 26.80302 2457307.915200 410.3 0
>K2-382: 287.4125267 -19.6269336 11.046 0.811 0.922 5452.0 4.58 -0.03
 K2-382 b: 4.104 2.072 nan 0.1539 21.70016 2457314.364700 603.5 0
>K2-383: 282.0087650 -18.3795798 10.456 0.804 1.061 5129.0 4.66 0.19
 K2-383 b: 1.963 1.564 nan 0.0291 1.86596 2457302.092800 1301.1 0
>K2-384: 20.4998403 0.7509701 11.294 0.348 0.330 3623.0 4.87 0.07
 K2-384 b: nan 1.076 nan 0.0268 2.23153 2457393.715700 629.0 0
 K2-384 c: 1.272 1.191 nan 0.0399 4.19477 2457394.415800 516.2 0
 K2-384 d: 1.512 1.392 nan 0.0452 6.67958 2457392.424300 484.8 0
 K2-384 e: 1.992 1.345 nan 0.0621 9.71504 2457398.966600 413.5 0
 K2-384 f: 2.160 2.222 nan 0.0772 13.62749 2457392.600200 370.9 0
>K2-385: 12.6140752 5.8712567 12.237 0.761 0.927 4844.0 4.64 -0.22
 K2-385 b: 1.920 1.539 nan 0.0356 2.38087 2457393.454400 1079.4 0
>K2-386: 18.2999964 7.0130302 11.525 0.970 0.911 5749.0 4.42 0.07
 K2-386 b: 3.557 2.320 nan 0.0732 7.47322 2457395.905600 1009.1 0
>K2-387: 19.4418282 11.3684915 12.286 0.585 0.570 3572.0 4.66 0.13
 K2-387 b: 3.288 7.322 nan 0.1508 28.73533 2457401.978700 339.3 0
>K2-388: 352.7139342 -11.0773564 10.931 0.910 0.930 5310.0 4.42 0.24
 K2-388 b: 3.020 3.900 nan 0.0654 6.33932 2457741.794560 954.9 0
>K2-389: 355.6304152 -9.7135814 10.184 1.094 0.990 5773.0 4.31 0.04
 K2-389 b: 3.100 2.330 nan 0.0818 8.58289 2457742.782000 1018.3 0
 K2-389 c: 5.200 2.052 nan 0.1457 20.85134 2457747.101200 760.5 0
>K2-39: 338.3682095 -9.0229405 8.516 2.970 0.660 4881.0 3.44 0.32
 K2-39 b: 8.904 6.277 28.605 0.0471 4.60543 2460807.332477 1869.0 0
>K2-390: 355.7023860 -9.5887124 11.718 0.966 0.789 5558.0 4.37 -0.12
 K2-390 b: 2.097 4.662 nan 0.0248 3.31279 2457739.902900 1674.3 0
>K2-391: 356.2260152 -7.7015151 10.705 0.566 0.757 5543.0 4.97 -0.54
 K2-391 b: 2.700 1.371 nan 0.0314 4.62265 2457741.516500 1135.3 0
>K2-392: 354.6499065 -7.4788816 11.238 1.058 0.841 5726.0 4.31 -0.24
 K2-392 b: 3.500 1.850 nan 0.1197 15.39872 2457739.673700 821.0 0
>K2-393: 348.5159113 -0.0821031 10.284 1.071 0.881 5678.0 4.32 0.08
 K2-393 b: nan 2.352 nan 0.0915 10.41318 2457739.392600 936.5 0
>K2-394: 71.1100020 16.5185817 9.568 0.631 0.478 4938.0 4.51 -0.39
 K2-394 b: 1.772 1.692 nan 0.0468 5.09572 2457825.285900 874.0 0
>K2-395: 70.4438684 16.6743415 11.365 0.783 0.952 5007.0 4.63 -0.03
 K2-395 b: 2.500 2.597 nan 0.0526 4.80335 2457825.008900 931.7 0
 K2-395 c: 2.300 3.395 nan 0.0817 8.49128 2457823.578600 747.6 0
>K2-396: 74.6928607 17.2690562 10.811 0.920 0.954 5236.0 4.49 0.24
 K2-396 b: 1.600 1.579 nan 0.0141 0.67386 2457820.963600 2041.2 0
 K2-396 c: nan 3.124 nan 0.1682 25.76051 2457829.418000 590.5 0
>K2-397: 79.9516586 21.2591617 9.950 0.966 0.937 5387.0 4.43 0.11
 K2-397 b: 1.300 2.417 nan 0.0454 3.57233 2457823.575100 1198.0 0
>K2-398: 161.7349738 1.9367044 11.717 1.239 0.945 5946.0 4.23 -0.26
 K2-398 b: 3.700 2.274 nan 0.0668 6.39302 2457909.044900 1235.0 0
 K2-398 c: 4.700 5.098 nan 0.1357 18.78784 2457911.684500 866.4 0
>K2-4: 174.7455392 -3.9055746 11.571 0.569 0.635 4014.7 4.85 -0.12
 K2-4 b: 2.870 2.100 nan 0.0780 10.00342 2456815.524000 523.0 0
>K2-400: 154.5110307 3.6969271 10.405 0.382 0.374 3578.0 4.85 -0.05
 K2-400 b: 1.600 1.163 nan 0.0340 3.86505 2457908.623400 578.6 0
>K2-401: 154.9876040 3.9548275 11.106 0.675 0.870 4213.0 4.72 -0.10
 K2-401 b: 1.900 2.262 nan 0.0658 6.29310 2457906.953100 650.5 0
>K2-402: 161.4519130 6.4193180 11.377 1.280 0.944 5716.0 4.20 -0.38
 K2-402 b: 5.200 2.678 nan 0.1376 17.27474 2457920.428600 840.8 0
>K2-403: 164.1893864 9.6739464 10.581 0.886 0.784 5511.0 4.44 -0.16
 K2-403 b: 4.900 5.333 nan 0.1643 33.58998 2457908.961300 617.2 0
>K2-404: 160.3249517 12.1911149 10.750 0.552 0.552 3748.0 4.70 0.01
 K2-404 b: 2.700 2.530 nan 0.0892 13.11537 2457917.836900 449.6 0
>K2-405: 164.3759959 12.5356140 10.547 0.765 1.034 4927.0 4.68 0.13
 K2-405 b: 2.423 4.569 nan 0.0225 3.43547 2457908.995900 1384.7 0
>K2-406: 230.8872242 -25.3706149 8.033 0.961 0.798 5784.0 4.37 -0.04
 K2-406 b: 4.800 4.602 nan 0.1437 22.54941 2458010.389500 721.3 0
>K2-407: 232.5552584 -23.0067371 10.213 0.927 0.881 5563.0 4.45 0.01
 K2-407 b: 2.900 1.283 nan 0.0551 4.94191 2457993.510100 1100.8 0
 K2-407 c: 3.700 1.360 nan 0.0809 9.22453 2457997.654500 908.2 0
>K2-408: 227.9168555 -17.6842698 9.978 0.784 0.813 5335.0 4.56 -0.17
 K2-408 b: 4.400 1.677 nan 0.1321 20.97896 2457991.536300 626.7 0
>K2-409: 228.4551125 -16.3512966 11.038 1.228 0.886 5742.0 4.20 -0.04
 K2-409 b: 2.500 2.482 nan 0.0304 1.90808 2457990.284100 1760.3 0
>K2-411: 58.0036310 19.3909877 10.271 1.375 1.018 5711.0 4.17 0.14
 K2-411 b: nan 0.990 nan 0.0511 3.21410 2457064.835500 1428.5 0
>K2-412: 76.2621295 21.5801620 12.542 0.977 0.893 5590.0 4.41 0.01
 K2-412 b: nan 2.116 nan 0.0586 5.93820 2457823.145600 1100.6 0
>K2-413: 353.4175668 -7.6120272 11.860 0.700 0.808 4116.0 4.66 -0.20
 K2-413 b: nan 0.760 nan 0.0117 0.80940 2457738.692400 1535.2 0
 K2-413 c: nan 1.233 nan 0.0426 5.33010 2457739.167300 804.5 0
>K2-414: 351.6361913 -4.6066569 11.438 0.732 0.814 4343.0 4.62 -0.10
 K2-414 b: nan 1.219 nan 0.0487 4.36960 2457742.099300 811.9 0
 K2-414 c: nan 1.929 nan 0.0552 6.66900 2457740.256300 762.6 0
>K2-415: 137.2015437 11.8622503 9.899 0.197 0.164 3173.0 5.07 -0.13
 K2-415 b: 1.120 1.015 7.500 0.0270 4.01797 2458100.071160 412.8 0
>K2-416: 349.2211822 -5.2015032 10.734 0.554 0.548 3746.0 4.69 nan
 K2-416 b: 2.770 2.660 1652.708 0.0880 13.10200 2458371.838400 453.2 0
>K2-417: 350.1417675 -10.0365901 10.060 0.578 0.569 3861.0 4.67 nan
 K2-417 b: 2.070 3.310 699.222 0.0630 6.53500 2458373.032100 563.7 0
>K2-419 A: 135.0194934 13.2737056 12.555 0.541 0.562 3711.0 4.74 -0.11
 K2-419 A b: 3.574 10.550 196.000 0.1208 20.35847 2459553.713800 378.7 0
>K2-42: 176.6657559 -5.1720463 12.284 0.643 0.702 4613.0 4.66 nan
 K2-42 b: 3.040 2.150 nan 0.0617 6.68796 2456814.676300 718.1 0
>K2-43: 169.1170280 -3.9754405 11.577 0.542 0.571 3840.6 4.70 nan
 K2-43 b: 2.045 4.510 nan 0.0202 3.47115 2456809.884300 960.1 0
 K2-43 c: 1.440 2.420 nan 0.0149 2.19888 2456810.405900 1118.0 0
>K2-44: 174.0116610 -2.5209338 10.693 1.580 1.150 5912.0 4.10 0.00
 K2-44 b: 4.360 2.433 nan 0.0600 5.65700 2456811.709400 1462.9 0
>K2-45: 169.6327547 -1.7740582 12.756 0.445 0.503 4103.0 4.82 nan
 K2-45 b: 1.689 6.710 nan 0.0224 1.72927 2456809.526040 881.8 0
>K2-46: 174.2662454 -0.9072100 10.781 1.290 0.960 6256.0 4.20 -0.50
 K2-46 b: 6.730 2.050 nan 0.1382 19.15410 2456815.335300 921.6 0
>K2-47: 168.5825696 2.7805614 11.735 0.760 0.750 5054.0 4.54 nan
 K2-47 b: 4.000 1.890 nan 0.1779 31.63720 2456825.703000 503.7 0
>K2-48: 176.1233077 3.2723812 11.838 0.730 0.770 4899.0 4.60 nan
 K2-48 b: 3.010 2.240 nan 0.1344 20.50650 2456817.485900 550.6 0
>K2-49: 177.3202331 3.4755183 12.729 0.450 0.510 4175.0 4.81 nan
 K2-49 b: 2.307 1.930 nan 0.0309 2.77065 2456810.020300 768.3 0
>K2-5: 169.3034598 -1.8778254 11.595 0.570 0.610 3930.0 4.71 -0.33
 K2-5 b: 2.654 1.910 nan 0.0532 5.73594 2456808.860000 620.3 0
 K2-5 c: 3.498 2.260 nan 0.0818 10.93241 2456814.601000 500.2 0
>K2-50: 169.4836540 5.9882890 11.664 0.546 0.611 4326.0 4.74 nan
 EPIC 201833600 c: 2.160 1.001 nan 0.0416 3.96151 2456852.655200 755.9 0
 K2-50 b: 2.680 1.590 nan 0.0705 8.75290 2456810.331100 580.5 0
>K2-52: 246.6114157 -24.9699462 11.853 2.192 1.691 7147.0 3.98 0.06
 K2-52 b: 5.328 18.000 nan 0.0540 3.53505 2456896.026180 2195.7 0
>K2-53: 244.1419684 -20.4005984 9.664 0.807 0.851 5263.0 4.55 -0.04
 K2-53 b: 3.480 2.600 nan 0.0980 12.20772 2456896.385820 728.3 0
>K2-54: 338.0541631 -17.5440636 11.075 0.643 0.615 3990.0 4.61 -0.02
 K2-54 b: 2.789 2.612 nan 0.0761 9.78330 2457012.287500 559.3 0
>K2-55: 333.7518786 -17.2508002 10.471 0.715 0.688 4300.0 4.57 0.38
 K2-55 b: 2.070 4.430 44.000 0.0347 2.84927 2456983.422900 940.9 0
>K2-57: 342.6918241 -14.0700007 11.645 0.671 0.699 4413.0 4.63 0.08
 K2-57 b: 2.580 2.309 nan 0.0752 9.00730 2457011.356800 635.7 0
>K2-58: 333.8218395 -14.0498570 10.215 0.860 0.890 5413.0 4.52 0.11
 K2-58 b: 1.899 2.680 nan 0.0692 7.05254 2456986.976300 920.2 0
 K2-58 c: 1.996 1.620 nan 0.0350 2.53726 2456982.120000 1293.9 0
 K2-58 d: 3.200 1.710 nan 0.1517 22.88270 2456998.070300 621.5 0
>K2-59: 338.9425500 -14.0277270 11.838 0.731 0.774 5055.0 4.59 nan
 K2-59 b: 2.760 2.410 nan 0.1354 20.69210 2456987.060300 566.4 0
 K2-59 c: 1.750 2.300 nan 0.0905 11.29540 2456986.709500 692.8 0
>K2-6: 178.1921152 -1.1984418 11.069 0.960 0.970 5850.0 4.40 -0.14
 K2-6 b: 5.280 2.500 nan 0.1898 30.94191 2456827.501400 634.4 0
>K2-60: 338.6062312 -13.7318044 10.993 1.120 0.970 5500.0 4.07 0.01
 K2-60 b: 3.080 7.656 135.396 0.0450 3.00265 2456928.059300 1323.1 0
>K2-61: 339.6748444 -13.5600447 11.385 0.995 0.970 5748.0 4.38 0.03
 K2-61 b: 2.808 1.920 nan 0.0364 2.57336 2456983.214000 1449.5 0
>K2-62: 334.3645089 -12.1874776 9.688 0.696 0.670 4455.0 4.57 -0.10
 K2-62 b: 1.597 2.020 nan 0.0607 6.67199 2456982.685000 727.5 0
 K2-62 c: 1.430 1.990 nan 0.1096 16.19697 2456991.545300 541.3 0
>K2-63: 333.4267738 -12.0663429 11.274 1.630 1.400 6771.0 4.15 nan
 K2-63 b: 5.490 3.220 nan 0.1627 20.25700 2456989.592900 1033.4 0
 K2-63 c: 4.240 3.900 nan 0.1890 25.45560 2456983.645400 958.8 0
>K2-64: 332.4138478 -11.4286687 12.201 0.726 0.741 5312.0 4.58 nan
 K2-64 b: 3.060 2.070 nan 0.0619 6.53044 2456986.191800 877.2 0
>K2-65: 333.2125206 -10.9261373 8.344 0.840 0.870 5213.0 4.53 -0.34
 K2-65 b: 3.430 1.580 nan 0.1014 12.64750 2456986.330300 723.5 0
>K2-66: 331.5266563 -10.7115362 10.609 1.670 1.110 5887.0 4.03 -0.05
 K2-66 b: 4.710 2.490 21.300 0.0598 5.06963 2456984.009000 1499.8 0
>K2-68: 334.0195539 -10.5673649 10.530 0.675 0.730 4746.0 4.63 -0.21
 K2-68 b: 2.720 1.580 nan 0.0708 8.05428 2456982.328100 706.6 0
>K2-69: 335.7596816 -10.4886817 11.766 0.491 0.551 4127.0 4.79 nan
 K2-69 b: 1.620 2.320 nan 0.0591 7.06599 2456982.782500 573.6 0
>K2-7: 167.0937488 -1.0658550 11.564 1.533 1.056 5700.0 4.09 0.05
 K2-7 b: 7.582 4.035 nan 0.1867 28.67810 2456853.294600 787.6 0
>K2-70: 338.4759328 -10.0849917 10.853 0.930 0.940 5622.0 4.48 0.06
 K2-70 b: 3.520 2.890 nan 0.1112 13.97896 2456984.443500 784.0 0
>K2-71: 341.7248656 -9.8816109 11.732 0.426 0.477 4006.0 4.85 nan
 K2-71 b: 1.410 2.150 nan 0.0559 6.98541 2456987.378500 533.3 0
>K2-72: 334.6227504 -9.6120084 10.962 0.331 0.271 3360.5 5.05 nan
 K2-72 b: 1.650 1.080 nan 0.0400 5.57721 2457010.376000 466.1 0
 K2-72 c: 2.150 1.160 nan 0.0780 15.18903 2456989.465000 333.8 0
 K2-72 d: 1.450 1.010 nan 0.0500 7.76018 2456984.788000 416.9 0
 K2-72 e: 2.250 1.290 nan 0.1060 24.15887 2456987.054000 286.3 0
>K2-73: 335.0256620 -9.0560881 10.322 1.058 1.020 5867.0 4.39 0.04
 K2-73 b: 3.620 2.580 9.200 0.0755 7.49556 2456987.672600 1059.4 0
 K2-73 c: nan nan 1142.000 1.9700 1000.00000 2456905.000000 207.3 1
>K2-74: 339.9192984 -8.7145697 11.068 0.980 0.960 6060.0 4.44 -0.21
 K2-74 b: 5.120 2.310 nan 0.1402 19.56660 2456997.999200 772.6 0
>K2-75: 338.8448960 -7.4698950 11.178 1.560 1.160 5995.0 4.12 0.30
 K2-75 b: 5.480 2.670 nan 0.0810 7.81420 2456983.451000 1268.7 0
 K2-75 c: 6.420 2.770 nan 0.1429 18.31100 2456992.715000 955.1 0
>K2-77: 55.2285210 12.5724480 9.799 0.792 0.847 5160.0 4.57 0.13
 K2-77 b: 2.544 2.500 603.877 0.0753 8.20008 2457316.807660 807.0 0
>K2-79: 55.2559307 13.5191871 9.907 1.269 1.060 5897.0 4.26 0.04
 K2-79 b: 4.566 4.150 5.900 0.0987 10.99504 2459917.958300 1019.6 0
>K2-8: 169.7935178 -0.2844389 12.245 0.740 0.780 4870.0 4.52 -0.02
 K2-8 b: 3.362 3.580 nan 0.0856 10.35239 2456813.611400 690.5 0
 K2-8 c: 2.080 2.410 nan 0.0532 5.06416 2456813.070700 875.8 0
>K2-80: 59.0374860 13.5590288 10.313 0.870 0.900 5441.0 4.52 0.07
 K2-80 b: 4.460 2.010 nan 0.1350 19.09180 2457077.610000 666.0 0
 K2-80 c: 2.680 1.470 nan 0.0596 5.60500 2457066.484200 1002.4 0
 K2-80 d: 4.224 2.639 nan 0.1785 28.86725 2457082.937090 562.9 0
>K2-81: 57.4854562 14.5020556 11.316 0.635 0.745 4674.1 4.67 nan
 K2-81 b: 2.150 1.970 nan 0.0590 6.10233 2457070.440000 739.2 0
>K2-83: 59.9013782 15.5587994 10.765 0.424 0.484 3910.0 4.86 nan
 K2-83 b: 1.664 1.244 nan 0.0301 2.74697 2457067.063300 707.2 0
 K2-83 c: 2.770 1.483 nan 0.0713 9.99767 2457066.270300 459.7 0
>K2-84: 55.8093566 16.6344396 11.059 0.930 0.950 5652.0 4.48 nan
 K2-84 b: 2.810 2.410 nan 0.0665 6.42150 2457071.421200 1019.2 0
 K2-84 c: 4.610 2.030 nan 0.1768 27.86000 2457068.615000 625.1 0
>K2-85: 59.4648290 18.4649505 9.466 0.710 0.700 4232.0 4.44 0.14
 K2-85 b: 0.818 1.400 3.200 0.0135 0.68454 2457065.367780 1480.1 0
>K2-86: 51.5531053 18.6355718 10.927 0.760 0.790 5482.0 4.58 -0.35
 K2-86 b: 2.750 1.960 nan 0.0770 8.77683 2457070.017300 830.5 0
>K2-87: 66.2363638 18.8273617 11.197 1.401 1.164 5747.0 4.21 0.33
 K2-87 b: 4.560 7.600 nan 0.0940 9.72662 2457072.302320 1069.9 0
>K2-88: 54.7514566 19.1199667 11.240 0.256 0.258 3537.0 5.02 nan
 K2-88 b: 1.039 1.230 nan 0.0345 4.61220 2457066.219400 464.6 0
>K2-89: 57.0671234 20.4594885 10.106 0.318 0.347 3691.0 4.96 nan
 K2-89 b: 0.895 0.615 nan 0.0146 1.09603 2457066.006600 830.1 0
>K2-9: 176.2637240 0.0054085 11.495 0.310 0.300 3390.0 4.82 -0.25
 K2-9 b: 2.840 2.250 nan 0.0910 18.44980 2456822.671200 301.7 0
>K2-90: 59.1527391 22.4724517 10.360 0.619 0.629 4484.0 4.65 -0.23
 K2-90 b: 2.952 2.600 nan 0.0960 13.73331 2457078.661120 549.0 0
 K2-90 c: 1.303 1.265 nan 0.0350 2.90071 2457066.740000 908.1 0
>K2-91: 63.2182348 24.2047218 10.571 0.284 0.292 3622.0 5.00 nan
 K2-91 b: 0.945 1.100 nan 0.0164 1.41955 2457065.431900 726.8 0
>K2-95: 129.3625717 18.9766197 12.474 0.400 0.410 3566.0 4.85 0.10
 K2-95 b: 2.856 3.310 nan 0.0525 10.13465 2457140.742212 474.6 0
>K2-97: 127.7628370 10.8475571 10.035 4.140 1.170 4673.0 3.28 0.33
 K2-97 b: 6.271 13.451 174.488 0.0854 8.40711 2457722.144700 1568.9 0
>K2-98: 126.4882114 11.5110933 10.869 1.518 1.246 6260.0 4.17 -0.04
 K2-98 b: 5.122 5.066 34.008 0.0986 10.13673 2457662.953210 1184.4 0
>K2-99: 208.7737624 -5.4424943 9.720 2.550 1.440 6069.0 3.78 0.20
 K2-99 b: 11.100 11.882 276.511 0.1530 18.24783 2458182.713300 1194.7 0
 K2-99 c: 33.600 nan 2669.759 1.4300 522.20000 2458104.200000 390.8 1
>KELT-1: 0.3620995 39.3837953 9.437 1.471 1.335 6516.0 4.23 0.05
 KELT-1 b: 2.765 12.442 8654.150 0.0247 1.21751 2455914.162800 2426.7 0
>KELT-10: 284.5483823 -47.0033072 9.338 1.209 1.112 5948.0 4.32 0.09
 KELT-10 b: 3.744 15.681 215.807 0.0525 4.16627 2457066.720450 1376.4 0
>KELT-11: 161.7069053 -9.3993646 6.122 2.690 1.440 5375.0 3.70 0.17
 KELT-11 b: 7.100 15.132 65.155 0.0623 4.73621 2455498.958980 1703.1 0
>KELT-12: 267.6404906 36.5701761 9.362 2.370 1.591 6279.0 3.89 0.19
 KELT-12 b: 5.762 19.952 301.938 0.0671 5.03162 2457083.660459 1799.7 0
>KELT-14: 108.3014090 -42.4097623 9.424 1.520 1.239 5720.0 4.17 0.32
 KELT-14 b: 2.188 19.537 408.094 0.0301 1.71006 2456665.224010 1961.7 0
>KELT-15: 117.4149764 -52.1204471 9.854 1.780 2.060 6003.0 4.17 0.05
 KELT-15 b: 4.126 19.504 416.357 0.0555 3.32944 2457029.166300 1639.9 0
>KELT-16: 314.2685227 31.6610186 10.642 1.360 1.211 6236.0 4.25 -0.00
 KELT-16 b: 2.489 15.861 874.033 0.0204 0.96900 2457247.247910 2452.8 0
>KELT-17: 125.6174070 13.7353093 8.646 1.645 1.635 7454.0 4.22 -0.02
 KELT-17 b: 3.475 17.094 416.357 0.0488 3.08017 2457226.142194 2086.7 0
>KELT-18: 216.5238248 59.4442735 9.210 1.908 1.524 6670.0 4.06 0.09
 KELT-18 b: 4.644 17.598 375.039 0.0455 2.87175 2457542.525040 2082.8 0
>KELT-19 A: 111.5095293 7.6157759 9.196 1.830 1.620 7500.0 4.13 -0.12
 KELT-19 A b: 4.394 21.409 1293.568 0.0637 4.61171 2457281.249537 1938.4 0
>KELT-2 A: 92.6640226 30.9571333 7.346 1.930 1.540 6327.0 4.50 0.00
 KELT-2 A b: 5.235 15.132 540.311 0.0582 4.11379 2460257.044778 1757.5 0
>KELT-20: 294.6614126 31.2192001 7.415 1.565 1.760 8720.0 4.29 -0.29
 KELT-20 b: 3.576 19.515 1074.901 0.0542 3.47411 2457503.120049 2259.5 0
>KELT-21: 304.8000322 32.5810446 10.090 1.638 1.458 7598.0 4.17 -0.41
 KELT-21 b: 4.105 17.777 1242.715 0.0522 3.61276 2457295.934340 2051.6 0
>KELT-23 A: 232.1466406 66.3587097 8.904 0.996 0.944 5899.0 4.42 -0.10
 KELT-23 A b: 2.381 14.830 298.125 0.0330 2.25525 2458140.379200 1562.3 0
>KELT-24: 161.9090273 71.6557270 7.154 1.338 1.268 6426.0 4.29 0.14
 KELT-24 b: 4.303 12.711 1458.832 0.0665 5.55149 2459173.347426 1389.9 0
>KELT-3: 148.6431193 40.3879446 8.662 1.700 1.960 6304.0 4.20 0.05
 KELT-3 b: 3.151 17.486 616.590 0.0474 2.70339 2456034.295370 1819.8 0
>KELT-4 A: 157.0626200 25.5731366 8.689 1.603 1.201 6206.0 4.11 -0.12
 KELT-4 A b: 3.463 19.044 286.683 0.0432 2.98959 2456190.302010 1823.6 0
>KELT-6: 195.9818362 30.6401450 9.083 1.730 1.420 6102.0 4.07 -0.28
 KELT-6 b: 5.520 14.572 165.272 0.0871 7.84570 2456347.796793 1311.1 0
 KELT-6 c: nan nan 1179.149 2.3900 1276.00000 nan 241.9 1
>KELT-7: 78.2955912 33.3179532 7.543 1.810 1.760 6768.0 4.50 0.00
 KELT-7 b: 3.205 17.934 441.784 0.0463 2.73477 2460662.485202 2040.6 0
>KELT-8: 283.3054489 24.1272483 9.177 1.460 0.810 5754.0 4.08 0.27
 KELT-8 b: 3.466 18.159 209.768 0.0401 3.24406 2456883.480300 1675.1 0
>KELT-9: 307.8598998 39.9389161 7.482 2.418 2.320 9270.0 4.04 0.07
 KELT-9 b: 3.916 21.701 915.346 0.0337 1.48112 2457095.685720 3787.5 0
>KIC 10001893: 287.3892308 46.9844491 16.612 nan nan 27500.0 5.35 nan
 KIC 10001893 b: nan nan nan nan 0.21970 nan nan 0
 KIC 10001893 c: nan nan nan nan 0.32528 nan nan 0
 KIC 10001893 d: nan nan nan nan 0.81161 nan nan 0
>KIC 10068024: 288.8470423 47.0228607 11.830 1.574 1.220 6118.4 4.09 0.01
 KIC 10068024 b: nan nan 635.657 0.0340 2.07355 nan 2007.3 1
>KIC 10525077: 287.3781164 47.7711541 13.754 1.010 1.010 6091.0 4.42 -0.04
 KIC 10525077 b: nan 5.500 nan 1.1240 854.08300 2455168.236000 278.4 0
>KIC 3526061: 285.1863974 38.6111112 7.776 5.860 1.420 4829.0 3.09 0.12
 KIC 3526061 b: nan nan 5768.586 5.1400 3552.00000 2458708.100000 248.6 1
>KIC 3558849: 294.9498381 38.6051867 12.767 1.010 0.980 6175.0 4.44 -0.42
 KIC 3558849 b: nan 6.900 nan 2.7087 1322.30000 2455112.920000 181.8 0
>KIC 5437945: 288.4749028 40.6512848 12.367 1.240 1.070 6340.0 4.16 -0.38
 KIC 5437945 b: 21.268 6.400 nan 0.9163 440.78130 2454972.355000 355.6 0
 Kepler-460 c: 21.445 5.422 nan 0.7518 220.13034 2455078.985860 383.7 0
>KIC 5479689: 299.3254983 40.6381229 11.937 0.894 0.966 5459.1 4.52 0.16
 KIC 5479689 b: nan nan 158.914 0.0276 1.70153 nan 1498.9 1
>KIC 7917485: 299.4346094 43.6326069 12.111 nan 1.630 7067.0 4.00 -0.02
 KIC 7917485 b: nan nan 3750.394 2.0505 840.00000 nan nan 1
>KIC 8121913: 298.9677981 43.9093780 10.763 2.233 1.456 5975.3 3.90 0.25
 KIC 8121913 b: nan nan 667.440 0.0491 3.29460 nan 1942.8 1
>KIC 9663113: 297.0454037 46.3286653 12.502 2.216 1.150 6117.2 3.81 0.14
 KIC 9663113 b: 23.162 9.909 nan 0.7353 572.38470 2455139.506000 346.1 0
 Kepler-458 c: 10.385 4.200 nan 0.1548 20.74028 2454975.799440 1116.0 0
>KMT-2016-BLG-0212L: 268.4392500 -29.0868889 nan nan 0.480 nan nan nan
 KMT-2016-BLG-0212L b: nan nan 5700.000 2.2000 nan nan nan 0
>KMT-2016-BLG-1105L: 266.4472500 -26.2663694 nan nan 0.410 nan nan nan
 KMT-2016-BLG-1105L b: nan nan 2.320 2.4400 nan nan nan 0
>KMT-2016-BLG-1107L: 266.4177500 -26.0318000 nan nan 0.087 nan nan nan
 KMT-2016-BLG-1107L b: nan nan 1043.000 0.3420 nan nan nan 0
>KMT-2016-BLG-1337L: 269.1300417 -33.0341889 nan nan 0.540 nan nan nan
 KMT-2016-BLG-1337L b: nan nan 88.992 3.9700 nan nan nan 0
>KMT-2016-BLG-1397L: 272.6646120 -24.8577385 nan nan 0.450 nan nan nan
 KMT-2016-BLG-1397L b: nan nan 2200.000 5.1000 nan nan nan 0
>KMT-2016-BLG-1820L: 268.7647400 -29.5169201 nan nan 0.039 nan nan nan
 KMT-2016-BLG-1820L b: nan nan 1450.000 1.0800 nan nan nan 0
>KMT-2016-BLG-1836L: 268.2503330 -30.0407500 nan nan 0.490 nan nan nan
 KMT-2016-BLG-1836L b: nan nan 700.000 3.5000 nan nan nan 0
>KMT-2016-BLG-2142L: 268.1120000 -29.3845615 nan nan 0.073 nan nan nan
 KMT-2016-BLG-2142L b: nan nan 4923.000 0.8300 nan nan nan 0
>KMT-2016-BLG-2321L: 264.0579167 -25.5248806 nan nan 0.730 nan nan nan
 KMT-2016-BLG-2321L b: nan nan 301.937 3.5800 nan nan nan 0
>KMT-2016-BLG-2364L: 265.7156670 -27.4355611 nan nan 0.500 nan nan nan
 KMT-2016-BLG-2364L b: nan nan 1250.000 2.6300 nan nan nan 0
>KMT-2016-BLG-2397L: 266.2125420 -23.2013806 nan nan 0.640 nan nan nan
 KMT-2016-BLG-2397L b: nan nan 836.000 3.6400 nan nan nan 0
>KMT-2016-BLG-2605L: 269.8230833 -26.9820000 nan nan 0.064 nan nan nan
 KMT-2016-BLG-2605L b: nan nan 245.046 0.6810 nan nan nan 0
>KMT-2017-BLG-0165L: 269.6496667 -28.1336694 nan nan 0.760 nan nan nan
 KMT-2017-BLG-0165L b: nan nan 34.000 3.4500 nan nan nan 0
>KMT-2017-BLG-0428L: 271.3852500 -28.4902806 nan nan 0.340 nan nan nan
 KMT-2017-BLG-0428L b: nan nan 5.590 1.8100 nan nan nan 0
>KMT-2017-BLG-0673L: 264.7570417 -33.8080278 nan nan 0.630 nan nan nan
 KMT-2017-BLG-0673L b: nan nan 1166.430 2.3400 nan nan nan 0
>KMT-2017-BLG-0849L: 265.3594583 -25.2812194 nan nan 0.190 nan nan nan
 KMT-2017-BLG-0849L b: nan nan 6.390 2.7300 nan nan nan 0
>KMT-2017-BLG-1003L: 265.4115000 -24.3739389 nan nan 0.320 nan nan nan
 KMT-2017-BLG-1003L b: nan nan 5.190 1.3800 nan nan nan 0
>KMT-2017-BLG-1038L: 266.1709170 -25.1430306 nan nan 0.370 nan nan nan
 KMT-2017-BLG-1038L b: nan nan 640.000 1.8000 nan nan nan 0
>KMT-2017-BLG-1057L: 265.4860000 -22.3351111 nan nan 0.570 nan nan nan
 KMT-2017-BLG-1057L b: nan nan 23.500 2.3600 nan nan nan 0
>KMT-2017-BLG-1146L: 269.1058330 -33.1424694 nan nan 0.330 nan nan nan
 KMT-2017-BLG-1146L b: nan nan 230.000 1.6000 nan nan nan 0
>KMT-2017-BLG-1194L: 274.3221250 -25.3239389 nan nan 0.410 nan nan nan
 KMT-2017-BLG-1194L b: nan nan 3.540 1.7800 nan nan nan 0
>KMT-2017-BLG-2197L: 262.6113333 -30.1593111 nan nan 0.360 nan nan nan
 KMT-2017-BLG-2197L b: nan nan 2809.603 15.9100 nan nan nan 0
>KMT-2017-BLG-2331L: 264.4072083 -29.4612111 nan nan 0.400 nan nan nan
 KMT-2017-BLG-2331L b: nan nan 171.000 2.1400 nan nan nan 0
>KMT-2017-BLG-2509L: 265.5898750 -26.3171500 nan nan 0.460 nan nan nan
 KMT-2017-BLG-2509L b: nan nan 664.261 2.1400 nan nan nan 0
>KMT-2018-BLG-0029L: 264.4694580 -27.9847000 nan nan 1.140 nan nan nan
 KMT-2018-BLG-0029L b: nan nan 7.590 4.2700 nan nan nan 0
>KMT-2018-BLG-0030L: 264.5166667 -28.0416250 nan nan 0.510 nan nan nan
 KMT-2018-BLG-0030L b: nan nan 460.851 4.3900 nan nan nan 0
>KMT-2018-BLG-0087L: 264.3270000 -27.8320611 nan nan 0.100 nan nan nan
 KMT-2018-BLG-0087L b: nan nan 73.101 0.8700 nan nan nan 0
>KMT-2018-BLG-0247L: 264.5600417 -27.1504111 nan nan 0.290 nan nan nan
 KMT-2018-BLG-0247L b: nan nan 670.618 2.4600 nan nan nan 0
>KMT-2018-BLG-0748L: 267.8745000 -30.6463889 nan nan 0.087 nan nan nan
 KMT-2018-BLG-0748L b: nan nan 60.000 0.6200 nan nan nan 0
>KMT-2018-BLG-0885L: 268.9663333 -28.5133611 nan nan 0.290 nan nan nan
 KMT-2018-BLG-0885L b: nan nan 9217.024 1.0700 nan nan nan 0
>KMT-2018-BLG-1025L: 269.8664167 -27.8780611 nan nan 0.219 nan nan nan
 KMT-2018-BLG-1025L b: nan nan 6.059 1.3050 nan nan nan 0
>KMT-2018-BLG-1292L: 263.4275830 -33.5206694 nan nan 1.090 nan nan nan
 KMT-2018-BLG-1292L b: nan nan 1400.000 6.0300 nan nan nan 0
>KMT-2018-BLG-1743L: 274.2833750 -26.3596389 nan nan 0.193 nan nan nan
 KMT-2018-BLG-1743L b: nan nan 77.868 1.4490 nan nan nan 0
>KMT-2018-BLG-1976L: 266.3546667 -35.7003306 nan nan 0.650 nan nan nan
 KMT-2018-BLG-1976L b: nan nan 705.579 3.5400 nan nan nan 0
>KMT-2018-BLG-1988L: 265.2825417 -35.5947000 nan nan 0.470 nan nan nan
 KMT-2018-BLG-1988L b: nan nan 5.560 3.0900 nan nan nan 0
>KMT-2018-BLG-1990L: 268.4353750 -22.1525389 nan nan 0.094 nan nan nan
 KMT-2018-BLG-1990L b: nan nan 111.000 0.7630 nan nan nan 0
>KMT-2018-BLG-1996L: 268.6785000 -22.8204111 nan nan 0.690 nan nan nan
 KMT-2018-BLG-1996L b: nan nan 346.433 4.2700 nan nan nan 0
>KMT-2018-BLG-2602L: 267.3970417 -21.9762000 nan nan 0.660 nan nan nan
 KMT-2018-BLG-2602L b: nan nan 365.503 3.8100 nan nan nan 0
>KMT-2019-BLG-0253L: 267.8825833 -29.5654722 nan nan 0.700 nan nan nan
 KMT-2019-BLG-0253L b: nan nan 9.200 3.1000 nan nan nan 0
>KMT-2019-BLG-0297L: 270.0632917 -28.9652806 nan nan 0.210 nan nan nan
 KMT-2019-BLG-0297L b: nan nan 6038.740 0.9600 nan nan nan 0
>KMT-2019-BLG-0298L: 264.8780000 -27.6381389 nan nan 0.700 nan nan nan
 KMT-2019-BLG-0298L b: nan nan 575.269 5.6700 nan nan nan 0
>KMT-2019-BLG-0335L: 262.8401250 -29.5906889 nan nan 0.320 nan nan nan
 KMT-2019-BLG-0335L b: nan nan 6674.397 1.6400 nan nan nan 0
>KMT-2019-BLG-0371L: 268.3839167 -31.5550222 nan nan 0.090 nan nan nan
 KMT-2019-BLG-0371L b: nan nan 2447.279 0.7900 nan nan nan 0
>KMT-2019-BLG-0414L: 268.8529167 -21.8955389 nan nan 0.740 nan nan nan
 KMT-2019-BLG-0414L b: nan nan 1452.476 1.1600 nan nan nan 0
>KMT-2019-BLG-0578L: 269.4846667 -27.7948611 nan nan 0.280 nan nan nan
 KMT-2019-BLG-0578L b: nan nan 381.394 2.0000 nan nan nan 0
>KMT-2019-BLG-0842L: 268.4584580 -29.8774389 nan nan 0.760 nan nan nan
 KMT-2019-BLG-0842L b: nan nan 10.280 3.3100 nan nan nan 0
>KMT-2019-BLG-0953L: 269.3385833 -28.6746389 nan nan 0.280 nan nan nan
 KMT-2019-BLG-0953L b: nan nan 15.500 1.1000 nan nan nan 0
>KMT-2019-BLG-1042L: 270.5440417 -27.5806694 nan nan 0.300 nan nan nan
 KMT-2019-BLG-1042L b: nan nan 60.387 1.7000 nan nan nan 0
>KMT-2019-BLG-1216L: 268.4806250 -35.1366389 nan nan 0.390 nan nan nan
 KMT-2019-BLG-1216L b: nan nan 29.876 2.4400 nan nan nan 0
>KMT-2019-BLG-1339L: 265.7434170 -25.5739167 nan nan 0.480 nan nan nan
 KMT-2019-BLG-1339L b: nan nan 397.000 2.1500 nan nan nan 0
>KMT-2019-BLG-1367L: 272.4713333 -29.7622111 nan nan 0.250 nan nan nan
 KMT-2019-BLG-1367L b: nan nan 4.080 1.7000 nan nan nan 0
>KMT-2019-BLG-1552L: 269.5957917 -27.5669389 nan nan 0.790 nan nan nan
 KMT-2019-BLG-1552L b: nan nan 1287.205 2.6000 nan nan nan 0
>KMT-2019-BLG-1715L: 270.3717083 -28.7771389 nan nan 0.610 nan nan nan
 KMT-2019-BLG-1715L b: nan nan 813.641 3.3200 nan nan nan 0
>KMT-2019-BLG-1806L: 270.5375417 -29.4148889 nan nan 0.740 nan nan nan
 KMT-2019-BLG-1806L b: nan nan 4.670 3.0200 nan nan nan 0
>KMT-2019-BLG-1953L: 269.1162500 -28.2011111 nan nan 0.310 nan nan nan
 KMT-2019-BLG-1953L b: nan nan 200.000 nan nan nan nan 0
>KMT-2019-BLG-2783L: 269.2919167 -33.7885194 nan nan 0.340 nan nan nan
 KMT-2019-BLG-2783L b: nan nan 368.681 1.8500 nan nan nan 0
>KMT-2019-BLG-2974L: 267.8520833 -29.4231611 nan nan 0.470 nan nan nan
 KMT-2019-BLG-2974L b: nan nan 88.992 2.0000 nan nan nan 0
>KMT-2020-BLG-0202L: 267.0404583 -24.4744500 nan nan 0.810 nan nan nan
 KMT-2020-BLG-0202L b: nan nan 3902.933 4.1700 nan nan nan 0
>KMT-2020-BLG-0414L: 271.9150000 -28.4852222 nan nan 0.490 nan nan nan
 KMT-2020-BLG-0414L b: nan nan 1.870 2.0700 nan nan nan 0
 KMT-2020-BLG-0414L c: nan nan 8581.367 22.3000 nan nan nan 0
>KMT-2021-BLG-0119L: 274.0005417 -29.7438889 nan nan 0.560 nan nan nan
 KMT-2021-BLG-0119L b: nan nan 1754.413 2.9200 nan nan nan 0
>KMT-2021-BLG-0171L: 269.2416667 -30.0930556 nan nan 0.780 5200.0 nan nan
 KMT-2021-BLG-0171L b: nan nan 11.200 3.5000 nan nan nan 0
>KMT-2021-BLG-0192L: 268.1049583 -30.0086889 nan nan 0.270 nan nan nan
 KMT-2021-BLG-0192L b: nan nan 34.961 1.6200 nan nan nan 0
>KMT-2021-BLG-0240L: 267.5772917 -30.0049694 nan nan 0.560 nan nan nan
 KMT-2021-BLG-0240L b: nan nan 66.744 2.8000 nan nan nan 0
>KMT-2021-BLG-0320L: 269.3881250 -30.5039389 nan nan 0.320 nan nan nan
 KMT-2021-BLG-0320L b: nan nan 31.783 1.5400 nan nan nan 0
>KMT-2021-BLG-0322L: 270.9116667 -29.6043889 nan nan 0.620 nan nan nan
 KMT-2021-BLG-0322L b: nan nan 2034.102 nan nan nan nan 0
>KMT-2021-BLG-0712L: 269.2856667 -31.1844694 nan nan 0.220 nan nan nan
 KMT-2021-BLG-0712L b: nan nan 38.190 2.2200 nan nan nan 0
>KMT-2021-BLG-0736L: 268.3225833 -29.7124194 nan nan 0.600 nan nan nan
 KMT-2021-BLG-0736L b: nan nan 21.000 4.0000 nan nan nan 0
>KMT-2021-BLG-0748L: 272.4213333 -25.7465806 nan nan 0.360 nan nan nan
 KMT-2021-BLG-0748L b: nan nan 143.023 2.4300 nan nan nan 0
>KMT-2021-BLG-0852L: 265.8311667 -33.8918389 nan nan 0.750 nan nan nan
 KMT-2021-BLG-0852L b: nan nan 155.736 7.7800 nan nan nan 0
>KMT-2021-BLG-0909L: 265.6202083 -27.6391389 nan nan 0.380 nan nan nan
 KMT-2021-BLG-0909L b: nan nan 400.464 1.7500 nan nan nan 0
>KMT-2021-BLG-0912L: 269.8211667 -31.9976389 nan nan 0.800 nan nan nan
 KMT-2021-BLG-0912L b: nan nan 2.810 3.1400 nan nan nan 0
>KMT-2021-BLG-1077L: 266.4891250 -33.8428111 nan nan 0.140 nan nan nan
 KMT-2021-BLG-1077L b: nan nan 69.922 1.2600 nan nan nan 0
 KMT-2021-BLG-1077L c: nan nan 79.457 0.9300 nan nan nan 0
>KMT-2021-BLG-1105L: 265.7322500 -25.5089111 nan nan 0.630 nan nan nan
 KMT-2021-BLG-1105L b: nan nan 413.177 3.5400 nan nan nan 0
>KMT-2021-BLG-1150L: 268.7901250 -31.3133306 nan nan 0.730 nan nan nan
 KMT-2021-BLG-1150L b: nan nan 279.689 4.5000 nan nan nan 0
>KMT-2021-BLG-1253L: 267.6172083 -29.2792806 nan nan 0.240 nan nan nan
 KMT-2021-BLG-1253L b: nan nan 19.050 1.5200 nan nan nan 0
>KMT-2021-BLG-1303L: 271.8638750 -29.2815806 nan nan 0.570 nan nan nan
 KMT-2021-BLG-1303L b: nan nan 120.775 2.8900 nan nan nan 0
>KMT-2021-BLG-1372L: 264.4885417 -28.1483889 nan nan 0.420 nan nan nan
 KMT-2021-BLG-1372L b: nan nan 61.270 2.3700 nan nan nan 0
>KMT-2021-BLG-1391L: 270.6835833 -28.0605000 nan nan 0.370 nan nan nan
 KMT-2021-BLG-1391L b: nan nan 4.550 2.2900 nan nan nan 0
>KMT-2021-BLG-1547L: 272.3995833 -29.0839389 nan nan 0.720 nan nan nan
 KMT-2021-BLG-1547L b: nan nan 467.208 4.5000 nan nan nan 0
>KMT-2021-BLG-1554L: 267.8034167 -31.8643611 nan nan 0.080 nan nan nan
 KMT-2021-BLG-1554L b: nan nan 38.139 0.7200 nan nan nan 0
>KMT-2021-BLG-1689L: 269.5791667 -30.1452778 nan nan 0.580 4570.0 nan nan
 KMT-2021-BLG-1689L b: nan nan 46.000 2.5000 nan nan nan 0
>KMT-2021-BLG-1770L: 270.4399583 -27.4186694 nan nan 0.130 nan nan nan
 KMT-2021-BLG-1770L b: nan nan 6674.397 0.9000 nan nan nan 0
>KMT-2021-BLG-1898L: 265.6918750 -27.3758389 nan nan 0.480 nan nan nan
 KMT-2021-BLG-1898L b: nan nan 232.015 1.9000 nan nan nan 0
>KMT-2021-BLG-2010L: 268.0085000 -32.2697500 nan nan 0.370 nan nan nan
 KMT-2021-BLG-2010L b: nan nan 340.076 1.7900 nan nan nan 0
>KMT-2021-BLG-2294L: 270.0624167 -28.6124389 nan nan 0.140 nan nan nan
 KMT-2021-BLG-2294L b: nan nan 22.248 1.1500 nan nan nan 0
>KMT-2021-BLG-2478L: 269.3092083 -29.1019694 nan nan 0.200 nan nan nan
 KMT-2021-BLG-2478L b: nan nan 286.046 1.8500 nan nan nan 0
>KMT-2021-BLG-2609L: 263.5188750 -27.5969389 nan nan 0.200 nan nan nan
 KMT-2021-BLG-2609L b: nan nan 10.171 2.3000 nan nan nan 0
>KMT-2022-BLG-0303L: 268.0331250 -22.6890806 nan nan 0.368 nan nan nan
 KMT-2022-BLG-0303L b: nan nan 163.046 4.8100 nan nan nan 0
>KMT-2022-BLG-0371L: 265.3619167 -34.6986694 nan nan 0.630 nan nan nan
 KMT-2022-BLG-0371L b: nan nan 82.635 3.0200 nan nan nan 0
>KMT-2022-BLG-0440L: 269.5835833 -32.2953056 nan nan 0.530 nan nan nan
 KMT-2022-BLG-0440L b: nan nan 15.400 1.9000 nan nan nan 0
>KMT-2022-BLG-1013L: 264.7092500 -28.3556694 nan nan 0.180 nan nan nan
 KMT-2022-BLG-1013L b: nan nan 98.527 1.3800 nan nan nan 0
>KMT-2022-BLG-1551L: 265.2537500 -27.5518806 nan nan 0.540 nan nan nan
 KMT-2022-BLG-1551L b: nan nan 940.772 2.2900 nan nan nan 0
>KMT-2022-BLG-1790L: 271.0562500 -27.0347500 nan nan 0.580 nan nan nan
 KMT-2022-BLG-1790L b: nan nan 549.843 5.2500 nan nan nan 0
>KMT-2022-BLG-1818L: 270.7986250 -27.4811111 nan nan 0.790 nan nan nan
 KMT-2022-BLG-1818L b: nan nan 1271.314 2.6000 nan nan nan 0
 KMT-2022-BLG-1818L c: nan nan 114.418 12.6000 nan nan nan 0
>KMT-2022-BLG-2076L: 268.0511250 -29.0279306 nan nan 0.670 nan nan nan
 KMT-2022-BLG-2076L b: nan nan 279.689 5.6700 nan nan nan 0
>KMT-2022-BLG-2286L: 269.1652500 -28.8549194 nan nan 0.200 nan nan nan
 KMT-2022-BLG-2286L b: nan nan 6038.740 2.0200 nan nan nan 0
>KMT-2023-BLG-0119L: 266.8150417 -34.5721889 nan nan 0.710 nan nan nan
 KMT-2023-BLG-0119L b: nan nan 83.700 3.1400 nan nan nan 0
>KMT-2023-BLG-0332L: 270.8901250 -27.2223889 nan nan 0.540 nan nan nan
 KMT-2023-BLG-0332L b: nan nan 6992.225 3.2000 nan nan nan 0
>KMT-2023-BLG-0416L: 266.3240417 -25.0794889 nan nan 0.630 nan nan nan
 KMT-2023-BLG-0416L b: nan nan 13.031 2.9600 nan nan nan 0
>KMT-2023-BLG-0466L: 270.6100000 -33.0029694 nan nan 0.440 nan nan nan
 KMT-2023-BLG-0466L b: nan nan 1032.942 2.6800 nan nan nan 0
>KMT-2023-BLG-0469L: 269.4067917 -28.7150611 nan nan 0.470 nan nan nan
 KMT-2023-BLG-0469L b: nan nan 39.411 2.3100 nan nan nan 0
>KMT-2023-BLG-0548L: 270.3476250 -27.1067500 nan nan 0.720 nan nan nan
 KMT-2023-BLG-0548L b: nan nan 1086.973 6.8500 nan nan nan 0
>KMT-2023-BLG-0735L: 267.5759583 -29.2029194 nan nan 0.610 nan nan nan
 KMT-2023-BLG-0735L b: nan nan 38.775 2.9600 nan nan nan 0
>KMT-2023-BLG-0830L: 271.6579583 -28.3323111 nan nan 0.220 nan nan nan
 KMT-2023-BLG-0830L b: nan nan 17.798 1.7000 nan nan nan 0
>KMT-2023-BLG-0949L: 263.4194167 -28.0914611 nan nan 0.480 nan nan nan
 KMT-2023-BLG-0949L b: nan nan 1900.614 2.0300 nan nan nan 0
>KMT-2023-BLG-1431L: 271.1835417 -29.7439194 nan nan 0.570 nan nan nan
 KMT-2023-BLG-1431L b: nan nan 13.600 3.2000 nan nan nan 0
>KMT-2023-BLG-1454L: 267.6200833 -29.6227500 nan nan 0.170 nan nan nan
 KMT-2023-BLG-1454L b: nan nan 200.232 1.1800 nan nan nan 0
>KMT-2023-BLG-1592L: 268.6786667 -29.0084194 nan nan 0.550 nan nan nan
 KMT-2023-BLG-1592L b: nan nan 184.340 3.9000 nan nan nan 0
>KMT-2023-BLG-1642L: 261.3660000 -29.0584694 nan nan 0.170 nan nan nan
 KMT-2023-BLG-1642L b: nan nan 343.255 1.4100 nan nan nan 0
>KMT-2023-BLG-1743L: 269.1652500 -28.8549194 nan nan 0.110 nan nan nan
 KMT-2023-BLG-1743L b: nan nan 6356.568 1.1600 nan nan nan 0
>KMT-2023-BLG-1866L: 273.4822500 -28.4473889 nan nan 0.510 nan nan nan
 KMT-2023-BLG-1866L b: nan nan 2.630 2.6300 nan nan nan 0
>KMT-2023-BLG-1896L: 271.0317500 -26.9589194 nan nan 0.720 nan nan nan
 KMT-2023-BLG-1896L b: nan nan 16.350 2.8600 nan nan nan 0
>KMT-2023-BLG-2209L: 268.9942083 -29.3056694 nan nan 0.730 nan nan nan
 KMT-2023-BLG-2209L b: nan nan 254.263 3.5100 nan nan nan 0
>KMT-2024-BLG-0176L: 266.5324583 -34.2105806 nan nan 0.103 nan nan nan
 KMT-2024-BLG-0176L b: nan nan 241.550 1.3200 nan nan nan 0
>KMT-2024-BLG-0349L: 261.3715417 -30.2470194 nan nan 0.680 nan nan nan
 KMT-2024-BLG-0349L b: nan nan 3769.445 6.4600 nan nan nan 0
>KMT-2024-BLG-0404L: 271.1470833 -27.9535000 nan nan 0.090 nan nan nan
 KMT-2024-BLG-0404L b: nan nan 8657.646 0.8500 nan nan nan 0
 KMT-2024-BLG-0404L c: nan nan 17.300 nan nan nan nan 0
>KMT-2024-BLG-1005L: 269.8055833 -28.7557806 nan nan 0.055 nan nan nan
 KMT-2024-BLG-1005L b: nan nan 6674.397 0.7800 nan nan nan 0
>KMT-2024-BLG-1044L: 271.5640000 -27.5925806 nan nan 0.069 nan nan nan
 KMT-2024-BLG-1044L b: nan nan 7.750 nan nan nan nan 0
>KMT-2024-BLG-1209L: 261.6129583 -28.1205611 nan nan 0.770 nan nan nan
 KMT-2024-BLG-1209L b: nan nan 839.067 2.5100 nan nan nan 0
>KMT-2024-BLG-1281L: 270.1693750 -32.7142500 nan nan 0.320 nan nan nan
 KMT-2024-BLG-1281L b: nan nan 19.070 1.9600 nan nan nan 0
>KMT-2024-BLG-1870L: 272.4653333 -26.8828889 nan nan 0.670 nan nan nan
 KMT-2024-BLG-1870L b: nan nan 336.898 3.1500 nan nan nan 0
>KMT-2024-BLG-2005L: 268.4080833 -28.9009806 nan nan 0.120 nan nan nan
 KMT-2024-BLG-2005L b: nan nan 50.853 1.1200 nan nan nan 0
>KMT-2024-BLG-2059L: 270.9297500 -28.5681889 nan nan 0.510 nan nan nan
 KMT-2024-BLG-2059L b: nan nan 6.992 2.5500 nan nan nan 0
>KMT-2024-BLG-2087L: 268.4500417 -29.2631889 nan nan 0.480 nan nan nan
 KMT-2024-BLG-2087L b: nan nan 1395.267 3.0300 nan nan nan 0
>KMT-2024-BLG-2242L: 268.4150000 -29.5603111 nan nan 0.069 nan nan nan
 KMT-2024-BLG-2242L b: nan nan 13.984 0.8900 nan nan nan 0
>KMT-2025-BLG-0121L: 267.1583750 -23.9988000 nan nan 0.610 nan nan nan
 KMT-2025-BLG-0121L b: nan nan 2469.527 3.0500 nan nan nan 0
>KMT-2025-BLG-0481L: 265.3560000 -34.3717500 nan nan 0.220 nan nan nan
 KMT-2025-BLG-0481L b: nan nan 187.519 2.1800 nan nan nan 0
>KMT-2025-BLG-1616L: 267.7788750 -30.1391111 nan nan 0.260 nan nan nan
 KMT-2025-BLG-1616L b: nan nan 42.320 1.6000 nan nan nan 0
>KOBE-1: 19.1660378 25.3310358 6.656 0.619 0.629 4135.0 5.07 -0.01
 KOBE-1 b: nan nan 8.800 0.0701 8.53990 2459484.260000 592.7 1
 KOBE-1 c: nan nan 12.400 0.1607 29.67100 2459448.200000 391.3 1
>KOI-12: 297.4537402 41.0110188 10.234 1.400 1.500 6635.0 4.19 -0.04
 KOI-12 b: 7.429 13.787 349.613 0.1540 17.85518 2454979.596388 964.7 0
 Kepler-448 c: nan nan 6992.260 4.2000 2500.00000 nan 184.7 0
>KOI-1257: 291.2250888 44.9272918 12.726 1.130 0.990 5520.0 4.32 0.27
 KOI-1257 b: 4.262 10.540 460.830 0.3820 86.64766 2455006.794540 457.8 0
>KOI-13: 286.9713876 46.8682463 9.425 1.740 1.720 7650.0 4.20 0.20
 KOI-13 b: 3.350 16.948 2949.462 0.0364 1.76359 2454953.565960 2550.1 0
>KOI-134: 295.5865980 45.3649371 12.322 1.667 1.407 6160.0 4.11 0.43
 KOI-134 b: 11.300 12.038 346.433 0.3630 67.12770 2454984.750560 636.5 0
 KOI-134 c: nan nan 69.922 0.2305 33.95000 nan 798.8 0
>KOI-142: 291.1481028 40.6694130 11.454 0.897 0.990 5466.0 4.47 0.27
 KOI-142 b: 3.451 3.438 9.500 0.0960 10.91647 2454966.019050 805.7 0
 KOI-142 c: nan nan 214.100 0.1544 22.26492 nan 635.4 0
 Kepler-88 d: nan nan 965.000 2.4445 1403.00000 nan 159.7 1
>KOI-1599: 298.3738383 40.6184483 13.238 0.972 1.020 5823.0 4.47 0.06
 KOI-1599.01: 5.404 1.900 4.600 0.1473 20.44150 2454952.730000 721.3 0
 KOI-1599.02: 4.413 1.900 9.000 0.1123 13.60880 2454960.320000 826.1 0
>KOI-1783: 289.3414629 46.9881550 12.621 1.143 1.076 5922.0 4.30 0.11
 KOI-1783.01: 5.874 8.860 71.000 0.5039 134.46280 2455002.278600 430.1 0
 KOI-1783.02: 7.793 5.440 15.000 0.8669 284.21500 2455033.839370 327.9 0
>KOI-217: 294.8654667 46.2858128 13.469 0.860 0.950 5545.0 4.54 0.21
 KOI-217 b: 2.821 12.442 nan 0.0477 3.90512 2454966.414000 1135.3 0
>KOI-2513: 293.6688776 46.3792321 13.367 1.200 0.910 5900.0 4.30 -0.37
 KOI-2513.01: 2.007 2.802 7310.053 0.5000 19.00547 2454977.152000 440.7 0
>KOI-3503: 293.1507654 41.7291532 12.483 1.255 0.858 6001.0 4.54 -0.80
 KOI-3503 b: 2.776 1.190 9.200 0.1424 21.18500 2454981.809600 859.1 0
 KOI-3503 c: 4.170 1.210 10.360 0.1868 31.82800 2454977.528900 750.1 0
>KOI-351: 284.4334642 49.3051239 12.482 1.054 1.242 6238.0 4.38 -0.40
 KOI-351 b: 3.990 1.150 nan 0.0740 7.00815 2454970.690600 1180.6 0
 KOI-351 c: 4.410 1.046 nan 0.0890 8.71937 2454972.568700 1076.5 0
 KOI-351 d: 8.400 2.518 nan 0.3200 59.73667 2454991.965600 567.7 0
 KOI-351 e: 9.710 2.334 nan 0.4200 91.93913 2454967.312700 495.6 0
 KOI-351 f: 10.940 2.529 nan 0.4800 124.91440 2455087.704000 463.6 0
 KOI-351 g: 12.320 6.860 15.000 0.7450 210.73514 2454979.976080 357.8 0
 KOI-351 h: 14.707 10.010 203.000 1.0078 331.60296 2454973.500560 307.6 0
 Kepler-90 i: 2.800 1.075 nan 0.2028 14.44912 2455644.348800 731.6 0
>KOI-3680: 293.2815266 45.3096572 13.101 0.960 1.010 5830.0 4.47 0.16
 KOI-3680 b: 6.737 11.097 613.412 0.5340 141.24167 2455936.654340 376.9 0
>KOI-4777: 287.2621474 42.0322257 12.449 0.400 0.410 3515.0 4.77 0.10
 KOI-4777.01: 0.730 0.510 99.200 0.0080 0.41200 2454965.219000 1198.5 0
>KOI-4978: 286.5907635 38.5582993 13.507 0.966 0.859 5050.3 nan nan
 KOI-4978 b: 2.200 0.700 nan 0.0162 0.94197 2454833.099000 1882.1 0
>KOI-55: 296.3561853 41.0927315 15.495 0.203 0.496 27730.0 5.52 nan
 KOI-55 b: nan 0.759 0.440 0.0060 0.24010 nan 7777.8 0
 KOI-55 c: nan 0.867 0.655 0.0076 0.34289 nan 6910.7 0
>KOI-7368: 293.9476365 48.0652589 10.794 0.874 0.879 5241.0 4.50 0.14
 KOI-7368 b: 2.790 2.220 nan 0.0678 6.84303 2454970.046300 907.7 0
>KOI-7892: 282.3775397 44.6945690 12.966 1.242 1.148 6474.0 4.31 -0.16
 KIC 8540376 b: nan 4.064 nan 0.2033 31.80990 2456353.292000 777.1 0
 KIC 8540376 c: nan 2.439 nan 0.6088 75.20000 2456349.911000 449.1 0
 Kepler-457 d: 4.657 2.985 nan 0.0994 10.69060 2454974.116000 1103.2 0
>KOI-7913 A: 286.7485252 45.1587234 11.212 0.788 0.760 4324.0 4.52 -0.06
 KOI-7913 b: 4.390 2.340 nan 0.1500 24.27855 2454987.512100 478.0 0
>KOI-94: 297.3330716 41.8911186 10.926 1.520 1.277 6182.0 4.18 0.02
 KOI-94 b: 3.730 1.710 10.500 0.0512 3.74321 2454964.617500 1624.4 0
 KOI-94 c: 5.229 4.320 15.600 0.1013 10.42365 2454971.008700 1154.7 0
 KOI-94 d: 6.686 11.270 106.000 0.1684 22.34299 2454965.740520 895.6 0
 KOI-94 e: 8.494 6.560 35.000 0.3046 54.32031 2454994.237900 665.9 0
>KOI-984: 291.0489438 36.8400772 10.016 0.818 0.928 5295.0 4.54 0.12
 KOI-984 b: 1.580 4.300 nan 0.0504 4.28818 2454957.783700 1028.6 0
 KOI-984 c: nan nan 209.800 0.1467 21.51200 nan 602.9 0
>KPS-1: 165.1671980 64.9638452 10.931 0.907 0.892 5165.0 4.47 0.22
 KPS-1 b: 1.680 11.545 346.435 0.0269 1.70629 2457508.370190 1446.2 0
>Kapteyn: 77.9586613 -45.0430198 5.049 0.291 0.281 3550.0 nan -0.89
 Kapteyn c: nan nan 7.000 0.3110 121.54000 nan 165.6 1
>Kepler-10: 285.6792980 50.2414842 9.496 1.065 0.910 5708.0 4.34 -0.15
 Kepler-10 b: 1.964 1.470 3.240 0.0169 0.83749 2455034.086870 2188.2 0
 Kepler-10 c: 6.871 2.355 11.290 0.2410 45.29430 2455062.266480 578.6 0
 Kepler-10 d: nan nan 12.000 0.5379 151.06000 2457165.400000 387.3 1
>Kepler-100: 291.3861294 41.9901394 9.768 1.510 1.130 5837.0 4.10 0.10
 Kepler-100 b: 4.468 1.340 4.010 0.0738 6.88734 2454966.177970 1273.2 0
 Kepler-100 c: 6.373 2.232 7.050 0.1100 12.81590 2454955.947130 1033.9 0
 Kepler-100 d: 5.904 1.635 3.000 0.2162 35.33310 2454986.980310 737.4 0
 Kepler-100 e: nan nan 24.143 0.3124 60.88859 nan 618.8 1
>Kepler-1000: 286.6854729 47.0981948 12.094 1.510 1.400 6453.0 4.23 0.35
 Kepler-1000 b: 11.604 4.760 nan 0.5327 120.01813 2454967.189270 523.9 0
>Kepler-1001: 286.2739151 48.6186972 13.662 0.880 0.900 5491.0 4.52 -0.03
 Kepler-1001 b: 4.449 3.150 nan 0.1113 14.30512 2454968.066260 744.4 0
 Kepler-1001 c: 3.476 1.660 nan 0.0838 9.18186 2454965.407600 819.2 0
>Kepler-1002: 293.0794629 43.0736770 10.374 1.570 1.220 6144.0 4.13 0.04
 Kepler-1002 b: 4.103 1.710 nan 0.0556 4.33643 2454966.855990 1574.2 0
>Kepler-1003: 292.0204349 44.8762427 12.623 1.170 1.110 6109.0 4.35 0.01
 Kepler-1003 b: 2.103 1.780 nan 0.0472 3.55486 2454964.803970 1466.7 0
>Kepler-1004: 297.3593427 49.7975464 11.060 3.390 1.110 4972.0 3.43 -0.04
 Kepler-1004 b: 8.528 6.280 nan 0.0615 5.28790 2454968.363530 1780.0 0
>Kepler-1005: 286.2858998 43.3205085 11.718 1.060 1.000 5782.0 4.38 0.02
 Kepler-1005 b: 2.317 1.500 nan 0.0681 6.49802 2454969.001250 1099.6 0
>Kepler-1006: 295.7542063 42.5373065 12.502 0.740 0.780 5328.0 4.59 -0.40
 Kepler-1006 b: 3.591 1.540 nan 0.1317 19.76172 2454968.176420 609.0 0
>Kepler-1007: 295.9065297 45.8090893 12.224 0.700 0.730 4587.0 4.62 0.03
 Kepler-1007 b: 2.177 1.440 nan 0.0528 5.18500 2454964.879420 805.4 0
>Kepler-1008: 296.5476395 44.9418307 11.378 0.780 0.810 5066.0 4.56 -0.01
 Kepler-1008 b: 3.121 1.280 nan 0.0979 12.43931 2454969.377810 689.4 0
>Kepler-1009: 282.8598614 42.6658336 12.347 0.570 0.590 4027.0 4.70 -0.12
 Kepler-1009 b: 2.376 2.170 nan 0.0829 11.35012 2454967.045430 509.2 0
>Kepler-101: 283.2555070 48.3552474 12.011 1.560 1.170 5667.0 4.12 0.33
 Kepler-101 b: 3.875 5.770 51.100 0.0474 3.48768 2455088.779950 1567.7 0
 Kepler-101 c: 3.870 1.250 3.780 0.0684 6.02976 2454965.486000 1305.0 0
>Kepler-1010: 289.1926026 44.1493165 12.771 0.820 0.860 5253.0 4.55 -0.01
 Kepler-1010 b: 4.818 2.320 nan 0.1964 34.26857 2454980.052220 517.6 0
>Kepler-1011: 297.4015491 46.8239976 13.361 0.880 0.910 5416.0 4.52 0.08
 Kepler-1011 b: 1.683 2.870 nan 0.0609 5.75322 2454969.756190 992.8 0
>Kepler-1012: 289.2962253 46.4579889 11.664 0.910 0.950 5556.0 4.50 0.05
 Kepler-1012 b: 2.947 1.290 nan 0.0600 5.50860 2454965.298480 1043.3 0
>Kepler-1013: 290.2481023 44.4352935 12.289 0.760 0.810 4954.0 4.59 0.04
 Kepler-1013 b: 3.344 2.150 nan 0.1296 18.93055 2454976.252360 578.5 0
>Kepler-1014: 285.1219875 44.1105331 12.898 0.840 0.880 5388.0 4.54 -0.06
 Kepler-1014 b: 2.961 2.390 nan 0.1219 16.57110 2454966.902790 682.0 0
>Kepler-1015: 292.7573088 43.4268439 11.684 1.810 1.490 6769.0 4.09 0.06
 Kepler-1015 b: 6.465 3.550 nan 0.1420 16.00494 2454968.254450 1165.5 0
>Kepler-1016: 294.6136890 45.9846265 13.728 1.000 0.990 5821.0 4.44 -0.03
 Kepler-1016 b: 2.096 2.180 nan 0.0305 1.95452 2454965.297170 1607.5 0
 Kepler-1016 c: 9.243 3.680 nan 0.4359 105.65514 2455063.100310 425.1 0
>Kepler-1017: 283.4692990 40.1325185 12.396 0.870 0.930 5473.0 4.53 0.04
 Kepler-1017 b: 2.165 1.990 nan 0.0715 7.23400 2454970.677280 920.9 0
>Kepler-1018: 283.5967317 45.4078654 13.373 0.880 0.910 5518.0 4.52 -0.05
 Kepler-1018 b: 6.323 2.580 nan 0.2543 49.10135 2454969.469890 495.0 0
>Kepler-1019: 283.7175909 47.2043818 11.003 0.670 0.700 4433.0 4.64 0.01
 Kepler-1019 b: 1.391 1.460 nan 0.0219 1.41123 2454965.642284 1183.4 0
>Kepler-102: 281.4824731 47.2078263 9.351 0.724 0.803 4909.0 4.60 0.11
 Kepler-102 b: 2.591 0.460 1.100 0.0552 5.28697 2454968.869600 857.2 0
 Kepler-102 c: 2.751 0.567 1.700 0.0670 7.07139 2454972.974600 778.0 0
 Kepler-102 d: 3.205 1.154 3.000 0.0862 10.31177 2454967.091280 686.1 0
 Kepler-102 e: 3.883 2.170 4.700 0.1162 16.14570 2454967.753700 590.9 0
 Kepler-102 f: 3.884 0.861 4.300 0.1656 27.45359 2454978.027600 495.0 0
>Kepler-1020: 292.6724710 46.3772776 12.150 0.800 0.870 5227.0 4.57 0.00
 Kepler-1020 b: 5.996 2.280 nan 0.3942 96.91515 2455020.089040 359.1 0
>Kepler-1021: 295.2048999 42.5596699 13.332 0.860 0.890 5431.0 4.53 -0.05
 Kepler-1021 b: 2.617 2.330 nan 0.1066 13.47470 2454966.492370 743.9 0
>Kepler-1022: 289.3520595 46.9736345 12.821 0.680 0.710 4445.0 4.64 0.06
 Kepler-1022 b: 1.643 2.360 nan 0.0863 10.99470 2454970.357660 601.6 0
>Kepler-1023: 289.0297232 49.7697034 12.762 0.890 0.930 5494.0 4.51 0.05
 Kepler-1023 b: 4.158 2.630 nan 0.2997 62.13877 2454994.147600 456.5 0
>Kepler-1024: 291.9510277 38.2516419 14.050 0.780 0.810 5143.0 4.57 -0.10
 Kepler-1024 b: 6.965 3.910 nan 0.2992 66.41621 2455021.134270 400.4 0
>Kepler-1025: 284.5102140 43.9615628 12.217 1.130 1.090 6089.0 4.37 -0.03
 Kepler-1025 b: 7.021 1.980 nan 0.2249 37.32295 2454985.835360 658.1 0
>Kepler-1026: 283.6053012 39.9979286 12.077 0.750 0.790 4948.0 4.59 -0.02
 Kepler-1026 b: 3.588 2.210 nan 0.1991 36.51561 2454984.292180 463.0 0
>Kepler-1027: 287.5711746 42.8138159 11.119 0.820 0.910 5436.0 4.57 -0.06
 Kepler-1027 b: 1.853 0.890 nan 0.0292 1.90781 2454964.640630 1389.7 0
>Kepler-1028: 289.5931004 49.7812447 12.630 0.870 0.900 5522.0 4.52 -0.09
 Kepler-1028 b: 1.609 1.330 nan 0.0349 2.51462 2454965.910160 1328.7 0
>Kepler-1029: 292.1328738 41.5474786 12.169 0.770 0.820 5030.0 4.58 0.01
 Kepler-1029 b: 1.916 1.260 nan 0.0493 4.41770 2454966.961170 958.4 0
>Kepler-103: 288.9845512 40.0644857 10.873 1.492 1.212 6047.0 4.17 0.15
 Kepler-103 b: 4.527 3.486 11.670 0.1330 15.96533 2455677.652430 976.6 0
 Kepler-103 c: 13.491 5.454 58.470 0.6679 179.60978 2455667.159730 435.8 0
>Kepler-1030: 293.6819098 45.8175241 13.578 0.760 0.800 4983.0 4.59 -0.01
 Kepler-1030 b: 3.770 2.480 nan 0.1309 19.32952 2454966.268210 579.1 0
>Kepler-1031: 296.0898796 48.9554121 12.353 1.120 1.090 6011.0 4.38 0.03
 Kepler-1031 b: 2.149 0.870 nan 0.0231 1.22622 2454965.686830 2019.4 0
>Kepler-1032: 289.9308779 40.0977109 13.301 0.710 0.770 4647.0 4.62 0.16
 Kepler-1032 b: 1.547 1.870 nan 0.0397 3.29012 2454966.156660 947.9 0
>Kepler-1033: 283.8450963 44.6090251 14.283 0.920 0.940 5547.0 4.49 0.06
 Kepler-1033 b: 3.826 2.510 nan 0.0739 7.56053 2454967.478900 944.1 0
>Kepler-1034: 286.1154093 37.9669464 13.158 0.800 0.830 5198.0 4.57 -0.06
 Kepler-1034 b: 3.314 2.260 nan 0.0971 12.12401 2454967.955560 719.6 0
>Kepler-1035: 289.0422430 42.8824991 11.416 0.970 0.980 5763.0 4.45 -0.03
 Kepler-1035 b: 1.262 1.170 nan 0.0378 2.71408 2454966.712030 1407.3 0
>Kepler-1036: 295.1817093 49.9458172 12.124 0.890 0.950 5533.0 4.52 0.04
 Kepler-1036 b: 8.281 3.010 nan 0.4755 122.88081 2454998.457010 365.0 0
>Kepler-1037: 296.3410342 47.1709335 12.248 0.780 0.820 5105.0 4.57 -0.03
 Kepler-1037 b: 1.076 1.280 nan 0.0191 1.06379 2454964.524735 1573.6 0
>Kepler-1038: 298.9721472 44.1323499 12.782 0.830 0.870 5335.0 4.55 -0.04
 Kepler-1038 b: 5.402 3.530 nan 0.5238 148.46034 2454984.385720 323.8 0
 Kepler-1038 c: 2.449 1.432 nan 0.0691 7.12766 2454969.003410 857.2 0
>Kepler-1039: 298.3266169 45.3154212 11.753 0.740 0.790 4870.0 4.60 0.01
 Kepler-1039 b: 1.417 1.460 nan 0.0173 0.93488 2454964.581851 1536.0 0
>Kepler-104: 287.6046621 42.1665104 11.209 1.349 0.849 5711.0 4.11 -0.38
 Kepler-104 b: 4.565 3.100 9.945 0.0940 11.42755 2454970.613050 1043.2 0
 Kepler-104 c: 5.872 3.130 7.144 0.1530 23.66821 2454965.715970 817.7 0
 Kepler-104 d: 7.465 3.580 5.540 0.2570 51.75539 2455104.086110 630.9 0
>Kepler-1040: 283.1137663 48.1312774 11.772 0.960 0.980 5694.0 4.47 0.01
 Kepler-1040 b: 10.575 2.080 nan 0.6673 201.12140 2455020.561070 329.3 0
>Kepler-1041: 293.8817361 49.6831419 13.034 1.080 1.060 5957.0 4.40 0.01
 Kepler-1041 b: 7.361 2.940 nan 0.1695 24.75764 2454975.068920 725.1 0
>Kepler-1042: 288.6689428 39.8239935 13.368 0.720 0.750 4815.0 4.61 -0.10
 Kepler-1042 b: 3.138 2.190 nan 0.0833 10.13203 2454965.910200 682.8 0
>Kepler-1043: 281.6629579 47.5685927 13.195 0.900 0.920 5629.0 4.50 -0.11
 Kepler-1043 b: 5.973 2.550 nan 0.2170 38.50534 2454991.302190 552.7 0
>Kepler-1044: 293.1444017 46.6662155 13.903 1.110 1.080 5985.0 4.38 0.04
 Kepler-1044 b: 2.620 2.670 nan 0.0719 6.77409 2454968.955140 1134.1 0
>Kepler-1045: 284.1832668 45.0740897 13.757 0.820 0.860 5301.0 4.55 -0.03
 Kepler-1045 b: 2.996 2.690 nan 0.1651 26.41045 2454982.394970 569.8 0
>Kepler-1046: 296.7558056 46.9982799 11.730 1.040 1.040 5913.0 4.42 0.00
 Kepler-1046 b: 2.966 1.710 nan 0.1172 14.37508 2454972.058650 849.3 0
>Kepler-1047: 288.6462564 50.7889645 11.803 1.130 1.080 5754.0 4.37 0.29
 Kepler-1047 b: 6.089 2.090 nan 0.2946 56.18869 2454979.380050 543.4 0
 Kepler-1047 c: 2.490 0.990 nan 0.0435 3.18898 2454966.529420 1414.1 0
>Kepler-1048: 281.8983042 42.1657112 12.447 0.700 0.750 4651.0 4.62 0.01
 Kepler-1048 b: 4.247 1.610 nan 0.0646 6.92101 2454968.644810 738.4 0
>Kepler-1049: 287.3469567 47.7729078 11.180 0.490 0.510 3864.0 4.77 -0.33
 Kepler-1049 b: 1.773 0.950 nan 0.0345 3.27346 2454967.446860 702.5 0
>Kepler-105: 287.8872376 46.2761224 11.503 1.026 0.991 5933.0 4.25 -0.09
 Kepler-105 b: 3.144 2.530 10.800 0.0601 5.41220 2454955.318600 1181.6 0
 Kepler-105 c: 2.807 1.440 5.600 0.0723 7.12592 2454957.753000 1078.1 0
>Kepler-1050: 282.9249847 48.6264015 11.717 1.130 1.090 6010.0 4.37 0.03
 Kepler-1050 b: 4.373 1.600 nan 0.1246 15.37875 2454976.410740 872.9 0
 Kepler-1050 c: 3.789 1.480 nan 0.1539 21.12846 2454982.279460 785.2 0
>Kepler-1051: 295.1581062 40.8988186 12.010 1.730 1.430 6675.0 4.12 0.04
 Kepler-1051 b: 6.270 3.400 nan 0.1933 25.96200 2454971.966180 962.9 0
>Kepler-1052: 295.3427300 46.6022134 13.305 1.030 1.030 5888.0 4.42 0.00
 Kepler-1052 b: 5.358 2.930 nan 0.2109 34.85383 2454997.044370 627.5 0
 Kepler-1052 c: 8.990 2.792 nan 0.6135 180.92173 2455067.334400 329.8 0
>Kepler-1053: 291.4186349 39.1273664 10.585 0.690 0.740 4529.0 4.63 0.10
 Kepler-1053 b: 1.225 0.980 nan 0.0319 2.41435 2454965.428855 1016.4 0
>Kepler-1054: 290.6011085 44.5563604 12.693 1.340 1.220 6209.0 4.26 0.09
 Kepler-1054 b: 4.070 2.630 nan 0.0554 4.30656 2454965.442150 1473.1 0
>Kepler-1055: 290.4867838 44.9325410 11.569 0.940 0.980 5723.0 4.49 -0.02
 Kepler-1055 b: 1.646 1.230 nan 0.0338 2.29504 2454965.692780 1454.8 0
>Kepler-1056: 299.5259832 46.8992561 12.827 1.200 1.120 6127.0 4.33 0.02
 Kepler-1056 b: 5.024 3.010 nan 0.1851 27.49561 2454966.283650 752.2 0
>Kepler-1057: 297.4521311 41.5580816 13.924 1.100 1.070 5987.0 4.38 0.01
 Kepler-1057 b: 4.162 3.360 nan 0.1168 14.08827 2454970.344240 886.1 0
>Kepler-1058: 294.5956256 45.8750556 13.005 0.690 0.730 4644.0 4.63 -0.06
 Kepler-1058 b: 12.841 2.720 nan 0.4069 110.96546 2455020.042620 291.6 0
>Kepler-1059: 289.2202147 41.7064385 13.351 0.720 0.750 4906.0 4.61 -0.15
 Kepler-1059 b: 2.060 1.730 nan 0.0430 3.76419 2454965.350980 967.7 0
>Kepler-106: 300.8640060 44.3375497 11.431 1.040 1.000 5858.0 4.41 -0.12
 Kepler-106 b: 3.262 0.820 5.300 0.0658 6.16486 2454968.640350 1123.0 0
 Kepler-106 c: 3.199 2.500 10.440 0.1113 13.57080 2454969.278370 863.3 0
 Kepler-106 d: 4.611 0.950 8.100 0.1627 23.98020 2454980.532630 714.1 0
 Kepler-106 e: 6.329 2.560 11.170 0.2433 43.84450 2454984.933600 584.0 0
>Kepler-1060: 286.0252285 39.6309204 12.964 0.990 0.990 5797.0 4.44 -0.03
 Kepler-1060 b: 9.635 2.380 nan 0.2536 46.87794 2454970.663350 552.3 0
>Kepler-1061: 296.2300306 50.2752091 11.934 1.070 1.090 6067.0 4.42 -0.03
 Kepler-1061 b: 2.291 1.980 nan 0.0396 2.75798 2454964.878830 1520.5 0
>Kepler-1062: 283.8994187 41.2215940 12.333 0.700 0.750 4597.0 4.62 0.11
 Kepler-1062 b: 1.891 1.760 nan 0.0787 9.30412 2454973.340130 661.3 0
>Kepler-1063: 290.5267975 38.1428283 10.793 1.140 1.090 5945.0 4.37 0.09
 Kepler-1063 b: 1.335 1.490 nan 0.1174 14.07971 2454972.958460 893.2 0
>Kepler-1064: 291.7415821 37.6888103 11.817 0.790 0.850 5153.0 4.57 0.00
 Kepler-1064 b: 2.544 1.550 nan 0.1204 16.54080 2454966.953600 636.6 0
>Kepler-1065: 294.5113190 38.7904648 13.671 0.930 0.940 5635.0 4.49 -0.01
 Kepler-1065 b: 1.745 3.730 nan 0.0451 3.60931 2454966.791480 1233.8 0
 Kepler-1065 c: 1.845 1.600 nan 0.0341 2.37031 2454966.674850 1419.4 0
>Kepler-1066: 298.8666210 46.5022325 11.362 0.980 0.980 5762.0 4.45 -0.03
 Kepler-1066 b: 1.628 2.360 nan 0.0302 1.93156 2454964.765800 1584.1 0
>Kepler-1067: 285.3873706 45.0490265 12.656 0.930 0.950 5592.0 4.49 0.03
 Kepler-1067 b: 1.076 0.800 nan 0.0161 0.76213 2454964.620010 2052.5 0
 Kepler-1067 c: 2.733 1.739 nan 0.0600 5.42584 2454968.863937 1063.9 0
>Kepler-1068: 294.6481708 46.3923173 14.161 1.010 1.010 5806.0 4.43 0.03
 Kepler-1068 b: 4.062 3.630 nan 0.1294 16.92344 2454978.812110 782.1 0
>Kepler-1069: 290.9792378 47.9889097 11.538 0.980 0.990 5722.0 4.46 0.04
 Kepler-1069 b: 15.722 1.600 nan 0.1618 23.89903 2454984.399640 679.0 0
>Kepler-107: 297.0281620 48.2086019 11.060 1.447 1.238 5854.0 4.19 0.32
 Kepler-107 b: 3.567 1.536 3.800 0.0454 3.18002 2455701.084140 1592.9 0
 Kepler-107 c: 4.269 1.597 10.000 0.0606 4.90145 2455697.018290 1378.9 0
 Kepler-107 d: 4.384 0.860 7.700 0.0838 7.95839 2455702.954700 1173.2 0
 Kepler-107 e: 6.189 2.903 14.100 0.1264 14.74914 2455694.485500 955.2 0
>Kepler-1070: 293.1953923 49.3165410 12.681 1.320 1.210 6261.0 4.27 0.03
 Kepler-1070 b: 3.261 1.730 nan 0.0705 6.22161 2454964.991430 1306.0 0
>Kepler-1071: 293.0579794 45.2487472 13.775 0.810 0.860 5215.0 4.56 0.01
 Kepler-1071 b: 2.106 2.380 nan 0.0627 6.17998 2454965.722430 904.0 0
>Kepler-1072: 292.0443891 46.3289723 12.566 1.320 1.200 6199.0 4.27 0.07
 Kepler-1072 b: 2.784 1.580 nan 0.0281 1.56907 2454966.040480 2049.4 0
>Kepler-1073: 294.1527259 38.2330886 12.924 1.000 1.000 5792.0 4.44 0.00
 Kepler-1073 b: 3.482 2.300 nan 0.0827 8.67889 2454966.037610 971.5 0
 Kepler-1073 c: 2.767 1.640 nan 0.0495 4.02582 2454968.426010 1255.0 0
 Kepler-1073 d: 2.523 1.333 nan 0.0352 2.50476 2454966.635430 1496.7 0
>Kepler-1074: 284.4766869 46.2526781 12.073 0.570 0.600 4002.0 4.70 -0.06
 Kepler-1074 b: 2.174 1.250 nan 0.0542 5.94567 2454966.992980 626.0 0
>Kepler-1075: 287.5011404 47.4691157 12.415 0.540 0.560 3959.0 4.72 -0.17
 Kepler-1075 b: 1.465 1.420 nan 0.0214 1.52373 2454964.619240 959.9 0
>Kepler-1076: 287.5902594 51.0606047 10.664 0.740 0.790 4868.0 4.60 -0.01
 Kepler-1076 b: 2.763 0.800 nan 0.0607 6.14728 2454967.874090 819.5 0
>Kepler-1077: 291.0336333 42.2678448 13.496 1.020 1.020 5816.0 4.43 0.03
 Kepler-1077 b: 4.222 2.770 nan 0.2082 34.35119 2454967.189780 620.8 0
>Kepler-1078: 293.2005664 43.0500379 13.932 0.920 0.940 5612.0 4.49 -0.01
 Kepler-1078 b: 4.336 1.900 nan 0.0399 3.00725 2454964.902720 1298.8 0
>Kepler-1079: 299.5495794 45.7696769 11.056 1.360 1.080 5758.0 4.21 0.21
 Kepler-1079 b: 4.367 1.630 nan 0.1124 13.24503 2454975.006530 965.8 0
>Kepler-108: 294.5589885 46.0623952 10.983 2.192 1.380 5854.0 3.90 0.33
 Kepler-108 b: 11.277 8.650 nan 0.2920 49.18392 2454974.911230 773.4 0
 Kepler-108 c: 15.700 8.180 nan 0.7210 190.32349 2455145.673230 492.2 0
>Kepler-1080: 296.4644914 49.1828952 12.176 1.160 1.100 5956.0 4.35 0.09
 Kepler-1080 b: 10.294 3.280 nan 0.3665 77.25484 2454992.322410 511.0 0
>Kepler-1081: 289.4447520 41.3179652 11.907 0.840 0.880 5345.0 4.54 0.01
 Kepler-1081 b: 1.984 1.010 nan 0.0461 3.85692 2454967.471720 1099.9 0
>Kepler-1082: 289.3586737 50.5984489 11.970 1.140 1.030 5923.0 4.33 -0.06
 Kepler-1082 b: 2.609 1.120 nan 0.0264 1.54321 2454964.555880 1877.1 0
>Kepler-1083: 283.1618831 45.1983360 13.815 0.770 0.810 5049.0 4.58 -0.02
 Kepler-1083 b: 4.549 3.360 nan 0.1893 33.41780 2454988.589420 491.1 0
>Kepler-1084: 290.1019809 48.2511460 10.836 1.280 1.120 6113.0 4.27 -0.02
 Kepler-1084 b: 2.375 1.110 nan 0.0328 2.05334 2454967.517990 1840.5 0
>Kepler-1085: 287.4776359 46.1411685 13.891 1.140 1.110 6000.0 4.37 0.08
 Kepler-1085 b: 12.358 7.220 nan 0.7369 219.32175 2455153.728600 359.8 0
 Kepler-1085 c: 6.538 3.455 nan 0.2938 56.77710 2455014.096890 537.2 0
>Kepler-1086: 295.2511870 45.8429537 12.941 0.660 0.700 4350.0 4.65 0.06
 Kepler-1086 b: 3.234 2.440 nan 0.1228 18.78426 2454970.883240 486.3 0
 Kepler-1086 c: 6.456 2.940 nan 0.5154 161.51633 2455009.497660 237.4 0
>Kepler-1087: 294.9789253 46.0056741 11.213 0.940 0.960 5589.0 4.48 0.01
 Kepler-1087 b: 1.524 0.610 nan 0.0151 0.69384 2454965.180120 2124.2 0
>Kepler-1088: 281.5614578 42.4504087 10.476 1.080 1.080 5975.0 4.40 0.05
 Kepler-1088 b: 4.923 1.420 nan 0.1630 23.12749 2454978.659560 741.7 0
>Kepler-1089: 291.0926509 49.1901729 12.386 0.490 0.520 3753.0 4.76 -0.09
 Kepler-1089 b: 1.631 1.830 nan 0.0468 5.13249 2454965.159300 585.4 0
>Kepler-109: 290.3926795 40.2849074 11.001 1.387 1.094 5950.0 4.15 -0.02
 Kepler-109 b: 3.633 2.490 4.900 0.0701 6.48163 2454955.977910 1276.2 0
 Kepler-109 c: 6.471 2.650 8.200 0.1546 21.22265 2454970.572200 859.4 0
>Kepler-1090: 295.6629002 44.5258237 13.070 0.820 0.860 5321.0 4.55 -0.04
 Kepler-1090 b: 8.287 2.250 nan 0.6337 198.68018 2455103.669130 291.9 0
 Kepler-1090 c: 5.338 2.665 nan 0.2272 42.42720 2454989.189300 542.7 0
>Kepler-1091: 299.7854426 43.6707235 13.059 1.030 1.010 5851.0 4.42 0.00
 Kepler-1091 b: 1.881 1.460 nan 0.0250 1.43474 2454965.629440 1811.8 0
>Kepler-1092: 297.7232008 47.1126833 13.076 1.000 0.990 5862.0 4.44 -0.09
 Kepler-1092 b: 5.543 2.070 nan 0.2943 58.60179 2454970.669440 521.1 0
>Kepler-1093: 284.9780251 41.4202077 12.484 1.200 1.130 6166.0 4.33 -0.01
 Kepler-1093 b: 6.357 1.950 nan 0.1747 25.08246 2454967.133430 779.3 0
 Kepler-1093 c: 10.678 1.960 nan 0.4085 89.72229 2454996.158700 509.6 0
>Kepler-1094: 292.3012109 38.2669983 13.542 1.210 1.140 6112.0 4.33 0.06
 Kepler-1094 b: 8.322 3.180 nan 0.3735 78.10002 2454972.495880 530.4 0
>Kepler-1095: 293.2624215 41.3650155 12.899 0.920 0.940 5658.0 4.48 -0.09
 Kepler-1095 b: 2.274 1.210 nan 0.0505 4.27103 2454966.140400 1164.9 0
>Kepler-1096: 294.7094688 45.9695533 12.384 0.630 0.660 4306.0 4.66 -0.10
 Kepler-1096 b: 1.366 1.240 nan 0.0346 2.89222 2454965.877060 886.1 0
>Kepler-1097: 281.5941261 42.5963949 13.252 0.790 0.820 5211.0 4.57 -0.11
 Kepler-1097 b: 5.408 3.260 nan 0.6006 187.74703 2454990.357730 288.2 0
>Kepler-1098: 295.5026730 43.2326992 13.070 0.990 0.990 5794.0 4.45 -0.02
 Kepler-1098 b: 2.749 1.300 nan 0.0363 2.54307 2454965.679290 1458.3 0
>Kepler-1099: 288.7499866 48.2771163 13.697 1.000 1.010 5837.0 4.45 -0.02
 Kepler-1099 b: 1.661 2.830 nan 0.0329 2.16845 2454965.140760 1551.8 0
>Kepler-11: 297.1150949 41.9091092 12.180 1.065 0.961 5663.0 4.37 0.04
 Kepler-11 b: 4.116 1.800 1.900 0.0910 10.30390 2455589.737800 934.2 0
 Kepler-11 c: 4.544 2.870 2.900 0.1070 13.02410 2455583.349400 861.5 0
 Kepler-11 d: 5.586 3.120 7.300 0.1550 22.68450 2455594.006900 715.8 0
 Kepler-11 e: 4.165 4.190 8.000 0.1950 31.99960 2455595.075500 638.2 0
 Kepler-11 f: 6.431 2.490 2.000 0.2500 46.68880 2455618.271000 563.6 0
 Kepler-11 g: 9.469 3.330 25.000 0.4660 118.38070 2455593.802100 412.8 0
>Kepler-110: 292.9291693 48.6028303 11.623 1.149 1.015 5960.0 4.33 -0.15
 Kepler-110 b: 3.755 1.830 nan 0.1070 12.69111 2454970.122960 941.8 0
 Kepler-110 c: 4.823 2.210 nan 0.1980 31.71977 2454975.820560 692.3 0
>Kepler-1100: 291.8713535 44.0873907 12.456 1.340 1.210 6247.0 4.26 0.05
 Kepler-1100 b: 2.660 1.750 nan 0.0721 6.42200 2454967.580930 1299.1 0
>Kepler-1101: 294.5693544 45.6711623 13.314 0.910 0.940 5614.0 4.50 -0.04
 Kepler-1101 b: 5.762 2.470 nan 0.3598 81.31511 2455008.997320 430.5 0
>Kepler-1102: 281.3225917 48.0664955 13.381 0.940 0.960 5724.0 4.48 -0.08
 Kepler-1102 b: 9.439 2.660 nan 0.2666 51.32856 2455010.672370 518.2 0
>Kepler-1103: 287.3821348 49.4524247 12.731 1.150 1.110 6092.0 4.36 -0.01
 Kepler-1103 b: 3.172 2.270 nan 0.1483 19.79192 2454982.308530 818.1 0
>Kepler-1104: 294.4685197 49.3309789 10.971 1.410 1.300 6417.0 4.25 0.13
 Kepler-1104 b: 1.885 1.230 nan 0.0628 5.03728 2454967.109400 1466.6 0
>Kepler-1105: 281.1117588 42.4549698 12.371 0.680 0.710 4299.0 4.62 0.28
 Kepler-1105 b: 2.075 2.010 nan 0.0470 4.42157 2454965.183540 788.2 0
>Kepler-1106: 291.1451576 44.0624715 13.234 1.170 1.110 6104.0 4.35 0.00
 Kepler-1106 b: 2.075 1.650 nan 0.0235 1.25275 2454966.170520 2074.7 0
>Kepler-1107: 291.0499340 39.1416740 12.152 0.820 0.860 5268.0 4.55 0.01
 Kepler-1107 b: 1.042 1.340 nan 0.0128 0.57104 2454964.653538 2032.4 0
>Kepler-1108: 296.0422962 45.9851400 13.172 0.840 0.880 5406.0 4.54 -0.09
 Kepler-1108 b: 2.160 1.460 nan 0.0512 4.51006 2454967.567280 1055.9 0
>Kepler-1109: 291.6462654 39.3966122 12.707 1.060 1.050 5893.0 4.41 0.04
 Kepler-1109 b: 6.117 2.190 nan 0.2234 37.64674 2454994.463800 618.9 0
>Kepler-111: 291.6531630 44.6882613 12.110 1.145 1.118 5914.0 4.37 0.24
 Kepler-111 b: 2.769 1.564 nan 0.0460 3.34181 2454974.355740 1439.4 0
 Kepler-111 c: 11.130 7.084 222.480 0.7510 224.77833 2454975.096110 352.1 0
>Kepler-1110: 291.8080645 38.6226615 13.604 0.700 0.730 4781.0 4.62 -0.16
 Kepler-1110 b: 2.759 2.660 nan 0.0801 9.69312 2454967.529640 681.5 0
>Kepler-1111: 295.4634045 45.8127697 13.244 1.150 1.100 6077.0 4.36 0.02
 Kepler-1111 b: 3.399 2.000 nan 0.0861 8.79618 2454968.677170 1071.0 0
>Kepler-1112: 296.9687937 47.7514799 13.397 1.540 1.340 6496.0 4.19 0.04
 Kepler-1112 b: 4.625 3.020 nan 0.1275 14.36268 2454974.436340 1088.7 0
>Kepler-1113: 289.4066969 39.3388130 13.191 1.170 1.120 5931.0 4.35 0.18
 Kepler-1113 b: 4.398 2.810 nan 0.2467 42.30050 2455001.778770 622.8 0
>Kepler-1114: 299.2370531 45.8347781 11.944 0.830 0.870 5374.0 4.55 -0.08
 Kepler-1114 b: 2.431 1.350 nan 0.1135 14.97436 2454974.501720 700.8 0
>Kepler-1115: 294.9917723 40.1443964 11.512 1.730 1.600 8480.0 4.17 -0.51
 Kepler-1115 b: 7.159 1.700 nan 0.1881 23.55407 2454977.212450 1240.1 0
>Kepler-1116: 291.9336573 44.1154992 13.482 0.930 0.950 5641.0 4.48 0.01
 Kepler-1116 b: 5.423 2.540 nan 0.2313 41.69778 2454967.243640 545.4 0
>Kepler-1117: 292.0847866 49.2374206 12.463 0.930 0.950 5612.0 4.49 0.03
 Kepler-1117 b: 2.729 1.110 nan 0.0547 4.79028 2454967.954340 1116.1 0
>Kepler-1118: 299.9656619 44.1608805 13.040 0.970 0.960 5688.0 4.46 0.00
 Kepler-1118 b: 5.567 2.740 nan 0.2208 38.67151 2454990.620710 574.9 0
>Kepler-1119: 297.0191018 44.3274936 13.456 1.170 1.110 6083.0 4.35 0.03
 Kepler-1119 b: 5.383 1.920 nan 0.0832 8.32652 2454968.586820 1099.7 0
>Kepler-112: 296.9811361 43.2097025 12.155 0.841 0.828 5544.0 4.51 -0.56
 Kepler-112 b: 3.485 2.360 nan 0.0760 8.40888 2454967.006200 889.3 0
 Kepler-112 c: 4.963 2.400 nan 0.1720 28.57426 2454976.830800 591.1 0
>Kepler-1120: 290.9144516 42.2865522 13.170 0.740 0.780 4904.0 4.60 -0.04
 Kepler-1120 b: 2.039 1.380 nan 0.0370 2.94903 2454966.136410 1056.9 0
>Kepler-1121: 297.7865467 47.8861542 10.795 1.590 1.290 6231.0 4.14 0.12
 Kepler-1121 b: 5.604 1.910 nan 0.1187 13.15141 2454977.161080 1099.7 0
>Kepler-1122: 288.2805801 46.3408747 13.369 0.890 0.920 5544.0 4.51 -0.03
 Kepler-1122 b: 7.108 2.040 nan 0.2307 42.19174 2454988.315470 525.1 0
>Kepler-1123: 294.5177291 50.6703927 13.105 0.900 0.930 5500.0 4.50 0.05
 Kepler-1123 b: 2.297 1.670 nan 0.0508 4.33946 2454965.802450 1116.1 0
>Kepler-1124: 286.5942529 37.8912836 12.826 0.340 0.350 3658.0 4.93 -0.59
 Kepler-1124 b: 0.706 1.280 nan 0.0277 2.85235 2454965.044317 617.5 0
>Kepler-1125: 295.4812018 40.7319316 13.243 0.940 0.950 5683.0 4.47 -0.09
 Kepler-1125 b: 5.772 1.840 nan 0.1305 17.67006 2454964.597960 735.4 0
>Kepler-1126: 285.6919550 45.6893993 12.534 0.930 0.920 5798.0 4.46 -0.26
 Kepler-1126 b: 7.988 1.730 nan 0.4333 108.59333 2455006.751020 409.6 0
 Kepler-1126 c: 8.996 1.465 nan 0.6193 199.66876 2454964.609000 333.9 0
>Kepler-1127: 293.2173563 42.7205846 13.463 0.950 0.970 5664.0 4.47 0.04
 Kepler-1127 b: 2.998 1.960 nan 0.0576 5.12330 2454965.085660 1109.4 0
>Kepler-1128: 293.0633150 39.4034052 13.896 0.910 0.940 5543.0 4.50 0.04
 Kepler-1128 b: 3.752 3.650 nan 0.2991 61.61782 2455012.078770 466.2 0
>Kepler-1129: 291.6044965 41.3093275 13.783 1.000 1.000 5831.0 4.44 -0.04
 Kepler-1129 b: 3.292 2.960 nan 0.1644 24.33978 2454969.059350 693.5 0
 Kepler-1129 c: 5.693 2.730 nan 0.3528 76.53696 2454997.154920 473.4 0
>Kepler-113: 287.9978721 50.9441847 11.255 0.690 0.750 4725.0 4.64 0.05
 Kepler-113 b: 2.539 1.820 11.700 0.0503 4.75400 2454961.546300 844.1 0
 Kepler-113 c: 2.850 2.180 8.700 0.0765 8.92507 2454972.713740 684.2 0
>Kepler-1130: 285.2074210 45.3843330 10.662 0.810 0.900 5403.0 4.57 -0.06
 Kepler-1130 b: 2.105 0.800 nan 0.0585 5.45298 2454967.151020 969.1 0
 Kepler-1130 c: 2.059 0.762 nan 0.0423 3.26664 2454969.087070 1173.0 0
 Kepler-1130 d: 2.143 0.620 nan 0.0505 4.27225 2454966.220950 1072.6 0
>Kepler-1131: 295.6514492 49.2612954 13.416 1.040 1.030 5851.0 4.42 0.05
 Kepler-1131 b: 2.807 1.590 nan 0.0458 3.53232 2454967.744780 1343.8 0
>Kepler-1132: 286.3675188 48.4238906 13.633 0.830 0.870 5298.0 4.55 -0.01
 Kepler-1132 b: 6.867 2.350 nan 0.2955 62.89162 2454972.129560 428.2 0
>Kepler-1133: 293.3224114 42.8674925 13.168 0.900 0.930 5569.0 4.50 -0.02
 Kepler-1133 b: 1.654 1.970 nan 0.0976 11.55562 2454971.195960 815.3 0
>Kepler-1134: 295.5678578 42.4781064 13.881 0.810 0.840 5281.0 4.56 -0.10
 Kepler-1134 b: 3.054 2.640 nan 0.1227 17.13264 2454980.154800 654.2 0
>Kepler-1135: 286.0029904 44.7565551 12.750 0.940 0.960 5656.0 4.47 0.02
 Kepler-1135 b: 9.384 1.850 nan 0.3493 76.95786 2455025.332140 447.4 0
>Kepler-1136: 284.1078441 44.2458047 13.174 0.680 0.720 4512.0 4.63 0.03
 Kepler-1136 b: 1.223 1.640 nan 0.0311 2.36172 2454966.239300 1017.2 0
>Kepler-1137: 287.1302407 48.6653470 11.699 1.840 1.500 6807.0 4.08 0.05
 Kepler-1137 b: 4.692 2.200 nan 0.1860 23.92108 2454972.075830 1032.4 0
>Kepler-1138: 285.8993164 48.3072850 13.754 0.920 0.950 5582.0 4.49 0.04
 Kepler-1138 b: 1.578 1.700 nan 0.0415 3.17060 2454965.677260 1267.0 0
>Kepler-1139: 287.9455985 39.2305281 12.339 0.910 0.940 5550.0 4.50 0.05
 Kepler-1139 b: 1.428 1.190 nan 0.0167 0.81317 2454964.825340 1975.4 0
>Kepler-114: 294.1214820 48.3497977 11.366 0.667 0.738 4605.0 4.65 -0.20
 Kepler-114 b: 2.435 1.260 2.460 0.0530 5.18855 2454978.363200 787.7 0
 Kepler-114 c: 2.632 1.976 2.800 0.0647 8.04100 2454976.038945 712.7 0
 Kepler-114 d: 3.241 3.125 3.900 0.0835 11.77600 2454975.706299 627.6 0
>Kepler-1140: 281.6940529 46.9465210 13.297 0.730 0.760 4850.0 4.61 -0.08
 Kepler-1140 b: 2.229 2.770 nan 0.1490 24.08627 2454981.202270 517.7 0
>Kepler-1141: 290.5436836 47.7259073 10.966 1.070 1.010 5791.0 4.38 0.04
 Kepler-1141 b: 1.398 0.820 nan 0.0347 2.34451 2454965.873370 1551.7 0
>Kepler-1142: 292.7144796 44.0822816 12.648 0.960 0.970 5685.0 4.46 0.02
 Kepler-1142 b: 8.164 1.470 nan 0.1345 18.30272 2454975.892360 732.3 0
>Kepler-1143: 287.3027720 39.2896399 13.075 0.770 0.810 5053.0 4.58 -0.06
 Kepler-1143 b: 1.554 1.670 nan 0.0370 2.88890 2454965.152790 1111.5 0
 Kepler-1143 c: 8.675 3.600 nan 0.6458 210.63059 2455133.727990 266.1 0
>Kepler-1144: 290.0432936 47.2578857 13.433 0.960 0.980 5753.0 4.47 -0.03
 Kepler-1144 b: 3.841 1.990 nan 0.1293 17.14647 2454973.660980 756.0 0
>Kepler-1145: 295.3081524 43.0444026 13.314 0.750 0.790 5064.0 4.59 -0.13
 Kepler-1145 b: 1.814 1.400 nan 0.0454 3.97077 2454967.638850 992.9 0
>Kepler-1146: 286.7167120 47.4256580 13.518 0.700 0.740 4692.0 4.62 -0.06
 Kepler-1146 b: 1.707 1.230 nan 0.0313 2.35227 2454964.804050 1069.8 0
>Kepler-1147: 292.5474753 41.6429221 13.877 1.140 1.090 5941.0 4.36 0.11
 Kepler-1147 b: 5.013 2.610 nan 0.0974 10.62785 2454970.821810 980.3 0
>Kepler-1148: 290.9536059 45.7195545 13.201 0.770 0.810 5054.0 4.58 -0.02
 Kepler-1148 b: 1.055 1.690 nan 0.0195 1.10446 2454965.320760 1531.7 0
>Kepler-1149: 294.1891824 45.1515263 13.301 1.010 1.020 5833.0 4.43 0.02
 Kepler-1149 b: 2.807 1.440 nan 0.0474 3.73090 2454965.894660 1298.5 0
>Kepler-115: 297.7119299 45.2619850 11.970 1.205 1.087 5979.0 4.31 -0.10
 Kepler-115 b: 1.306 1.090 nan 0.0360 2.40368 2454967.728470 1668.0 0
 Kepler-115 c: 4.083 2.600 nan 0.0870 8.99089 2454969.737920 1073.0 0
>Kepler-1150: 296.7244553 49.5326846 12.128 0.720 0.760 4754.0 4.61 0.01
 Kepler-1150 b: 2.025 1.020 nan 0.0354 2.78787 2454966.904340 1034.2 0
>Kepler-1151: 292.2477819 47.8784257 13.126 0.850 0.880 5470.0 4.53 -0.11
 Kepler-1151 b: 4.412 2.220 nan 0.3052 65.64784 2455006.305170 440.2 0
>Kepler-1152: 290.4341483 44.1077802 11.683 0.530 0.550 3964.0 4.73 -0.25
 Kepler-1152 b: 1.256 0.870 nan 0.0224 1.64680 2454965.060600 930.6 0
>Kepler-1153: 289.1471849 45.8661300 14.029 0.880 0.910 5470.0 4.52 0.03
 Kepler-1153 b: 1.814 1.730 nan 0.0276 1.75584 2454966.157270 1489.3 0
>Kepler-1154: 297.4771158 39.8772345 13.348 1.430 1.260 6327.0 4.23 0.04
 Kepler-1154 b: 4.076 2.340 nan 0.0633 5.18561 2454965.320890 1449.8 0
 Kepler-1154 c: 3.068 2.360 nan 0.0877 8.45808 2454970.059300 1231.6 0
>Kepler-1155: 288.8206058 39.5228712 13.184 1.030 1.030 5842.0 4.43 0.04
 Kepler-1155 b: 4.513 2.030 nan 0.2053 33.46974 2454973.151010 631.0 0
>Kepler-1156: 288.9240901 46.0575865 12.660 1.000 1.000 5778.0 4.44 0.02
 Kepler-1156 b: 3.500 1.320 nan 0.1020 11.89521 2454965.889940 872.5 0
>Kepler-1157: 283.1209268 43.5255701 12.015 0.710 0.760 4679.0 4.62 0.05
 Kepler-1157 b: 2.358 1.090 nan 0.0484 4.45743 2454965.160090 864.4 0
>Kepler-1158: 292.2339048 41.5751832 12.271 1.950 1.410 6203.0 4.01 0.18
 Kepler-1158 b: 4.338 2.340 nan 0.1247 13.53963 2454976.151640 1183.0 0
>Kepler-1159: 294.2663250 45.2042317 13.156 1.280 1.190 6217.0 4.30 0.04
 Kepler-1159 b: 3.633 2.370 nan 0.1663 22.70817 2454966.721720 831.7 0
>Kepler-116: 294.7420605 43.5367842 12.383 1.454 1.230 6142.0 4.20 0.04
 Kepler-116 b: 3.639 3.420 nan 0.0690 5.96873 2454970.157620 1359.6 0
 Kepler-116 c: 3.024 2.300 nan 0.1160 13.07163 2454977.432940 1048.6 0
>Kepler-1160: 287.8793899 43.3640752 14.160 0.890 0.920 5519.0 4.51 0.01
 Kepler-1160 b: 2.767 2.140 nan 0.0759 7.97035 2454969.557530 911.0 0
>Kepler-1161: 299.0770621 45.4405583 13.141 0.570 0.590 4253.0 4.70 -0.35
 Kepler-1161 b: 2.722 2.130 nan 0.0798 10.71253 2454970.166180 548.2 0
>Kepler-1162: 283.2920273 45.4339813 13.753 0.840 0.890 5390.0 4.54 -0.03
 Kepler-1162 b: 5.548 2.210 nan 0.1920 32.56371 2454996.456060 543.7 0
 Kepler-1162 c: 5.420 1.768 nan 0.2832 59.28406 2454981.754070 438.8 0
>Kepler-1163: 290.2358630 50.0300654 10.971 1.350 1.220 6302.0 4.26 0.02
 Kepler-1163 b: 3.470 1.030 nan 0.0700 6.11787 2454966.616090 1335.0 0
>Kepler-1164: 287.5296372 38.8945065 12.203 0.790 0.850 5183.0 4.57 -0.03
 Kepler-1164 b: 2.141 1.120 nan 0.0465 3.97600 2454966.621340 1029.8 0
>Kepler-1165: 286.9712284 44.7082669 13.070 1.180 1.130 6080.0 4.34 0.05
 Kepler-1165 b: 6.223 1.550 nan 0.0913 9.47852 2454973.166620 1054.0 0
 Kepler-1165 c: 6.670 3.686 nan 0.1967 29.96870 2454980.862211 704.8 0
>Kepler-1166: 290.3484956 50.9028387 12.737 0.860 0.900 5446.0 4.53 -0.02
 Kepler-1166 b: 4.982 1.690 nan 0.1953 33.24069 2454976.462450 551.0 0
>Kepler-1167: 298.3026595 47.6939654 13.663 0.750 0.790 4971.0 4.60 -0.05
 Kepler-1167 b: 1.456 1.710 nan 0.0181 1.00393 2454965.097310 1541.3 0
>Kepler-1168: 287.2977834 47.4554880 13.686 0.820 0.870 5157.0 4.56 0.13
 Kepler-1168 b: 5.493 2.500 nan 0.2729 55.82265 2455002.036410 431.1 0
>Kepler-1169: 294.9115874 46.4914718 11.409 1.230 1.240 6191.0 4.35 0.26
 Kepler-1169 b: 2.447 0.940 nan 0.0703 6.11009 2454969.913000 1249.0 0
>Kepler-117: 288.7930651 48.0401760 13.011 1.606 1.129 6150.0 4.10 -0.04
 Kepler-117 b: 7.258 8.059 29.875 0.1445 18.79592 2454978.822040 988.7 0
 Kepler-117 c: 10.883 12.341 584.780 0.2804 50.79039 2454968.632050 709.7 0
>Kepler-1170: 292.1685422 43.7795963 13.806 0.760 0.800 5069.0 4.58 -0.09
 Kepler-1170 b: 3.704 2.410 nan 0.0843 9.98969 2454966.761490 734.1 0
>Kepler-1171: 294.9589285 38.5915968 10.547 1.950 1.580 7044.0 4.05 -0.01
 Kepler-1171 b: 3.015 2.560 nan 0.0291 1.44259 2454967.072200 2780.4 0
>Kepler-1172: 290.4744875 37.7665499 14.140 0.890 0.920 5558.0 4.51 -0.04
 Kepler-1172 b: 4.840 3.200 nan 0.1671 26.02044 2454987.524680 618.5 0
>Kepler-1173: 293.1311803 45.6634153 11.884 0.820 0.860 5252.0 4.55 0.00
 Kepler-1173 b: 1.028 0.890 nan 0.0156 0.76985 2454965.521420 1834.2 0
>Kepler-1174: 281.8314296 42.2988910 12.762 1.040 1.040 5936.0 4.42 -0.04
 Kepler-1174 b: 2.456 1.590 nan 0.0718 6.89225 2454965.464300 1089.3 0
>Kepler-1175: 289.1426847 46.8129656 14.149 0.860 0.900 5453.0 4.53 -0.04
 Kepler-1175 b: 4.025 2.990 nan 0.2134 37.94563 2454967.782670 527.9 0
>Kepler-1176: 297.9197240 45.2742038 13.310 1.020 1.010 5844.0 4.42 -0.01
 Kepler-1176 b: 3.057 2.450 nan 0.1642 24.17386 2454968.624440 702.4 0
>Kepler-1177: 286.6714813 49.4062964 12.967 0.970 0.980 5712.0 4.46 0.02
 Kepler-1177 b: 13.668 1.900 nan 0.4361 106.24755 2454968.745100 410.8 0
>Kepler-1178: 288.4561183 45.8022258 11.735 0.750 0.800 4990.0 4.59 -0.05
 Kepler-1178 b: 3.794 1.070 nan 0.1824 31.80634 2454983.664300 487.9 0
>Kepler-1179: 284.0974305 47.8104856 12.189 0.810 0.840 5212.0 4.56 -0.03
 Kepler-1179 b: 1.023 1.320 nan 0.0357 2.68506 2454965.604110 1197.6 0
>Kepler-118: 299.2131881 41.4248195 12.711 1.094 0.919 5274.0 4.32 0.20
 Kepler-118 b: 2.857 1.960 nan 0.0730 7.51850 2454965.536660 984.5 0
 Kepler-118 c: 3.108 7.680 nan 0.1410 20.17202 2454974.208400 708.4 0
>Kepler-1180: 295.8874773 43.1559952 13.521 1.140 1.090 6077.0 4.36 0.00
 Kepler-1180 b: 5.553 1.990 nan 0.1324 16.86013 2454972.845990 859.8 0
>Kepler-1181: 289.7473165 39.5234131 12.363 1.300 1.170 6176.0 4.27 0.03
 Kepler-1181 b: 3.316 1.570 nan 0.0594 4.89338 2454966.643310 1392.8 0
 Kepler-1181 c: 2.579 1.760 nan 0.0928 8.93485 2454966.391080 1228.7 0
>Kepler-1182: 296.3079895 43.8213706 13.670 1.050 1.040 5924.0 4.41 0.01
 Kepler-1182 b: 3.421 2.410 nan 0.0991 11.17395 2454967.704080 929.8 0
>Kepler-1183: 292.2324228 38.8921946 14.006 0.990 1.000 5765.0 4.45 0.04
 Kepler-1183 b: 6.252 2.820 nan 0.1826 28.50572 2454965.920180 647.2 0
>Kepler-1184: 291.2820310 46.9659514 13.490 1.070 1.050 5983.0 4.41 -0.04
 Kepler-1184 b: 6.662 2.680 nan 0.2828 53.59910 2454980.428850 561.2 0
>Kepler-1185: 287.2411783 39.3326977 10.981 0.870 0.960 5622.0 4.54 -0.04
 Kepler-1185 b: 3.586 1.330 nan 0.4279 104.35190 2455023.102310 386.5 0
>Kepler-1186: 288.4796333 47.1017438 13.672 0.930 0.950 5635.0 4.49 0.00
 Kepler-1186 b: 2.237 2.230 nan 0.1226 16.07678 2454976.387640 748.5 0
>Kepler-1187: 286.8919996 38.3185034 13.151 1.090 1.060 5975.0 4.39 -0.01
 Kepler-1187 b: 3.248 2.610 nan 0.1414 18.87064 2454976.955210 799.8 0
>Kepler-1188: 283.1038438 43.1480487 13.519 1.060 1.040 5913.0 4.40 0.00
 Kepler-1188 b: 6.366 2.080 nan 0.1318 17.13695 2454974.013710 808.6 0
>Kepler-1189: 298.4264116 47.9468194 12.675 1.160 1.110 6012.0 4.36 0.08
 Kepler-1189 b: 3.492 1.770 nan 0.0492 3.78859 2454967.622700 1407.0 0
>Kepler-119: 295.9463854 42.6588324 12.580 0.839 0.975 5595.0 4.57 -0.10
 Kepler-119 b: 2.574 3.600 nan 0.0350 2.42208 2454965.939280 1320.9 0
 Kepler-119 c: 2.840 0.920 nan 0.0490 4.12510 2454966.641370 1116.4 0
>Kepler-1190: 284.9996582 49.4799506 12.212 0.720 0.760 4730.0 4.62 -0.02
 Kepler-1190 b: 3.102 1.330 nan 0.0854 10.45843 2454970.650220 662.2 0
>Kepler-1191: 291.6577923 48.0092619 13.526 0.810 0.850 5308.0 4.56 -0.08
 Kepler-1191 b: 2.802 1.510 nan 0.0585 5.60015 2454968.961630 952.7 0
>Kepler-1192: 282.1405603 43.8964934 13.922 0.830 0.860 5438.0 4.55 -0.16
 Kepler-1192 b: 4.552 2.360 nan 0.1600 25.20348 2454970.562180 597.3 0
>Kepler-1193: 288.1447323 51.2756446 12.065 1.210 1.080 5908.0 4.31 0.12
 Kepler-1193 b: 2.384 1.320 nan 0.0402 2.83265 2454964.826310 1563.0 0
>Kepler-1194: 291.6994841 38.1452065 12.445 0.920 0.940 5590.0 4.49 0.00
 Kepler-1194 b: 2.502 1.510 nan 0.1229 16.22371 2454969.027050 737.6 0
>Kepler-1195: 284.3510523 40.8529319 13.712 0.710 0.740 4965.0 4.61 -0.25
 Kepler-1195 b: 2.237 2.080 nan 0.0737 8.49642 2454971.735170 743.1 0
>Kepler-1196: 292.3695850 43.9108663 13.262 0.970 0.980 5756.0 4.46 0.00
 Kepler-1196 b: 4.788 2.230 nan 0.3181 66.18490 2454974.615160 484.7 0
>Kepler-1197: 291.6693437 42.5907441 12.814 0.720 0.780 4708.0 4.62 0.06
 Kepler-1197 b: 1.121 1.250 nan 0.0289 2.03232 2454965.643660 1133.1 0
>Kepler-1198: 288.8339659 44.8381980 13.012 0.900 0.930 5517.0 4.50 0.03
 Kepler-1198 b: 2.599 1.470 nan 0.0744 7.68477 2454970.639850 925.3 0
>Kepler-1199: 293.7258092 47.2469219 11.581 1.170 0.940 5889.0 4.27 -0.27
 Kepler-1199 b: 5.819 1.150 nan 0.1168 15.04472 2454966.207270 898.6 0
>Kepler-12: 286.2434458 50.0403671 12.066 1.483 1.166 5947.0 4.17 0.07
 Kepler-12 b: 4.698 19.661 137.303 0.0553 4.43796 2455004.009150 1485.0 0
>Kepler-120: 287.8915707 39.3390979 12.307 0.534 0.557 4096.0 4.73 -0.17
 Kepler-120 b: 2.908 2.150 8.500 0.0550 6.31250 2454965.654190 615.4 0
 Kepler-120 c: 3.450 1.530 nan 0.0880 12.79458 2454963.764640 486.5 0
>Kepler-1200: 296.6034317 44.1292537 13.202 0.700 0.740 4612.0 4.63 0.04
 Kepler-1200 b: 1.542 1.060 nan 0.0191 1.11855 2454965.847170 1347.2 0
>Kepler-1201: 294.6147908 40.8331158 13.157 1.240 1.150 6177.0 4.32 0.03
 Kepler-1201 b: 4.508 2.290 nan 0.1257 15.18726 2454967.055810 935.4 0
>Kepler-1202: 292.2906060 44.6532281 13.946 1.040 1.030 5834.0 4.42 0.06
 Kepler-1202 b: 5.467 2.940 nan 0.1852 28.68513 2454992.876730 666.6 0
>Kepler-1203: 292.7734523 44.1780880 12.059 0.610 0.640 4105.0 4.67 0.01
 Kepler-1203 b: 1.163 1.060 nan 0.0118 0.58800 2454965.059132 1421.0 0
>Kepler-1204: 289.4415238 42.4981476 13.771 1.030 1.030 5825.0 4.42 0.06
 Kepler-1204 b: 7.457 3.050 nan 0.3843 85.73503 2455003.985530 459.9 0
>Kepler-1205: 290.2796734 41.5150499 13.262 0.810 0.840 5226.0 4.56 -0.04
 Kepler-1205 b: 1.230 1.410 nan 0.0194 1.07839 2454966.249750 1627.6 0
>Kepler-1206: 295.9383737 49.7911337 13.742 0.750 0.800 4877.0 4.60 0.07
 Kepler-1206 b: 1.310 1.640 nan 0.0207 1.21700 2454965.032550 1415.3 0
>Kepler-1207: 295.0641963 49.3589615 13.017 1.060 1.060 5909.0 4.41 0.05
 Kepler-1207 b: 4.163 1.620 nan 0.1142 13.68237 2454972.187400 868.3 0
>Kepler-1208: 291.8812445 44.5557587 13.788 0.760 0.800 5001.0 4.59 -0.03
 Kepler-1208 b: 1.708 2.320 nan 0.0903 11.08508 2455188.036620 699.5 0
>Kepler-1209: 287.5849352 49.1547328 11.239 1.380 1.230 6210.0 4.24 0.12
 Kepler-1209 b: 4.634 1.510 nan 0.1810 25.36912 2454976.687380 826.8 0
>Kepler-121: 286.1621273 39.6780204 12.796 0.701 0.784 5311.0 4.65 -0.38
 Kepler-121 b: 1.475 2.340 nan 0.0390 3.17742 2454967.477870 1085.8 0
 Kepler-121 c: 3.978 2.270 nan 0.2160 41.00801 2454980.034760 461.4 0
>Kepler-1210: 292.8321598 48.2193376 13.833 0.920 0.940 5568.0 4.49 0.04
 Kepler-1210 b: 2.653 1.700 nan 0.0771 8.07124 2454970.763850 927.2 0
>Kepler-1211: 285.7207618 40.8569116 14.318 0.940 0.960 5705.0 4.48 -0.08
 Kepler-1211 b: 4.531 2.550 nan 0.0956 11.01817 2454972.880440 862.6 0
>Kepler-1212: 296.8534096 50.0373196 13.565 1.150 1.100 6051.0 4.36 0.03
 Kepler-1212 b: 4.468 2.140 nan 0.1114 12.94130 2454972.893120 937.7 0
>Kepler-1213: 289.4858423 50.9441967 11.988 1.210 1.140 6050.0 4.33 0.13
 Kepler-1213 b: 4.209 1.190 nan 0.0625 5.34982 2454966.880380 1283.3 0
>Kepler-1214: 285.1427113 49.8006565 13.351 0.800 0.850 5130.0 4.57 0.05
 Kepler-1214 b: 2.333 2.360 nan 0.1312 18.82634 2454967.701710 610.8 0
>Kepler-1215: 297.4636477 48.1813978 12.714 0.930 0.950 5616.0 4.48 0.01
 Kepler-1215 b: 1.850 1.220 nan 0.0545 4.76704 2454965.690390 1118.7 0
>Kepler-1216: 287.4052661 45.9179790 13.613 0.980 0.990 5743.0 4.46 0.03
 Kepler-1216 b: 2.819 1.390 nan 0.0521 4.37035 2454964.923970 1200.6 0
>Kepler-1217: 289.1866841 50.9375614 13.807 1.080 1.060 5905.0 4.40 0.07
 Kepler-1217 b: 1.718 1.990 nan 0.0320 2.03233 2454965.318670 1653.8 0
>Kepler-1218: 291.5788505 44.5316825 12.177 1.100 1.060 5986.0 4.38 -0.02
 Kepler-1218 b: 8.261 1.440 nan 0.1610 22.92213 2454966.666500 754.4 0
>Kepler-1219: 297.2158443 47.3785082 10.809 1.940 1.250 5944.0 3.97 0.05
 Kepler-1219 b: 5.607 2.120 nan 0.1344 16.10468 2454968.015700 1088.8 0
>Kepler-122: 291.1118647 39.9490248 12.826 1.216 1.081 6050.0 4.30 -0.08
 Kepler-122 b: 3.846 2.340 nan 0.0640 5.76619 2454967.014880 1271.6 0
 Kepler-122 c: 5.063 5.870 nan 0.1080 12.46599 2454967.002910 978.9 0
 Kepler-122 d: 4.683 2.200 nan 0.1550 21.58748 2454975.972870 817.1 0
 Kepler-122 e: 7.155 2.600 27.700 0.2270 37.99327 2454996.015530 675.2 0
 Kepler-122 f: 8.139 2.242 36.000 0.2902 56.26800 2454997.226300 597.2 0
>Kepler-1220: 297.0703980 42.9777396 13.208 0.990 1.000 5842.0 4.45 -0.04
 Kepler-1220 b: 2.848 1.520 nan 0.0745 7.42694 2454966.098710 1026.9 0
>Kepler-1221: 285.8223636 45.7118423 13.665 0.820 0.870 5194.0 4.55 0.09
 Kepler-1221 b: 3.433 1.880 nan 0.0979 12.00096 2454975.041450 724.7 0
>Kepler-1222: 294.8896160 49.3798215 12.187 0.800 0.840 5239.0 4.56 -0.04
 Kepler-1222 b: 1.463 0.790 nan 0.0285 1.91694 2454965.467040 1338.6 0
>Kepler-1223: 285.2956462 44.5527542 12.429 0.750 0.800 4870.0 4.60 0.04
 Kepler-1223 b: 3.984 1.220 nan 0.1168 16.30126 2454966.792430 595.1 0
>Kepler-1224: 286.6257591 37.5373130 11.588 1.220 1.180 6155.0 4.34 0.14
 Kepler-1224 b: 3.927 1.330 nan 0.1162 13.32352 2454967.034690 961.6 0
>Kepler-1225: 290.6332748 40.1369671 13.282 1.190 1.130 6140.0 4.34 0.01
 Kepler-1225 b: 2.152 1.820 nan 0.0747 7.01075 2454971.400660 1182.0 0
>Kepler-1226: 296.3768521 50.6214592 12.645 1.020 1.020 5923.0 4.43 -0.08
 Kepler-1226 b: 6.724 1.450 nan 0.1317 17.29235 2454968.749850 794.7 0
>Kepler-1227: 287.0664109 41.8749712 12.507 0.950 0.970 5747.0 4.47 -0.04
 Kepler-1227 b: 4.144 2.290 nan 0.4013 94.28876 2454999.512950 426.4 0
>Kepler-1228: 296.5527610 46.9661945 12.799 0.740 0.780 5063.0 4.59 -0.18
 Kepler-1228 b: 1.096 1.540 nan 0.0125 0.57737 2454965.425551 1879.1 0
>Kepler-1229: 297.4868347 46.9966782 12.374 0.510 0.540 3784.0 4.75 -0.06
 Kepler-1229 b: 6.001 1.400 nan 0.3125 86.82899 2455022.268840 233.1 0
>Kepler-123: 296.9985853 42.7819633 12.655 1.264 1.105 6089.0 4.28 -0.14
 Kepler-123 b: 4.566 2.940 55.300 0.1350 17.23237 2454968.091130 898.4 0
 Kepler-123 c: 4.529 1.480 nan 0.1810 26.69507 2454976.998120 775.9 0
>Kepler-1230: 283.2645129 41.7114526 13.915 1.080 1.060 5961.0 4.40 0.01
 Kepler-1230 b: 2.870 2.710 nan 0.0924 9.95662 2454969.590340 983.0 0
>Kepler-1231: 288.5882888 42.6056644 13.175 1.000 1.010 5778.0 4.44 0.06
 Kepler-1231 b: 4.187 1.420 nan 0.0937 10.41725 2454970.459110 910.4 0
>Kepler-1232: 296.5500966 49.1023070 12.965 0.890 0.920 5471.0 4.51 0.06
 Kepler-1232 b: 4.517 1.930 nan 0.1704 26.78392 2454973.753910 602.9 0
>Kepler-1233: 297.3750954 46.6622201 13.258 1.250 1.160 6198.0 4.30 0.02
 Kepler-1233 b: 6.631 2.600 nan 0.2606 45.12630 2454998.416700 654.5 0
>Kepler-1234: 287.5220359 51.3759464 13.797 0.760 0.800 4967.0 4.59 0.01
 Kepler-1234 b: 3.472 2.810 nan 0.0949 11.94014 2454969.559270 677.8 0
>Kepler-1235: 284.9030677 43.9540616 12.199 0.900 0.930 5541.0 4.50 0.01
 Kepler-1235 b: 2.615 0.790 nan 0.0494 4.16056 2454965.273780 1140.3 0
>Kepler-1236: 295.6247375 42.5458739 14.018 0.820 0.860 5337.0 4.55 -0.09
 Kepler-1236 b: 3.401 2.140 nan 0.1839 31.05716 2454980.562900 543.5 0
>Kepler-1237: 295.6292745 44.6905815 13.851 0.900 0.940 5472.0 4.50 0.12
 Kepler-1237 b: 5.715 2.860 nan 0.3694 84.57332 2454983.153320 411.9 0
>Kepler-1238: 297.9057655 40.1628378 13.259 1.480 1.300 6386.0 4.21 0.05
 Kepler-1238 b: 3.674 1.930 nan 0.0551 4.14788 2454968.535340 1595.4 0
>Kepler-1239: 293.1273357 42.3200578 14.354 1.570 1.400 6564.0 4.20 0.22
 Kepler-1239 b: 4.268 2.900 nan 0.0656 5.19104 2454968.214660 1548.0 0
>Kepler-124: 286.7527322 49.0648788 12.233 0.636 0.698 4984.0 4.67 -0.54
 Kepler-124 b: 2.389 0.730 nan 0.0390 3.41049 2454964.575490 970.5 0
 Kepler-124 c: 3.552 1.750 nan 0.1000 13.82137 2454964.793910 606.1 0
 Kepler-124 d: 4.196 1.110 nan 0.1700 30.95085 2454986.836980 464.9 0
>Kepler-1240: 282.9997682 40.5574322 12.361 0.960 0.980 5682.0 4.47 0.04
 Kepler-1240 b: 2.231 1.150 nan 0.0558 4.86638 2454967.017130 1136.2 0
>Kepler-1241: 294.5762033 38.4569588 13.764 0.800 0.840 5261.0 4.56 -0.09
 Kepler-1241 b: 4.201 2.630 nan 0.1294 18.55257 2454968.510460 630.8 0
>Kepler-1242: 284.6062174 41.1963440 13.343 0.740 0.770 4895.0 4.60 -0.05
 Kepler-1242 b: 3.047 2.260 nan 0.1023 13.62798 2454968.450490 634.7 0
>Kepler-1243: 294.0093970 42.8807779 13.168 0.940 0.960 5667.0 4.48 0.01
 Kepler-1243 b: 3.923 1.750 nan 0.1268 16.83207 2454973.528800 744.0 0
>Kepler-1244: 282.3012505 46.5161814 11.269 1.770 1.460 6680.0 4.10 0.05
 Kepler-1244 b: 3.281 1.350 nan 0.0532 3.70428 2454965.215900 1858.8 0
>Kepler-1245: 290.7443078 43.2607530 13.519 0.830 0.860 5306.0 4.55 -0.01
 Kepler-1245 b: 2.313 1.440 nan 0.0496 4.35409 2454965.852750 1046.4 0
 Kepler-1245 c: 1.852 1.440 nan 0.0382 2.93658 2454966.037510 1193.2 0
>Kepler-1246: 287.6572346 48.9822053 12.590 0.690 0.730 4611.0 4.63 -0.03
 Kepler-1246 b: 3.027 1.360 nan 0.0889 11.32272 2454969.056640 619.6 0
>Kepler-1247: 294.5335974 46.6182365 14.069 0.820 0.860 5303.0 4.55 -0.05
 Kepler-1247 b: 2.493 2.330 nan 0.1066 13.71220 2454968.518650 709.2 0
>Kepler-1248: 288.0592191 51.3544564 11.449 1.210 1.210 6149.0 4.36 0.24
 Kepler-1248 b: 3.713 1.180 nan 0.0797 7.46725 2454969.385420 1155.5 0
>Kepler-1249: 296.8948517 44.3717429 13.828 1.280 1.190 6202.0 4.29 0.06
 Kepler-1249 b: 6.630 2.380 nan 0.1742 24.33471 2454980.408400 810.8 0
>Kepler-125: 298.2581101 47.6050031 11.682 0.512 0.530 3810.0 4.74 -0.06
 Kepler-125 b: 1.798 2.370 nan 0.0410 4.16439 2455004.086760 649.2 0
 Kepler-125 c: 1.878 0.740 nan 0.0510 5.77446 2454965.961180 582.1 0
>Kepler-1250: 287.7938184 45.9802492 14.008 0.980 0.990 5717.0 4.46 0.04
 Kepler-1250 b: 1.465 1.920 nan 0.0370 2.60754 2454964.835370 1419.7 0
>Kepler-1251: 292.1151093 49.2563792 13.269 0.890 0.920 5545.0 4.51 -0.04
 Kepler-1251 b: 3.905 1.840 nan 0.2411 45.09046 2454966.559600 513.7 0
>Kepler-1252: 298.9503634 46.6928437 12.690 1.090 1.060 5949.0 4.38 0.03
 Kepler-1252 b: 4.275 1.670 nan 0.1217 15.05403 2454968.530670 858.7 0
>Kepler-1253: 283.8852196 47.6371507 11.016 1.100 0.970 5850.0 4.33 -0.14
 Kepler-1253 b: 5.950 1.330 nan 0.3256 68.88619 2454993.298040 518.5 0
>Kepler-1254: 285.1733174 48.7700099 13.292 0.750 0.780 4985.0 4.59 -0.10
 Kepler-1254 b: 2.645 1.550 nan 0.0836 9.99113 2454967.392930 720.1 0
 Kepler-1254 c: 1.981 1.300 nan 0.0423 3.60084 2454967.034460 1011.9 0
 Kepler-1254 d: 2.177 1.310 nan 0.0577 5.72717 2454966.963980 866.9 0
>Kepler-1255: 295.2392569 42.7264842 13.692 1.120 1.080 6018.0 4.37 0.02
 Kepler-1255 b: 8.181 2.320 nan 0.2201 36.29193 2454965.178120 654.6 0
>Kepler-1256: 291.4742443 44.6834119 12.234 1.360 1.170 6129.0 4.23 0.05
 Kepler-1256 b: 4.369 1.490 nan 0.1106 12.41278 2454973.360320 1036.6 0
>Kepler-1257: 296.0756231 45.6270165 13.848 0.870 0.900 5502.0 4.52 -0.09
 Kepler-1257 b: 2.366 1.520 nan 0.0364 2.66831 2454964.688770 1297.9 0
>Kepler-1258: 285.4049723 49.9948186 12.382 0.990 0.990 5839.0 4.45 -0.07
 Kepler-1258 b: 1.954 0.860 nan 0.0193 0.98494 2454966.319620 2016.1 0
>Kepler-1259: 297.8414628 46.9676288 13.280 0.770 0.800 5053.0 4.58 -0.07
 Kepler-1259 b: 1.069 1.430 nan 0.0138 0.66309 2454964.979450 1819.1 0
>Kepler-126: 289.3473634 44.2084445 9.344 1.358 1.175 6239.0 4.25 -0.13
 Kepler-126 b: 4.815 1.520 4.117 0.0990 10.49571 2455005.789660 1114.2 0
 Kepler-126 c: 5.479 1.580 1.279 0.1620 21.86974 2454973.291590 871.0 0
 Kepler-126 d: 10.841 2.500 54.590 0.4480 100.28313 2455078.044340 523.8 0
>Kepler-1260: 295.5912652 42.5552261 13.183 1.080 1.060 5961.0 4.39 0.01
 Kepler-1260 b: 6.873 1.770 nan 0.1427 19.11878 2454971.425680 790.8 0
>Kepler-1261: 285.2324786 48.8066963 13.558 0.770 0.820 5006.0 4.58 0.03
 Kepler-1261 b: 3.755 2.260 nan 0.2434 48.43090 2454974.460290 429.4 0
>Kepler-1262: 288.7718287 42.2131694 13.629 0.980 0.990 5771.0 4.45 -0.02
 Kepler-1262 b: 2.835 1.820 nan 0.0824 8.67900 2454973.906990 959.8 0
>Kepler-1263: 286.4836260 46.7526182 13.080 0.800 0.840 5213.0 4.56 -0.03
 Kepler-1263 b: 2.491 1.140 nan 0.0507 4.55140 2454966.060250 998.4 0
>Kepler-1264: 289.8844102 45.2115075 12.901 0.980 0.990 5791.0 4.45 -0.02
 Kepler-1264 b: 1.290 1.180 nan 0.0191 0.96853 2454964.511410 2000.6 0
>Kepler-1265: 284.5858364 47.0795646 13.200 0.690 0.710 4630.0 4.63 -0.10
 Kepler-1265 b: 2.243 1.350 nan 0.0608 6.49441 2454965.250450 752.3 0
>Kepler-1266: 285.8693277 42.7279996 13.824 0.760 0.800 5044.0 4.59 -0.07
 Kepler-1266 b: 4.809 2.580 nan 0.1694 28.47475 2454987.581910 515.2 0
 Kepler-1266 c: 1.758 1.537 nan 0.0520 4.86631 2455186.338460 963.3 0
>Kepler-1267: 299.1695093 43.4410533 13.937 1.200 1.150 6096.0 4.33 0.07
 Kepler-1267 b: 4.252 3.010 nan 0.1135 13.03139 2454977.113870 955.6 0
>Kepler-1268: 287.8384190 43.1531776 13.764 1.090 1.060 5904.0 4.38 0.05
 Kepler-1268 b: 7.261 2.030 nan 0.2372 40.99040 2454965.413930 610.3 0
>Kepler-1269: 287.8055442 45.3405371 12.218 1.150 1.100 5998.0 4.36 0.07
 Kepler-1269 b: 7.294 1.630 nan 0.2257 37.33315 2454995.904480 652.9 0
>Kepler-127: 285.1899439 46.0280596 10.234 1.359 1.250 6106.0 4.26 0.32
 Kepler-127 b: 3.435 1.400 nan 0.1250 14.43589 2454974.511400 970.8 0
 Kepler-127 c: 7.104 2.660 nan 0.2000 29.39319 2455042.067080 767.5 0
 Kepler-127 d: 7.018 2.640 nan 0.2800 48.63041 2455005.547090 648.7 0
>Kepler-1270: 286.7156676 48.6452552 11.242 3.380 1.280 5047.0 3.49 -0.02
 Kepler-1270 b: 10.264 3.320 nan 0.0704 6.03356 2454970.119120 1686.0 0
>Kepler-1271: 286.3442954 37.4119347 12.503 1.230 1.130 6143.0 4.31 -0.01
 Kepler-1271 b: 2.959 1.480 nan 0.0426 3.02560 2454967.364500 1590.9 0
>Kepler-1272: 285.2197605 38.8058393 12.888 1.090 1.060 5926.0 4.39 0.06
 Kepler-1272 b: 5.995 2.370 nan 0.2749 51.13097 2454970.179520 569.0 0
>Kepler-1273: 285.8032016 44.8733983 14.260 0.910 0.940 5566.0 4.50 0.03
 Kepler-1273 b: 4.601 2.490 nan 0.1794 28.62565 2454991.113170 604.5 0
>Kepler-1274: 284.5936858 46.4497364 10.454 2.170 1.450 6179.0 3.93 0.11
 Kepler-1274 b: 5.896 1.420 nan 0.0809 6.98153 2454965.769730 1543.0 0
>Kepler-1275: 293.5004955 44.9324455 13.062 1.360 1.230 6296.0 4.26 0.04
 Kepler-1275 b: 2.114 1.480 nan 0.0498 3.65691 2454967.953970 1587.0 0
>Kepler-1276: 287.8570173 40.5471909 11.639 1.210 1.140 6188.0 4.33 -0.02
 Kepler-1276 b: 4.717 1.190 nan 0.1105 12.57201 2454976.081760 987.2 0
>Kepler-1277: 295.1025166 40.5723736 12.427 0.920 0.940 5578.0 4.49 -0.01
 Kepler-1277 b: 4.944 1.600 nan 0.2273 40.83650 2454985.875100 541.1 0
>Kepler-1278: 282.9569197 42.8255589 12.270 1.160 1.110 6074.0 4.35 0.02
 Kepler-1278 b: 2.654 1.010 nan 0.0444 3.23941 2454966.984430 1497.7 0
>Kepler-1279: 288.0955917 40.3659090 12.620 1.330 1.210 6221.0 4.26 0.06
 Kepler-1279 b: 7.271 1.750 nan 0.1710 23.47741 2454978.350730 836.6 0
>Kepler-128: 282.4922622 43.9802442 10.109 1.659 1.184 6072.0 4.07 -0.09
 Kepler-128 b: 4.211 1.421 3.790 0.1259 15.00000 2455008.955610 1062.7 0
 Kepler-128 c: 5.092 1.521 3.380 0.1665 22.80000 2454986.492000 924.3 0
>Kepler-1280: 293.5738933 45.3844919 12.602 1.320 1.200 6227.0 4.28 0.04
 Kepler-1280 b: 10.399 1.870 nan 0.3416 66.55791 2455014.323680 590.3 0
>Kepler-1281: 295.3543571 48.5153932 13.929 0.830 0.870 5353.0 4.55 -0.04
 Kepler-1281 b: 1.909 1.640 nan 0.0399 3.11603 2454966.854460 1177.9 0
>Kepler-1282: 290.1761688 46.6983036 13.852 0.890 0.920 5504.0 4.51 0.01
 Kepler-1282 b: 1.818 1.550 nan 0.0315 2.13195 2454966.653790 1410.1 0
>Kepler-1283: 295.4623336 40.7769335 13.567 1.250 1.160 6175.0 4.31 0.04
 Kepler-1283 b: 9.583 1.910 nan 0.1134 12.94610 2454972.421400 988.7 0
>Kepler-1284: 291.2789549 47.6875766 13.572 0.790 0.840 5123.0 4.57 0.03
 Kepler-1284 b: 1.102 1.210 nan 0.0141 0.66407 2454966.403270 1852.0 0
>Kepler-1285: 281.8353366 44.1558825 10.484 1.280 1.200 6170.0 4.30 0.16
 Kepler-1285 b: 5.638 0.970 nan 0.1253 14.79675 2454975.737730 950.8 0
>Kepler-1286: 280.2583709 43.8357433 13.655 0.980 1.000 5753.0 4.45 0.03
 Kepler-1286 b: 4.679 2.150 nan 0.0983 11.25403 2454969.889020 876.0 0
>Kepler-1287: 289.1346298 47.0630180 13.505 0.940 0.960 5715.0 4.48 -0.05
 Kepler-1287 b: 2.702 1.540 nan 0.0982 11.47686 2454972.629860 852.5 0
>Kepler-1288: 285.7135000 41.6058799 11.959 1.290 1.200 6132.0 4.29 0.14
 Kepler-1288 b: 3.662 1.120 nan 0.0409 2.76122 2454964.610130 1660.0 0
>Kepler-1289: 296.3887670 41.0405090 13.043 1.170 1.100 6080.0 4.35 0.02
 Kepler-1289 b: 3.274 1.520 nan 0.0807 7.99020 2454965.271830 1116.0 0
>Kepler-129: 285.3111845 47.8484775 10.252 1.653 1.178 5770.0 4.07 0.29
 Kepler-129 b: 7.277 2.400 20.000 0.1300 15.79000 2455009.818880 992.1 1
 Kepler-129 c: 9.945 2.520 43.000 0.3900 82.20000 2455041.787400 572.8 0
 Kepler-129 d: nan nan 2637.976 4.0000 2646.00000 nan 178.9 1
>Kepler-1290: 290.6852287 43.8596155 14.112 0.930 0.950 5660.0 4.49 -0.02
 Kepler-1290 b: 2.963 1.420 nan 0.0539 4.69500 2454966.939990 1133.2 0
>Kepler-1291: 289.3770051 40.0010791 13.893 0.800 0.840 5216.0 4.56 -0.04
 Kepler-1291 b: 3.131 1.660 nan 0.0777 8.63043 2454972.582500 807.1 0
>Kepler-1292: 284.9057222 43.9491434 14.190 0.930 0.950 5556.0 4.49 0.08
 Kepler-1292 b: 2.272 1.820 nan 0.0424 3.27646 2454964.979340 1254.1 0
>Kepler-1293: 290.0258783 48.3359227 12.075 1.280 1.180 6241.0 4.29 0.00
 Kepler-1293 b: 3.745 0.970 nan 0.0650 5.57655 2454969.427710 1335.1 0
>Kepler-1294: 291.2681037 44.4881624 13.597 0.970 0.990 5776.0 4.46 -0.03
 Kepler-1294 b: 4.625 3.190 nan 0.4631 115.68623 2455079.987670 403.1 0
>Kepler-1295: 291.3978451 45.5885530 14.092 0.890 0.920 5486.0 4.51 0.04
 Kepler-1295 b: 2.005 1.550 nan 0.0465 3.81372 2454965.571030 1157.8 0
>Kepler-1296: 292.1251038 41.4077928 12.801 0.830 0.870 5359.0 4.55 -0.04
 Kepler-1296 b: 4.992 0.910 nan 0.0771 8.38399 2454967.411750 847.8 0
>Kepler-1297: 289.9564415 47.0203466 13.262 0.990 0.990 5818.0 4.45 -0.04
 Kepler-1297 b: 3.000 0.970 nan 0.0276 1.68189 2454966.081750 1680.7 0
>Kepler-1298: 284.4227535 49.1061907 10.149 2.000 1.450 6339.0 4.00 0.13
 Kepler-1298 b: 5.614 1.310 nan 0.0820 7.12812 2454969.883050 1509.2 0
>Kepler-1299: 286.1501263 37.4113438 14.191 0.910 0.940 5609.0 4.50 -0.01
 Kepler-1299 b: 4.263 2.980 nan 0.1410 19.94009 2454975.349940 687.2 0
>Kepler-130: 288.4505905 40.2452006 10.490 1.127 0.920 5884.0 4.30 -0.20
 Kepler-130 b: 3.248 1.020 nan 0.0790 8.45746 2454972.066660 1071.7 0
 Kepler-130 c: 6.100 2.827 nan 0.1780 27.50868 2455015.103900 726.8 0
 Kepler-130 d: 1.824 1.640 nan 0.3770 87.51790 2455034.158050 490.6 0
>Kepler-1300: 289.0330532 40.0869182 11.383 1.790 1.290 6130.0 4.04 0.05
 Kepler-1300 b: 7.255 1.370 nan 0.1685 22.24191 2454977.725140 963.4 0
>Kepler-1301: 286.6041816 42.4403309 13.469 0.810 0.850 5188.0 4.56 0.01
 Kepler-1301 b: 2.025 1.400 nan 0.0807 9.08237 2454972.650230 792.6 0
>Kepler-1302: 290.9892462 50.3080640 13.151 0.820 0.860 5236.0 4.55 0.04
 Kepler-1302 b: 1.803 1.430 nan 0.0796 8.83923 2454968.547010 810.6 0
>Kepler-1303: 284.2871470 42.3555784 13.086 1.000 1.010 5771.0 4.44 0.04
 Kepler-1303 b: 2.938 1.420 nan 0.0756 7.56127 2454968.635990 1011.8 0
>Kepler-1304: 285.2763652 39.4468274 13.054 0.810 0.850 5259.0 4.56 -0.05
 Kepler-1304 b: 5.938 2.290 nan 0.1183 16.12889 2454976.754300 663.4 0
>Kepler-1305: 297.3394624 46.3472165 14.104 0.960 0.970 5701.0 4.47 0.01
 Kepler-1305 b: 5.632 1.880 nan 0.1102 13.56310 2454973.653200 811.5 0
>Kepler-1306: 294.4783627 46.9458638 13.631 0.970 0.980 5727.0 4.45 0.00
 Kepler-1306 b: 2.129 1.910 nan 0.1249 16.29595 2454966.909330 769.4 0
>Kepler-1307: 292.8698348 46.7418679 13.878 1.080 1.060 5884.0 4.39 0.06
 Kepler-1307 b: 3.996 2.470 nan 0.1371 18.01621 2454978.238230 796.2 0
>Kepler-1308: 285.9287514 38.5207097 11.023 0.340 0.350 3468.0 4.92 -0.13
 Kepler-1308 b: 1.103 0.520 nan 0.0226 2.10434 2454966.314790 647.9 0
>Kepler-1309: 298.7351131 40.7641262 13.542 0.800 0.850 5235.0 4.56 -0.03
 Kepler-1309 b: 3.100 2.370 nan 0.1744 28.84326 2454976.822050 540.7 0
>Kepler-131: 288.5308924 40.9423730 10.079 1.030 1.020 5685.0 4.42 0.12
 Kepler-131 b: 2.879 2.410 16.130 0.1256 16.09200 2455003.597950 785.1 0
 Kepler-131 c: 5.141 0.840 8.250 0.1707 25.51690 2454987.423420 673.3 0
>Kepler-1310: 283.9200236 40.7400419 12.436 0.880 0.910 5549.0 4.51 -0.07
 Kepler-1310 b: 1.178 1.440 nan 0.0147 0.67934 2454965.857331 2073.4 0
>Kepler-1311: 289.6512597 43.8244445 11.825 1.400 1.050 5748.0 4.16 0.09
 Kepler-1311 b: 6.007 1.240 nan 0.0994 11.17270 2454973.005540 1040.1 0
 Kepler-1311 c: 3.941 1.220 nan 0.0370 2.53573 2454966.014100 1705.2 0
 Kepler-1311 d: 11.245 8.077 nan 0.6708 197.51100 2455105.387580 427.8 0
>Kepler-1312: 292.9712801 41.0357494 10.907 0.920 0.990 5719.0 4.51 -0.02
 Kepler-1312 b: 2.225 2.100 nan 0.0604 5.44833 2454965.490310 1076.3 0
 Kepler-1312 c: 1.323 1.044 nan 0.0209 1.11612 2454964.849820 1813.7 0
>Kepler-1313: 292.3885820 42.2332767 10.088 0.850 0.920 5453.0 4.54 0.00
 Kepler-1313 b: 1.372 1.760 nan 0.0466 3.83309 2454964.634090 1122.8 0
>Kepler-1314: 294.2373599 45.1968274 13.220 0.590 0.600 4188.0 4.68 -0.22
 Kepler-1314 b: 1.143 5.110 nan 0.0510 5.42475 2454966.729098 687.1 0
>Kepler-1315: 295.8215678 46.0530562 12.684 0.750 0.800 4861.0 4.60 0.07
 Kepler-1315 b: 1.436 1.380 nan 0.0162 0.84338 2454964.966211 1594.0 0
 Kepler-1315 c: 1.849 1.616 nan 0.0639 6.56606 2454967.493500 850.0 0
>Kepler-1316: 298.8358277 40.2930714 12.442 1.120 1.040 5884.0 4.36 0.03
 Kepler-1316 b: 14.690 3.540 nan 0.3922 87.97321 2455001.289190 479.5 0
>Kepler-1317: 291.6118842 42.1159787 13.309 0.790 0.830 5144.0 4.57 -0.01
 Kepler-1317 b: 1.215 1.560 nan 0.0126 0.56887 2454965.048841 1962.0 0
>Kepler-1318: 290.3763246 41.1507928 12.767 0.700 0.730 4598.0 4.62 -0.01
 Kepler-1318 b: 7.775 3.110 nan 0.6290 213.25766 2455101.135870 233.9 0
>Kepler-1319: 290.9564463 49.3667933 10.726 0.540 0.560 3655.0 4.73 0.44
 Kepler-1319 b: 0.885 1.340 nan 0.0327 2.88676 2454964.665810 716.2 0
>Kepler-132: 283.2358100 41.3430370 10.424 1.178 1.051 6003.0 4.31 -0.04
 Kepler-132 b: 3.264 1.210 nan 0.0670 6.17820 2455001.861980 1213.8 0
 Kepler-132 c: 3.300 1.280 nan 0.0680 6.41491 2455002.639080 1204.8 0
 Kepler-132 d: 2.910 1.550 nan 0.1360 18.01020 2455012.421160 851.9 0
 Kepler-132 e: 4.442 1.279 nan 0.4545 110.28694 2455072.219030 451.8 0
>Kepler-1320: 288.4335977 40.3808519 13.658 0.740 0.800 4817.0 4.60 0.10
 Kepler-1320 b: 1.058 1.700 nan 0.0165 0.86839 2454965.067280 1553.8 0
>Kepler-1321: 294.5285970 46.6408737 13.884 0.530 0.540 4094.0 4.73 -0.45
 Kepler-1321 b: 2.772 4.920 nan 0.0794 11.12830 2454972.541670 509.9 0
 Kepler-1321 c: 1.722 2.400 nan 0.0272 2.22649 2454966.374820 871.9 0
 Kepler-1321 d: 2.776 2.770 nan 0.0501 5.72092 2454967.663600 556.1 0
>Kepler-1322: 293.2045009 45.4353919 14.068 0.870 0.900 5488.0 4.52 -0.07
 Kepler-1322 b: 1.625 1.610 nan 0.0184 0.96287 2454965.123980 1818.5 0
 Kepler-1322 c: 1.785 2.332 nan 0.0655 6.45998 2454968.964600 963.9 0
>Kepler-1323: 292.8722515 46.0987290 11.122 1.400 1.180 6169.0 4.21 0.02
 Kepler-1323 b: 1.743 1.520 nan 0.0197 0.92991 2454965.250751 2507.5 0
>Kepler-1324: 291.1849503 40.3112023 12.834 0.730 0.780 4776.0 4.61 0.05
 Kepler-1324 b: 1.385 1.510 nan 0.0463 4.11584 2454967.119460 914.8 0
>Kepler-1325: 285.0171505 42.0853120 13.457 0.910 0.930 5550.0 4.50 0.01
 Kepler-1325 b: 5.811 2.860 nan 0.2000 33.87868 2454993.217840 570.8 0
>Kepler-1326: 296.2221990 39.2689420 11.700 1.740 1.450 6725.0 4.12 0.02
 Kepler-1326 b: 7.636 4.180 nan 0.2691 42.35143 2454964.623800 824.5 0
>Kepler-1327: 289.0648073 50.4609183 12.374 1.030 1.020 5885.0 4.42 -0.03
 Kepler-1327 b: 5.062 1.800 nan 0.1192 14.88801 2454974.937580 834.1 0
>Kepler-1328: 284.6753857 44.4177225 12.305 0.990 1.000 5780.0 4.44 0.00
 Kepler-1328 b: 3.490 0.980 nan 0.0535 4.52159 2454966.216550 1198.8 0
>Kepler-1329: 281.6476437 48.2709523 13.435 0.690 0.720 4500.0 4.62 0.02
 Kepler-1329 b: 2.264 2.170 nan 0.0778 9.33647 2454973.680790 646.3 0
>Kepler-133: 297.2778906 48.3203542 11.320 1.425 1.154 5736.0 4.19 0.15
 Kepler-133 b: 2.071 1.760 nan 0.0830 8.12998 2454958.970470 1146.1 0
 Kepler-133 c: 7.765 2.840 nan 0.2040 31.51759 2455018.153220 731.0 0
>Kepler-1330: 290.5767116 39.9568913 13.302 0.940 0.970 5608.0 4.48 0.08
 Kepler-1330 b: 3.657 1.650 nan 0.0906 10.10769 2454968.108130 871.2 0
>Kepler-1331: 297.0737928 41.2244613 12.318 0.690 0.720 4508.0 4.63 0.05
 Kepler-1331 b: 0.905 1.050 nan 0.0150 0.78916 2454964.505100 1475.3 0
>Kepler-1332: 291.0286411 43.9137055 12.122 0.900 0.950 5581.0 4.51 0.00
 Kepler-1332 b: 1.990 1.370 nan 0.1001 11.87457 2454973.213710 806.8 0
>Kepler-1333: 293.5275797 41.1113940 13.406 0.920 0.940 5628.0 4.49 -0.04
 Kepler-1333 b: 6.248 2.810 nan 0.4392 109.64718 2455023.675830 392.8 0
>Kepler-1334: 289.3115320 51.3209059 13.626 0.910 0.940 5614.0 4.50 -0.03
 Kepler-1334 b: 4.012 2.290 nan 0.1199 15.64592 2454979.048440 745.7 0
>Kepler-1335: 284.8384394 42.0703371 13.134 0.740 0.770 4903.0 4.60 -0.07
 Kepler-1335 b: 2.442 1.450 nan 0.0610 6.26407 2454965.828950 823.8 0
>Kepler-1336: 296.2776587 46.8998006 12.366 1.300 0.940 5512.0 4.18 0.05
 Kepler-1336 b: 9.729 1.980 nan 0.1559 23.19868 2454975.620200 767.4 0
 Kepler-1336 c: 2.423 1.710 nan 0.0617 5.77721 2454970.166810 1219.8 0
>Kepler-1337: 287.0091176 46.7961229 13.294 0.670 0.700 4523.0 4.64 -0.09
 Kepler-1337 b: 2.875 2.410 nan 0.1462 24.40025 2454968.629390 466.9 0
>Kepler-1338: 284.0422701 41.6990348 12.106 1.050 1.040 5909.0 4.41 0.00
 Kepler-1338 b: 1.542 0.920 nan 0.0190 0.93512 2454965.199310 2120.4 0
>Kepler-1339: 283.7457695 48.3734690 10.627 0.930 0.940 5586.0 4.47 0.01
 Kepler-1339 b: 1.701 0.710 nan 0.0233 1.34156 2454965.738800 1701.0 0
>Kepler-134: 284.7391156 49.5984448 10.951 1.176 1.019 5983.0 4.31 -0.04
 Kepler-134 b: 2.901 2.000 nan 0.0600 5.31743 2455004.876080 1277.3 0
 Kepler-134 c: 2.059 1.260 nan 0.0920 10.10578 2454968.507160 1031.5 0
>Kepler-1340: 296.2328099 42.4727965 13.240 1.420 1.270 6331.0 4.24 0.07
 Kepler-1340 b: 1.738 1.550 nan 0.0161 0.66503 2454964.657680 2862.9 0
>Kepler-1341: 280.5116813 44.1593503 12.636 0.720 0.790 4662.0 4.62 0.19
 Kepler-1341 b: 7.469 2.990 nan 0.4714 132.99683 2455091.385980 277.8 0
>Kepler-1342: 297.0200549 43.4325382 13.531 0.900 0.930 5527.0 4.51 0.03
 Kepler-1342 b: 1.891 1.660 nan 0.0325 2.21571 2454964.822150 1403.2 0
>Kepler-1343: 294.2944830 50.7253850 13.989 0.930 0.950 5759.0 4.48 -0.16
 Kepler-1343 b: 1.940 1.930 nan 0.0431 3.35183 2454964.648280 1290.1 0
>Kepler-1344: 287.0862799 46.9457998 12.633 1.130 1.090 5981.0 4.37 0.06
 Kepler-1344 b: 3.252 1.840 nan 0.0571 4.76830 2454967.862100 1283.5 0
>Kepler-1345: 292.4779428 46.0228210 12.563 1.550 1.320 6449.0 4.18 0.04
 Kepler-1345 b: 7.632 2.360 nan 0.2701 44.61696 2454997.444820 745.0 0
>Kepler-1346: 291.8413410 45.1791850 13.107 1.210 1.140 6133.0 4.33 0.04
 Kepler-1346 b: 1.794 1.580 nan 0.0462 3.40166 2454965.060950 1512.8 0
>Kepler-1347: 299.6595903 40.8438526 11.486 0.790 0.820 5193.0 4.57 -0.11
 Kepler-1347 b: 3.405 1.030 nan 0.1065 14.00948 2454965.972080 682.2 0
>Kepler-1348: 292.0874126 49.7887090 13.242 1.040 1.040 5911.0 4.42 -0.01
 Kepler-1348 b: 5.292 1.940 nan 0.1810 27.57227 2454978.392770 683.3 0
>Kepler-1349: 286.3385562 48.7442697 9.761 1.280 1.160 6086.0 4.29 0.03
 Kepler-1349 b: 3.305 0.700 nan 0.0340 2.12824 2454965.470620 1800.0 0
>Kepler-135: 290.4950939 38.7954956 11.456 1.275 1.114 6090.0 4.27 -0.10
 Kepler-135 b: 3.952 1.810 nan 0.0670 6.00253 2455004.716110 1281.1 0
 Kepler-135 c: 5.047 1.160 nan 0.1030 11.44871 2454974.386970 1033.2 0
>Kepler-1350: 288.2506110 46.6794847 13.122 0.530 0.550 3827.0 4.74 -0.06
 Kepler-1350 b: 1.786 2.520 nan 0.0437 4.49686 2454967.206350 642.8 0
 Kepler-1350 c: 1.339 1.730 nan 0.0234 1.76679 2454966.083230 877.6 0
>Kepler-1351: 293.6084289 42.1978746 11.470 0.670 0.700 4439.0 4.64 -0.03
 Kepler-1351 b: 1.149 0.650 nan 0.0164 0.91614 2454965.022750 1368.5 0
>Kepler-1352: 290.6937988 48.7014417 11.919 1.160 1.110 6118.0 4.35 0.00
 Kepler-1352 b: 2.327 0.890 nan 0.0308 1.87788 2454965.261910 1809.2 0
>Kepler-1353: 295.7353911 42.5762317 13.141 0.720 0.760 4776.0 4.61 -0.06
 Kepler-1353 b: 3.532 1.800 nan 0.1517 24.75440 2454973.204750 501.7 0
>Kepler-1354: 291.2451266 37.7590079 12.858 1.240 1.160 6168.0 4.31 0.03
 Kepler-1354 b: 9.762 2.970 nan 0.3709 76.61338 2454986.799900 543.8 0
>Kepler-1355: 283.7414249 49.0679833 13.748 0.830 0.880 5352.0 4.55 -0.04
 Kepler-1355 b: 1.422 1.460 nan 0.0222 1.28959 2454964.891610 1577.3 0
>Kepler-1356: 290.9953825 43.2438792 13.734 0.780 0.820 5106.0 4.58 -0.02
 Kepler-1356 b: 0.924 1.530 nan 0.0135 0.63400 2454964.894830 1870.2 0
>Kepler-1357: 291.5480665 50.3532584 13.612 0.900 0.930 5597.0 4.50 -0.06
 Kepler-1357 b: 2.269 1.280 nan 0.0398 3.00913 2454964.624110 1283.2 0
>Kepler-1358: 286.1705469 43.0089000 12.656 0.790 0.820 5181.0 4.57 -0.08
 Kepler-1358 b: 2.261 1.120 nan 0.0674 7.06317 2454965.530770 855.1 0
>Kepler-1359: 289.5388180 41.8928154 13.430 0.720 0.780 4709.0 4.62 0.11
 Kepler-1359 b: 5.602 2.830 nan 0.2746 59.49710 2454979.950470 367.7 0
>Kepler-136: 296.4673039 42.5987984 10.519 1.355 1.185 6165.0 4.24 0.14
 Kepler-136 b: 2.855 2.050 19.800 0.1060 11.57890 2455008.586490 1062.9 0
 Kepler-136 c: 3.502 1.990 nan 0.1330 16.39924 2454964.968510 948.9 0
>Kepler-1360: 300.3440482 45.6231826 12.547 1.830 1.510 6778.0 4.09 0.06
 Kepler-1360 b: 10.526 3.400 nan 0.2649 40.52864 2455001.028810 859.0 0
>Kepler-1361: 283.5653603 46.9042278 11.980 0.790 0.830 5131.0 4.57 0.00
 Kepler-1361 b: 2.463 0.860 nan 0.0430 3.57555 2454965.858280 1060.4 0
>Kepler-1362: 288.5385574 40.8771276 13.628 0.740 0.800 4857.0 4.60 0.06
 Kepler-1362 b: 5.491 2.600 nan 0.4810 136.20563 2455067.723650 290.5 0
>Kepler-1363: 296.9964872 49.2563228 12.959 0.720 0.760 4839.0 4.61 -0.09
 Kepler-1363 b: 2.033 1.250 nan 0.0367 2.94194 2454966.107080 1034.0 0
>Kepler-1364: 295.1521334 49.5876179 12.143 1.790 1.490 6805.0 4.10 0.04
 Kepler-1364 b: 6.230 2.150 nan 0.1256 13.32196 2454975.721460 1238.7 0
>Kepler-1365: 292.1996573 42.0459944 11.857 1.050 1.000 5770.0 4.39 0.03
 Kepler-1365 b: 4.390 0.920 nan 0.0763 7.69993 2454967.393280 1032.1 0
 Kepler-1365 c: 3.809 0.800 nan 0.0555 4.77468 2454968.161500 1210.3 0
>Kepler-1366: 285.0648845 41.5548464 12.961 0.600 0.620 4070.0 4.68 -0.02
 Kepler-1366 b: 1.385 1.430 nan 0.0279 2.16457 2454964.832280 909.7 0
>Kepler-1367: 288.4166786 47.8787308 12.704 0.600 0.620 4106.0 4.68 -0.06
 Kepler-1367 b: 1.599 0.920 nan 0.0226 1.57409 2454964.862180 1020.6 0
>Kepler-1368: 294.7669795 41.6446434 14.388 1.080 1.070 5906.0 4.40 0.10
 Kepler-1368 b: 1.903 1.650 nan 0.0154 0.67565 2454964.681630 2383.9 0
>Kepler-1369: 285.7972604 40.9361923 13.788 0.990 0.990 5761.0 4.45 0.00
 Kepler-1369 b: 5.451 2.690 nan 0.1706 25.87315 2454976.279380 669.1 0
>Kepler-137: 282.1355875 43.0391951 11.165 0.802 0.856 5187.0 4.55 -0.04
 Kepler-137 b: 3.217 1.470 nan 0.0770 8.43639 2455012.886400 807.2 0
 Kepler-137 c: 3.005 1.880 nan 0.1300 18.73575 2455010.633940 621.2 0
>Kepler-1370: 284.5656897 41.7784781 12.349 1.290 1.190 6202.0 4.29 0.05
 Kepler-1370 b: 4.285 1.840 nan 0.1541 20.26417 2454968.282450 865.1 0
 Kepler-1370 c: 4.731 1.270 nan 0.0790 7.44142 2454970.745500 1208.1 0
>Kepler-1371: 288.8314251 47.5519753 12.052 0.830 0.870 5361.0 4.55 -0.07
 Kepler-1371 b: 2.001 0.730 nan 0.0426 3.44620 2454965.230520 1140.7 0
 Kepler-1371 c: 1.798 0.640 nan 0.0297 2.00541 2454966.245500 1366.3 0
>Kepler-1372: 288.8865895 44.8394672 13.718 0.970 0.980 5677.0 4.46 0.05
 Kepler-1372 b: 2.025 1.270 nan 0.0233 1.31156 2454964.534930 1766.6 0
>Kepler-1373: 285.7520229 39.2491731 12.789 1.330 1.220 6299.0 4.27 0.03
 Kepler-1373 b: 1.876 1.160 nan 0.0248 1.29123 2454964.989380 2224.5 0
>Kepler-1374: 291.3499783 45.1722521 14.129 0.810 0.850 5323.0 4.56 -0.13
 Kepler-1374 b: 2.711 2.290 nan 0.0898 10.65277 2454969.089340 771.1 0
>Kepler-1375: 296.2935173 43.4032189 12.362 1.780 1.470 6704.0 4.11 0.09
 Kepler-1375 b: 4.498 1.740 nan 0.0493 3.30042 2454966.563820 1941.9 0
>Kepler-1376: 286.9584368 42.5414090 13.072 0.970 0.980 5659.0 4.46 0.07
 Kepler-1376 b: 3.018 1.050 nan 0.0592 5.30881 2454967.244080 1105.0 0
>Kepler-1377: 289.1954229 46.6516055 13.984 0.820 0.860 5218.0 4.55 0.05
 Kepler-1377 b: 1.120 1.250 nan 0.0152 0.74093 2454964.909270 1845.7 0
>Kepler-1378: 297.3734030 40.3663986 13.328 0.670 0.700 4407.0 4.63 0.03
 Kepler-1378 b: 2.644 2.200 nan 0.0908 11.95399 2454973.264420 577.1 0
>Kepler-1379: 293.6704404 41.4102105 13.800 0.790 0.830 5188.0 4.57 -0.04
 Kepler-1379 b: 1.305 1.300 nan 0.0169 0.88184 2454964.690640 1709.8 0
>Kepler-138: 290.3814122 43.2930645 9.506 0.535 0.535 3841.0 4.71 -0.18
 Kepler-138 b: 2.014 0.640 0.070 0.0753 10.31340 2454956.236000 493.7 0
 Kepler-138 c: 2.263 1.510 2.300 0.0913 13.78150 2454955.728800 448.4 0
 Kepler-138 d: 2.060 1.510 2.100 0.1288 23.09230 2454957.816000 377.5 0
 Kepler-138 e: nan nan 0.430 0.1803 38.23000 nan 319.0 0
>Kepler-1380: 288.1160421 42.4403832 13.883 0.940 0.960 5570.0 4.48 0.10
 Kepler-1380 b: 5.643 1.430 nan 0.0915 10.31082 2454974.511740 861.1 0
>Kepler-1381: 287.5357911 48.7277830 14.022 0.940 0.960 5747.0 4.48 -0.10
 Kepler-1381 b: 3.638 2.250 nan 0.1668 25.38427 2454970.773420 658.0 0
>Kepler-1382: 295.3774182 39.0480365 11.359 1.720 1.360 6161.0 4.10 0.30
 Kepler-1382 b: 9.573 1.880 nan 0.1397 16.35831 2454974.256900 1042.3 0
>Kepler-1383: 297.9447714 42.1918449 12.319 1.440 1.260 6370.0 4.23 0.03
 Kepler-1383 b: 6.632 1.410 nan 0.1223 13.90936 2454975.881900 1054.2 0
>Kepler-1384: 296.2151275 39.5270248 13.074 0.740 0.780 4919.0 4.60 -0.06
 Kepler-1384 b: 3.657 1.940 nan 0.1113 15.36263 2454978.572270 611.5 0
>Kepler-1385: 282.6313559 46.4810220 11.361 1.290 1.150 5732.0 4.27 0.41
 Kepler-1385 b: 2.981 0.850 nan 0.0416 2.88880 2454965.331560 1539.4 0
>Kepler-1386: 280.8233646 42.6360518 12.870 1.030 1.020 5733.0 4.41 0.11
 Kepler-1386 b: 4.106 1.240 nan 0.0703 6.73972 2454965.286500 1058.2 0
>Kepler-1387: 292.4403029 43.2093456 12.514 0.770 0.820 5046.0 4.58 0.02
 Kepler-1387 b: 1.592 0.930 nan 0.0317 2.27953 2454966.357730 1198.7 0
>Kepler-1388: 283.3360156 47.1744499 13.343 0.610 0.630 4098.0 4.67 0.02
 Kepler-1388 b: 3.037 2.590 nan 0.0893 12.28546 2454964.902940 516.4 0
 Kepler-1388 c: 2.182 2.260 nan 0.0525 5.53608 2454964.885740 673.6 0
 Kepler-1388 d: 3.558 2.860 nan 0.1275 20.95682 2454972.087500 432.2 0
 Kepler-1388 e: 4.547 2.460 nan 0.1884 37.63271 2454991.832200 355.6 0
>Kepler-1389: 285.7174414 44.7583487 12.696 0.740 0.810 5078.0 4.61 -0.14
 Kepler-1389 b: 6.006 1.770 nan 0.3911 99.25310 2454981.535290 336.8 0
>Kepler-139: 282.3919451 43.8894167 11.167 1.300 1.099 5594.0 4.25 0.35
 Kepler-139 b: 5.068 2.940 5.288 0.1270 15.77104 2455017.905820 863.0 0
 Kepler-139 c: 8.517 3.380 23.256 0.5860 157.07288 2455314.262660 401.8 0
 Kepler-139 d: 1.556 1.695 4.658 0.0756 7.30570 2454964.780100 1118.9 1
 Kepler-139 e: nan nan 426.116 3.2358 2047.63537 nan 171.0 1
 Kepler-139 f: nan nan 36.000 1.0061 355.00000 nan 276.7 0
>Kepler-1390: 298.6624419 48.2488659 12.764 0.980 0.980 5753.0 4.45 -0.01
 Kepler-1390 b: 3.211 1.180 nan 0.0676 6.48022 2454965.859710 1056.5 0
>Kepler-1391: 294.8309749 46.6595768 12.366 1.100 1.030 5840.0 4.36 0.04
 Kepler-1391 b: 9.511 1.680 nan 0.2838 54.40923 2455008.402090 554.4 0
>Kepler-1392: 288.7669819 46.3944497 13.939 0.850 0.880 5479.0 4.53 -0.11
 Kepler-1392 b: 4.276 1.960 nan 0.1148 15.14104 2454976.738630 719.0 0
>Kepler-1393: 284.4594558 40.1424756 11.816 0.920 0.950 5697.0 4.50 -0.09
 Kepler-1393 b: 1.822 0.800 nan 0.0349 2.44358 2454965.805400 1410.4 0
>Kepler-1394: 283.4532068 45.0840729 10.679 2.550 1.640 6481.0 3.84 0.06
 Kepler-1394 b: 4.916 1.390 nan 0.0576 3.93766 2454968.278480 2080.3 0
>Kepler-1395: 292.3374945 47.6641732 11.290 1.230 1.170 6138.0 4.33 0.12
 Kepler-1395 b: 3.108 0.800 nan 0.0501 3.78471 2454966.522160 1466.8 0
>Kepler-1396: 294.3363936 44.9182296 13.173 1.270 1.180 6195.0 4.30 0.04
 Kepler-1396 b: 5.313 2.070 nan 0.1432 18.22064 2454974.374340 889.6 0
>Kepler-1397: 299.6758812 47.0758234 12.468 1.120 1.090 6026.0 4.37 0.00
 Kepler-1397 b: 10.747 1.720 nan 0.2640 47.44996 2455006.454000 598.5 0
>Kepler-1398: 294.8661073 48.6389923 12.355 1.180 1.130 6126.0 4.34 0.01
 Kepler-1398 b: 3.326 0.900 nan 0.0404 2.78816 2454964.852160 1596.8 0
 Kepler-1398 c: 3.449 1.030 nan 0.0525 4.13828 2454966.228510 1399.9 0
>Kepler-1399: 293.3116962 46.0416516 13.929 0.960 0.970 5735.0 4.47 -0.03
 Kepler-1399 b: 1.948 1.250 nan 0.0269 1.63865 2454965.289940 1651.2 0
>Kepler-14: 287.7088140 47.3330500 10.988 2.048 1.512 6395.0 3.99 0.12
 Kepler-14 b: 6.218 12.733 2669.660 0.0782 6.79012 2454971.087370 1577.9 0
>Kepler-140: 287.3694056 46.7681473 11.709 1.288 1.148 6077.0 4.27 -0.04
 Kepler-140 b: 2.978 1.610 nan 0.0450 3.25427 2455005.661510 1567.7 0
 Kepler-140 c: 7.919 1.800 nan 0.4140 91.35328 2455022.605620 516.9 0
>Kepler-1400: 286.2716827 45.4408055 13.768 0.780 0.830 5044.0 4.58 0.04
 Kepler-1400 b: 2.957 1.620 nan 0.0800 9.06689 2454967.752120 759.6 0
>Kepler-1401: 287.4660334 40.7584200 13.539 1.100 1.070 5964.0 4.39 0.04
 Kepler-1401 b: 3.786 1.680 nan 0.1002 11.20066 2454970.504600 952.8 0
>Kepler-1402: 291.8478341 48.9681664 12.862 0.870 0.900 5416.0 4.53 0.03
 Kepler-1402 b: 3.201 0.760 nan 0.0303 2.03388 2454964.916900 1398.7 0
>Kepler-1403: 290.8676391 38.9600779 14.201 1.150 1.110 6060.0 4.36 0.03
 Kepler-1403 b: 3.148 2.140 nan 0.0608 5.19492 2454964.622800 1271.1 0
>Kepler-1404: 296.0094827 50.4983929 13.756 0.800 0.840 5261.0 4.56 -0.09
 Kepler-1404 b: 2.710 2.010 nan 0.1169 15.93147 2454974.811350 663.6 0
>Kepler-1405: 295.6848822 39.2561274 14.237 1.070 1.050 5925.0 4.40 0.03
 Kepler-1405 b: 5.648 3.960 nan 0.1844 28.22742 2454974.493470 688.2 0
>Kepler-1406: 292.0818824 38.9149472 11.880 1.120 1.050 5892.0 4.36 0.04
 Kepler-1406 b: 2.846 1.100 nan 0.1021 11.62906 2454965.820380 941.0 0
>Kepler-1407: 283.9424274 41.4715535 13.489 1.150 1.100 6010.0 4.36 0.05
 Kepler-1407 b: 6.137 2.250 nan 0.1492 20.07115 2454969.930000 804.6 0
>Kepler-1408: 282.6998783 45.4257884 10.694 1.350 1.210 6170.0 4.25 0.00
 Kepler-1408 b: 4.392 0.890 nan 0.0434 2.99793 2454964.766830 1660.1 0
>Kepler-1409: 290.0847389 51.2086144 13.248 0.790 0.830 5160.0 4.57 -0.03
 Kepler-1409 b: 1.178 1.040 nan 0.0154 0.76486 2454965.130760 1783.1 0
>Kepler-141: 297.9707271 47.7316041 11.393 0.787 0.816 4910.0 4.57 0.26
 Kepler-141 b: 2.218 0.690 nan 0.0390 3.10767 2454965.630580 1063.6 0
 Kepler-141 c: 2.986 1.410 nan 0.0670 7.01061 2455007.575990 811.5 0
>Kepler-1410: 290.5102933 38.7435010 12.767 0.600 0.630 4092.0 4.67 0.01
 Kepler-1410 b: 4.420 1.780 nan 0.2596 60.86617 2455012.284980 300.0 0
>Kepler-1411: 286.3615236 42.9638889 14.237 0.920 0.950 5664.0 4.49 -0.04
 Kepler-1411 b: 6.130 2.820 nan 0.3752 86.11509 2454967.892500 427.7 0
>Kepler-1412: 292.1801539 49.2024810 11.774 1.270 1.060 5880.0 4.25 0.04
 Kepler-1412 b: 3.188 0.830 nan 0.0470 3.61461 2454966.094550 1473.9 0
>Kepler-1413: 294.3416065 46.4987624 14.224 0.800 0.840 5196.0 4.57 -0.05
 Kepler-1413 b: 3.636 1.820 nan 0.1030 13.18296 2454974.825020 698.1 0
>Kepler-1414: 284.9285796 42.4223085 12.734 0.750 0.800 4951.0 4.59 -0.02
 Kepler-1414 b: 1.364 1.230 nan 0.0420 3.51576 2454967.298430 1008.8 0
>Kepler-1415: 285.1568015 47.8732512 13.951 0.840 0.890 5267.0 4.54 0.12
 Kepler-1415 b: 1.060 1.290 nan 0.0139 0.63642 2454964.690060 1972.4 0
>Kepler-1416: 298.6634624 43.8940593 12.537 1.150 1.090 6019.0 4.35 0.03
 Kepler-1416 b: 3.110 0.880 nan 0.0263 1.49515 2454965.662090 1917.9 0
>Kepler-1417: 290.9498966 40.6051970 12.339 1.020 1.020 5839.0 4.43 0.02
 Kepler-1417 b: 7.316 1.000 nan 0.1468 20.35052 2454975.756400 742.1 0
>Kepler-1418: 282.9975322 41.6785900 12.755 0.720 0.770 4770.0 4.61 0.00
 Kepler-1418 b: 3.560 1.660 nan 0.1429 22.47644 2454969.831930 516.4 0
>Kepler-1419: 292.2545917 37.9713760 14.081 1.010 1.010 5796.0 4.43 0.04
 Kepler-1419 b: 5.798 2.860 nan 0.2392 42.52159 2454969.128800 574.3 0
>Kepler-142: 295.1190067 48.4813635 11.762 1.269 1.067 5790.0 4.26 0.08
 Kepler-142 b: 2.489 1.990 nan 0.0320 2.02415 2455003.494680 1758.2 0
 Kepler-142 c: 3.303 2.860 nan 0.0570 4.76170 2455003.335430 1317.4 0
 Kepler-142 d: 8.687 2.160 nan 0.2420 41.80912 2454981.699260 639.3 0
>Kepler-1420: 296.2038586 42.7778165 13.760 0.790 0.820 5187.0 4.57 -0.10
 Kepler-1420 b: 2.704 1.280 nan 0.0651 6.69960 2454967.147220 871.3 0
>Kepler-1421: 286.5806115 48.5442312 11.554 1.420 1.250 6335.0 4.23 0.05
 Kepler-1421 b: 4.768 0.930 nan 0.0765 6.91311 2454971.424000 1316.1 0
>Kepler-1422: 293.8902214 48.3360926 14.352 1.230 1.150 6194.0 4.32 0.00
 Kepler-1422 b: 7.180 2.020 nan 0.1440 18.60519 2454982.032600 873.0 0
>Kepler-1423: 288.2437481 41.1100655 12.405 0.750 0.790 4939.0 4.59 -0.02
 Kepler-1423 b: 3.185 1.060 nan 0.1503 23.95538 2454979.663570 531.9 0
>Kepler-1424: 290.9916648 40.2293347 12.104 1.070 1.020 5838.0 4.39 0.01
 Kepler-1424 b: 5.471 1.160 nan 0.1885 29.60917 2454970.335910 670.6 0
>Kepler-1425: 294.9510368 43.0124348 11.914 0.950 0.970 5718.0 4.47 -0.03
 Kepler-1425 b: 7.095 0.940 nan 0.1150 14.45413 2454968.446700 792.6 0
>Kepler-1426: 292.5457096 49.4168981 13.645 1.020 1.020 5831.0 4.43 0.03
 Kepler-1426 b: 4.389 1.560 nan 0.1158 14.25632 2454966.405000 834.4 0
>Kepler-1427: 295.3496546 45.1145372 13.711 1.010 1.010 5793.0 4.44 0.06
 Kepler-1427 b: 1.622 1.100 nan 0.0192 0.96897 2454965.429450 2024.6 0
>Kepler-1428: 297.6422563 49.5949580 12.112 1.360 1.280 6184.0 4.28 0.35
 Kepler-1428 b: 4.549 1.640 nan 0.1030 10.67607 2454973.592440 1083.4 0
>Kepler-1429: 285.3662532 49.0448172 13.404 1.070 1.050 5902.0 4.40 0.04
 Kepler-1429 b: 2.580 1.290 nan 0.0541 4.48487 2454968.027780 1265.7 0
>Kepler-143: 298.0676519 49.4125410 12.223 1.359 1.079 5848.0 4.20 -0.16
 Kepler-143 b: 1.133 2.410 nan 0.1270 16.00758 2454975.636770 922.5 0
 Kepler-143 c: 5.103 3.370 nan 0.1810 27.08251 2455024.806130 772.7 0
>Kepler-1430: 289.6975391 43.3719581 12.932 0.720 0.770 4796.0 4.62 -0.03
 Kepler-1430 b: 2.003 1.180 nan 0.0327 2.46051 2454966.612490 1085.3 0
>Kepler-1431: 292.6583919 49.8651522 13.756 1.030 1.030 5806.0 4.42 0.07
 Kepler-1431 b: 3.978 1.470 nan 0.0643 5.86602 2454969.355970 1120.7 0
>Kepler-1432: 295.5241011 49.8295211 13.970 1.130 1.090 6031.0 4.37 0.02
 Kepler-1432 b: 5.055 2.220 nan 0.1672 23.91090 2454983.531600 756.1 0
>Kepler-1433: 287.3634559 49.4568649 13.492 1.190 1.140 6097.0 4.34 0.07
 Kepler-1433 b: 2.789 1.560 nan 0.0527 4.13592 2454966.539560 1397.4 0
>Kepler-1434: 295.5384415 51.2030002 10.819 2.040 1.470 6291.0 3.98 0.19
 Kepler-1434 b: 5.277 1.110 nan 0.0894 8.05334 2454967.960490 1449.1 0
>Kepler-1435: 291.1732806 44.9210836 11.729 1.320 1.210 6356.0 4.28 -0.03
 Kepler-1435 b: 3.796 0.860 nan 0.0565 4.45343 2454966.093660 1482.1 0
>Kepler-1436: 297.7115530 46.7679816 13.358 1.090 1.060 5972.0 4.39 -0.01
 Kepler-1436 b: 6.922 1.310 nan 0.0908 9.70572 2454973.373100 997.8 0
>Kepler-1437: 291.8649164 49.3258690 13.917 0.900 0.930 5557.0 4.51 -0.02
 Kepler-1437 b: 6.062 1.370 nan 0.0941 10.92955 2454974.494700 828.8 0
>Kepler-1438: 289.2898190 40.6816262 13.136 0.960 0.970 5530.0 4.46 0.20
 Kepler-1438 b: 1.612 0.940 nan 0.0339 2.31942 2454964.935830 1418.1 0
>Kepler-1439: 285.7396971 40.9798688 12.744 0.430 0.460 3578.0 4.83 -0.03
 Kepler-1439 b: 2.217 1.460 nan 0.0608 8.07393 2455373.041580 458.8 0
>Kepler-144: 281.9156128 42.7755535 10.792 1.235 1.107 6075.0 4.29 0.03
 Kepler-144 b: 1.873 1.330 nan 0.0660 5.88527 2455007.425650 1267.2 0
 Kepler-144 c: 2.278 1.350 nan 0.0940 10.10467 2454968.553440 1061.8 0
>Kepler-1440: 285.3469737 48.3122283 12.561 0.960 0.980 5698.0 4.46 0.04
 Kepler-1440 b: 8.060 1.260 nan 0.2268 39.85948 2454987.760800 565.2 0
>Kepler-1441: 293.7191177 43.1245756 12.688 1.000 1.000 5802.0 4.45 0.01
 Kepler-1441 b: 7.285 1.310 nan 0.2268 39.44198 2455002.136700 587.5 0
>Kepler-1442: 291.2556226 48.8469171 10.967 1.440 1.340 6394.0 4.25 0.26
 Kepler-1442 b: 12.144 3.930 nan 0.4053 81.41629 2454993.862660 581.2 0
>Kepler-1443: 283.4357392 47.0667983 11.021 1.270 1.190 6289.0 4.30 0.00
 Kepler-1443 b: 2.194 0.970 nan 0.0374 2.41811 2454965.382810 1768.1 0
>Kepler-1444: 285.3306799 42.0405016 10.813 1.050 1.030 5810.0 4.40 0.06
 Kepler-1444 b: 5.091 2.180 nan 0.2051 33.42035 2454992.137230 634.0 0
>Kepler-1445: 280.2495197 43.9150665 11.114 1.260 1.130 6150.0 4.28 -0.03
 Kepler-1445 b: 4.484 0.960 nan 0.0984 10.60052 2454965.984570 1061.4 0
>Kepler-1446: 289.4240357 46.7260823 10.204 0.750 0.810 4865.0 4.60 0.11
 Kepler-1446 b: 1.214 0.820 nan 0.0142 0.68997 2454964.635244 1702.2 0
>Kepler-1447: 289.6434285 50.7270160 13.124 0.950 0.970 5722.0 4.47 -0.03
 Kepler-1447 b: 5.422 2.900 nan 0.2858 56.67473 2454993.450070 503.0 0
>Kepler-1448: 287.8674123 50.5955846 12.932 0.930 0.950 5774.0 4.49 -0.16
 Kepler-1448 b: 3.106 1.610 nan 0.1024 12.27066 2454970.570440 839.3 0
>Kepler-1449: 288.2317293 50.5678345 13.640 1.100 1.080 5979.0 4.39 0.04
 Kepler-1449 b: 6.104 1.680 nan 0.1123 13.22745 2454970.721970 902.3 0
>Kepler-145: 291.3877397 44.5290465 10.628 1.850 1.320 6144.0 4.02 0.13
 Kepler-145 b: 4.439 2.650 37.100 0.1734 22.95100 2454984.530640 967.8 0
 Kepler-145 c: 9.772 4.320 79.400 0.2630 42.88200 2455036.650640 785.7 0
>Kepler-1450: 294.5536825 45.0813011 12.908 0.680 0.710 4524.0 4.63 -0.02
 Kepler-1450 b: 4.222 1.710 nan 0.2510 54.50942 2454973.826310 359.1 0
>Kepler-1451: 293.4464227 40.4098813 13.660 0.990 1.000 5782.0 4.45 0.01
 Kepler-1451 b: 5.146 3.350 nan 0.2119 35.62223 2454974.457910 602.7 0
>Kepler-1452: 292.4227920 38.2662824 11.635 2.060 1.410 6101.0 3.95 0.14
 Kepler-1452 b: 5.121 2.700 nan 0.2690 42.91375 2454972.888540 814.1 0
>Kepler-1453: 286.1255037 47.9475586 13.999 0.940 0.970 5665.0 4.48 0.01
 Kepler-1453 b: 4.059 2.670 nan 0.2529 47.16117 2454983.253230 526.7 0
>Kepler-1454: 284.2233265 48.8317229 13.189 0.860 0.900 5448.0 4.53 -0.02
 Kepler-1454 b: 5.906 1.880 nan 0.2462 47.03195 2455008.474510 491.0 0
>Kepler-1455: 294.0830662 50.5027572 12.922 0.600 0.620 4075.0 4.68 -0.02
 Kepler-1455 b: 3.696 2.160 nan 0.2243 49.27676 2454990.025430 321.4 0
>Kepler-1456: 286.9453381 43.8228023 12.681 0.620 0.640 4231.0 4.67 -0.09
 Kepler-1456 b: 3.550 1.140 nan 0.1164 18.13738 2454969.808020 470.8 0
>Kepler-1457: 283.7705481 42.0272030 12.542 1.010 1.010 5866.0 4.43 -0.05
 Kepler-1457 b: 7.987 1.990 nan 0.2704 51.11102 2454976.771730 546.6 0
>Kepler-1458: 283.2115971 41.0380135 12.509 0.940 0.960 5653.0 4.48 0.02
 Kepler-1458 b: 4.756 2.760 nan 0.2549 47.98728 2454993.650810 523.4 0
>Kepler-1459: 282.4229401 46.0139761 12.384 0.740 0.780 4828.0 4.61 0.01
 Kepler-1459 b: 5.778 1.360 nan 0.2848 62.86916 2454999.020900 375.2 0
>Kepler-146: 294.1107631 38.7102222 12.475 1.208 1.093 5948.0 4.31 -0.02
 Kepler-146 b: 5.189 3.710 nan 0.2000 31.15880 2455006.902720 704.9 0
 Kepler-146 c: 6.216 3.130 nan 0.3640 76.73217 2455033.670820 522.5 0
>Kepler-1460: 285.5577888 44.0108221 13.359 0.670 0.700 4422.0 4.64 -0.02
 Kepler-1460 b: 2.632 1.960 nan 0.1676 29.96332 2454982.941930 426.3 0
>Kepler-1461: 285.8305091 43.1983770 13.471 0.740 0.790 4919.0 4.60 -0.04
 Kepler-1461 b: 4.207 2.030 nan 0.1721 29.34948 2454981.464560 491.8 0
>Kepler-1462: 296.3975420 42.3969273 14.058 1.000 1.000 5756.0 4.45 0.06
 Kepler-1462 b: 7.431 3.820 nan 0.3185 65.64883 2455007.794190 491.8 0
>Kepler-1463: 294.4872785 42.0069064 14.015 0.950 0.960 5679.0 4.47 0.00
 Kepler-1463 b: 5.180 1.860 nan 0.1658 25.15864 2454986.050600 655.6 0
>Kepler-1464: 287.2356828 38.7540824 12.507 1.010 1.020 5828.0 4.44 0.03
 Kepler-1464 b: 8.056 1.660 nan 0.1977 31.77859 2454969.768510 635.3 0
 Kepler-1464 c: 4.678 1.000 nan 0.0601 5.32786 2454966.548300 1152.1 0
>Kepler-1465: 289.8194222 51.9048541 12.043 0.710 0.750 4726.0 4.62 -0.06
 Kepler-1465 b: 1.584 1.770 nan 0.1786 31.82771 2454967.598210 454.4 0
>Kepler-1466: 289.8312418 44.6098415 12.408 1.020 1.010 5884.0 4.43 -0.07
 Kepler-1466 b: 3.968 1.550 nan 0.1945 31.17504 2454992.095270 649.8 0
>Kepler-1467: 295.0485389 45.3426781 13.577 0.820 0.860 5332.0 4.55 -0.07
 Kepler-1467 b: 5.272 3.300 nan 0.2426 47.05690 2454994.059100 472.7 0
>Kepler-1468: 293.5198289 41.2773671 13.458 1.050 1.040 5893.0 4.42 0.03
 Kepler-1468 b: 5.617 1.730 nan 0.0809 8.23985 2454970.754570 1023.8 0
 Kepler-1468 c: 4.170 1.150 nan 0.0461 3.54553 2454965.376960 1356.1 0
 Kepler-1468 d: 6.665 2.339 nan 0.1456 19.59060 2454977.658690 895.7 0
>Kepler-1469: 293.8213286 39.3913385 14.119 0.890 0.920 5507.0 4.51 0.02
 Kepler-1469 b: 3.582 2.800 nan 0.1488 21.86353 2454978.239990 649.4 0
>Kepler-147: 287.9757213 39.0871680 12.416 1.468 1.204 6012.0 4.18 0.10
 Kepler-147 b: 4.448 1.530 nan 0.1130 12.61058 2454971.190150 1044.9 0
 Kepler-147 c: 7.293 2.430 nan 0.2160 33.41642 2455004.333830 755.8 0
>Kepler-1470: 288.6949475 39.8830802 12.896 0.760 0.800 4961.0 4.59 -0.01
 Kepler-1470 b: 3.644 1.070 nan 0.1168 16.29509 2454977.804560 610.3 0
>Kepler-1471: 289.6649171 50.0200612 13.604 0.930 0.950 5660.0 4.48 -0.03
 Kepler-1471 b: 2.213 1.410 nan 0.0455 3.63899 2454964.785440 1233.7 0
 Kepler-1471 c: 3.409 1.496 nan 0.0981 11.60449 2454972.056030 919.8 0
>Kepler-1472: 294.8526163 49.0574468 13.255 1.250 1.160 6159.0 4.31 0.03
 Kepler-1472 b: 6.345 1.900 nan 0.2330 38.13128 2454992.366600 688.0 0
>Kepler-1473: 290.6365144 48.9961494 12.009 1.090 1.090 6046.0 4.40 -0.01
 Kepler-1473 b: 3.890 1.190 nan 0.1194 14.42736 2454971.841320 881.0 0
>Kepler-1474: 294.6940261 45.8668090 13.621 1.040 1.040 5870.0 4.42 0.04
 Kepler-1474 b: 4.213 2.160 nan 0.2179 36.43335 2454965.911040 618.4 0
>Kepler-1475: 295.9482766 44.7530960 13.880 1.280 1.180 6214.0 4.29 0.03
 Kepler-1475 b: 9.165 2.920 nan 0.3909 82.17737 2455030.193230 542.2 0
>Kepler-1476: 284.5320743 43.9898971 13.828 0.960 0.980 5663.0 4.47 0.06
 Kepler-1476 b: 2.574 1.670 nan 0.0924 10.35863 2454971.303810 880.3 0
>Kepler-1477: 281.2985305 42.6856727 12.594 0.780 0.810 5100.0 4.58 -0.06
 Kepler-1477 b: 2.799 1.180 nan 0.0932 11.55530 2454967.130830 711.3 0
>Kepler-1478: 293.1650085 41.7461840 13.873 1.060 1.040 5904.0 4.41 0.03
 Kepler-1478 b: 6.725 1.730 nan 0.1744 26.08406 2454982.447800 701.9 0
>Kepler-1479: 285.7119953 49.7067574 12.256 0.980 0.990 5796.0 4.45 -0.02
 Kepler-1479 b: 2.408 1.830 nan 0.1162 14.53261 2454973.467840 811.8 0
>Kepler-148: 289.7861626 46.8588176 13.359 0.851 0.979 5272.0 4.55 0.14
 Kepler-148 b: 1.757 1.800 nan 0.0280 1.72937 2454966.818530 1401.5 0
 Kepler-148 c: 2.482 3.600 nan 0.0500 4.18004 2455006.719280 1048.8 0
 Kepler-148 d: 4.779 9.083 nan 0.2588 51.84689 2455003.081373 441.2 0
>Kepler-1480: 291.9998055 49.3018321 12.584 0.810 0.850 5156.0 4.56 0.07
 Kepler-1480 b: 3.686 1.670 nan 0.1461 22.12680 2454977.935060 585.4 0
>Kepler-1481: 289.4390075 49.7312226 12.603 0.750 0.800 4908.0 4.60 0.04
 Kepler-1481 b: 2.274 1.230 nan 0.0596 5.94221 2454966.814070 839.5 0
>Kepler-1482: 285.3138209 48.7252700 11.996 0.840 0.880 5381.0 4.54 -0.04
 Kepler-1482 b: 2.213 1.010 nan 0.0997 12.25383 2454976.703110 753.2 0
>Kepler-1483: 295.4097409 42.1507935 13.077 1.400 1.250 6337.0 4.24 0.04
 Kepler-1483 b: 4.381 1.520 nan 0.0946 9.50852 2454973.558710 1175.4 0
>Kepler-1484: 292.6842738 38.1262604 13.646 0.920 0.940 5730.0 4.49 -0.17
 Kepler-1484 b: 6.143 2.110 nan 0.1870 30.45491 2454973.763130 612.9 0
>Kepler-1485: 298.0954404 44.7370612 11.724 1.120 1.110 6087.0 4.39 0.02
 Kepler-1485 b: 6.154 1.470 nan 0.1489 19.91577 2454972.372980 805.0 0
>Kepler-1486: 290.5903907 45.4396955 13.896 1.120 1.080 5965.0 4.38 0.06
 Kepler-1486 b: 8.405 2.320 nan 0.2892 54.64958 2455009.029900 566.1 0
>Kepler-1487: 295.4980737 38.6444499 12.289 1.630 1.380 6541.0 4.16 0.04
 Kepler-1487 b: 4.839 2.130 nan 0.0821 7.31946 2454970.218510 1405.1 0
 Kepler-1487 c: 8.219 3.282 nan 0.2588 35.80071 2454977.921690 1083.0 0
>Kepler-1488: 286.6464265 49.9377735 11.638 1.310 1.050 5820.0 4.22 0.06
 Kepler-1488 b: 10.798 1.860 nan 0.2320 39.81899 2454999.646730 666.9 0
 Kepler-1488 c: 6.285 1.420 nan 0.0658 6.15827 2454968.499900 1324.9 0
>Kepler-1489: 281.2957984 44.4654063 13.247 0.900 0.930 5655.0 4.51 -0.13
 Kepler-1489 b: 7.009 1.770 nan 0.3614 82.29475 2455045.007300 430.3 0
 Kepler-1489 c: 1.700 0.480 nan 0.0147 0.68074 2454832.960000 2166.4 0
>Kepler-149: 285.8537014 38.3840916 12.184 0.953 0.967 5381.0 4.46 0.17
 Kepler-149 b: 5.074 4.210 nan 0.1840 29.19894 2455018.440220 590.5 0
 Kepler-149 c: 6.948 1.610 nan 0.2810 55.32833 2455019.326650 477.8 0
 Kepler-149 d: 5.150 3.960 nan 0.5710 160.01803 2455084.283480 335.2 0
>Kepler-1490: 295.6935734 42.6094543 13.616 0.870 0.900 5515.0 4.52 -0.08
 Kepler-1490 b: 5.709 3.040 nan 0.3863 92.43630 2454996.588300 399.1 0
>Kepler-1491: 293.6297645 45.7406293 13.949 0.990 1.000 5728.0 4.45 0.06
 Kepler-1491 b: 6.899 1.510 nan 0.1273 16.58618 2454966.278700 770.3 0
 Kepler-1491 c: 9.750 1.735 nan 0.3045 61.56976 2455015.020100 579.4 0
>Kepler-1492: 288.5970695 41.0363254 12.158 0.720 0.770 4712.0 4.62 0.06
 Kepler-1492 b: 3.184 1.490 nan 0.1174 16.75255 2454964.595180 562.6 0
>Kepler-1493: 288.5493683 38.5651973 11.530 1.290 1.060 5863.0 4.24 0.06
 Kepler-1493 b: 4.557 1.410 nan 0.1215 15.02180 2454976.701940 921.3 0
>Kepler-1494: 282.6573891 43.1625334 13.536 0.940 0.960 5659.0 4.48 0.01
 Kepler-1494 b: 9.650 3.070 nan 0.3908 91.08048 2455046.758600 423.2 0
>Kepler-1495: 286.1306907 38.7795494 13.845 1.040 1.030 5831.0 4.42 0.06
 Kepler-1495 b: 9.462 2.940 nan 0.3829 85.27326 2455015.368200 463.4 0
>Kepler-1496: 293.9739359 45.3507167 13.225 1.270 1.180 6182.0 4.29 0.05
 Kepler-1496 b: 7.549 2.220 nan 0.3332 64.65880 2455003.178320 582.0 0
>Kepler-1497: 296.1961550 45.6343124 13.699 0.950 0.960 5675.0 4.47 0.01
 Kepler-1497 b: 4.297 1.660 nan 0.0819 8.74200 2454968.422200 931.8 0
>Kepler-1498: 284.7780883 44.9167513 13.238 0.810 0.860 5256.0 4.56 -0.01
 Kepler-1498 b: 7.638 1.330 nan 0.2460 48.05141 2454973.501000 459.9 0
>Kepler-1499: 283.9863480 41.6505091 11.455 0.780 0.820 5097.0 4.58 -0.01
 Kepler-1499 b: 4.678 1.190 nan 0.2290 44.20080 2454996.224800 453.6 0
>Kepler-15: 296.2005506 49.1400304 12.216 0.992 1.018 5515.0 4.46 0.36
 Kepler-15 b: 3.500 10.760 209.760 0.0571 4.94278 2454969.328651 1108.1 0
>Kepler-150: 288.2341025 40.5208970 13.367 0.939 0.952 5560.0 4.47 -0.14
 Kepler-150 b: 2.309 1.250 nan 0.0440 3.42805 2454965.367940 1238.6 0
 Kepler-150 c: 3.124 3.690 nan 0.0730 7.38200 2455006.071230 961.6 0
 Kepler-150 d: 3.764 2.790 nan 0.1040 12.56093 2454999.795880 805.6 0
 Kepler-150 e: 5.455 3.120 nan 0.1890 30.82656 2454986.010430 597.6 0
 Kepler-150 f: 13.410 3.667 nan 1.2400 637.20930 2455979.242200 227.8 0
>Kepler-1500: 288.8834740 39.7446547 13.030 1.000 1.000 5845.0 4.44 -0.05
 Kepler-1500 b: 5.416 1.200 nan 0.1192 15.03301 2454964.904210 816.3 0
>Kepler-1501: 289.9185890 42.0014280 12.364 1.300 1.200 6229.0 4.28 0.04
 Kepler-1501 b: 4.570 1.560 nan 0.1240 14.55645 2454974.043240 972.6 0
>Kepler-1502: 296.1079271 39.3199201 12.907 1.720 1.440 6666.0 4.13 0.05
 Kepler-1502 b: 8.401 3.180 nan 0.2658 41.70836 2454986.539490 817.7 0
>Kepler-1503: 293.7271604 42.8067119 13.767 0.740 0.770 5069.0 4.59 -0.19
 Kepler-1503 b: 7.471 2.270 nan 0.3765 96.16987 2455003.256810 342.7 0
>Kepler-1504: 289.7119947 50.1282265 13.834 0.810 0.850 5393.0 4.55 -0.17
 Kepler-1504 b: 13.843 2.130 nan 0.3508 82.30400 2454992.038000 395.2 0
>Kepler-1505: 292.0020614 41.7869639 11.406 0.860 0.930 5686.0 4.54 -0.18
 Kepler-1505 b: 4.109 0.930 nan 0.1879 30.86094 2454971.315450 586.5 0
>Kepler-1506: 290.1498822 41.4645625 14.082 0.930 0.950 5676.0 4.49 -0.05
 Kepler-1506 b: 6.844 1.320 nan 0.1119 14.03292 2454971.062600 788.9 0
>Kepler-1507: 288.5616269 46.5361247 11.386 0.850 0.890 5410.0 4.53 -0.03
 Kepler-1507 b: 2.939 0.840 nan 0.1198 16.05062 2454974.733230 694.9 0
>Kepler-1508: 298.1188802 40.3750316 12.603 1.220 1.140 6158.0 4.32 0.01
 Kepler-1508 b: 9.029 1.330 nan 0.1542 20.70565 2454972.984600 835.4 0
>Kepler-1509: 283.7977792 46.9310139 13.887 0.990 1.000 5780.0 4.45 0.03
 Kepler-1509 b: 6.424 1.850 nan 0.1693 25.43382 2454976.128700 674.1 0
>Kepler-151: 292.1627933 41.0231947 12.864 0.830 0.898 5460.0 4.55 -0.10
 Kepler-151 b: 2.645 3.060 nan 0.1160 15.22896 2455009.559790 704.3 0
 Kepler-151 c: 3.014 2.090 nan 0.1600 24.67461 2454979.770730 599.7 0
>Kepler-1510: 298.9591432 48.2578295 13.728 1.280 1.190 6200.0 4.29 0.04
 Kepler-1510 b: 10.447 3.360 nan 0.4000 84.70392 2454985.185900 534.8 0
>Kepler-1511: 288.4211892 43.1797730 12.471 1.290 1.170 6064.0 4.28 0.14
 Kepler-1511 b: 8.191 1.680 nan 0.1679 23.23828 2454976.541410 810.4 0
>Kepler-1512: 289.2744976 44.4704056 10.623 0.670 0.730 4372.0 4.64 0.20
 Kepler-1512 b: 1.916 1.180 nan 0.1314 20.35973 2454967.290960 476.1 0
>Kepler-1513: 289.7917561 39.2852655 11.309 0.950 0.943 5491.0 4.46 0.17
 Kepler-1513 b: 10.754 8.594 48.310 0.5677 160.88420 2455110.506390 342.5 0
 Kepler-1513 c: nan nan 84.542 1.7105 841.40000 nan 197.3 0
>Kepler-1514: 292.6274943 37.8601653 10.688 1.289 1.196 6145.0 4.29 0.12
 Kepler-1514 b: 21.327 12.420 1678.142 0.7530 217.83184 2455071.814110 387.7 0
 Kepler-1514 c: 3.761 1.176 nan 0.0997 10.51418 2454957.054600 1065.5 0
>Kepler-1515: 290.9739057 48.1782059 10.886 1.410 1.300 6511.0 4.26 0.07
 Kepler-1515 b: 16.173 9.550 nan 0.7649 214.31142 2455169.331329 426.3 0
>Kepler-1516: 291.4945795 44.5234227 12.815 1.070 1.040 5904.0 4.40 0.03
 Kepler-1516 b: 6.198 1.750 nan 0.0743 7.25932 2454964.711870 1080.1 0
>Kepler-1517: 287.8072115 43.1888008 11.303 1.950 1.580 7010.0 4.06 0.01
 Kepler-1517 b: 2.393 9.760 nan 0.0714 5.54608 2454966.503350 1766.3 0
>Kepler-1518: 300.3323404 44.9861065 12.058 1.880 1.540 6846.0 4.08 0.06
 Kepler-1518 b: 2.960 3.050 nan 0.0671 5.11178 2454966.756480 1747.8 0
 Kepler-1518 c: 5.255 4.047 nan 0.0905 9.63103 2454965.727300 1195.7 0
>Kepler-1519: 296.6679448 49.4617774 13.189 0.910 0.940 5644.0 4.50 -0.07
 Kepler-1519 b: 16.442 7.060 nan 0.7420 240.79894 2455167.141850 301.4 0
>Kepler-152: 286.8653826 41.9889571 12.301 0.724 0.767 5088.0 4.61 -0.18
 Kepler-152 b: 3.756 2.790 nan 0.1240 18.20797 2455018.842020 592.8 0
 Kepler-152 c: 4.036 2.390 nan 0.3560 88.25505 2454986.780270 349.9 0
>Kepler-1520: 290.9662102 51.5047656 13.319 0.710 0.760 4677.0 4.61 0.04
 Kepler-1520 b: 1.540 5.770 nan 0.0135 0.65355 2454965.059231 1638.6 0
>Kepler-1521: 292.6903779 37.8350549 10.840 0.760 0.810 5042.0 4.59 -0.05
 Kepler-1521 b: 3.067 2.500 nan 0.2381 47.14841 2455008.268450 434.4 0
>Kepler-1522: 289.8432347 52.0702094 12.621 0.930 0.960 5706.0 4.49 -0.07
 Kepler-1522 b: 1.893 1.730 nan 0.0291 1.84789 2454965.199750 1556.2 0
>Kepler-1523: 296.0540705 45.8270447 13.182 0.960 0.970 5708.0 4.46 0.00
 Kepler-1523 b: 1.390 1.580 nan 0.0186 0.93875 2454964.682140 1978.8 0
>Kepler-1524: 293.8853557 39.5198348 11.263 1.250 1.170 6179.0 4.31 0.04
 Kepler-1524 b: 6.899 3.540 nan 0.3535 70.96746 2455015.667350 560.3 0
>Kepler-1525: 290.5594479 49.9428629 11.193 1.040 1.070 5748.0 4.44 0.27
 Kepler-1525 b: 1.966 0.910 nan 0.0360 2.41660 2454964.537390 1488.8 0
>Kepler-1526: 285.1197266 38.8664618 13.208 0.690 0.730 4601.0 4.62 -0.01
 Kepler-1526 b: 1.843 2.430 nan 0.0437 3.90863 2454966.929880 881.3 0
>Kepler-1527: 297.4144457 46.0608077 13.617 1.320 1.210 6224.0 4.27 0.07
 Kepler-1527 b: 13.176 4.770 nan 0.6150 160.12992 2455036.480430 439.7 0
>Kepler-1528: 287.4029864 46.5740084 13.032 1.030 1.030 5857.0 4.43 0.03
 Kepler-1528 b: 2.098 1.460 nan 0.0291 1.79111 2454964.958090 1678.8 0
>Kepler-1529: 289.8707469 41.0407482 13.257 0.770 0.810 5048.0 4.58 -0.03
 Kepler-1529 b: 1.651 2.100 nan 0.0557 5.33906 2454965.142240 904.8 0
>Kepler-153: 282.4605020 48.2570293 12.418 0.892 0.804 5404.0 4.45 -0.24
 Kepler-153 b: 3.075 2.920 nan 0.1290 18.87023 2455011.710460 685.2 0
 Kepler-153 c: 3.826 2.530 nan 0.2370 46.90232 2454987.306530 505.5 0
>Kepler-1530: 288.1624396 48.1651530 12.300 0.880 0.920 5477.0 4.52 0.03
 Kepler-1530 b: 2.162 1.640 nan 0.0359 2.59044 2454965.287100 1307.5 0
 Kepler-1530 c: 2.571 1.650 nan 0.0580 5.32274 2454966.220300 1028.5 0
 Kepler-1530 d: 3.365 2.214 nan 0.0864 9.20761 2454968.801000 1063.3 0
>Kepler-1531: 285.1466220 39.3708055 11.772 1.270 1.160 6260.0 4.29 -0.03
 Kepler-1531 b: 2.092 1.110 nan 0.0224 1.13854 2454965.465720 2271.8 0
>Kepler-1532: 296.9027840 41.1981424 13.230 0.880 0.910 5559.0 4.51 -0.10
 Kepler-1532 b: 1.484 1.350 nan 0.0201 1.09366 2454965.473290 1772.3 0
>Kepler-1533: 295.9755645 44.7133739 11.926 1.510 1.310 6431.0 4.20 0.03
 Kepler-1533 b: 18.464 3.460 nan 0.9778 308.54710 2455129.068200 385.4 0
>Kepler-1534: 292.3953730 43.8691326 13.930 0.860 0.900 5442.0 4.52 -0.01
 Kepler-1534 b: 1.959 1.890 nan 0.0604 5.71669 2454969.322090 990.1 0
>Kepler-1535: 286.6136850 38.8919507 12.744 1.110 1.080 6021.0 4.38 0.00
 Kepler-1535 b: 10.456 2.550 nan 0.5387 138.94420 2454986.909970 416.8 0
>Kepler-1536: 291.5852554 45.7158742 12.550 0.670 0.710 4434.0 4.64 0.05
 Kepler-1536 b: 13.006 3.140 nan 0.8913 364.75803 2454968.461600 185.4 0
>Kepler-1537: 294.3853917 43.8254461 12.519 0.770 0.810 5079.0 4.58 -0.08
 Kepler-1537 b: 0.975 1.180 nan 0.0233 1.44445 2454965.806470 1407.6 0
>Kepler-1538: 283.3456110 45.2743573 13.751 1.030 1.030 5837.0 4.42 0.02
 Kepler-1538 b: 10.666 2.820 nan 0.6187 175.13882 2455129.039860 363.2 0
>Kepler-1539: 284.2194566 44.2685146 13.382 0.800 0.840 5176.0 4.57 -0.01
 Kepler-1539 b: 7.416 2.700 nan 0.4819 133.30367 2455000.755900 321.6 0
>Kepler-154: 289.7805393 49.8965624 12.986 1.001 0.949 5690.0 4.42 -0.04
 Kepler-154 b: 3.355 2.260 nan 0.1980 33.04053 2454994.220870 616.9 0
 Kepler-154 c: 7.510 2.950 nan 0.3030 62.30328 2455012.094230 498.7 0
 Kepler-154 d: 5.459 3.950 nan 0.1458 20.54982 2455011.946120 721.1 0
 Kepler-154 e: 2.917 1.556 nan 0.0484 3.93276 2454967.651230 1251.3 0
 Kepler-154 f: 4.240 1.517 nan 0.0897 9.91936 2454969.876560 919.3 0
>Kepler-1540: 283.3445555 41.2017544 11.519 0.690 0.740 4540.0 4.63 0.10
 Kepler-1540 b: 2.213 2.490 nan 0.4435 125.41312 2455028.627170 273.1 0
>Kepler-1541: 283.7870875 48.0296019 11.927 0.810 0.860 5282.0 4.56 -0.04
 Kepler-1541 b: 1.879 1.160 nan 0.0769 8.40691 2454966.426870 826.4 0
>Kepler-1542: 285.7284757 42.6544651 10.989 0.990 0.940 5564.0 4.41 0.06
 Kepler-1542 b: 2.592 0.760 nan 0.0479 3.95117 2454967.221780 1219.6 0
 Kepler-1542 c: 2.607 0.650 nan 0.0389 2.89223 2454965.864650 1353.2 0
 Kepler-1542 d: 2.549 0.870 nan 0.0633 5.99274 2454964.748640 1061.5 0
 Kepler-1542 e: 2.615 0.760 nan 0.0568 5.10116 2454965.423780 1120.0 0
>Kepler-1543: 297.1242915 47.0369876 12.291 1.650 1.390 6561.0 4.14 0.07
 Kepler-1543 b: 3.643 2.710 nan 0.0797 6.96710 2454971.241520 1439.8 0
>Kepler-1544: 297.2852168 49.2124526 11.903 0.740 0.810 4886.0 4.61 0.02
 Kepler-1544 b: 6.500 1.780 nan 0.5572 168.81117 2455044.440850 271.5 0
>Kepler-1545: 298.8988313 47.4630696 13.139 0.800 0.840 5201.0 4.57 -0.06
 Kepler-1545 b: 6.856 2.700 nan 0.5526 163.69235 2455071.766520 301.8 0
>Kepler-1546: 297.5839183 41.5411993 13.511 0.930 0.950 5623.0 4.48 0.01
 Kepler-1546 b: 4.069 3.130 nan 0.1398 19.59750 2454968.254700 699.2 0
>Kepler-1547: 283.7640396 42.2220992 11.996 1.180 1.120 6078.0 4.34 0.04
 Kepler-1547 b: 1.082 0.900 nan 0.0159 0.69298 2454964.800100 2523.6 0
>Kepler-1548: 287.4711817 46.0805706 13.700 0.970 0.990 5706.0 4.46 0.05
 Kepler-1548 b: 6.334 2.640 nan 0.4872 124.82868 2455041.784550 388.2 0
>Kepler-1549: 286.0524399 39.0960281 13.271 0.840 0.880 5324.0 4.54 0.02
 Kepler-1549 b: 10.110 2.570 nan 0.6728 214.88655 2455046.387000 286.9 0
>Kepler-155: 288.4957831 51.0819286 11.805 0.620 0.682 4508.0 4.68 -0.22
 Kepler-155 b: 2.371 2.090 nan 0.0560 5.93119 2455007.796550 723.3 0
 Kepler-155 c: 3.188 2.240 nan 0.2420 52.66179 2455016.516810 347.9 0
>Kepler-1550: 287.7646113 38.2947076 13.427 1.110 1.070 5991.0 4.38 0.01
 Kepler-1550 b: 11.181 3.020 nan 0.7418 225.58281 2455105.798030 353.4 0
>Kepler-1551: 295.7855238 39.9078956 13.770 1.220 1.140 6136.0 4.32 0.01
 Kepler-1551 b: 5.081 2.660 nan 0.1724 24.49737 2454966.923070 787.0 0
>Kepler-1552: 291.6768669 38.8749152 12.881 0.780 0.850 5202.0 4.58 -0.07
 Kepler-1552 b: 9.706 2.470 nan 0.6014 184.77185 2455050.361550 285.7 0
>Kepler-1553: 291.9191348 39.0221769 13.167 0.810 0.850 5288.0 4.56 -0.09
 Kepler-1553 b: 2.658 1.150 nan 0.0486 4.24262 2454968.031040 1041.2 0
>Kepler-1554: 286.5760160 41.7415762 13.814 0.810 0.840 5297.0 4.56 -0.10
 Kepler-1554 b: 8.121 2.900 nan 0.6275 198.08877 2455152.730610 290.2 0
>Kepler-1555: 287.6354587 45.7160327 13.834 1.060 1.040 5866.0 4.40 0.03
 Kepler-1555 b: 4.443 1.610 nan 0.0800 8.10502 2454968.885230 1029.6 0
>Kepler-1556: 288.3969751 40.2131892 13.555 0.950 0.970 5608.0 4.47 0.08
 Kepler-1556 b: 2.086 1.960 nan 0.0827 8.82713 2454972.735500 916.3 0
>Kepler-1557: 293.8813592 46.8388172 13.800 1.170 1.110 6099.0 4.34 0.02
 Kepler-1557 b: 2.439 1.530 nan 0.0488 3.74032 2454967.702700 1439.7 0
>Kepler-1558: 286.8194349 46.9117837 11.657 0.790 0.830 5101.0 4.57 0.00
 Kepler-1558 b: 2.010 0.680 nan 0.0424 3.50470 2454966.724940 1061.3 0
>Kepler-1559: 292.2866565 42.0725948 12.634 0.820 0.860 5316.0 4.55 -0.04
 Kepler-1559 b: 1.629 0.720 nan 0.0183 0.97192 2454965.164750 1717.8 0
>Kepler-156: 290.2964214 37.7494271 12.155 0.807 0.849 5094.0 4.55 0.25
 Kepler-156 b: 1.579 2.300 nan 0.0540 4.97346 2455003.885290 949.6 0
 Kepler-156 c: 3.984 2.550 nan 0.1170 15.90680 2455010.933150 645.1 0
>Kepler-1560: 292.7846013 43.2160100 11.868 1.020 1.020 5815.0 4.43 0.04
 Kepler-1560 b: 1.657 0.890 nan 0.0413 3.03196 2454966.989880 1394.0 0
>Kepler-1561: 296.9235822 43.5664628 13.053 1.110 1.070 5957.0 4.38 0.04
 Kepler-1561 b: 1.620 1.090 nan 0.0201 1.00521 2454965.455280 2135.4 0
>Kepler-1562: 294.4556567 46.7435353 13.849 1.050 1.020 5760.0 4.41 0.11
 Kepler-1562 b: 9.756 3.550 nan 0.3161 64.27378 2455019.710030 506.2 0
>Kepler-1563: 288.5735936 51.4727698 12.013 0.990 1.000 5765.0 4.45 0.02
 Kepler-1563 b: 4.156 0.750 nan 0.0445 3.43277 2454965.913550 1310.7 0
>Kepler-1564: 290.5861316 46.6427486 13.283 0.900 0.930 5528.0 4.50 0.03
 Kepler-1564 b: 4.409 1.470 nan 0.1315 18.05404 2454980.799230 697.5 0
>Kepler-1565: 297.9529793 40.8067876 13.259 0.730 0.760 4940.0 4.60 -0.16
 Kepler-1565 b: 1.702 1.190 nan 0.0238 1.53819 2454965.489400 1319.3 0
>Kepler-1566: 283.5875459 40.5749018 12.435 0.810 0.840 5254.0 4.56 -0.07
 Kepler-1566 b: 1.139 0.790 nan 0.0122 0.53992 2454964.551750 2060.7 0
>Kepler-1567: 286.6951530 40.2918894 13.992 0.930 0.950 5655.0 4.49 -0.03
 Kepler-1567 b: 8.994 2.730 nan 0.5527 153.97958 2454998.489600 353.7 0
>Kepler-1568: 289.1826808 47.8733301 12.618 1.190 1.090 5956.0 4.32 0.09
 Kepler-1568 b: 6.617 1.300 nan 0.1529 20.92539 2454967.895000 801.1 0
>Kepler-1569: 292.2046748 37.2212065 12.590 1.400 1.250 6319.0 4.24 0.06
 Kepler-1569 b: 3.273 1.680 nan 0.0680 5.79180 2454966.357800 1382.7 0
>Kepler-157: 291.0972257 38.8756049 12.573 1.044 0.968 5774.0 4.39 -0.06
 Kepler-157 b: 2.186 1.320 nan 0.0280 1.73234 2454967.530200 1700.1 0
 Kepler-157 c: 4.514 2.240 nan 0.1100 13.54050 2455004.680320 857.8 0
 Kepler-157 d: 2.111 1.470 nan 0.0723 7.02573 2454966.629720 1067.9 0
>Kepler-1570: 299.8617842 45.8274232 11.997 0.890 0.920 5550.0 4.50 -0.04
 Kepler-1570 b: 7.979 1.070 nan 0.1694 26.54895 2454970.238710 613.4 0
>Kepler-1571: 300.9354067 45.5964836 12.044 1.390 1.230 6297.0 4.24 0.04
 Kepler-1571 b: 1.914 1.520 nan 0.0473 3.38555 2454966.977960 1646.4 0
>Kepler-1572: 281.8973341 46.7227061 12.365 0.950 0.970 5618.0 4.47 0.08
 Kepler-1572 b: 2.511 0.940 nan 0.0603 5.49549 2454966.637730 1075.0 0
>Kepler-1573: 292.9883129 49.4849664 13.677 1.000 1.010 5808.0 4.44 0.02
 Kepler-1573 b: 2.639 1.200 nan 0.0373 2.61576 2454964.982360 1450.6 0
>Kepler-1574: 292.1586689 49.6377914 13.679 1.080 1.060 5892.0 4.40 0.08
 Kepler-1574 b: 3.390 1.290 nan 0.0726 6.94243 2454968.959840 1095.7 0
>Kepler-1575: 293.7432102 45.7615507 13.828 0.920 0.950 5667.0 4.49 -0.07
 Kepler-1575 b: 1.858 1.310 nan 0.0359 2.55314 2454965.451640 1382.6 0
>Kepler-1576: 289.0739641 40.3660239 11.800 1.060 1.050 5876.0 4.40 0.05
 Kepler-1576 b: 2.723 1.040 nan 0.0727 6.98472 2454968.995350 1082.1 0
>Kepler-1577: 292.9552704 47.5730433 12.862 0.740 0.780 4862.0 4.60 0.00
 Kepler-1577 b: 2.468 1.130 nan 0.0615 6.30560 2454964.531130 813.3 0
>Kepler-1578: 288.3021104 47.7756227 13.655 0.860 0.900 5545.0 4.53 -0.13
 Kepler-1578 b: 1.781 1.040 nan 0.0242 1.45089 2454965.230330 1593.4 0
>Kepler-1579: 293.2880220 43.5149061 12.744 0.700 0.750 4584.0 4.63 0.11
 Kepler-1579 b: 1.093 0.840 nan 0.0160 0.84991 2454964.671780 1464.2 0
>Kepler-158: 284.0323723 39.7815365 12.057 0.624 0.653 4623.0 4.66 -0.24
 Kepler-158 b: 2.765 2.120 nan 0.1110 16.70918 2455007.755610 528.6 0
 Kepler-158 c: 4.248 1.900 nan 0.1580 28.55138 2455018.476780 443.0 0
 Kepler-158 d: 1.200 0.402 nan 0.0124 0.64509 2454833.052000 1731.0 0
>Kepler-1580: 285.9687099 41.3635264 11.254 2.150 1.470 6228.0 3.94 0.12
 Kepler-1580 b: 15.079 2.110 nan 0.3282 56.64493 2454971.782900 768.6 0
>Kepler-1581: 287.3713199 39.6036225 11.025 1.230 1.120 6022.0 4.31 0.07
 Kepler-1581 b: 4.124 0.800 nan 0.0692 6.28385 2454966.199970 1224.2 0
>Kepler-1582: 289.3765441 41.1580845 12.435 0.300 0.280 3208.0 4.93 0.48
 Kepler-1582 b: 1.260 1.490 nan 0.0366 4.83818 2454968.146800 442.7 0
>Kepler-1583: 286.3869335 47.0165188 11.279 0.910 0.940 5645.0 4.49 -0.07
 Kepler-1583 b: 3.936 0.600 nan 0.0850 9.32807 2454965.853200 890.9 0
>Kepler-1584: 287.7626791 43.2743929 13.524 1.130 1.100 6069.0 4.37 0.00
 Kepler-1584 b: 3.532 1.610 nan 0.1140 13.39971 2454964.847440 921.5 0
>Kepler-1585: 296.1589897 44.5630457 14.125 0.910 0.940 5538.0 4.50 0.08
 Kepler-1585 b: 1.541 1.790 nan 0.0449 3.58275 2454967.949120 1202.4 0
>Kepler-1586: 298.2026236 44.9258585 11.643 1.750 1.450 6681.0 4.12 0.06
 Kepler-1586 b: 4.521 1.520 nan 0.1383 15.60492 2454964.993800 1145.9 0
>Kepler-1587: 292.6777294 49.6638666 12.632 1.220 1.080 5933.0 4.30 0.07
 Kepler-1587 b: 5.161 1.330 nan 0.0895 9.40605 2454970.717500 1056.4 0
>Kepler-1588: 288.2327232 48.0021967 12.383 0.990 0.960 5817.0 4.43 -0.14
 Kepler-1588 b: 3.736 0.760 nan 0.0763 7.84932 2454967.876540 1010.7 0
>Kepler-1589: 294.4418236 40.5716114 13.544 1.250 1.180 6166.0 4.32 0.08
 Kepler-1589 b: 2.378 1.090 nan 0.0206 0.99167 2454964.535040 2318.0 0
>Kepler-159: 297.0702037 40.8687340 12.357 0.663 0.715 4625.0 4.65 -0.28
 Kepler-159 b: 2.692 2.380 nan 0.0820 10.13962 2455011.449480 634.2 0
 Kepler-159 c: 5.153 3.410 nan 0.2180 43.59579 2455027.545230 388.9 0
>Kepler-1590: 291.4079141 48.0178915 12.693 1.160 1.110 6053.0 4.35 0.03
 Kepler-1590 b: 3.479 1.140 nan 0.0785 7.61761 2454970.495900 1122.4 0
>Kepler-1591: 296.5166659 44.6086233 13.107 1.160 1.100 6082.0 4.35 0.01
 Kepler-1591 b: 4.214 1.270 nan 0.0821 8.18505 2454967.553750 1102.7 0
>Kepler-1592: 293.8506230 38.3977379 13.345 1.280 1.180 6213.0 4.29 0.04
 Kepler-1592 b: 3.523 1.540 nan 0.0436 3.05710 2454967.501050 1624.0 0
>Kepler-1593: 300.4882018 44.4606698 13.452 0.770 0.810 4995.0 4.59 0.02
 Kepler-1593 b: 7.098 3.170 nan 0.5697 174.50984 2455034.472670 280.0 0
>Kepler-1594: 293.6230451 47.9619127 13.322 1.080 1.060 5946.0 4.39 0.03
 Kepler-1594 b: 1.859 1.060 nan 0.0388 2.71604 2454965.359130 1511.8 0
>Kepler-1595: 285.7227502 43.0094855 13.527 0.800 0.840 5203.0 4.56 -0.02
 Kepler-1595 b: 2.320 1.230 nan 0.0508 4.56380 2454965.262700 995.6 0
>Kepler-1596: 285.5575066 49.3300866 13.826 0.920 0.950 5706.0 4.49 -0.11
 Kepler-1596 b: 11.181 1.900 nan 0.3154 66.37338 2455007.016100 469.9 0
>Kepler-1597: 288.1639687 42.4810124 12.927 1.390 1.250 6377.0 4.24 0.02
 Kepler-1597 b: 3.280 1.060 nan 0.0433 2.94654 2454965.415420 1741.7 0
>Kepler-1598: 288.4691070 46.7836464 12.420 1.090 1.070 5940.0 4.39 0.04
 Kepler-1598 b: 2.696 0.950 nan 0.0533 4.34195 2454967.184950 1295.6 0
>Kepler-1599: 286.2208685 41.1511886 13.361 0.990 0.990 5767.0 4.45 0.02
 Kepler-1599 b: 9.320 1.620 nan 0.4808 122.36355 2454967.332700 399.1 0
>Kepler-16: 289.0758307 51.7572290 8.996 0.649 0.690 4450.0 4.65 -0.30
 Kepler-16 b: nan 8.449 105.833 0.7048 228.77600 2455212.123160 205.9 0
>Kepler-160: 287.7735730 42.8692755 13.052 1.118 1.202 5471.0 4.47 -0.01
 Kepler-160 b: 1.052 1.715 nan 0.0551 4.30940 2454967.032000 1188.2 0
 Kepler-160 c: 4.341 3.760 nan 0.1192 13.69943 2455004.480500 807.9 0
 Kepler-160 d: nan nan 100.000 0.1700 30.00000 nan 676.5 0
>Kepler-1600: 291.3993802 38.7877563 13.896 0.820 0.860 5214.0 4.55 0.07
 Kepler-1600 b: 10.950 3.130 nan 0.9873 386.37055 2455285.874800 229.1 0
 Kepler-1600 c: 3.060 1.909 nan 0.0689 7.29805 2454970.857410 859.0 0
>Kepler-1601: 285.5129496 38.0798390 12.216 1.070 1.040 5869.0 4.40 0.05
 Kepler-1601 b: 2.730 0.820 nan 0.0336 2.20922 2454964.908430 1596.2 0
>Kepler-1602: 293.5808607 40.4275396 12.060 1.360 1.220 6296.0 4.25 0.02
 Kepler-1602 b: 3.043 1.340 nan 0.1046 11.17932 2454964.640500 1095.0 0
>Kepler-1603: 295.3298254 42.5349698 13.840 1.310 1.210 6241.0 4.28 0.07
 Kepler-1603 b: 4.043 1.290 nan 0.0360 2.27164 2454964.827920 1814.4 0
>Kepler-1604: 285.4106549 44.4122318 12.821 0.760 0.810 4976.0 4.59 0.02
 Kepler-1604 b: 0.999 1.410 nan 0.0142 0.68368 2454964.660402 1758.0 0
>Kepler-1605: 287.1349405 47.4886251 10.587 0.820 0.860 5280.0 4.55 -0.01
 Kepler-1605 b: 5.802 1.080 nan 0.3619 85.75655 2454995.718670 383.2 0
>Kepler-1606: 286.3782987 43.0732287 13.400 0.860 0.900 5422.0 4.53 0.01
 Kepler-1606 b: 8.602 2.070 nan 0.6385 196.43522 2455006.705100 303.4 0
>Kepler-1607: 296.0598685 42.6560582 12.218 1.210 1.140 6116.0 4.33 0.05
 Kepler-1607 b: 7.769 0.920 nan 0.1168 13.64737 2454965.236200 949.4 0
>Kepler-1608: 295.5635550 39.4175700 13.836 0.720 0.750 4992.0 4.61 -0.24
 Kepler-1608 b: 4.231 1.730 nan 0.1151 16.47357 2454975.685050 602.0 0
>Kepler-1609: 290.1465356 39.6658026 13.508 1.270 1.180 6132.0 4.29 0.10
 Kepler-1609 b: 13.001 2.220 nan 0.4872 114.34219 2455049.741200 477.4 0
>Kepler-161: 290.5164698 43.0838642 12.246 0.806 0.867 5078.0 4.55 -0.10
 Kepler-161 b: 1.873 2.120 2.630 0.0540 4.92136 2455007.298990 946.0 0
 Kepler-161 c: 1.351 2.050 3.610 0.0680 7.06424 2454968.379140 843.0 0
>Kepler-1610: 295.9049795 45.4054296 13.905 0.870 0.910 5383.0 4.52 0.10
 Kepler-1610 b: 3.019 1.610 nan 0.0802 8.70182 2454971.243680 854.7 0
 Kepler-1610 c: 4.164 2.275 nan 0.2323 44.98519 2454983.570300 473.8 0
>Kepler-1611: 296.5120204 49.7277506 12.689 0.930 0.940 5605.0 4.49 0.01
 Kepler-1611 b: 5.150 0.810 nan 0.0574 5.17624 2454966.743700 1088.2 0
>Kepler-1612: 291.2503022 45.6550536 13.075 0.940 0.960 5643.0 4.48 0.03
 Kepler-1612 b: 2.586 1.030 nan 0.0480 3.91795 2454965.864060 1204.4 0
>Kepler-1613: 289.8750066 43.4209318 12.653 1.120 1.080 6005.0 4.37 0.01
 Kepler-1613 b: 3.414 2.080 nan 0.0265 1.51843 2454965.131000 1881.6 0
>Kepler-1614: 284.8713893 49.7758867 14.001 0.760 0.790 5121.0 4.58 -0.17
 Kepler-1614 b: 2.836 1.490 nan 0.0452 3.94661 2454965.245590 1012.8 0
>Kepler-1615: 286.3592066 42.2273971 13.048 1.050 1.040 5865.0 4.42 0.06
 Kepler-1615 b: 10.652 2.060 nan 0.2594 47.31262 2454979.324700 569.0 0
>Kepler-1616: 286.5436691 45.3048716 12.228 1.340 1.210 6266.0 4.26 0.02
 Kepler-1616 b: 5.872 1.020 nan 0.0746 6.76284 2454968.679800 1280.8 0
>Kepler-1617: 287.9371747 46.4184781 12.323 1.220 1.150 6167.0 4.32 0.01
 Kepler-1617 b: 8.305 1.200 nan 0.1867 27.47856 2454981.628500 760.2 0
>Kepler-1618: 295.1753619 45.9308594 12.473 1.650 1.410 6620.0 4.15 0.04
 Kepler-1618 b: 3.649 1.260 nan 0.0733 6.10826 2454964.880300 1514.2 0
>Kepler-1619: 285.7035950 44.4221528 11.858 1.000 1.000 5852.0 4.44 -0.07
 Kepler-1619 b: 6.544 0.760 nan 0.1611 23.62259 2454979.960200 703.0 0
>Kepler-162: 297.2789115 43.7239693 12.658 0.958 0.907 5816.0 4.44 0.03
 Kepler-162 b: 3.339 1.260 nan 0.0690 6.91980 2454967.119140 1045.0 0
 Kepler-162 c: 3.527 3.030 nan 0.1370 19.44636 2455003.101940 741.6 0
>Kepler-1620: 297.2709026 46.9284743 12.198 1.230 1.150 6157.0 4.31 0.03
 Kepler-1620 b: 5.989 1.610 nan 0.4475 101.95183 2455039.350700 492.2 0
>Kepler-1621: 297.5885341 43.8411937 13.602 1.240 1.150 6158.0 4.31 0.03
 Kepler-1621 b: 9.862 2.160 nan 0.4187 92.26371 2454979.424000 511.0 0
>Kepler-1622: 297.3288329 47.8154590 12.104 1.500 1.310 6436.0 4.20 0.04
 Kepler-1622 b: 2.611 1.470 nan 0.1047 10.81187 2454970.132300 1174.7 0
>Kepler-1623: 294.0826970 39.5560655 13.245 1.000 1.000 5772.0 4.44 0.04
 Kepler-1623 b: 2.058 1.310 nan 0.0522 4.36128 2454965.527170 1217.7 0
>Kepler-1624: 292.5798564 37.3762616 12.312 0.552 0.541 3768.0 4.68 0.27
 Kepler-1624 b: 1.750 6.590 nan 0.0347 3.29031 2456290.901980 724.3 0
>Kepler-1625: 295.4293220 39.8865068 13.916 0.940 0.960 5677.0 4.48 0.01
 Kepler-1625 b: 18.886 6.060 nan 0.8408 287.37895 2455181.829810 289.5 0
>Kepler-1626: 296.5004384 40.7212069 12.967 1.850 1.510 6826.0 4.08 0.04
 Kepler-1626 b: 3.284 2.020 nan 0.0579 4.13963 2454967.041650 1860.8 0
>Kepler-1627: 284.0566675 41.5767277 11.194 0.840 0.870 5445.0 4.54 -0.10
 Kepler-1627 b: 2.886 3.690 nan 0.0697 7.20284 2454968.193760 911.6 0
>Kepler-1628: 281.6336936 43.4115547 13.224 0.520 0.550 3724.0 4.74 0.17
 Kepler-1628 b: 4.952 6.430 nan 0.2887 76.37803 2454979.345800 241.0 0
>Kepler-1629: 280.2066276 43.7743281 11.218 1.010 1.010 5776.0 4.44 0.05
 Kepler-1629 b: 2.226 0.770 nan 0.0485 3.87596 2454967.844480 1271.7 0
>Kepler-163: 295.0027458 46.9873389 12.784 0.917 1.028 5776.0 4.52 0.02
 Kepler-163 b: 3.359 1.050 nan 0.0780 7.81094 2454965.304300 955.0 0
 Kepler-163 c: 3.765 2.260 nan 0.1520 21.34726 2455004.735900 684.1 0
>Kepler-1630: 297.5083004 43.7110543 11.803 0.630 0.660 4736.0 4.66 -0.46
 Kepler-1630 b: 8.481 2.190 nan 1.0877 509.99740 2455109.731220 173.8 0
>Kepler-1631: 294.6325781 43.8076687 13.782 0.950 0.970 5679.0 4.47 0.04
 Kepler-1631 b: 1.929 1.350 nan 0.0496 4.09514 2454964.676530 1198.6 0
>Kepler-1632: 294.4948769 43.9135575 11.660 1.190 1.120 6137.0 4.33 0.00
 Kepler-1632 b: 12.713 2.470 nan 1.1905 448.30356 2455398.175930 295.9 0
>Kepler-1633: 288.5151733 44.9232545 12.109 1.320 1.200 6256.0 4.27 0.02
 Kepler-1633 b: 10.460 1.580 nan 0.6786 186.40427 2455049.221100 420.7 0
>Kepler-1634: 294.0433990 45.1398201 12.721 0.890 0.920 5474.0 4.51 0.02
 Kepler-1634 b: 11.328 3.190 nan 0.9896 374.87624 2455324.063050 250.3 0
>Kepler-1635: 285.3490542 45.5561768 13.895 0.850 0.890 5347.0 4.53 0.06
 Kepler-1635 b: 13.556 3.640 nan 1.1374 469.63111 2455255.495400 222.9 0
>Kepler-1636: 294.0575681 46.4409844 14.231 1.020 1.010 5797.0 4.43 0.03
 Kepler-1636 b: 17.848 3.230 nan 1.1108 425.47785 2454982.064600 267.9 0
>Kepler-1637: 282.2368006 48.1542016 11.778 1.020 1.020 5789.0 4.43 0.07
 Kepler-1637 b: 5.585 0.890 nan 0.0658 6.10960 2454966.809630 1098.7 0
>Kepler-1638: 295.4823299 48.5244695 13.138 0.950 0.970 5710.0 4.47 -0.01
 Kepler-1638 b: 15.979 1.870 nan 0.7878 259.33683 2454998.690500 302.4 0
>Kepler-1639: 283.0686510 48.8021209 13.211 1.180 1.120 6150.0 4.34 -0.03
 Kepler-1639 b: 3.081 2.580 nan 0.0936 9.87848 2454967.416000 1053.1 0
>Kepler-164: 287.7808115 47.6298453 12.935 1.148 1.016 5888.0 4.33 -0.14
 Kepler-164 b: 1.649 1.410 nan 0.0580 5.03503 2454965.654650 1263.2 0
 Kepler-164 c: 3.004 2.730 nan 0.0970 10.94572 2455009.720460 976.8 0
 Kepler-164 d: 3.444 2.450 nan 0.1870 28.98677 2454967.782680 703.5 0
 Kepler-164 e: 6.923 4.433 nan 0.4025 94.88690 2455047.828790 468.7 0
>Kepler-1640: 294.5577857 40.8504949 13.079 1.430 1.270 6324.0 4.23 0.10
 Kepler-1640 b: 3.810 4.820 nan 0.0818 7.58441 2454970.848600 1274.9 0
>Kepler-1641: 296.3594560 41.5745321 12.735 1.190 1.120 6152.0 4.34 -0.02
 Kepler-1641 b: 4.766 3.110 nan 0.1481 19.67227 2454967.305600 840.9 0
 Kepler-1641 c: 5.982 2.950 nan 0.2077 32.65721 2454985.875000 710.2 0
>Kepler-1642: 297.2121215 43.6437890 12.066 0.840 0.880 5355.0 4.54 -0.01
 Kepler-1642 b: 2.454 3.200 nan 0.0994 12.20575 2454967.129600 750.6 0
 Kepler-1642 c: 2.136 2.660 nan 0.0663 6.65138 2454968.276200 918.9 0
>Kepler-1643: 300.4310076 44.7510129 11.636 0.855 0.845 4916.0 4.50 -0.01
 Kepler-1643 b: 2.410 2.320 nan 0.0569 5.34266 2454967.382000 918.9 0
>Kepler-1644: 285.4750512 48.0348356 12.552 0.860 0.890 5499.0 4.53 -0.10
 Kepler-1644 b: 4.629 1.880 nan 0.1437 21.09078 2454966.961970 648.7 0
>Kepler-1645: 297.4795142 48.4185820 12.897 1.020 1.020 5812.0 4.43 0.04
 Kepler-1645 b: 5.269 1.780 nan 0.1260 16.17796 2454965.336290 797.3 0
>Kepler-1646: 287.5264859 42.9129356 12.029 0.260 0.240 3299.0 5.01 0.04
 Kepler-1646 b: 0.821 1.230 nan 0.0331 4.48558 2454968.432210 446.0 0
>Kepler-1647: 298.1500570 40.6561751 12.007 1.790 1.221 6210.0 4.02 -0.14
 Kepler-1647 b: nan 11.874 483.000 2.7205 1107.59230 2454998.497200 242.9 0
>Kepler-1649: 292.5029676 41.8299933 12.589 0.232 0.198 3240.0 5.00 -0.15
 Kepler-1649 b: 1.184 1.017 nan 0.0482 8.68910 2455374.621900 342.4 0
 Kepler-1649 c: 1.070 1.060 nan 0.0828 19.53527 2455410.977700 261.4 0
>Kepler-165: 280.6909200 47.8096702 12.843 0.770 0.744 5211.0 4.54 -0.25
 Kepler-165 b: 2.869 2.320 nan 0.0720 8.18085 2455009.701130 821.7 0
 Kepler-165 c: 3.028 2.230 nan 0.1100 15.31299 2455004.791960 664.8 0
>Kepler-1650: 297.7292296 42.8666919 12.199 0.334 0.326 3410.0 4.99 -0.11
 Kepler-1650 b: 1.103 0.960 nan 0.0179 1.53818 2455001.739590 709.3 0
>Kepler-1651: 283.6282602 48.3908081 9.804 0.503 0.522 3713.0 4.95 -0.16
 Kepler-1651 b: 2.556 1.840 nan 0.0725 9.87864 2454961.533950 471.4 0
>Kepler-1652: 294.3660313 49.9150219 12.635 0.382 0.404 3638.0 4.88 -0.30
 Kepler-1652 b: 3.240 1.600 nan 0.1654 38.09722 2454973.004500 266.6 0
>Kepler-1653: 296.4577020 41.2660210 13.211 0.693 0.719 4807.0 4.62 -0.18
 Kepler-1653 b: 6.600 2.170 nan 0.4706 140.25240 2455008.134000 281.3 0
>Kepler-1654: 282.1856949 44.4344617 11.922 1.179 1.011 5597.0 4.30 -0.09
 Kepler-1654 b: 22.992 9.180 158.915 2.0260 1047.83560 2455375.134100 205.9 0
>Kepler-1655: 286.6895986 39.2120802 9.785 1.030 1.030 6148.0 4.42 -0.24
 Kepler-1655 b: 2.366 2.213 5.400 0.1029 11.87288 2455013.897950 937.9 0
>Kepler-1656: 284.4722473 39.9118890 9.640 1.100 1.030 5750.0 4.48 0.21
 Kepler-1656 b: 2.124 5.019 47.800 0.1974 31.56200 2455011.470000 654.5 0
 Kepler-1656 c: nan nan 126.400 3.0530 1919.00000 2459461.000000 166.4 0
>Kepler-166: 293.1600977 48.8812074 12.876 0.742 0.851 5413.0 4.62 -0.08
 Kepler-166 b: 2.749 2.270 nan 0.0720 7.65025 2455004.971490 837.9 0
 Kepler-166 c: 4.840 2.380 nan 0.1950 34.26028 2455016.226530 509.2 0
 Kepler-166 d: 1.770 1.540 nan 0.0252 1.55400 2455002.830478 1481.7 0
>Kepler-1660 A: 290.5519537 40.2350445 12.215 1.491 1.137 nan nan nan
 Kepler-1660 AB b: nan nan 1586.599 0.7877 239.50440 nan nan 0
>Kepler-1661: 285.1670927 41.9669383 12.162 0.762 0.841 5100.0 4.66 -0.12
 Kepler-1661 b: nan 3.870 17.000 0.6330 175.06000 2456007.100000 269.8 0
>Kepler-1663: 290.4015156 48.8227234 12.552 0.629 0.611 3844.0 4.63 0.06
 Kepler-1663 b: 3.808 3.304 nan 0.1124 17.60460 2455003.499260 438.4 0
>Kepler-1664: 286.8527157 49.2616668 12.054 1.146 1.081 5735.8 4.35 0.37
 Kepler-1664 b: 2.169 3.033 nan 0.1188 14.38680 2455003.455949 859.0 0
>Kepler-1665: 290.3962400 41.0399229 11.571 0.778 0.842 5049.8 4.58 -0.01
 Kepler-1665 b: 2.123 2.839 nan 0.0966 11.95480 2455011.721417 690.9 0
>Kepler-1666: 297.9516071 46.2647024 13.629 1.146 1.230 6293.0 4.41 -0.20
 Kepler-1666 b: 6.042 2.883 nan 0.1833 25.84760 2455021.877220 758.7 0
 Kepler-1666 c: 7.008 3.236 nan 0.2482 40.71570 2454979.359500 652.1 0
>Kepler-1667: 283.5329505 48.0943604 12.119 1.088 1.090 5941.5 4.40 -0.26
 Kepler-1667 b: 7.249 2.984 nan 0.3850 83.57810 2455035.458650 481.5 0
>Kepler-1668: 297.3523076 46.0959309 14.013 1.017 0.980 5542.0 4.41 0.07
 Kepler-1668 b: 4.257 4.348 nan 0.1205 15.43400 2455196.294940 776.5 0
>Kepler-1669: 297.4303826 39.8478795 13.200 0.714 0.670 4303.0 4.56 -0.23
 Kepler-1669 b: 2.849 2.780 nan 0.0769 9.51216 2455008.969398 632.4 0
 Kepler-1669 c: 1.607 2.252 nan 0.0228 1.60932 2455011.941780 1047.9 0
 Kepler-1669 d: 2.234 1.442 nan 0.0468 4.72941 2454965.938710 731.1 0
>Kepler-167: 292.6585253 38.3455558 11.832 0.749 0.777 4884.0 4.58 0.02
 Kepler-167 b: 2.412 1.718 nan 0.0483 4.39315 2455831.780650 927.9 0
 Kepler-167 c: 2.888 1.674 nan 0.0684 7.40611 2455552.157970 779.3 0
 Kepler-167 d: 3.582 1.238 nan 0.1404 21.80379 2455669.788800 544.0 0
 Kepler-167 e: 16.182 10.160 321.007 1.8830 1071.23205 2455253.287560 148.5 0
>Kepler-1670: 290.3264599 43.1217550 14.019 1.519 1.050 5838.0 4.10 -0.08
 Kepler-1670 b: 5.403 3.356 nan 0.1490 20.49980 2454964.820980 898.8 0
>Kepler-1671: 291.7484295 39.4467817 11.512 0.930 0.866 5135.6 4.44 0.25
 Kepler-1671 b: 2.544 1.326 nan 0.0483 4.16787 2454955.777657 1086.4 0
>Kepler-1672: 297.9400971 40.2785566 11.096 1.088 1.160 6131.9 4.43 -0.25
 Kepler-1672 b: 8.680 2.970 nan 0.5828 150.87800 2455039.692230 404.1 0
>Kepler-1673: 285.6671724 48.7195865 12.315 1.132 1.110 6014.9 4.38 0.23
 Kepler-1673 b: 5.496 2.936 nan 0.2118 33.78880 2454986.653840 670.5 0
>Kepler-1674: 294.8160447 45.3060844 13.806 0.877 0.960 5473.9 4.53 0.06
 Kepler-1674 b: 5.907 3.206 nan 0.3043 62.56110 2455011.408470 448.2 0
>Kepler-1675: 283.8095478 41.0412517 12.163 1.129 1.060 5853.2 4.36 0.25
 Kepler-1675 b: 7.327 3.125 nan 0.3161 63.03820 2455002.119650 533.4 0
>Kepler-1676: 287.2368778 43.5671665 11.985 1.061 1.070 5878.3 4.47 0.14
 Kepler-1676 b: 2.758 3.377 nan 0.1929 29.92210 2454979.008940 664.6 0
>Kepler-1677: 298.4932730 47.0130566 12.288 1.250 1.110 6013.7 4.29 0.11
 Kepler-1677 b: 3.833 2.702 nan 0.1594 22.06400 2454981.920963 811.9 0
>Kepler-1678: 292.5916297 38.3995629 13.371 0.835 1.030 5754.0 4.61 0.00
 Kepler-1678 b: 6.854 3.304 nan 0.5529 147.97400 2455096.085610 341.0 0
>Kepler-1679: 293.9005786 50.4270507 13.528 0.873 0.960 5501.0 4.54 -0.04
 Kepler-1679 b: 2.348 2.069 nan 0.0881 9.75376 2454967.060140 834.9 0
>Kepler-168: 294.7101832 39.8250437 13.206 1.107 1.196 6282.0 4.42 0.16
 Kepler-168 b: 3.514 1.460 nan 0.0560 4.42539 2454967.560550 1346.8 0
 Kepler-168 c: 4.936 2.690 nan 0.1160 13.19324 2455008.609340 935.8 0
>Kepler-1680: 297.0746571 39.9338893 11.673 0.723 0.834 5021.0 4.64 0.20
 Kepler-1680 b: 2.150 1.360 nan 0.0784 8.77424 2454965.342800 735.5 0
>Kepler-1681: 296.6972773 46.3716969 12.661 1.104 0.893 5756.4 4.30 0.11
 Kepler-1681 b: 5.276 2.553 nan 0.3198 69.89560 2454993.668050 515.8 0
>Kepler-1682: 293.9835827 39.5728474 14.087 0.842 0.990 5619.1 4.58 -0.05
 Kepler-1682 b: 4.436 2.889 nan 0.1178 14.83340 2454968.443430 724.7 0
>Kepler-1683: 298.4501035 44.2840193 13.040 0.900 0.950 5429.0 4.51 0.16
 Kepler-1683 b: 3.402 1.875 nan 0.1172 15.03370 2454977.983600 725.6 0
>Kepler-1684: 294.0054181 46.3106625 13.434 0.667 0.750 4706.5 4.67 0.13
 Kepler-1684 b: 5.456 2.871 nan 0.2339 47.70550 2454979.288000 383.2 0
>Kepler-1685: 296.1882618 43.9368118 14.059 0.835 0.960 5484.0 4.58 0.21
 Kepler-1685 b: 4.961 2.577 nan 0.1446 20.49050 2454977.420580 635.7 0
>Kepler-1686: 291.6067189 42.0359783 12.336 1.200 1.020 5715.0 4.29 0.08
 Kepler-1686 b: 3.490 1.426 nan 0.0872 9.30987 2454969.415600 1022.2 0
>Kepler-1687: 289.7428363 50.7870626 12.739 0.726 0.650 4132.0 4.53 -0.20
 Kepler-1687 b: 2.188 1.656 nan 0.0546 5.77954 2454969.530390 726.6 0
>Kepler-1688: 289.5530051 41.2978532 11.755 1.826 0.949 4632.1 3.89 -0.05
 Kepler-1688 b: 2.464 1.262 nan 0.0608 5.62012 2454965.955560 1224.1 0
>Kepler-1689: 291.5741663 38.6559433 10.706 0.996 1.023 5731.4 4.45 -0.15
 Kepler-1689 b: 2.485 0.947 nan 0.0820 8.48300 2454965.971820 963.2 0
>Kepler-169: 285.9999204 40.9193822 12.186 0.763 0.828 4997.0 4.58 0.05
 Kepler-169 b: 2.135 1.130 nan 0.0400 3.25062 2454966.692090 1052.4 0
 Kepler-169 c: 3.056 1.210 nan 0.0620 6.19547 2454967.716160 845.3 0
 Kepler-169 d: 2.790 1.250 nan 0.0750 8.34812 2454969.841170 768.6 0
 Kepler-169 e: 2.912 2.200 nan 0.1050 13.76710 2455007.810640 649.5 0
 Kepler-169 f: 6.313 2.580 nan 0.3590 87.09019 2455020.318400 351.3 0
>Kepler-1690: 288.1566649 41.8779417 12.905 0.862 0.940 5404.0 4.54 -0.30
 Kepler-1690 b: 7.435 2.811 nan 0.7293 234.63600 2455005.644700 283.4 0
>Kepler-1691: 286.2543962 41.0218373 13.464 1.132 1.110 6000.0 4.38 0.16
 Kepler-1691 b: 2.003 1.835 nan 0.0498 3.84820 2454964.920300 1379.7 0
>Kepler-1692: 286.9241804 47.0537092 12.658 0.866 0.870 5146.0 4.50 0.36
 Kepler-1692 b: 2.899 1.112 nan 0.0614 5.95966 2454968.008220 931.9 0
>Kepler-1693: 290.2015581 48.1857799 13.101 0.878 0.950 5432.3 4.53 0.03
 Kepler-1693 b: 3.415 1.289 nan 0.1014 12.09990 2454976.037500 770.9 0
 Kepler-1693 c: 2.875 0.781 nan 0.0588 5.36371 2454967.649240 1157.5 0
>Kepler-1694: 293.7936339 40.2410230 12.712 0.756 0.820 4954.0 4.59 -0.58
 Kepler-1694 b: 1.690 1.180 nan 0.0453 3.89526 2454964.858900 975.5 0
>Kepler-1695: 293.6193001 46.4134015 12.998 0.987 0.960 5473.2 4.43 -0.03
 Kepler-1695 b: 1.668 1.119 nan 0.0544 4.73290 2454964.578300 1124.0 0
>Kepler-1696: 295.5761011 42.0233639 13.969 1.198 1.020 5712.0 4.29 -0.04
 Kepler-1696 b: 7.662 2.810 nan 0.3215 65.94090 2455064.964600 531.7 0
>Kepler-1697: 287.6633310 43.4713782 11.175 0.772 0.747 4681.5 4.54 0.03
 Kepler-1697 b: 4.111 1.260 nan 0.1845 33.49690 2454996.752230 461.9 0
>Kepler-1698: 293.3450181 39.2577469 10.915 0.742 0.822 4975.0 4.61 0.08
 Kepler-1698 b: 1.948 1.073 nan 0.0208 1.21070 2454965.393220 1431.7 0
>Kepler-1699: 292.1373281 48.9171579 12.996 0.724 0.791 5575.5 4.62 0.23
 Kepler-1699 b: 1.476 1.567 nan 0.0417 3.49082 2454966.101380 1120.9 0
>Kepler-17: 298.3952437 47.8149865 12.585 1.010 1.040 5781.0 4.45 0.26
 Kepler-17 b: 2.276 14.680 778.650 0.0259 1.48571 2455185.678035 1740.7 0
>Kepler-170: 284.5211975 41.6296562 12.677 1.035 1.086 5679.0 4.45 0.44
 Kepler-170 b: 3.680 3.200 82.600 0.0800 7.93059 2455002.515820 985.0 0
 Kepler-170 c: 4.200 2.860 nan 0.1310 16.66586 2455013.201770 769.7 0
>Kepler-1700: 286.9497376 45.3537626 12.352 1.094 1.120 6031.0 4.41 0.16
 Kepler-1700 b: 12.925 2.901 nan 0.7723 234.23900 2455043.812200 346.1 0
>Kepler-1701: 286.6088625 41.8892986 12.743 0.840 0.870 5146.0 4.53 0.03
 Kepler-1701 b: 8.614 2.222 nan 0.5714 169.13400 2455034.814540 300.9 0
>Kepler-1702: 284.9724842 44.5674794 13.959 0.726 0.850 5093.0 4.65 -0.24
 Kepler-1702 b: 3.179 1.602 nan 0.1297 18.50120 2454982.175690 581.0 0
>Kepler-1704: 291.2012559 51.1442437 11.792 1.697 1.132 5746.0 4.03 0.20
 Kepler-1704 b: 6.007 11.949 1322.166 2.0270 988.88112 2455072.223370 253.5 0
>Kepler-1705: 301.5785316 44.3121639 13.735 1.259 1.139 6312.0 4.30 -0.20
 Kepler-1705 b: 5.920 2.030 4.470 0.0891 9.03502 2455198.214000 1144.4 0
 Kepler-1705 c: nan 2.050 5.420 0.1033 11.28000 2455207.396000 1062.7 0
>Kepler-1708: 296.8241065 43.6248197 14.089 1.117 1.088 6157.0 4.37 0.00
 Kepler-1708 b: nan 9.960 1462.011 1.6400 737.11310 nan 245.0 0
>Kepler-1709: 283.3748873 43.7883708 10.300 1.043 1.003 5918.0 4.40 -0.04
 Kepler-1709 b: 3.592 3.124 nan 0.3190 65.70460 2454970.442758 516.0 0
>Kepler-171: 296.7719082 41.7555958 13.206 0.839 0.960 5642.0 4.57 0.05
 Kepler-171 b: 2.741 2.340 nan 0.0500 4.16697 2455002.714150 1114.5 0
 Kepler-171 c: 2.566 2.560 nan 0.0980 11.46346 2454970.384280 796.0 0
 Kepler-171 d: 6.315 1.890 nan 0.2230 39.59552 2455001.119220 527.7 0
>Kepler-1710: 291.6832878 37.7514726 11.047 0.899 0.932 5650.0 4.50 -0.04
 Kepler-1710 b: 3.610 3.197 3.495 0.1158 14.91110 2454959.427556 759.1 0
>Kepler-1711: 298.1772916 42.2370289 11.643 1.034 0.940 5706.0 4.38 0.00
 Kepler-1711 b: 5.318 1.923 nan 0.1462 21.06080 2454955.541084 731.7 0
>Kepler-1712: 284.9986980 50.1466922 11.124 0.509 0.515 3732.0 4.74 0.02
 Kepler-1712 b: 2.473 2.284 nan 0.0903 13.81500 2455014.125520 427.2 0
>Kepler-1713: 287.3456737 43.3783894 9.754 1.459 1.300 6477.0 4.22 0.10
 Kepler-1713 b: 6.684 1.717 nan 0.1468 18.01160 2455018.091400 984.7 0
>Kepler-1714: 293.7164655 46.2266878 9.705 2.086 1.448 6150.0 3.96 0.22
 Kepler-1714 b: 6.319 3.264 nan 0.1046 10.27530 2455010.272976 1324.0 0
>Kepler-1715: 293.9297337 41.6029048 11.041 1.209 1.082 6212.0 4.31 -0.04
 Kepler-1715 b: 6.236 4.140 nan 0.2174 35.59730 2454984.928187 706.4 0
>Kepler-1716: 297.2717207 43.3330644 10.813 0.684 0.753 4894.0 4.64 -0.24
 Kepler-1716 b: 4.098 2.425 nan 0.1926 35.58100 2455022.034620 444.7 0
>Kepler-1717: 295.2126472 49.5621600 12.228 1.640 1.158 6200.0 4.07 -0.06
 Kepler-1717 b: 4.903 2.989 nan 0.2013 30.65280 2454968.041930 853.4 0
>Kepler-1718: 292.2349191 42.9094618 11.316 0.906 0.846 5731.0 4.45 -0.32
 Kepler-1718 b: 8.819 2.569 nan 0.4876 135.18800 2455023.932920 376.7 0
>Kepler-1719: 284.7068546 38.9367566 11.776 1.775 1.080 5687.0 3.97 0.04
 Kepler-1719 b: 5.820 3.950 nan 0.0674 6.14956 2454965.653556 1407.3 0
>Kepler-172: 283.3684093 41.8218390 12.793 1.085 0.988 5526.0 4.38 0.26
 Kepler-172 b: 2.595 2.350 nan 0.0400 2.94031 2455002.903400 1387.8 0
 Kepler-172 c: 3.389 2.860 nan 0.0680 6.38900 2455008.474340 1064.4 0
 Kepler-172 d: 3.541 2.250 nan 0.1180 14.62712 2454969.236720 808.0 0
 Kepler-172 e: 3.559 2.760 nan 0.2110 35.11874 2454985.119350 604.3 0
>Kepler-1720: 296.8086813 47.1718557 12.891 0.839 0.939 5573.0 4.56 -0.04
 Kepler-1720 b: 2.848 3.216 nan 0.1044 12.70640 2454975.512922 762.0 0
>Kepler-1721: 283.5441984 45.2256548 13.016 0.796 0.890 5351.0 4.58 -0.04
 Kepler-1721 b: 2.301 3.119 nan 0.0520 4.59238 2455005.005119 1009.4 0
>Kepler-1722: 296.6627402 41.2611985 13.078 0.788 0.876 5506.0 4.58 -0.20
 Kepler-1722 b: 2.142 2.867 nan 0.0821 9.17857 2455006.088060 822.6 0
>Kepler-1723: 294.4627362 46.8214022 12.849 1.010 0.960 6072.0 4.41 -0.30
 Kepler-1723 b: 5.404 2.880 nan 0.2249 39.75290 2455008.462920 620.5 0
>Kepler-1724: 296.1207272 47.9214736 13.334 0.943 1.016 6092.0 4.50 -0.22
 Kepler-1724 b: 2.609 2.837 nan 0.0682 6.45442 2455006.214340 1092.3 0
>Kepler-1725: 294.3735518 40.1946345 11.751 1.085 1.049 6020.0 4.39 0.00
 Kepler-1725 b: 3.317 2.813 nan 0.1300 16.71990 2455004.401430 838.6 0
>Kepler-1726: 284.3861498 45.7197342 11.966 0.804 0.876 5316.0 4.57 0.00
 Kepler-1726 b: 2.606 2.509 nan 0.1305 18.39630 2455018.140150 636.3 0
>Kepler-1727: 290.3336142 38.7282722 13.429 0.820 0.824 5349.0 4.53 -0.12
 Kepler-1727 b: 3.145 3.173 nan 0.0796 9.02930 2455010.204220 828.1 0
>Kepler-1728: 287.0940046 39.0607801 13.203 0.807 0.891 5170.0 4.57 0.18
 Kepler-1728 b: 2.379 2.955 nan 0.0535 4.78300 2455003.508352 968.6 0
>Kepler-1729: 296.6939428 42.6261145 13.102 0.517 0.544 3837.0 4.75 -0.06
 Kepler-1729 b: 3.098 3.894 nan 0.0417 4.22097 2455003.622323 651.3 0
>Kepler-173: 294.6466171 41.8840952 12.668 0.949 0.843 6031.0 4.40 -0.01
 Kepler-173 b: 2.261 1.290 nan 0.0480 4.26374 2454966.720310 1293.1 0
 Kepler-173 c: 3.129 2.430 nan 0.0740 8.00578 2455003.503400 1041.5 0
>Kepler-1730: 281.9605834 43.7030386 13.849 1.142 1.009 5942.0 4.33 -0.04
 Kepler-1730 b: 3.022 4.485 nan 0.1130 13.81020 2455005.336120 910.9 0
>Kepler-1731: 291.2544229 36.7434302 10.410 0.720 0.781 4859.0 4.61 0.00
 Kepler-1731 b: 1.266 2.933 nan 0.1405 21.76130 2454999.540531 530.4 0
>Kepler-1732: 292.2910129 37.5807686 13.205 1.494 1.043 5821.0 4.11 0.04
 Kepler-1732 b: 5.922 4.099 nan 0.2013 32.31240 2454966.862529 764.6 0
>Kepler-1733: 291.1384628 37.8592447 13.981 1.252 1.273 6320.0 4.35 0.24
 Kepler-1733 b: 2.235 3.636 nan 0.0933 9.22958 2454971.439610 1116.2 0
>Kepler-1734: 294.1631670 41.4517316 13.884 0.970 1.050 6061.0 4.49 -0.10
 Kepler-1734 b: 3.338 3.089 nan 0.0714 6.79685 2454971.113500 1077.4 0
>Kepler-1735: 281.0503476 47.1882005 12.247 0.509 0.535 3975.0 4.75 -0.34
 Kepler-1735 b: 1.966 1.194 nan 0.0620 7.71793 2454972.154050 549.0 0
>Kepler-1736: 289.7766991 38.2622374 13.073 0.973 0.976 6085.0 4.45 -0.28
 Kepler-1736 b: 8.693 3.877 nan 0.2187 37.81030 2454991.359760 618.9 0
>Kepler-1737: 297.0148111 47.4864170 13.180 0.881 0.834 5043.0 4.47 0.30
 Kepler-1737 b: 5.727 5.395 nan 0.2966 64.61750 2454999.144260 419.1 0
>Kepler-1738: 296.1313474 47.4388098 13.851 1.001 1.079 6063.0 4.47 -0.02
 Kepler-1738 b: 1.696 2.825 nan 0.0781 7.67463 2454966.225010 1046.7 0
>Kepler-1739: 296.2320536 47.6788626 13.024 0.762 0.865 5757.0 4.60 -0.50
 Kepler-1739 b: 1.518 2.431 nan 0.0705 7.34371 2454970.300841 913.0 0
>Kepler-174: 287.4389454 43.8320052 12.184 0.622 0.675 4880.0 4.68 -0.56
 Kepler-174 b: 2.938 1.960 nan 0.1000 13.98179 2455014.973510 586.9 0
 Kepler-174 c: 5.177 1.490 nan 0.2140 44.00053 2455043.759080 401.2 0
 Kepler-174 d: 8.773 2.190 nan 0.6770 247.35373 2455197.158750 225.6 0
>Kepler-1740: 293.8736630 38.9224548 13.695 0.905 0.943 5705.0 4.50 -0.06
 Kepler-1740 b: 3.553 3.323 nan 0.0779 8.17240 2455186.028602 937.9 0
>Kepler-1741: 292.5770730 39.1209390 12.611 0.424 0.454 3683.0 4.84 -0.22
 Kepler-1741 b: 0.927 1.273 nan 0.0296 2.75759 2454966.050170 672.4 0
>Kepler-1742: 286.9668086 44.9924315 12.831 0.849 0.939 5776.0 4.55 -0.18
 Kepler-1742 b: 2.762 2.178 nan 0.2583 49.47820 2454974.827056 505.0 0
>Kepler-1743: 290.5523552 48.1262575 10.562 1.613 1.266 5855.0 4.12 0.40
 Kepler-1743 b: 6.652 1.599 nan 0.0822 7.64971 2454956.021773 1250.7 0
>Kepler-1744: 291.0206823 42.4624633 13.532 0.850 0.886 5986.0 4.53 -0.50
 Kepler-1744 b: 5.658 3.768 nan 0.2091 37.10110 2455203.482000 582.0 0
>Kepler-1745: 293.4689924 42.8223582 13.323 1.400 0.995 5611.0 4.14 0.16
 Kepler-1745 b: 2.835 1.929 nan 0.0408 3.01619 2454966.883950 1585.2 0
>Kepler-1746: 288.3203979 42.2613874 12.232 1.286 1.090 6018.0 4.26 0.06
 Kepler-1746 b: 3.961 8.935 nan 0.9447 321.21201 2455039.930079 338.6 0
>Kepler-1747: 284.2096557 45.2580820 14.036 0.865 0.983 5477.0 4.56 0.21
 Kepler-1747 b: 1.562 4.265 nan 0.0659 6.23032 2455014.296140 956.9 0
>Kepler-1748: 285.9678970 45.7390789 14.187 0.864 0.916 5774.0 4.53 -0.22
 Kepler-1748 b: 2.580 2.713 nan 0.0615 5.82352 2455187.996200 1043.4 0
>Kepler-1749: 290.2945805 45.5645196 11.809 0.553 0.551 3957.0 4.69 -0.16
 Kepler-1749 b: 3.243 1.613 nan 0.0956 14.53410 2454978.429400 459.0 0
>Kepler-175: 289.5532320 43.8761160 13.496 1.010 1.090 6064.0 4.47 0.04
 Kepler-175 b: 4.215 2.560 nan 0.1050 11.90352 2455011.340820 906.9 0
 Kepler-175 c: 7.057 3.100 nan 0.2130 34.03526 2454967.422900 636.7 0
>Kepler-1750: 292.3514917 48.5110714 13.903 0.969 0.981 5644.0 4.46 0.14
 Kepler-1750 b: 10.373 6.004 nan 0.6781 205.91200 2455085.741560 325.3 0
>Kepler-1751: 284.8465476 49.6923412 13.784 0.967 0.974 6052.0 4.46 -0.26
 Kepler-1751 b: 3.531 1.824 nan 0.0711 7.01731 2454966.904430 1076.2 0
>Kepler-1752: 290.8541401 51.2227435 13.999 0.821 0.824 5446.0 4.53 -0.20
 Kepler-1752 b: 6.297 4.541 nan 0.2697 56.35850 2455055.317592 458.2 0
>Kepler-1753: 288.2366640 46.6058744 13.521 0.769 0.860 5180.0 4.60 0.00
 Kepler-1753 b: 3.951 2.227 nan 0.1182 16.00460 2454973.482840 637.1 0
>Kepler-1754: 295.4570818 50.0771838 13.438 0.747 0.734 4723.0 4.56 0.08
 Kepler-1754 b: 2.844 2.440 nan 0.0718 8.19595 2454969.689370 734.8 0
>Kepler-1755: 296.8460920 40.1385777 12.911 0.921 1.003 6086.0 4.51 -0.26
 Kepler-1755 b: 4.580 5.917 nan 0.1667 24.81210 2454989.488600 689.9 0
>Kepler-1756: 294.3649040 40.7208898 13.452 0.812 0.781 4915.0 4.51 0.16
 Kepler-1756 b: 1.759 1.472 nan 0.0319 2.35575 2455010.889960 1195.6 0
>Kepler-1757: 297.7397823 46.9418957 13.543 0.740 0.828 5288.0 4.61 -0.24
 Kepler-1757 b: 3.226 2.947 nan 0.1339 19.65640 2454973.299370 599.6 0
>Kepler-1758: 297.7968197 39.9213378 13.302 1.616 1.035 5557.0 4.04 0.16
 Kepler-1758 b: 6.067 2.571 nan 0.0917 9.97721 2454970.229600 1124.6 0
>Kepler-1759: 298.4656275 48.5593334 12.159 0.797 0.760 5017.0 4.52 -0.02
 Kepler-1759 b: 1.892 0.904 nan 0.0429 3.72023 2454966.416840 1043.0 0
>Kepler-176: 294.6679021 43.8532104 12.567 0.891 0.870 5232.0 4.47 0.03
 Kepler-176 b: 2.407 1.430 290.537 0.0580 5.43307 2454971.369670 988.8 0
 Kepler-176 c: 3.541 2.600 23.000 0.1020 12.75971 2455003.310620 745.7 0
 Kepler-176 d: 2.853 2.510 15.200 0.1630 25.75197 2454969.449510 589.9 0
 Kepler-176 e: 4.715 1.560 0.521 0.2575 51.16579 2455005.308400 458.4 0
>Kepler-1760: 284.1326058 48.8251452 12.537 0.903 0.821 5229.0 4.44 0.08
 Kepler-1760 b: 2.528 2.290 nan 0.2083 38.32610 2454975.084720 525.0 0
>Kepler-1761: 284.1329728 49.1426325 11.791 0.532 0.573 3871.0 4.74 0.07
 Kepler-1761 b: 1.689 1.391 nan 0.0413 4.04354 2454964.631200 670.3 0
>Kepler-1762: 290.4931471 39.7855117 13.874 1.238 1.298 6572.0 4.37 0.07
 Kepler-1762 b: 4.169 2.760 nan 0.2040 29.53910 2454976.916850 780.7 0
>Kepler-1763: 294.1130368 40.3628861 12.134 1.259 1.026 5897.0 4.25 0.02
 Kepler-1763 b: 2.429 1.147 nan 0.0256 1.48028 2454967.373890 1992.7 0
>Kepler-1764: 293.8799047 41.3938374 13.449 1.131 1.162 6461.0 4.40 -0.14
 Kepler-1764 b: 6.618 4.555 nan 0.3510 70.46830 2455022.160920 559.2 0
>Kepler-1765: 298.0144601 42.9574314 13.127 1.064 0.946 5692.0 4.36 0.04
 Kepler-1765 b: 2.802 2.495 nan 0.0916 10.41890 2454970.748570 935.2 0
>Kepler-1766: 294.2772343 46.6752351 11.475 1.042 0.915 5868.0 4.36 -0.22
 Kepler-1766 b: 6.287 2.279 nan 0.4229 105.01500 2455061.943890 444.2 0
>Kepler-1767: 293.6441248 46.9896696 13.792 0.831 0.887 5243.0 4.55 0.14
 Kepler-1767 b: 5.239 3.013 nan 0.2871 59.65830 2455001.080370 430.1 0
>Kepler-1768: 299.9572335 44.7718851 11.932 1.572 1.240 6050.0 4.14 0.14
 Kepler-1768 b: 2.644 2.233 nan 0.1287 15.13590 2455009.853534 1019.8 0
>Kepler-1769: 294.7433755 43.4611633 11.264 1.295 1.061 6071.0 4.24 -0.06
 Kepler-1769 b: 4.010 4.465 nan 0.3985 89.19350 2455050.821840 527.7 0
>Kepler-177: 286.0471442 45.0532038 13.421 1.324 0.921 5732.0 4.10 -0.11
 Kepler-177 b: 8.674 3.500 5.840 0.2109 36.86010 2454971.907050 692.5 0
 Kepler-177 c: 5.243 8.730 14.700 0.2591 49.40926 2455031.238709 624.8 0
>Kepler-1770: 299.2502851 43.4103663 12.577 1.009 0.941 5602.0 4.40 0.10
 Kepler-1770 b: 2.575 2.841 nan 0.1260 16.84190 2454970.992310 764.4 0
>Kepler-1771: 292.0134714 49.0191267 12.152 0.934 0.941 5661.0 4.47 0.00
 Kepler-1771 b: 7.968 4.055 nan 0.3813 88.64400 2454978.470780 427.2 0
>Kepler-1772: 289.4381201 39.2703594 11.750 0.934 0.942 5541.0 4.47 0.12
 Kepler-1772 b: 4.365 2.686 nan 0.0418 3.21509 2454966.777470 1263.1 0
>Kepler-1773: 286.2232284 38.2581676 11.692 1.300 1.241 6183.0 4.30 0.26
 Kepler-1773 b: 2.896 3.505 nan 0.2493 40.80970 2454975.692617 680.8 0
>Kepler-1774: 288.5743991 40.9886069 12.505 1.122 1.101 6214.0 4.38 -0.02
 Kepler-1774 b: 4.494 3.182 nan 0.3089 59.77080 2454981.969630 571.0 0
>Kepler-1775: 286.4023452 38.7385674 12.005 1.647 1.149 5818.0 4.07 0.24
 Kepler-1775 b: 6.866 3.648 nan 0.3983 85.65400 2454988.123460 570.5 0
>Kepler-1776: 291.5344017 47.0424958 12.259 1.153 1.041 5872.0 4.33 0.10
 Kepler-1776 b: 2.543 2.612 nan 0.2123 35.01190 2454983.370140 659.9 0
>Kepler-1777: 290.3286455 37.7231188 12.528 1.068 0.984 5771.0 4.37 0.06
 Kepler-1777 b: 2.447 2.132 nan 0.1031 12.18420 2454972.058960 895.8 0
>Kepler-1778: 287.3612976 43.7388000 13.731 1.095 1.143 6310.0 4.42 -0.06
 Kepler-1778 b: 2.693 3.017 nan 0.0955 10.08740 2454968.134990 1030.1 0
>Kepler-1779: 300.4174607 45.6054854 13.251 1.056 1.008 5730.0 4.39 0.16
 Kepler-1779 b: 5.307 3.033 nan 0.1264 16.34360 2454978.039750 798.7 0
>Kepler-178: 287.1010275 46.8964033 12.899 1.066 0.893 5676.0 4.33 -0.04
 Kepler-178 b: 3.377 2.900 nan 0.0850 9.57669 2455009.681270 969.3 0
 Kepler-178 c: 2.205 2.880 nan 0.1420 20.55280 2454978.026340 749.9 0
 Kepler-178 d: 6.276 3.950 nan 0.3970 96.67899 2454973.178420 448.5 0
>Kepler-1780: 294.0839282 42.8095104 13.197 0.868 0.868 5403.0 4.50 0.00
 Kepler-1780 b: 3.792 3.606 nan 0.4271 109.44500 2455030.983200 371.4 0
>Kepler-1781: 291.7114906 42.3415097 14.018 0.957 1.053 5568.0 4.50 0.44
 Kepler-1781 b: 2.180 2.381 nan 0.0573 4.88753 2454965.709480 1096.9 0
>Kepler-1782: 280.9261620 44.0878036 11.576 0.734 0.794 4931.0 4.61 0.00
 Kepler-1782 b: 1.071 2.229 nan 0.0582 5.75623 2454966.903421 844.4 0
>Kepler-1783: 297.0210984 41.3771655 11.124 1.781 0.887 5129.0 3.88 -0.16
 Kepler-1783 b: 2.704 1.319 nan 0.0769 8.27744 2454971.255080 1189.9 0
>Kepler-1784: 297.9541684 44.6674491 13.244 0.974 0.887 5442.0 4.41 0.10
 Kepler-1784 b: 4.406 2.799 nan 0.1071 13.59050 2454966.069390 791.4 0
>Kepler-1785: 295.7921797 47.6000699 12.660 0.996 0.911 5618.0 4.40 0.00
 Kepler-1785 b: 1.928 2.704 nan 0.1378 19.58550 2454965.366210 728.2 0
>Kepler-1786: 292.5877743 38.5219827 12.627 1.397 1.058 5808.0 4.17 0.14
 Kepler-1786 b: 8.684 3.163 nan 0.3658 78.54610 2454977.069620 547.4 0
>Kepler-1787: 289.0643042 47.1174041 12.988 0.925 1.008 6060.0 4.51 -0.22
 Kepler-1787 b: 4.890 2.319 nan 0.2269 39.31370 2454987.939190 590.0 0
>Kepler-1788: 291.2243829 45.7780993 12.985 0.704 0.686 4786.0 4.58 -0.20
 Kepler-1788 b: 1.323 2.379 nan 0.0343 2.80012 2454965.046781 1045.7 0
>Kepler-1789: 282.8631419 41.7966332 12.735 0.888 0.920 5436.0 4.50 0.12
 Kepler-1789 b: 4.302 2.831 nan 0.3541 80.23190 2454995.390200 415.1 0
>Kepler-179: 298.6636163 47.7619329 12.750 0.759 0.832 5302.0 4.61 -0.02
 Kepler-179 b: 1.987 1.640 nan 0.0360 2.73593 2455004.093820 1173.9 0
 Kepler-179 c: 1.842 2.000 nan 0.0640 6.40013 2455007.023430 880.4 0
>Kepler-1790: 294.5668577 46.0757312 12.686 1.367 1.020 5866.0 4.17 0.00
 Kepler-1790 b: 3.438 3.145 nan 0.1969 31.58890 2454988.615380 745.4 0
>Kepler-1791: 284.4903166 42.6482636 12.006 1.177 0.985 5887.0 4.29 -0.06
 Kepler-1791 b: 1.515 3.121 nan 0.0761 7.72086 2454969.563700 1116.7 0
>Kepler-1792: 294.8400788 39.0859757 13.132 1.005 0.878 5229.0 4.38 0.32
 Kepler-1792 b: 2.137 2.520 nan 0.0488 4.19578 2454968.171600 1144.8 0
>Kepler-1793: 291.9129477 40.9539265 13.877 0.764 0.850 5191.0 4.60 -0.06
 Kepler-1793 b: 3.877 3.790 nan 0.0789 8.78000 2454971.485660 778.9 0
>Kepler-1794: 300.6196594 45.7888068 13.031 0.816 0.773 5052.0 4.50 0.02
 Kepler-1794 b: 3.084 1.794 nan 0.0820 9.76298 2454972.157420 768.3 0
>Kepler-1795: 286.4792568 39.2698793 12.996 0.688 0.768 4500.0 4.64 0.28
 Kepler-1795 b: 2.788 1.663 nan 0.1009 13.36020 2454964.812940 566.6 0
>Kepler-1796: 301.5430397 44.6056251 12.809 0.949 1.018 6036.0 4.49 -0.16
 Kepler-1796 b: 3.565 2.750 nan 0.1878 29.45580 2454987.180436 654.3 0
>Kepler-1797: 292.4642406 45.9682799 13.830 1.009 1.069 6244.0 4.46 -0.20
 Kepler-1797 b: 5.389 3.058 nan 0.1635 23.35940 2454977.018260 747.9 0
>Kepler-1798: 291.7262251 37.5289680 12.776 0.587 0.593 3967.0 4.67 0.06
 Kepler-1798 b: 3.104 2.309 nan 0.1081 16.85590 2454971.264393 445.8 0
>Kepler-1799: 288.3086994 51.4783348 14.237 0.921 1.016 5831.0 4.52 0.00
 Kepler-1799 b: 6.383 4.128 nan 0.1027 11.92970 2454969.670840 841.9 0
>Kepler-18: 298.0794448 44.7462480 11.756 1.108 0.972 5345.0 4.31 0.19
 Kepler-18 b: 2.076 2.000 6.900 0.0447 3.50473 2454966.506800 1283.2 0
 Kepler-18 c: 3.487 5.490 17.300 0.0752 7.64159 2455167.088300 989.3 0
 Kepler-18 d: 3.679 6.980 16.400 0.1172 14.85888 2455169.177600 792.5 0
>Kepler-180: 295.5712566 49.7745140 12.685 1.063 0.913 5731.0 4.34 -0.20
 Kepler-180 b: 3.740 1.500 nan 0.1090 13.81712 2454968.040280 863.0 0
 Kepler-180 c: 6.241 3.010 nan 0.2290 41.88578 2455011.687030 595.4 0
>Kepler-1800: 297.6513317 40.3524154 11.279 2.506 1.330 5343.0 3.76 0.08
 Kepler-1800 b: 2.796 0.997 nan 0.0592 4.56203 2454965.641560 1676.3 0
>Kepler-1801: 295.1640095 39.2014024 13.405 0.981 0.936 5738.0 4.43 -0.06
 Kepler-1801 b: 3.380 2.709 nan 0.0915 10.44090 2454970.968500 906.2 0
 Kepler-1801 c: 5.800 2.910 nan 0.4572 116.58318 2455079.627500 405.3 0
>Kepler-1802: 300.2420869 44.1412854 12.397 0.637 0.649 4245.0 4.64 0.00
 Kepler-1802 b: 2.042 1.671 nan 0.1051 15.45020 2455009.802020 503.9 0
 Kepler-1802 c: 3.957 2.322 nan 0.1748 33.13610 2455002.504050 390.8 0
>Kepler-1804: 301.3428675 44.6721750 12.356 1.671 0.929 5109.0 3.96 0.10
 Kepler-1804 b: 2.813 1.596 nan 0.1017 12.28850 2454974.617810 998.7 0
>Kepler-1805: 285.0865387 40.8990506 11.811 0.552 0.581 3867.0 4.72 0.10
 Kepler-1805 b: 2.088 1.545 nan 0.0699 8.84794 2454973.151550 524.2 0
>Kepler-1806: 287.5349528 49.8016283 14.039 0.788 0.884 5311.0 4.59 -0.04
 Kepler-1806 b: 2.656 2.356 nan 0.0815 9.03332 2454970.170300 796.5 0
>Kepler-1807: 291.5494119 44.5272788 12.577 1.496 1.087 6455.0 4.12 -0.36
 Kepler-1807 b: 2.271 2.704 nan 0.0987 10.86060 2454969.660200 1211.9 0
>Kepler-1808: 287.2924737 39.3832039 13.490 0.892 0.773 5530.0 4.42 -0.34
 Kepler-1808 b: 2.135 3.025 nan 0.1467 23.34040 2454969.208360 657.6 0
>Kepler-1809: 290.2651662 40.5484937 12.160 0.716 0.807 4901.0 4.62 0.04
 Kepler-1809 b: 0.920 1.513 nan 0.0440 3.75730 2454966.960370 952.9 0
>Kepler-181: 296.1512831 50.0957806 12.876 0.749 0.848 5333.0 4.62 -0.02
 Kepler-181 b: 1.888 1.270 nan 0.0400 3.13787 2454966.555620 1112.8 0
 Kepler-181 c: 1.965 1.990 nan 0.0490 4.30215 2455006.437170 1005.4 0
>Kepler-1810: 291.8129995 38.0880964 13.570 1.016 0.921 5492.0 4.39 0.16
 Kepler-1810 b: 4.298 3.918 nan 0.4133 101.13300 2455043.182810 415.2 0
>Kepler-1811: 289.9793241 40.1427848 13.606 1.190 0.946 5561.0 4.26 0.16
 Kepler-1811 b: 7.639 3.848 nan 0.3460 76.42230 2454997.466803 497.3 0
>Kepler-1812: 298.0845087 40.2832525 13.719 1.103 1.162 6174.0 4.42 0.10
 Kepler-1812 b: 1.705 2.325 nan 0.0765 7.16522 2454965.969210 1130.7 0
>Kepler-1813: 292.2399069 48.5115214 13.643 0.787 0.812 5167.0 4.55 -0.04
 Kepler-1813 b: 1.896 1.413 nan 0.0364 2.81816 2454965.253700 1158.1 0
>Kepler-1814: 285.2166767 41.2824449 13.393 0.823 0.790 4922.0 4.50 0.20
 Kepler-1814 b: 1.660 2.370 nan 0.0371 2.93536 2455186.401001 1118.0 0
 Kepler-1814 c: 1.181 1.760 nan 0.0133 0.62628 2454964.905940 1867.0 0
>Kepler-1815: 300.1704720 43.9849048 13.580 0.967 0.856 5516.0 4.40 -0.06
 Kepler-1815 b: 1.988 2.749 nan 0.0984 12.19140 2454969.339600 833.7 0
>Kepler-1816: 296.8509823 50.6987736 12.527 0.706 0.786 5051.0 4.63 -0.24
 Kepler-1816 b: 4.848 1.968 nan 0.3667 91.50100 2454998.672360 337.9 0
>Kepler-1817: 282.0333419 44.4779955 13.330 0.915 0.878 5316.0 4.46 0.16
 Kepler-1817 b: 4.367 2.273 nan 0.2346 44.29920 2454974.278830 506.2 0
>Kepler-1818: 284.3284866 40.5688741 12.829 1.129 1.021 6047.0 4.34 -0.08
 Kepler-1818 b: 3.335 1.714 nan 0.0549 4.64491 2454969.026550 1322.8 0
>Kepler-1819: 296.5600307 46.8574644 13.842 1.071 1.173 6090.0 4.45 0.21
 Kepler-1819 b: 1.542 3.904 nan 0.1337 16.48690 2454972.202220 831.1 0
>Kepler-182: 289.8301128 50.5862025 13.518 1.146 1.223 6250.0 4.40 0.12
 Kepler-182 b: 4.961 2.580 nan 0.0960 9.82579 2454964.424140 1041.3 0
 Kepler-182 c: 6.416 3.430 nan 0.1570 20.68434 2455003.188190 814.2 0
>Kepler-1820: 296.7127400 48.2722828 14.149 0.931 1.047 5841.0 4.52 0.07
 Kepler-1820 b: 3.403 3.119 nan 0.1962 31.03250 2454985.269400 613.5 0
>Kepler-1821: 294.5254573 49.8724840 13.058 0.884 0.946 5475.0 4.52 0.14
 Kepler-1821 b: 1.821 2.592 nan 0.1243 16.45810 2454967.018560 704.0 0
>Kepler-1822: 297.2855000 41.3055733 13.573 0.702 0.782 5165.0 4.63 -0.32
 Kepler-1822 b: 2.049 2.648 nan 0.1421 22.13340 2454985.184050 553.5 0
>Kepler-1823: 283.7547770 45.3351250 12.079 1.126 1.068 6000.0 4.36 0.06
 Kepler-1823 b: 2.059 2.086 nan 0.1528 21.10340 2454977.660350 785.5 0
>Kepler-1824: 296.7071957 41.2036197 13.409 1.081 1.135 6002.0 4.42 0.20
 Kepler-1824 b: 7.374 2.381 nan 0.4269 95.61100 2454971.362490 460.6 0
>Kepler-1825: 292.5140647 42.6517554 12.348 0.847 0.828 5123.0 4.50 0.14
 Kepler-1825 b: 0.796 1.422 nan 0.0187 1.02587 2454964.655977 1662.9 0
>Kepler-1826: 292.7700072 48.8998469 12.674 0.486 0.490 3821.0 4.75 -0.28
 Kepler-1826 b: 1.079 1.475 nan 0.0212 1.61536 2454965.783980 881.3 0
>Kepler-1827: 292.2525301 40.7927895 11.171 1.404 0.915 5423.0 4.11 0.08
 Kepler-1827 b: 5.307 1.856 nan 0.0455 3.70062 2454966.164950 1453.3 0
>Kepler-1828: 292.4275963 37.3207616 13.333 0.899 0.996 5806.0 4.53 -0.04
 Kepler-1828 b: 3.252 2.116 nan 0.0924 10.27380 2454967.657480 873.4 0
>Kepler-1829: 288.6644840 51.4983798 13.081 0.777 0.873 5230.0 4.59 0.00
 Kepler-1829 b: 0.802 2.479 nan 0.0560 5.18672 2454967.995090 939.0 0
>Kepler-183: 293.5308112 39.3159329 13.308 0.958 1.076 5888.0 4.50 0.02
 Kepler-183 b: 2.214 2.060 nan 0.0640 5.68795 2454966.956340 1098.5 0
 Kepler-183 c: 3.289 2.270 35.700 0.1030 11.63707 2455011.843010 865.9 0
>Kepler-1830: 295.1390408 40.9790527 12.264 2.046 1.443 6160.0 3.98 0.24
 Kepler-1830 b: 8.473 3.330 nan 0.3256 56.49330 2454976.992380 744.6 0
>Kepler-1831: 295.3024604 49.5890456 13.538 1.012 1.117 6063.0 4.48 0.07
 Kepler-1831 b: 1.475 1.970 nan 0.0654 5.78387 2454968.576520 1149.8 0
>Kepler-1832: 299.8517779 43.7320611 12.350 0.722 0.684 5242.0 4.56 -0.54
 Kepler-1832 b: 1.659 1.227 nan 0.0370 3.13879 2454966.655380 1117.1 0
>Kepler-1833: 290.8714239 45.4102813 11.290 1.446 1.286 6164.0 4.23 0.38
 Kepler-1833 b: 1.714 1.300 nan 0.0771 6.89213 2454964.634930 1287.4 0
>Kepler-1834: 294.6646789 39.7838461 12.722 0.788 0.765 4821.0 4.53 0.16
 Kepler-1834 b: 2.421 1.459 nan 0.0495 4.60301 2454966.213800 927.3 0
 Kepler-1834 c: 1.264 1.220 nan 0.0150 0.76669 2454965.196670 1685.0 0
>Kepler-1835: 280.3148152 43.9856885 13.836 0.961 0.922 5903.0 4.44 -0.26
 Kepler-1835 b: 4.178 3.534 nan 0.0996 11.96410 2454966.116200 884.0 0
>Kepler-1836: 292.3150933 40.8387799 14.032 0.987 1.053 6123.0 4.47 -0.14
 Kepler-1836 b: 3.004 2.553 nan 0.0602 5.25417 2454966.728810 1195.8 0
>Kepler-1837: 288.2076012 45.6834463 13.835 0.961 1.049 5966.0 4.49 -0.02
 Kepler-1837 b: 2.392 2.067 nan 0.0650 5.90609 2454964.557730 1106.4 0
>Kepler-1838: 298.9917165 40.1422600 10.373 1.963 1.187 5877.0 3.93 0.04
 Kepler-1838 b: 5.961 1.660 nan 0.1095 12.14680 2454964.554700 1199.9 0
>Kepler-1839: 294.2244432 50.0755761 13.033 0.939 1.030 5926.0 4.51 -0.04
 Kepler-1839 b: 3.926 1.949 nan 0.0582 5.05676 2454967.396480 1147.5 0
>Kepler-184: 291.9518784 43.0746172 12.690 0.873 0.907 5788.0 4.51 -0.34
 Kepler-184 b: 3.221 2.360 nan 0.0920 10.68758 2455002.931540 859.8 0
 Kepler-184 c: 4.348 1.970 8.800 0.1410 20.30300 2455009.801670 694.5 0
 Kepler-184 d: 3.961 2.490 nan 0.1790 29.02236 2455031.367900 616.4 0
>Kepler-1840: 298.5948803 41.4359643 12.731 0.803 0.774 4898.0 4.52 0.14
 Kepler-1840 b: 6.876 2.778 nan 0.4639 131.19000 2455005.402294 310.7 0
>Kepler-1841: 287.7069031 40.6852161 12.745 0.899 0.823 5190.0 4.45 0.12
 Kepler-1841 b: 5.131 1.489 nan 0.1605 25.88600 2454990.006000 592.3 0
>Kepler-1842: 286.2516039 42.3784353 13.104 1.131 1.057 5970.0 4.36 0.06
 Kepler-1842 b: 1.224 2.354 nan 0.1159 14.02640 2454968.174690 899.1 0
>Kepler-1843: 292.8852302 41.2791690 11.141 1.782 1.020 5422.0 3.94 0.02
 Kepler-1843 b: 8.669 2.709 nan 0.1709 25.54340 2454973.638000 844.3 0
>Kepler-1844: 292.6903973 37.9345682 14.062 0.849 0.939 5776.0 4.55 -0.18
 Kepler-1844 b: 3.691 3.036 nan 0.0477 3.92451 2454965.401790 1175.3 0
>Kepler-1845: 292.9016226 38.2970320 13.585 0.701 0.686 4703.0 4.58 -0.14
 Kepler-1845 b: 2.229 2.438 nan 0.0885 11.60650 2454967.414580 638.3 0
>Kepler-1846: 294.3909489 44.7629523 11.942 0.732 0.785 4825.0 4.60 0.08
 Kepler-1846 b: 3.902 1.764 nan 0.1089 14.82010 2454966.399330 603.1 0
>Kepler-1847: 296.6014013 44.3252289 14.192 0.964 1.041 6122.0 4.49 -0.18
 Kepler-1847 b: 2.942 2.745 nan 0.0989 11.12970 2454971.575730 921.8 0
>Kepler-1848: 299.3814921 45.5920846 11.529 0.737 0.756 4847.0 4.58 0.00
 Kepler-1848 b: 1.121 1.409 nan 0.0562 5.60402 2454966.826900 846.0 0
>Kepler-1849: 285.2919300 41.2557275 13.418 0.729 0.709 4806.0 4.56 -0.10
 Kepler-1849 b: 4.748 2.387 nan 0.2594 57.29290 2454979.226133 388.5 0
>Kepler-185: 282.4681674 43.8899464 12.515 0.806 0.834 5208.0 4.54 -0.06
 Kepler-185 b: 1.559 1.170 nan 0.0260 1.63290 2454967.547970 1398.3 0
 Kepler-185 c: 2.781 2.020 nan 0.1390 20.72904 2455018.436420 604.7 0
>Kepler-1850: 287.1428295 43.6161177 11.562 0.600 0.611 4239.0 4.67 -0.22
 Kepler-1850 b: 1.679 0.729 nan 0.0206 1.38580 2454968.492600 1102.0 0
>Kepler-1851: 285.6737597 45.6398375 13.962 0.879 0.967 5982.0 4.54 -0.28
 Kepler-1851 b: 1.333 3.900 nan 0.1016 12.02290 2454969.204310 848.6 0
>Kepler-1852: 288.0297157 40.3441934 13.427 0.826 0.927 5237.0 4.57 0.24
 Kepler-1852 b: 1.318 1.886 nan 0.0761 7.97094 2454967.047930 831.7 0
>Kepler-1853: 284.7478834 46.3735415 12.776 0.788 0.765 4821.0 4.53 0.16
 Kepler-1853 b: 5.050 1.519 nan 0.2393 48.88820 2454986.811600 421.8 0
>Kepler-1854: 286.2859300 37.3869915 12.146 0.759 0.800 5026.0 4.58 0.00
 Kepler-1854 b: 2.420 2.587 nan 0.2119 39.83110 2454988.639580 458.7 0
>Kepler-1855: 283.4018628 41.5161554 12.032 0.356 0.385 3460.0 4.92 0.07
 Kepler-1855 b: 0.933 1.216 nan 0.0115 0.72733 2454965.370910 927.7 0
>Kepler-1856: 295.9091695 51.3478777 13.392 0.816 0.782 4948.0 4.51 0.14
 Kepler-1856 b: 1.448 1.734 nan 0.0215 1.30200 2454964.944300 1469.9 0
>Kepler-1857: 296.4557129 39.5985370 12.593 1.005 0.873 6074.0 4.38 -0.54
 Kepler-1857 b: 2.707 1.961 nan 0.0806 8.94341 2454970.298810 1034.3 0
>Kepler-1858: 292.3074315 46.6265790 13.663 0.819 0.785 4939.0 4.51 0.16
 Kepler-1858 b: 6.772 2.422 nan 0.3574 88.07160 2455047.517240 360.5 0
>Kepler-1859: 293.9886751 46.7179996 13.714 1.235 1.090 5887.0 4.29 0.16
 Kepler-1859 b: 2.718 1.583 nan 0.0393 2.72960 2454966.285730 1590.6 0
 Kepler-1859 c: 2.661 1.660 nan 0.0473 3.59645 2454965.772090 1450.5 0
>Kepler-186: 298.6527360 43.9549884 11.605 0.472 0.478 3788.0 4.77 -0.28
 Kepler-186 b: 1.810 1.070 nan 0.0343 3.88679 2454966.330400 677.6 0
 Kepler-186 c: 2.282 1.250 nan 0.0451 7.26730 2455007.314200 590.9 0
 Kepler-186 d: 2.992 1.400 nan 0.0781 13.34300 2455009.904500 449.0 0
 Kepler-186 e: 3.320 1.270 nan 0.1100 22.40770 2454986.800600 378.4 0
 Kepler-186 f: 5.620 1.055 nan 0.4320 129.94410 2455789.494000 199.2 0
>Kepler-1860: 294.3508497 50.0809627 11.808 0.868 0.874 5420.0 4.50 0.00
 Kepler-1860 b: 3.382 1.139 nan 0.1021 12.73720 2454969.016250 762.2 0
>Kepler-1861: 295.8465148 49.9361586 12.239 1.373 1.161 5855.0 4.23 0.26
 Kepler-1861 b: 4.979 2.207 nan 0.2407 40.03060 2454981.849100 674.3 0
>Kepler-1862: 296.7533555 49.3780726 14.125 0.806 0.900 5644.0 4.58 -0.24
 Kepler-1862 b: 3.546 2.203 nan 0.1203 16.05730 2454965.390540 704.6 0
>Kepler-1863: 282.2397185 43.2440854 12.039 0.983 1.097 5871.0 4.49 0.21
 Kepler-1863 b: 9.149 2.263 nan 0.2554 44.99760 2454993.222026 555.5 0
>Kepler-1864: 289.6867653 41.5889178 10.666 0.979 1.030 5854.0 4.47 0.06
 Kepler-1864 b: 2.797 0.754 nan 0.0488 3.88151 2454968.119940 1264.2 0
>Kepler-1865: 293.9412380 41.5904136 13.635 0.871 0.849 5420.0 4.49 -0.06
 Kepler-1865 b: 1.197 1.577 nan 0.0344 2.52401 2454966.859460 1316.0 0
>Kepler-1866: 286.2246453 44.6544869 12.877 1.083 1.030 5791.0 4.38 0.16
 Kepler-1866 b: 4.921 2.082 nan 0.1016 11.66010 2454973.625170 911.6 0
>Kepler-1867: 294.9971007 43.4358698 11.897 0.816 0.911 5693.0 4.57 -0.24
 Kepler-1867 b: 4.211 1.160 nan 0.0874 9.88736 2454972.523100 838.8 0
>Kepler-1868: 293.2983733 43.5558025 11.559 0.686 0.743 4658.0 4.63 0.00
 Kepler-1868 b: 8.013 3.150 nan 0.6283 211.03400 2455112.113500 234.7 0
>Kepler-1869: 292.6149958 42.7643438 8.693 0.902 0.987 5808.0 4.52 -0.06
 Kepler-1869 b: 3.698 1.120 nan 0.0790 8.16736 2454961.035263 946.2 0
 Kepler-1869 c: 2.068 0.740 nan 0.0280 1.71683 2454965.032040 1589.6 0
>Kepler-187: 299.7964955 44.0892448 12.566 1.287 1.143 6105.0 4.27 -0.34
 Kepler-187 b: 4.279 1.410 nan 0.0590 4.93886 2454968.951860 1374.9 0
 Kepler-187 c: 5.284 2.670 nan 0.0990 10.64026 2455012.773930 1061.4 0
>Kepler-1870: 293.9335076 40.5907040 11.758 0.840 0.955 5508.0 4.57 0.07
 Kepler-1870 b: 1.042 2.101 nan 0.0453 3.60694 2454967.774420 1143.4 0
>Kepler-1871: 292.4275044 38.4728824 12.841 0.946 1.020 5741.0 4.50 0.12
 Kepler-1871 b: 0.884 2.422 nan 0.0308 1.95270 2454966.160800 1534.8 0
>Kepler-1872: 281.0491988 43.3225996 13.710 0.885 0.913 5223.0 4.50 0.32
 Kepler-1872 b: 1.480 2.384 nan 0.0464 3.82591 2454965.198520 1099.4 0
>Kepler-1873: 294.5965570 46.0483705 13.569 0.792 0.903 5151.0 4.59 0.21
 Kepler-1873 b: 0.785 1.626 nan 0.0128 0.55884 2454964.578970 1951.2 0
>Kepler-1874: 286.3718158 43.6920810 12.473 0.775 0.758 4701.0 4.54 0.24
 Kepler-1874 b: 3.796 2.211 nan 0.2630 56.57320 2454979.578472 389.2 0
>Kepler-1875: 296.7727406 50.1883667 13.425 0.862 0.950 6161.0 4.54 -0.50
 Kepler-1875 b: 7.359 3.227 nan 0.2037 34.45860 2454980.829410 611.1 0
>Kepler-1876: 299.1604859 41.1437964 9.472 1.477 1.187 6104.0 3.87 0.01
 Kepler-1876 b: 4.842 0.853 2.400 0.0758 6.99205 2454971.051000 1299.3 0
>Kepler-1877: 294.8669240 46.7904816 10.642 0.936 1.022 5615.0 4.50 0.24
 Kepler-1877 b: 2.293 0.624 nan 0.0351 2.37757 2454966.397500 1397.9 0
>Kepler-1878: 300.7324154 44.1070231 13.672 0.865 0.956 5918.0 4.54 -0.26
 Kepler-1878 b: 2.409 2.920 nan 0.0521 4.44588 2454964.746370 1162.5 0
>Kepler-1879: 289.3644209 41.5332589 11.444 1.388 1.023 5865.0 4.16 0.00
 Kepler-1879 b: 1.393 2.065 nan 0.0952 10.61340 2454958.078264 1079.7 0
>Kepler-188: 281.2797173 44.3154743 13.144 1.141 1.067 6021.0 4.35 0.14
 Kepler-188 b: 1.791 1.680 nan 0.0320 2.06190 2454966.198580 1733.7 0
 Kepler-188 c: 3.231 3.190 nan 0.0660 5.99655 2455005.503140 1207.2 0
>Kepler-1880: 287.8264561 40.6965988 13.439 0.530 0.524 4380.0 4.71 -0.92
 Kepler-1880 b: 1.283 2.117 nan 0.0539 6.30922 2454966.993950 662.5 0
>Kepler-1881: 293.6393065 44.9825447 13.978 0.874 0.812 5135.0 4.46 0.12
 Kepler-1881 b: 8.432 2.981 nan 0.5368 159.39400 2455059.931300 316.0 0
>Kepler-1882: 290.6640856 43.4997866 10.919 1.458 1.068 5691.0 4.14 0.26
 Kepler-1882 b: 5.382 1.487 nan 0.1150 13.78730 2454977.776300 977.0 0
>Kepler-1883: 291.9225570 42.0025220 14.097 1.024 1.086 6208.0 4.45 -0.12
 Kepler-1883 b: 5.200 3.251 nan 0.4432 103.42700 2455053.227500 455.0 0
>Kepler-1884: 296.7463986 43.0454207 13.611 0.906 0.993 5984.0 4.52 -0.20
 Kepler-1884 b: 4.581 1.814 nan 0.0844 8.98832 2454971.851000 945.4 0
>Kepler-1885: 288.7507112 47.4909206 13.109 0.860 0.977 5591.0 4.56 0.07
 Kepler-1885 b: 0.927 1.511 nan 0.0360 2.52256 2454964.644900 1318.0 0
>Kepler-1886: 296.2645118 39.4059745 13.705 0.837 0.928 5745.0 4.56 -0.20
 Kepler-1886 b: 4.678 2.582 nan 0.1600 24.27580 2455203.887421 633.5 0
>Kepler-1887: 288.9555263 44.7057070 14.298 0.864 0.961 5749.0 4.55 -0.10
 Kepler-1887 b: 1.798 2.925 nan 0.1420 19.94750 2454977.248090 683.7 0
>Kepler-1888: 289.3945523 41.7822597 10.322 1.249 0.897 5557.0 4.20 0.00
 Kepler-1888 b: 5.000 1.326 nan 0.0956 11.39170 2454974.559830 968.8 0
>Kepler-1889: 297.1992577 41.2264404 13.731 0.817 0.864 5646.0 4.55 -0.28
 Kepler-1889 b: 8.059 2.944 nan 0.2081 37.30370 2454966.305900 539.4 0
>Kepler-189: 287.5646296 44.3050662 12.921 0.750 0.846 5235.0 4.62 -0.14
 Kepler-189 b: 3.417 1.210 nan 0.0880 10.39993 2454974.510920 737.0 0
 Kepler-189 c: 3.565 2.380 22.700 0.1370 20.13487 2455004.365520 590.6 0
>Kepler-1890: 292.5778203 40.6679032 11.566 1.396 1.024 6046.0 4.16 -0.16
 Kepler-1890 b: 3.506 0.869 nan 0.0563 4.82059 2454968.782700 1451.9 0
>Kepler-1891: 290.0438524 44.3705375 12.538 0.827 0.873 5516.0 4.54 -0.14
 Kepler-1891 b: 0.861 1.521 nan 0.0473 4.02229 2454968.173170 1112.1 0
>Kepler-1892: 299.0810070 42.0180957 13.563 0.759 0.851 5383.0 4.60 -0.22
 Kepler-1892 b: 2.914 1.837 nan 0.0635 6.33123 2454970.135200 897.6 0
>Kepler-1893: 298.4012866 44.8381709 13.104 1.162 0.973 5633.0 4.30 0.16
 Kepler-1893 b: 2.586 1.706 nan 0.0503 4.17937 2454966.849900 1305.3 0
>Kepler-1894: 295.5864604 49.6668523 13.648 0.901 0.999 5772.0 4.53 0.00
 Kepler-1894 b: 1.920 1.201 nan 0.0385 2.76266 2454965.995100 1346.1 0
 Kepler-1894 c: 2.514 1.210 nan 0.0576 5.05369 2454968.112960 1100.8 0
>Kepler-1895: 291.6756005 48.7625419 13.441 0.763 0.860 5076.0 4.60 0.10
 Kepler-1895 b: 1.290 2.119 nan 0.0619 6.07029 2454968.311440 859.1 0
>Kepler-1896: 289.6785786 40.2496475 14.165 0.996 1.070 6122.0 4.47 -0.10
 Kepler-1896 b: 3.800 3.099 nan 0.2528 44.87020 2454974.120000 586.0 0
>Kepler-1897: 294.2901043 39.1268710 13.714 0.761 0.859 5165.0 4.60 0.02
 Kepler-1897 b: 3.219 2.814 nan 0.1557 24.22030 2454979.423650 550.6 0
>Kepler-1898: 287.2058009 38.4981903 11.532 1.125 0.837 5702.0 4.26 -0.28
 Kepler-1898 b: 2.165 0.934 nan 0.0522 4.76562 2454966.503140 1276.1 0
>Kepler-1899: 292.0333777 37.9744551 13.697 0.742 0.759 4791.0 4.58 0.07
 Kepler-1899 b: 1.704 1.551 nan 0.0457 4.09578 2454964.619920 930.9 0
>Kepler-19: 290.4209694 37.8516556 10.318 0.859 0.936 5541.0 4.53 -0.13
 Kepler-19 b: 3.541 2.209 6.100 0.0846 9.28699 2454959.707400 851.4 0
 Kepler-19 c: nan nan 13.100 0.1796 28.73100 nan 584.7 0
 Kepler-19 d: nan nan 22.500 0.3029 62.95000 nan 450.2 0
>Kepler-190: 288.5839761 44.7337701 12.231 0.795 0.883 5106.0 4.56 0.00
 Kepler-190 b: 1.821 1.560 nan 0.0300 2.02000 2455003.069450 1267.5 0
 Kepler-190 c: 1.536 1.460 nan 0.0450 3.76302 2454965.594860 1034.9 0
>Kepler-1900: 291.8863206 44.4790319 13.815 1.041 1.104 6173.0 4.45 -0.04
 Kepler-1900 b: 2.969 1.623 nan 0.0419 2.98623 2454966.469260 1482.9 0
>Kepler-1901: 291.1643587 45.3183061 13.310 0.921 1.022 5696.0 4.52 0.14
 Kepler-1901 b: 1.356 1.474 nan 0.0453 3.48413 2454967.553160 1238.4 0
>Kepler-1902: 292.7376545 42.0147792 12.677 0.514 0.520 3729.0 4.73 0.06
 Kepler-1902 b: 1.859 1.176 nan 0.0385 3.82222 2454965.152330 657.3 0
>Kepler-1903: 290.8882981 51.2481617 13.980 0.996 1.053 6347.0 4.46 -0.34
 Kepler-1903 b: 6.162 2.286 nan 0.1320 17.06790 2454978.571000 840.7 0
>Kepler-1904: 288.8744026 51.1542215 12.752 0.497 0.526 3805.0 4.77 -0.10
 Kepler-1904 b: 1.016 1.390 nan 0.0436 4.57702 2454965.096700 619.8 0
>Kepler-1905: 292.5733475 46.3668273 13.487 1.015 1.038 5788.0 4.44 0.16
 Kepler-1905 b: 1.794 1.446 nan 0.0450 3.42393 2454965.880050 1325.3 0
>Kepler-1906: 293.8266166 38.8565906 13.410 0.894 0.987 5868.0 4.53 -0.12
 Kepler-1906 b: 1.329 2.776 nan 0.0737 7.36269 2454969.861430 985.2 0
>Kepler-1907: 280.7085829 47.3279236 11.726 0.800 0.752 5159.0 4.51 -0.16
 Kepler-1907 b: 2.160 0.870 nan 0.0565 5.65245 2454969.976700 936.3 0
 Kepler-1907 c: 2.705 1.155 nan 0.1076 14.86390 2454975.957290 678.4 0
>Kepler-1909: 290.8894090 42.4596251 13.558 0.685 0.663 4935.0 4.59 -0.42
 Kepler-1909 b: 1.906 1.092 nan 0.0305 2.39161 2454966.079560 1127.4 0
>Kepler-191: 291.1833211 45.3230937 12.883 0.789 0.889 5282.0 4.59 0.00
 Kepler-191 b: 2.917 1.340 nan 0.0870 9.93963 2454964.585170 767.0 0
 Kepler-191 c: 2.821 1.860 nan 0.1280 17.73851 2454981.988620 632.4 0
 Kepler-191 d: 2.571 2.262 nan 0.0606 5.94504 2455003.472980 913.7 0
>Kepler-1910: 296.6171677 41.2811677 12.775 0.639 0.636 4234.0 4.63 -0.02
 Kepler-1910 b: 2.550 1.184 nan 0.0536 5.68877 2454964.667200 704.7 0
>Kepler-1911: 299.3035590 41.4410233 10.635 0.972 0.954 5721.0 4.44 0.00
 Kepler-1911 b: 1.661 1.011 nan 0.0635 5.99080 2454967.541250 1078.9 0
>Kepler-1912: 282.1178211 46.2239547 10.799 0.962 0.977 5734.0 4.46 0.04
 Kepler-1912 b: 1.268 1.357 nan 0.0645 6.05922 2454966.672160 1067.5 0
>Kepler-1913: 290.2166890 44.7795863 13.202 1.076 1.169 6214.0 4.44 0.07
 Kepler-1913 b: 3.605 1.519 nan 0.1209 14.19600 2454970.012210 894.0 0
>Kepler-1914: 291.4314024 38.6543635 14.212 0.960 1.047 5982.0 4.49 -0.04
 Kepler-1914 b: 4.192 2.943 nan 0.1954 30.82790 2454976.144830 639.4 0
>Kepler-1915: 301.2786852 44.2505116 14.039 1.057 1.030 6020.0 4.40 -0.06
 Kepler-1915 b: 3.786 3.218 nan 0.1139 13.83540 2454967.307650 884.3 0
>Kepler-1916: 293.0705754 48.3876790 14.365 1.092 1.180 6246.0 4.43 0.07
 Kepler-1916 b: 5.754 2.618 nan 0.2052 31.25430 2454988.029000 694.8 0
>Kepler-1917: 294.1038932 45.0013533 13.509 0.788 0.882 5530.0 4.59 -0.22
 Kepler-1917 b: 2.449 1.890 nan 0.1032 12.90240 2454972.151000 736.7 0
>Kepler-1918: 292.5305460 42.2145765 14.053 0.924 0.967 5889.0 4.49 -0.16
 Kepler-1918 b: 4.904 2.298 nan 0.2522 47.05640 2455195.185078 543.5 0
>Kepler-1919: 283.1319153 43.9560050 14.022 0.818 0.868 5513.0 4.55 -0.16
 Kepler-1919 b: 5.525 2.624 nan 0.2106 37.88660 2455003.885510 523.9 0
>Kepler-192: 287.9179379 45.5928829 12.427 1.007 0.987 5479.0 4.43 0.36
 Kepler-192 b: 3.780 2.740 nan 0.0900 9.92675 2455008.685010 883.7 0
 Kepler-192 c: 4.940 2.790 nan 0.1500 21.22340 2455003.374600 684.5 0
 Kepler-192 d: 3.241 1.097 nan 0.0666 6.47028 2454969.506620 994.3 0
>Kepler-1920: 291.0620355 38.8632881 12.908 1.161 1.239 6277.0 4.40 0.21
 Kepler-1920 b: 2.134 2.954 nan 0.2041 30.25410 2454969.638730 721.9 0
>Kepler-1921: 300.3161723 45.4953271 11.514 2.000 1.251 6120.0 3.93 0.02
 Kepler-1921 b: 6.490 2.895 nan 0.1556 20.03480 2454978.454100 1058.2 0
 Kepler-1921 c: 3.762 1.410 nan 0.0454 3.15722 2454964.699150 1958.7 0
>Kepler-1922: 292.3303706 37.9970696 13.600 0.863 0.953 5931.0 4.54 -0.28
 Kepler-1922 b: 3.729 2.291 nan 0.1077 13.22260 2454977.291260 809.6 0
>Kepler-1923: 298.0834457 40.3462551 12.622 1.294 1.109 5881.0 4.26 0.16
 Kepler-1923 b: 8.202 1.960 nan 0.2844 52.60970 2454991.625300 604.9 0
>Kepler-1924: 293.7673860 42.8291562 13.444 1.285 1.018 5726.0 4.23 0.16
 Kepler-1924 b: 5.467 2.654 nan 0.1215 15.33170 2454975.521700 897.9 0
>Kepler-1925: 289.8287452 45.1026883 13.598 1.092 1.057 5856.0 4.39 0.16
 Kepler-1925 b: 7.353 3.002 nan 0.2586 46.71640 2454978.492200 580.3 0
>Kepler-1926: 291.1987905 44.1662033 13.626 0.832 0.768 5256.0 4.48 -0.16
 Kepler-1926 b: 2.242 2.315 nan 0.2196 42.87770 2455203.452262 493.4 0
>Kepler-1927: 296.3546093 41.3355698 11.826 2.481 1.408 6056.0 3.80 0.14
 Kepler-1927 b: 13.309 3.406 nan 0.3858 73.75040 2455021.522210 740.6 0
>Kepler-1928: 290.4406294 38.5235721 11.107 0.920 1.010 5720.0 4.25 0.12
 Kepler-1928 b: 2.300 1.992 nan 0.1940 19.57783 2454964.714890 600.7 0
>Kepler-1929: 299.5833362 47.4481244 10.453 1.471 1.006 5786.0 4.11 -0.02
 Kepler-1929 b: 14.040 3.073 nan 0.2984 59.36250 2455017.149930 619.5 0
>Kepler-193: 296.4985951 46.5772484 13.218 1.147 1.225 6335.0 4.40 0.14
 Kepler-193 b: 3.618 2.390 nan 0.1060 11.38848 2455007.551170 1004.9 0
 Kepler-193 c: 6.115 2.750 nan 0.2860 50.69749 2454974.322880 611.8 0
>Kepler-1930: 297.5771450 40.0276768 11.289 0.844 0.844 5083.0 4.51 0.22
 Kepler-1930 b: 0.785 1.530 nan 0.1024 13.02680 2454972.147770 703.7 0
>Kepler-1931: 290.8723061 43.3330104 11.330 1.221 1.174 6167.0 4.33 0.12
 Kepler-1931 b: 19.487 2.653 nan 0.2357 38.57610 2455000.882250 676.8 0
>Kepler-1932: 285.3314903 41.0638435 13.149 0.815 0.911 5278.0 4.58 0.14
 Kepler-1932 b: 0.873 1.515 nan 0.0123 0.52418 2454964.601400 2068.9 0
>Kepler-1933: 283.9950850 39.9170121 11.106 1.008 0.964 5661.0 4.42 0.10
 Kepler-1933 b: 2.711 1.180 nan 0.0561 4.94329 2454968.577650 1157.1 0
>Kepler-1934: 290.9193265 37.2871677 11.436 1.035 0.968 5925.0 4.39 -0.14
 Kepler-1934 b: 1.429 0.913 nan 0.0245 1.41976 2454965.920000 1858.7 0
>Kepler-1935: 296.4037783 39.7227036 12.683 0.899 0.845 5570.0 4.46 -0.18
 Kepler-1935 b: 1.026 2.503 nan 0.0462 3.95140 2454965.064880 1184.2 0
>Kepler-1936: 290.7300141 44.8361280 12.201 1.854 1.419 6501.0 4.05 0.10
 Kepler-1936 b: 7.923 3.166 nan 0.5544 126.55700 2454978.693610 573.3 0
>Kepler-1937: 290.6583922 40.7785383 12.817 1.196 1.190 6457.0 4.36 -0.06
 Kepler-1937 b: 1.990 3.023 nan 0.0943 9.68860 2454964.833500 1109.1 0
>Kepler-1938: 299.3518920 41.1957285 12.494 0.655 0.646 4522.0 4.62 -0.22
 Kepler-1938 b: 3.260 1.828 nan 0.0938 13.06260 2454977.188219 576.1 0
>Kepler-1939: 285.6899312 40.9946659 10.841 0.603 0.648 4353.0 4.68 -0.18
 Kepler-1939 b: 0.662 1.165 nan 0.0336 2.79066 2454966.153390 889.6 0
>Kepler-194: 291.9714290 47.8640498 13.512 1.025 1.001 6089.0 4.42 -0.03
 Kepler-194 b: 2.351 1.510 nan 0.0320 2.09228 2454966.059640 1661.8 0
 Kepler-194 c: 4.961 2.590 nan 0.1310 17.30803 2455009.941690 821.3 0
 Kepler-194 d: 7.300 2.400 nan 0.2750 52.81497 2454997.903240 566.9 0
>Kepler-1940: 291.2042027 45.2383344 13.478 0.717 0.802 5431.0 4.62 -0.44
 Kepler-1940 b: 1.808 1.547 nan 0.0528 4.95061 2454965.805050 964.9 0
>Kepler-1941: 296.6270184 49.3538910 13.364 1.142 1.175 6404.0 4.39 -0.06
 Kepler-1941 b: 6.071 2.650 nan 0.2053 31.33510 2454969.975380 728.4 0
>Kepler-1942: 294.9805416 44.4252384 13.035 0.797 0.852 5834.0 4.57 -0.50
 Kepler-1942 b: 0.560 2.117 nan 0.0515 4.62605 2454967.681600 1106.6 0
>Kepler-1943: 293.3182976 41.1166697 12.252 0.973 1.055 6032.0 4.49 -0.06
 Kepler-1943 b: 4.673 1.549 nan 0.0571 4.85018 2454968.299200 1200.8 0
>Kepler-1944: 296.5105045 39.1732645 13.447 0.972 1.064 5585.0 4.49 0.48
 Kepler-1944 b: 1.602 2.760 nan 0.0918 9.84258 2454967.021550 876.5 0
>Kepler-1945: 281.8980828 42.2858185 11.366 0.804 0.767 4991.0 4.51 0.04
 Kepler-1945 b: 1.304 1.289 nan 0.0597 6.08004 2454969.880840 883.4 0
>Kepler-1946: 282.3355387 42.8453417 13.761 0.873 0.887 5505.0 4.50 -0.04
 Kepler-1946 b: 0.649 2.488 nan 0.0394 3.03519 2454965.329000 1249.2 0
>Kepler-1947: 296.1040313 42.3425818 11.504 1.686 0.984 6040.0 3.98 -0.44
 Kepler-1947 b: 3.176 1.010 nan 0.0710 6.96363 2454966.014210 1419.4 0
>Kepler-1948: 287.3640804 47.7853043 10.871 0.557 0.585 3872.0 4.71 0.12
 Kepler-1948 b: 2.294 1.033 nan 0.1021 15.57130 2454969.585290 436.2 0
>Kepler-1949: 293.5422586 43.0260555 13.694 1.454 1.194 6028.0 4.19 0.14
 Kepler-1949 b: 2.799 2.220 nan 0.0352 2.20828 2454964.632060 1868.0 0
>Kepler-195: 288.1209339 47.9666141 12.959 0.775 0.877 5329.0 4.60 -0.06
 Kepler-195 b: 3.150 2.030 nan 0.0770 8.30787 2455004.171200 815.2 0
 Kepler-195 c: 3.904 1.550 nan 0.1970 34.09686 2454986.817120 509.7 0
>Kepler-1950: 287.0874563 42.6686537 12.679 0.852 0.759 5455.0 4.46 -0.34
 Kepler-1950 b: 2.628 1.527 nan 0.0871 10.77690 2454973.286900 822.7 0
>Kepler-1951: 290.4999139 40.2877161 12.389 1.306 0.923 5468.0 4.17 0.14
 Kepler-1951 b: 8.232 2.321 nan 0.1435 20.65780 2454978.640800 795.6 0
>Kepler-1952: 288.0764082 43.9584839 12.204 1.305 0.922 5973.0 4.17 -0.34
 Kepler-1952 b: 9.376 1.239 nan 0.1723 27.21080 2454965.369700 792.6 0
>Kepler-1953: 287.9680995 46.4705959 13.163 0.707 0.786 4858.0 4.62 -0.02
 Kepler-1953 b: 2.372 1.286 nan 0.0613 6.24566 2454970.163620 795.9 0
>Kepler-1954: 298.0029203 43.3545882 13.978 0.849 0.942 5840.0 4.55 -0.24
 Kepler-1954 b: 2.466 1.802 nan 0.0625 5.88343 2454969.950440 1037.7 0
>Kepler-1955: 299.5347603 40.4777528 11.080 1.291 1.049 5825.0 4.24 0.14
 Kepler-1955 b: 3.572 1.167 nan 0.1170 14.26520 2454976.215370 933.2 0
>Kepler-1956: 294.6208506 49.8942190 12.848 0.682 0.671 4391.0 4.60 0.04
 Kepler-1956 b: 2.014 1.089 nan 0.0562 5.94372 2454968.256560 737.5 0
>Kepler-1957: 293.7114360 47.8874467 12.613 0.772 0.745 4904.0 4.54 0.00
 Kepler-1957 b: 1.637 0.944 nan 0.0299 2.18662 2454964.949680 1201.8 0
>Kepler-1958: 289.1041643 41.6901138 13.727 0.864 0.961 5749.0 4.55 -0.10
 Kepler-1958 b: 1.663 2.051 nan 0.0856 9.32862 2454968.876290 880.8 0
>Kepler-1959: 296.0223010 44.7326691 12.494 0.811 0.768 5071.0 4.50 -0.02
 Kepler-1959 b: 1.243 1.143 nan 0.0617 6.38669 2454964.527240 886.6 0
>Kepler-196: 284.9685077 42.0791214 12.235 0.782 0.815 5128.0 4.57 0.12
 Kepler-196 b: 3.014 1.900 nan 0.1380 20.73989 2455006.218170 588.6 0
 Kepler-196 c: 5.114 2.240 nan 0.2400 47.42774 2455049.554250 446.4 0
 Kepler-196 d: 4.121 2.702 nan 0.4480 122.08000 2454988.027270 324.4 0
>Kepler-1960: 294.6969361 46.7202043 13.685 1.072 1.117 6371.0 4.43 -0.18
 Kepler-1960 b: 2.923 1.307 nan 0.0354 2.29794 2454964.504750 1691.5 0
>Kepler-1961: 286.3300783 39.6831276 13.744 0.777 0.871 5401.0 4.59 -0.16
 Kepler-1961 b: 2.885 1.619 nan 0.0590 5.60471 2454964.628610 945.4 0
>Kepler-1962: 289.5483989 40.1641457 13.412 1.006 1.003 5700.0 4.43 0.16
 Kepler-1962 b: 3.639 1.215 nan 0.0783 7.99146 2454969.258550 985.2 0
>Kepler-1963: 296.5875182 47.2071290 12.261 0.979 0.915 5726.0 4.42 -0.10
 Kepler-1963 b: 1.443 0.744 nan 0.0298 1.96226 2454964.535670 1583.1 0
>Kepler-1964: 297.0588033 49.4784362 13.450 0.698 0.752 4803.0 4.62 -0.08
 Kepler-1964 b: 0.540 1.781 nan 0.0323 2.44083 2454966.841320 1077.3 0
>Kepler-1965: 292.5147146 38.0219872 12.120 0.837 0.928 5852.0 4.56 -0.30
 Kepler-1965 b: 5.783 1.354 nan 0.2302 41.86870 2454979.976700 538.1 0
>Kepler-1966: 292.4637788 41.2990438 12.643 0.840 0.797 5009.0 4.49 0.16
 Kepler-1966 b: 2.602 1.105 nan 0.0763 8.61743 2454966.516930 801.6 0
>Kepler-1967: 299.1376276 43.4984724 11.192 1.806 0.996 4970.0 3.92 0.32
 Kepler-1967 b: 1.631 0.730 nan 0.0734 7.28169 2454970.302130 1188.6 0
>Kepler-1968: 291.5080318 45.3700933 13.802 0.788 0.844 5008.0 4.57 0.18
 Kepler-1968 b: 2.710 1.500 nan 0.0695 7.28110 2454965.746700 813.3 0
>Kepler-1969: 294.7842662 49.4920557 14.235 1.007 1.111 6046.0 4.48 0.07
 Kepler-1969 b: 1.873 1.682 nan 0.0717 6.64752 2454970.140260 1092.9 0
>Kepler-197: 295.2264739 50.5592348 10.535 1.120 0.908 6004.0 4.30 -0.44
 Kepler-197 b: 3.681 1.020 nan 0.0600 5.59931 2455004.472820 1250.9 0
 Kepler-197 c: 4.251 1.230 5.300 0.0900 10.34970 2455007.064210 1021.3 0
 Kepler-197 d: 5.326 1.220 nan 0.1190 15.67756 2455012.468860 888.2 0
 Kepler-197 e: 6.298 0.910 nan 0.1640 25.20971 2454987.413420 756.6 0
>Kepler-1972: 288.3953074 39.8725067 9.792 1.384 1.120 5818.0 4.20 0.23
 Kepler-1972 b: 4.033 0.802 2.020 0.0794 7.54425 2454944.899900 1171.1 0
 Kepler-1972 c: 5.860 0.868 2.110 0.1042 11.32950 2454952.800000 1022.4 0
>Kepler-1976: 292.1670600 48.7275345 13.805 1.082 0.976 5712.0 4.36 0.10
 Kepler-1976 b: 2.227 12.210 nan 0.0565 4.95932 2455005.258529 1205.3 0
>Kepler-1977: 290.6178587 37.2891002 13.358 0.688 0.769 4805.0 4.63 -0.06
 Kepler-1977 b: 1.813 1.660 nan 0.0486 4.53702 2454965.184600 871.8 0
>Kepler-1978: 286.0067312 38.0095407 13.440 0.778 0.869 5251.0 4.59 -0.04
 Kepler-1978 b: 3.474 2.670 nan 0.0914 10.84969 2454969.744320 738.7 0
>Kepler-1979: 289.8429062 38.3096220 13.611 0.938 1.028 5942.0 4.51 -0.06
 Kepler-1979 b: 6.596 29.330 nan 0.1383 18.50845 2454964.545550 746.2 0
>Kepler-198: 290.6731326 38.6910045 12.027 0.940 0.948 5574.0 4.47 0.11
 Kepler-198 b: 4.478 2.820 nan 0.1310 17.79004 2455015.436380 720.0 0
 Kepler-198 c: 3.668 2.470 nan 0.2590 49.56742 2455002.540010 512.1 0
 Kepler-198 d: 1.773 1.516 nan 0.0232 1.31184 2454966.109210 1720.1 0
>Kepler-1980: 295.1672065 38.6370390 13.810 0.990 1.049 5819.0 4.47 0.14
 Kepler-1980 b: 6.032 2.210 nan 0.2049 33.02572 2454994.010000 616.8 0
>Kepler-1981: 287.9754691 38.7402988 11.951 3.006 1.519 5874.0 3.66 0.12
 Kepler-1981 b: 17.026 9.230 nan 1.3292 453.54212 2455193.061700 426.0 0
>Kepler-1982: 287.4099905 39.6586267 11.473 1.122 1.213 6202.0 4.42 0.21
 Kepler-1982 b: 2.388 0.770 nan 0.0511 3.82316 2454966.069360 1401.4 0
>Kepler-1983: 297.0420150 39.9121864 12.232 0.874 0.812 5135.0 4.46 0.12
 Kepler-1983 b: 1.211 2.330 nan 0.0689 7.32852 2454965.128570 881.9 0
>Kepler-1984: 291.2850446 40.7300225 12.580 0.420 0.450 3638.0 4.84 -0.14
 Kepler-1984 b: 2.066 6.810 nan 0.0238 1.99281 2454964.705650 736.9 0
>Kepler-1985: 293.5663715 42.1325825 13.556 0.966 0.877 5370.0 4.41 0.14
 Kepler-1985 b: 1.767 2.270 nan 0.0426 3.42065 2454965.306290 1233.1 0
>Kepler-1986: 292.9582727 42.8548909 13.908 0.732 0.776 5549.0 4.60 -0.54
 Kepler-1986 b: 1.780 1.890 nan 0.1307 19.54897 2454982.788820 633.2 0
>Kepler-1987: 295.8254663 42.9433716 13.154 0.714 0.799 4769.0 4.62 0.12
 Kepler-1987 b: 1.679 1.230 nan 0.0318 2.34586 2455187.111850 1089.7 0
 Kepler-1987 c: 1.998 1.330 nan 0.0427 3.64830 2455188.391280 940.4 0
 Kepler-1987 d: 2.260 2.660 nan 0.0571 5.64491 2455189.736990 813.2 0
 Kepler-1987 e: 2.628 1.920 nan 0.0765 8.74292 2455191.592860 702.6 0
>Kepler-1988: 298.6738034 43.7955099 10.521 1.788 1.127 6033.0 3.98 -0.10
 Kepler-1988 b: 7.602 1.530 nan 0.1038 11.49500 2454974.275110 1207.4 0
>Kepler-1989: 290.7351869 44.0912620 13.193 1.060 0.999 6032.0 4.39 -0.14
 Kepler-1989 b: 3.163 4.620 nan 0.0918 10.16102 2455005.000736 988.4 0
>Kepler-199: 295.5594278 40.2362490 12.083 0.967 0.935 5644.0 4.44 -0.05
 Kepler-199 b: 4.954 3.110 nan 0.1580 23.63760 2455005.648460 673.3 0
 Kepler-199 c: 6.931 3.250 nan 0.3160 67.09341 2454979.565770 476.1 0
>Kepler-1990: 299.7047433 44.4357068 11.055 1.071 1.028 5751.0 4.39 0.21
 Kepler-1990 b: 2.274 3.270 nan 0.0286 1.73514 2454968.060047 1697.0 0
 Kepler-1990 c: 2.835 0.980 nan 0.0504 4.06845 2454965.276140 1278.4 0
>Kepler-1991: 285.0360506 45.0709909 13.067 1.053 0.914 5478.0 4.35 0.16
 Kepler-1991 b: 3.912 1.470 nan 0.1065 13.26080 2454972.098800 830.6 0
 Kepler-1991 c: 5.039 2.570 nan 0.1528 22.79020 2454971.685150 693.4 0
>Kepler-1992: 295.0902409 45.0811045 11.767 0.842 0.874 5383.0 4.53 0.00
 Kepler-1992 b: 3.873 0.910 nan 0.1169 15.61122 2454977.873500 696.6 0
>Kepler-1993: 293.7968548 45.1607261 11.136 3.062 1.373 5159.0 3.60 -0.04
 Kepler-1993 b: 4.954 4.150 nan 0.1943 26.65657 2454964.594330 987.6 0
>Kepler-1994: 297.1487941 46.2969247 10.185 0.961 0.932 5495.0 4.44 0.16
 Kepler-1994 b: 2.695 0.510 nan 0.0530 4.61225 2454966.861340 1128.3 0
>Kepler-1995: 284.3427250 46.3165907 13.016 0.930 0.847 5029.0 4.43 0.48
 Kepler-1995 b: 2.690 4.280 nan 0.3259 73.75789 2455016.723480 409.7 0
>Kepler-1996: 285.2537555 46.5822183 12.530 0.675 0.748 4580.0 4.64 0.08
 Kepler-1996 b: 4.464 2.260 nan 0.1789 32.37618 2454983.415570 429.0 0
 Kepler-1996 c: 6.830 2.810 nan 0.3608 92.72972 2455010.438080 302.1 0
>Kepler-1997: 297.4808253 46.5891373 13.885 1.052 1.111 6215.0 4.44 -0.06
 Kepler-1997 b: 5.858 2.280 nan 0.1815 26.75759 2454970.287170 721.5 0
>Kepler-1998: 283.4291536 47.5923973 11.076 0.921 0.962 5640.0 4.49 0.06
 Kepler-1998 b: 1.774 0.600 nan 0.0405 3.03267 2454967.066800 1296.9 0
>Kepler-1999: 282.3705675 48.2592340 13.882 0.628 0.632 4406.0 4.64 -0.24
 Kepler-1999 b: 3.866 3.290 nan 0.0713 8.73968 2454969.582900 630.5 0
>Kepler-20: 287.6979913 42.3385782 10.871 0.916 0.929 5495.0 4.45 0.07
 Kepler-20 b: 2.547 1.773 9.700 0.0457 3.69610 2454967.502250 1187.2 0
 Kepler-20 c: 3.777 2.894 11.100 0.0936 10.85408 2454971.608860 829.1 0
 Kepler-20 d: 7.257 2.606 13.400 0.3474 77.61146 2454997.729600 430.4 0
 Kepler-20 e: 2.982 0.821 0.760 0.0637 6.09849 2454968.939560 1005.0 0
 Kepler-20 f: 3.744 0.952 1.400 0.1387 19.57833 2454968.198830 681.1 0
 Kepler-20 g: nan nan 19.960 0.2055 34.94000 nan 573.9 1
>Kepler-200: 284.4099503 41.2374928 12.455 0.944 0.925 5678.0 4.45 -0.07
 Kepler-200 b: 3.534 2.130 nan 0.0800 8.59480 2455004.629980 940.5 0
 Kepler-200 c: 1.110 1.590 nan 0.0900 10.22216 2454968.890560 886.7 0
>Kepler-2000: 285.5743032 49.9621218 12.290 0.576 0.581 3757.0 4.68 0.48
 Kepler-2000 b: 1.750 2.730 nan 0.0562 6.38316 2455003.604622 580.0 0
 Kepler-2000 c: 3.267 1.570 nan 0.1228 20.61803 2454978.512320 392.4 0
>Kepler-2001: 291.6594558 50.5838585 13.551 0.770 0.864 5081.0 4.60 0.12
 Kepler-2001 b: 1.500 1.040 nan 0.0197 1.09001 2454964.580660 1531.8 0
 Kepler-2001 c: 4.154 1.820 nan 0.1084 14.09258 2454974.144707 653.0 0
>Kepler-201: 293.6260590 41.2728004 11.737 1.229 1.085 6065.0 4.29 0.24
 Kepler-201 b: 5.627 2.460 nan 0.1750 25.67208 2455025.097050 775.0 0
 Kepler-201 c: 12.990 2.850 nan 0.5730 151.88406 2455009.418160 428.3 0
>Kepler-202: 282.9734874 41.3217991 11.639 0.667 0.734 4668.0 4.65 0.00
 Kepler-202 b: 2.067 1.630 nan 0.0450 4.06943 2455004.015770 866.6 0
 Kepler-202 c: 2.853 1.850 nan 0.1130 16.28249 2455013.796230 546.9 0
>Kepler-203: 297.0899590 41.3880686 12.445 1.114 1.050 5821.0 4.36 0.05
 Kepler-203 b: 1.900 2.570 nan 0.0430 3.16270 2455002.641580 1428.7 0
 Kepler-203 c: 2.014 2.470 749.900 0.0610 5.37065 2455005.236970 1199.5 0
 Kepler-203 d: 3.992 1.440 33.900 0.1000 11.32972 2454966.968820 936.9 0
>Kepler-204: 285.3471620 41.7618450 12.481 1.238 1.030 5812.0 4.27 0.01
 Kepler-204 b: 3.906 2.530 nan 0.1170 14.40097 2455007.985930 911.6 0
 Kepler-204 c: 4.383 1.790 nan 0.1730 25.66059 2454988.151650 749.7 0
>Kepler-205: 285.2866912 41.8609357 10.833 0.546 0.576 4321.0 4.74 -0.25
 Kepler-205 b: 1.948 1.510 nan 0.0320 2.75564 2455003.844540 860.7 0
 Kepler-205 c: 2.873 1.640 nan 0.1220 20.30655 2455005.656200 440.8 0
>Kepler-206: 291.6346564 41.8338415 12.001 1.185 1.057 5764.0 4.31 0.02
 Kepler-206 b: 3.644 1.200 nan 0.0780 7.78199 2454966.589900 1083.4 0
 Kepler-206 c: 4.768 1.770 nan 0.1110 13.13747 2455003.227810 908.1 0
 Kepler-206 d: 5.389 1.190 nan 0.1630 23.44281 2454985.010490 749.4 0
>Kepler-207: 290.0305195 42.1660555 11.805 1.588 1.218 5920.0 4.13 -0.02
 Kepler-207 b: 2.999 1.570 nan 0.0290 1.61187 2454966.570410 2112.4 0
 Kepler-207 c: 4.077 1.500 nan 0.0440 3.07157 2454966.304250 1715.0 0
 Kepler-207 d: 3.970 3.310 nan 0.0680 5.86808 2455003.322430 1379.5 0
>Kepler-208: 293.8901979 42.5279413 12.210 1.314 1.175 6092.0 4.26 -0.04
 Kepler-208 b: 3.308 1.630 nan 0.0540 4.22864 2455003.741970 1449.1 0
 Kepler-208 c: 3.882 1.390 nan 0.0790 7.46662 2454965.773830 1198.1 0
 Kepler-208 d: 4.118 1.200 nan 0.1030 11.13179 2454956.295410 1049.2 0
 Kepler-208 e: 4.038 1.480 nan 0.1320 16.25946 2454945.014250 926.8 0
>Kepler-209: 291.1694567 42.6407281 12.362 0.935 0.936 5513.0 4.47 0.03
 Kepler-209 b: 2.878 2.260 nan 0.1220 16.08785 2455005.813390 735.9 0
 Kepler-209 c: 5.630 3.100 nan 0.2310 41.74988 2454986.839860 534.8 0
>Kepler-21: 287.3619673 38.7141384 6.945 1.902 1.408 6305.0 4.03 -0.03
 Kepler-21 b: 3.590 1.639 7.500 0.0434 2.78582 2455093.837160 2012.7 0
>Kepler-210: 292.5034196 43.0832188 11.313 0.650 0.720 4559.0 4.66 -0.12
 Kepler-210 b: 1.746 2.940 nan 0.0320 2.45323 2455003.891530 990.8 0
 Kepler-210 c: 2.902 3.620 nan 0.0700 7.97251 2455004.584360 669.9 0
>Kepler-211: 285.4391183 43.1685051 11.447 0.816 0.871 5123.0 4.55 0.10
 Kepler-211 b: 2.226 1.260 nan 0.0480 4.13858 2454965.016320 1018.5 0
 Kepler-211 c: 2.053 1.290 18.300 0.0620 6.04045 2455005.594350 896.2 0
>Kepler-212: 287.6208165 43.1416239 11.620 1.455 1.170 5852.0 4.18 0.32
 Kepler-212 b: 6.596 1.090 nan 0.1330 16.25758 2454972.647740 933.3 0
 Kepler-212 c: 8.316 2.740 nan 0.2070 31.80517 2455023.248300 748.1 0
>Kepler-213: 290.8241931 44.6472832 12.122 1.195 1.027 5696.0 4.31 -0.06
 Kepler-213 b: 1.768 1.620 nan 0.0360 2.46236 2455004.839860 1582.5 0
 Kepler-213 c: 0.828 2.340 nan 0.0570 4.82296 2454967.436490 1257.6 0
>Kepler-214: 284.7548499 44.9560500 12.607 1.352 1.195 6169.0 4.25 -0.09
 Kepler-214 b: 7.006 2.610 nan 0.1300 15.66054 2454979.348950 959.3 0
 Kepler-214 c: 7.803 2.130 nan 0.1940 28.77980 2455026.304470 785.3 0
>Kepler-215: 294.9735313 45.2136867 11.996 1.027 0.887 5739.0 4.36 -0.17
 Kepler-215 b: 3.035 1.620 nan 0.0840 9.36067 2455004.967190 967.6 0
 Kepler-215 c: 3.855 1.770 nan 0.1130 14.66711 2454978.423810 834.3 0
 Kepler-215 d: 2.719 2.390 23.600 0.1850 30.86442 2455005.933090 652.0 0
 Kepler-215 e: 5.654 1.750 nan 0.3140 68.16101 2455020.032470 500.5 0
>Kepler-216: 293.7280695 46.1291139 12.621 1.260 1.111 6091.0 4.28 -0.15
 Kepler-216 b: 5.050 2.350 nan 0.0790 7.69364 2455009.501060 1173.0 0
 Kepler-216 c: 6.869 3.040 nan 0.1360 17.40667 2455004.006070 894.0 0
>Kepler-217: 293.0377331 46.2775223 12.103 1.799 1.268 6171.0 4.03 -0.12
 Kepler-217 b: 4.011 2.230 nan 0.0650 5.37494 2455003.933240 1565.5 0
 Kepler-217 c: 3.356 1.850 nan 0.0890 8.58600 2454970.960960 1337.9 0
 Kepler-217 d: 3.658 1.421 nan 0.0537 3.88690 2454965.493870 1749.9 0
>Kepler-218: 295.4128785 46.2665801 12.311 1.063 0.991 5502.0 4.39 0.36
 Kepler-218 b: 3.014 1.480 nan 0.0460 3.61934 2454968.438010 1275.4 0
 Kepler-218 c: 6.271 3.140 nan 0.2480 44.69958 2455007.822350 549.3 0
 Kepler-218 d: 9.598 2.807 nan 0.4896 124.52446 2455087.180100 385.7 0
>Kepler-219: 288.7389481 46.7625929 12.389 1.491 1.170 5786.0 4.16 0.40
 Kepler-219 b: 3.272 2.950 nan 0.0570 4.58551 2455002.856800 1427.0 0
 Kepler-219 c: 5.808 3.580 nan 0.1650 22.71461 2454980.291080 838.7 0
 Kepler-219 d: 5.719 2.810 19.100 0.2720 47.90364 2454974.982570 653.2 0
>Kepler-22: 289.2172051 47.8841427 10.152 0.869 0.857 5596.0 4.44 -0.26
 Kepler-22 b: 6.977 2.100 9.100 0.8120 289.86388 2454966.700100 279.2 0
>Kepler-220: 291.5060432 46.8956262 10.550 0.666 0.750 4632.0 4.65 -0.17
 Kepler-220 b: 1.626 0.810 nan 0.0460 4.15981 2454966.786460 849.9 0
 Kepler-220 c: 1.486 1.570 nan 0.0760 9.03420 2455004.014250 661.2 0
 Kepler-220 d: 4.103 0.980 nan 0.1630 28.12240 2454979.918830 451.5 0
 Kepler-220 e: 5.088 1.330 nan 0.2260 45.90273 2454999.562510 383.4 0
>Kepler-221: 296.6547477 46.8352242 11.900 0.821 0.864 5243.0 4.54 0.06
 Kepler-221 b: 2.064 1.710 5.956 0.0370 2.79591 2454965.729290 1190.9 0
 Kepler-221 c: 2.522 2.930 15.100 0.0590 5.69059 2455007.048650 943.1 0
 Kepler-221 d: 2.530 2.730 3.610 0.0870 10.04156 2454970.084560 776.6 0
 Kepler-221 e: 2.245 2.630 7.867 0.1300 18.36992 2454964.860480 635.4 0
>Kepler-222: 287.9060885 46.9377479 13.235 0.869 0.952 5433.0 4.55 0.12
 Kepler-222 b: 1.828 3.160 nan 0.0480 3.93698 2455002.650760 1114.7 0
 Kepler-222 c: 1.714 4.640 nan 0.0910 10.08881 2455006.082630 809.6 0
 Kepler-222 d: 4.541 3.690 nan 0.1800 28.08191 2455027.914040 575.6 0
>Kepler-223: 298.3183909 47.2794824 13.633 1.720 1.125 5814.0 4.27 0.16
 Kepler-223 b: 5.558 2.990 7.400 0.0772 7.38449 2455701.515500 1323.4 0
 Kepler-223 c: 6.415 3.440 5.100 0.0935 9.84564 2455700.145900 1202.4 0
 Kepler-223 d: 7.445 5.240 8.000 0.1226 14.78869 2455704.850400 1049.9 0
 Kepler-223 e: 9.281 4.600 4.800 0.1486 19.72567 2455717.523700 953.8 0
>Kepler-224: 290.9342679 47.3575414 13.703 0.676 0.741 5018.0 4.64 -0.27
 Kepler-224 b: 2.034 1.390 nan 0.0380 3.13292 2454968.675440 1020.6 0
 Kepler-224 c: 2.843 3.120 nan 0.0580 5.92500 2455002.715080 826.1 0
 Kepler-224 d: 3.114 2.300 nan 0.0890 11.34939 2454967.316020 666.9 0
 Kepler-224 e: 1.846 1.970 nan 0.1240 18.64358 2454974.624630 565.0 0
>Kepler-225: 292.1939846 47.4570808 13.253 0.480 0.517 3682.0 4.78 -0.04
 Kepler-225 b: 3.018 1.200 nan 0.0560 6.73897 2454968.276580 519.8 0
 Kepler-225 c: 3.279 1.840 nan 0.1110 18.79423 2455010.793500 369.2 0
>Kepler-226: 292.3760942 47.8809596 13.633 0.802 0.910 5571.0 4.59 0.09
 Kepler-226 b: 2.596 1.550 24.000 0.0470 3.94100 2454969.093370 1109.7 0
 Kepler-226 c: 3.051 2.270 45.200 0.0580 5.34955 2455004.805990 998.9 0
 Kepler-226 d: 3.698 1.220 nan 0.0760 8.10904 2454965.803330 872.7 0
>Kepler-227: 291.9342748 48.1416760 13.648 1.091 1.080 5854.0 4.40 0.06
 Kepler-227 b: 3.113 3.110 nan 0.0900 9.48802 2455003.538990 982.8 0
 Kepler-227 c: 4.511 3.040 nan 0.2900 54.41869 2454995.510380 547.5 0
>Kepler-228: 296.2860853 48.2246328 14.132 1.014 1.097 6043.0 4.47 -0.03
 Kepler-228 b: 2.327 1.530 nan 0.0380 2.56655 2455012.553600 1505.3 0
 Kepler-228 c: 3.123 2.700 nan 0.0520 4.13444 2455005.976780 1286.8 0
 Kepler-228 d: 4.591 4.040 nan 0.1010 11.09429 2455004.201230 923.3 0
>Kepler-229: 286.9994758 48.3757867 13.785 0.728 0.813 5120.0 4.63 0.06
 Kepler-229 b: 2.640 2.200 nan 0.0620 6.25297 2455004.298840 846.0 0
 Kepler-229 c: 3.546 4.920 nan 0.1170 16.06864 2455006.621650 615.9 0
 Kepler-229 d: 5.020 3.850 nan 0.2200 41.19491 2454998.023650 449.1 0
>Kepler-23: 294.2189131 49.4792536 11.998 1.548 1.078 5828.0 4.09 0.06
 Kepler-23 b: 5.846 1.638 2.560 0.0741 7.10000 2454957.112279 1284.2 0
 Kepler-23 c: 6.065 3.005 7.810 0.0977 10.74000 2454966.286370 1118.7 0
 Kepler-23 d: 6.150 2.206 4.440 0.1235 15.27000 2454980.581050 994.9 0
>Kepler-230: 285.7185682 48.5058038 13.299 0.817 0.869 5588.0 4.55 -0.30
 Kepler-230 b: 5.783 4.260 nan 0.1910 32.62555 2455027.137420 557.3 0
 Kepler-230 c: 6.034 2.040 nan 0.3800 91.77324 2455026.830730 395.1 0
>Kepler-231: 293.9733913 50.5318460 12.589 0.490 0.534 3767.0 4.78 -0.10
 Kepler-231 b: 1.440 1.730 35.400 0.0740 10.06527 2454969.281850 467.4 0
 Kepler-231 c: 3.209 1.930 24.100 0.1140 19.27157 2455019.769070 376.6 0
>Kepler-232: 295.8161668 51.1217249 13.765 0.968 1.070 5847.0 4.50 0.07
 Kepler-232 b: 3.172 3.080 nan 0.0540 4.43122 2455004.015510 1193.7 0
 Kepler-232 c: 2.612 3.830 nan 0.1010 11.37935 2454966.850180 872.9 0
>Kepler-233: 296.3665054 51.3194548 13.453 0.758 0.848 5360.0 4.61 -0.08
 Kepler-233 b: 2.697 2.430 nan 0.0770 8.47238 2455007.162120 810.9 0
 Kepler-233 c: 5.619 2.710 nan 0.2870 60.41895 2455014.161520 420.0 0
>Kepler-234: 291.6535379 38.4946597 14.065 1.113 1.161 6224.0 4.42 0.22
 Kepler-234 b: 3.175 3.700 nan 0.0400 2.71151 2455003.035130 1583.1 0
 Kepler-234 c: 4.039 3.510 nan 0.0770 7.21205 2455005.816640 1141.1 0
>Kepler-235: 286.0790779 39.2782370 13.116 0.554 0.606 4255.0 4.73 -0.36
 Kepler-235 b: 1.925 2.230 nan 0.0370 3.34022 2455004.977870 793.9 0
 Kepler-235 c: 2.217 1.280 nan 0.0650 7.82490 2454969.555670 599.0 0
 Kepler-235 d: 3.312 2.050 nan 0.1220 20.06055 2454980.461490 437.2 0
 Kepler-235 e: 4.833 2.220 nan 0.2130 46.18367 2454998.239320 330.9 0
>Kepler-236: 283.8664285 39.8981928 12.312 0.510 0.534 3750.0 4.75 0.08
 Kepler-236 b: 1.328 1.570 nan 0.0650 8.29561 2454968.792070 506.5 0
 Kepler-236 c: 4.166 2.000 nan 0.1320 23.96813 2455019.216900 355.4 0
>Kepler-237: 283.2213438 40.4217620 13.172 0.725 0.727 4861.0 4.58 0.22
 Kepler-237 b: 2.351 1.410 nan 0.0500 4.71511 2454967.959920 892.6 0
 Kepler-237 c: 3.150 2.080 nan 0.0710 8.10364 2455009.948050 749.0 0
>Kepler-238: 287.8971066 40.6378141 13.512 1.430 1.157 5751.0 4.19 0.10
 Kepler-238 b: 3.193 1.730 3305.020 0.0340 2.09088 2454967.164700 1798.5 0
 Kepler-238 c: 4.837 2.390 152.522 0.0690 6.15556 2454967.823220 1262.5 0
 Kepler-238 d: 6.642 3.070 23.100 0.1150 13.23355 2454973.321790 977.9 0
 Kepler-238 e: 8.216 8.342 169.700 0.1644 23.65400 2455004.376292 817.8 0
 Kepler-238 f: 7.159 2.979 13.500 0.2724 50.44700 2455011.501400 635.3 0
>Kepler-239: 294.2020505 40.6633313 13.133 0.763 0.827 4914.0 4.58 -0.04
 Kepler-239 b: 2.899 2.330 nan 0.0950 11.76305 2455013.936140 671.5 0
 Kepler-239 c: 3.700 2.510 nan 0.2680 56.22810 2454965.288140 399.8 0
>Kepler-24: 290.4132621 38.3437283 13.372 1.099 1.060 6028.0 4.20 -0.36
 Kepler-24 b: 4.084 2.348 11.140 0.0807 8.14000 2454973.574400 1072.4 0
 Kepler-24 c: 6.487 2.514 9.990 0.1065 12.33000 2454970.588930 933.7 0
 Kepler-24 d: 2.945 1.424 293.959 0.0510 4.24438 2454970.064110 1429.6 0
 Kepler-24 e: 2.963 2.370 26.212 0.1380 18.99836 2454977.743570 869.1 0
>Kepler-240: 291.1587635 40.7502108 13.464 0.739 0.855 4985.0 4.63 0.10
 Kepler-240 b: 2.368 1.370 nan 0.0480 4.14450 2454968.926580 943.2 0
 Kepler-240 c: 2.598 2.200 102.300 0.0740 7.95353 2455007.661550 759.6 0
>Kepler-241: 292.9131121 41.0609786 12.881 0.668 0.685 4699.0 4.63 -0.22
 Kepler-241 b: 3.117 2.330 nan 0.0940 12.71809 2455008.354180 604.0 0
 Kepler-241 c: 4.273 2.570 nan 0.1890 36.06598 2455031.581850 426.0 0
>Kepler-242: 286.5656932 41.8084168 13.238 0.850 0.836 5020.0 4.49 0.10
 Kepler-242 b: 2.740 2.610 nan 0.0750 8.20395 2455002.691170 814.9 0
 Kepler-242 c: 3.222 2.000 nan 0.1090 14.49648 2454976.413480 676.0 0
>Kepler-243: 285.1104819 42.0339619 13.064 0.842 0.973 5228.0 4.57 0.21
 Kepler-243 b: 2.484 2.450 nan 0.0620 5.71544 2455007.878320 929.0 0
 Kepler-243 c: 1.319 1.990 nan 0.1420 20.02622 2454979.907670 613.9 0
>Kepler-244: 287.2426410 42.3014185 13.730 0.803 0.911 5554.0 4.58 -0.20
 Kepler-244 b: 2.735 2.760 nan 0.0500 4.31179 2455006.575680 1073.3 0
 Kepler-244 c: 1.373 2.050 nan 0.0870 9.76729 2455019.579030 813.6 0
 Kepler-244 d: 4.504 2.310 15.200 0.1400 20.05040 2455021.087180 641.4 0
>Kepler-245: 291.6389972 42.4363482 13.639 0.795 0.834 5100.0 4.56 0.05
 Kepler-245 b: 2.804 2.570 146.780 0.0710 7.49019 2455007.949190 822.9 0
 Kepler-245 c: 2.244 2.180 225.600 0.1240 17.46081 2454970.264410 622.7 0
 Kepler-245 d: 4.804 3.030 5.461 0.2020 36.27711 2455034.277970 487.9 0
 Kepler-245 e: 2.116 1.745 1806.360 0.0406 3.21982 2454966.003100 1107.7 0
>Kepler-246: 296.4834007 42.6633806 13.038 0.831 0.886 5206.0 4.56 0.14
 Kepler-246 b: 2.227 2.340 nan 0.0520 4.60182 2455002.978870 1003.5 0
 Kepler-246 c: 3.161 1.500 nan 0.0950 11.18716 2454970.181720 742.5 0
>Kepler-247: 288.6425609 43.0393769 13.051 0.768 0.888 5100.0 4.61 0.21
 Kepler-247 b: 2.077 1.640 nan 0.0420 3.33616 2454968.312900 1051.6 0
 Kepler-247 c: 2.896 4.090 nan 0.0840 9.43945 2455010.185360 743.6 0
 Kepler-247 d: 3.068 3.940 nan 0.1400 20.47791 2455011.667980 576.0 0
>Kepler-248: 293.0613138 43.5813577 13.357 0.831 0.964 5190.0 4.57 0.20
 Kepler-248 b: 3.008 3.020 nan 0.0660 6.30821 2455007.046570 888.0 0
 Kepler-248 c: 4.030 4.070 nan 0.1230 16.23949 2455008.569010 650.5 0
>Kepler-249: 296.9853002 43.6586043 11.966 0.482 0.523 3568.0 4.78 0.00
 Kepler-249 b: 1.767 1.090 nan 0.0350 3.30654 2454967.371000 638.5 0
 Kepler-249 c: 2.219 1.510 nan 0.0580 7.11370 2455007.324590 496.0 0
 Kepler-249 d: 2.697 1.570 nan 0.0970 15.36846 2454980.388890 383.5 0
>Kepler-25: 286.6383905 39.4879038 9.493 1.316 1.165 6270.0 4.28 -0.04
 Kepler-25 b: 3.847 2.748 8.700 0.0698 6.23830 2455703.420040 1313.0 0
 Kepler-25 c: 2.594 5.217 15.200 0.1122 12.72070 2455711.150130 1035.4 0
 Kepler-25 d: nan nan 71.900 0.5077 122.40000 2455715.000000 486.8 0
>Kepler-250: 289.5947633 44.1418114 13.483 0.805 0.856 5160.0 4.57 0.02
 Kepler-250 b: 2.403 1.130 nan 0.0480 4.14814 2454966.390950 1019.0 0
 Kepler-250 c: 2.567 2.280 nan 0.0690 7.15680 2455007.136280 849.9 0
 Kepler-250 d: 1.980 2.180 nan 0.1270 17.64831 2454966.545000 626.4 0
>Kepler-251: 296.5662171 44.1058077 13.632 0.890 0.888 5526.0 4.49 -0.02
 Kepler-251 b: 2.705 1.330 nan 0.0530 4.79094 2454969.311480 1091.9 0
 Kepler-251 c: 4.108 2.770 nan 0.1220 16.51404 2455009.116320 719.7 0
 Kepler-251 d: 4.919 2.770 nan 0.1820 30.13300 2455023.383220 589.3 0
 Kepler-251 e: 4.360 2.770 nan 0.4040 99.64016 2455031.693120 395.5 0
>Kepler-252: 295.5793290 44.5459052 12.466 0.549 0.580 4208.0 4.72 -0.19
 Kepler-252 b: 1.978 1.230 nan 0.0580 6.66839 2454970.434830 624.3 0
 Kepler-252 c: 2.976 2.150 nan 0.0800 10.84846 2455004.804320 531.6 0
>Kepler-253: 291.8419337 44.8581240 13.534 0.786 0.890 5208.0 4.59 0.15
 Kepler-253 b: 1.932 1.630 nan 0.0460 3.78399 2454966.280360 1038.1 0
 Kepler-253 c: 3.517 2.650 nan 0.0890 10.28195 2455008.339820 746.3 0
 Kepler-253 d: 4.290 3.170 nan 0.1300 18.11987 2455015.616200 617.5 0
>Kepler-254: 288.1646541 45.8164257 14.254 0.910 1.002 5957.0 4.52 -0.22
 Kepler-254 b: 3.032 3.870 nan 0.0640 5.82666 2455006.010390 1083.2 0
 Kepler-254 c: 3.362 2.150 3.200 0.1050 12.41218 2454975.539380 845.6 0
 Kepler-254 d: 3.961 2.500 nan 0.1390 18.74648 2454980.129090 735.0 0
>Kepler-255: 296.0642702 45.9767647 13.689 0.933 1.050 5573.0 4.52 0.34
 Kepler-255 b: 2.238 1.550 nan 0.0630 5.71461 2454965.640350 1034.2 0
 Kepler-255 c: 3.380 2.990 nan 0.0920 9.94605 2455004.700160 855.8 0
 Kepler-255 d: 1.827 1.434 nan 0.0195 1.04562 2454966.918210 1740.7 0
>Kepler-256: 292.5804200 46.0973588 13.424 1.301 1.034 5551.0 4.22 0.07
 Kepler-256 b: 2.241 1.590 nan 0.0270 1.62049 2454965.067760 1858.1 0
 Kepler-256 c: 2.628 2.150 nan 0.0450 3.38802 2455003.532210 1439.3 0
 Kepler-256 d: 3.134 2.480 nan 0.0640 5.83917 2454965.088450 1206.8 0
 Kepler-256 e: 3.542 2.350 nan 0.0960 10.68157 2454964.554930 985.4 0
>Kepler-257: 297.3159994 46.0232642 13.372 1.037 0.924 5180.0 4.36 0.32
 Kepler-257 b: 1.812 2.610 nan 0.0340 2.38267 2455003.663300 1379.5 0
 Kepler-257 c: 3.289 5.410 nan 0.0660 6.58148 2455007.786430 990.1 0
 Kepler-257 d: 2.655 4.950 nan 0.1600 24.66455 2455022.020520 635.9 0
>Kepler-258: 294.0684116 46.5791357 12.956 0.915 0.837 4942.0 4.44 0.10
 Kepler-258 b: 3.418 4.060 nan 0.1030 13.19722 2455004.544240 710.3 0
 Kepler-258 c: 4.126 3.610 nan 0.1930 33.65308 2454980.798070 518.9 0
>Kepler-259: 288.2119707 46.6150461 13.555 0.898 0.999 5938.0 4.53 -0.03
 Kepler-259 b: 2.954 2.800 nan 0.0790 8.11532 2455007.519550 965.4 0
 Kepler-259 c: 4.723 2.700 nan 0.2170 36.92493 2455007.223360 582.5 0
>Kepler-26: 284.9410627 46.5664505 12.630 0.512 0.544 3914.0 4.73 -0.13
 Kepler-26 b: 3.030 2.780 5.120 0.0850 12.28000 2456471.249700 463.1 0
 Kepler-26 c: 2.097 2.720 6.200 0.1067 17.25590 2456470.183000 413.5 0
 Kepler-26 d: 2.012 0.959 nan 0.0390 3.54392 2454969.259030 827.7 0
 Kepler-26 e: 2.084 2.161 nan 0.2200 46.82791 2454969.743180 348.5 0
>Kepler-260: 291.9259658 38.0140525 12.494 0.862 0.840 5250.0 4.49 -0.02
 Kepler-260 b: 3.027 2.010 nan 0.0750 8.18740 2455093.867710 858.3 0
 Kepler-260 c: 6.826 1.740 nan 0.3320 76.05018 2454994.712090 407.9 0
>Kepler-261: 291.3647333 37.6092390 11.585 0.794 0.844 5098.0 4.56 0.11
 Kepler-261 b: 2.759 2.180 nan 0.0880 10.38123 2455101.023610 738.4 0
 Kepler-261 c: 2.761 2.000 nan 0.1560 24.57086 2454968.874080 554.6 0
>Kepler-262: 290.7287168 37.2526575 12.732 0.881 0.985 5841.0 4.54 -0.34
 Kepler-262 b: 3.278 1.360 nan 0.1080 13.06086 2454970.630860 804.4 0
 Kepler-262 c: 3.490 1.640 nan 0.1520 21.85372 2454977.314670 678.1 0
>Kepler-263: 292.4698022 37.5677941 13.548 0.785 0.840 5265.0 4.58 -0.10
 Kepler-263 b: 4.143 2.670 nan 0.1200 16.56809 2454979.151540 649.3 0
 Kepler-263 c: 3.069 2.470 nan 0.2420 47.33277 2454984.409500 457.3 0
>Kepler-264: 292.0446280 37.3761861 11.591 1.550 1.237 6158.0 4.15 -0.18
 Kepler-264 b: 14.253 3.330 nan 0.2490 40.80623 2454988.712090 740.9 0
 Kepler-264 c: 17.933 2.830 nan 0.5660 140.10126 2455049.220780 491.4 0
>Kepler-265: 290.5104788 41.2447430 13.897 1.103 0.942 5835.0 4.33 -0.32
 Kepler-265 b: 3.590 1.860 nan 0.0690 6.84626 2454965.170370 1125.0 0
 Kepler-265 c: 4.732 2.630 nan 0.1270 17.02894 2454976.336420 829.2 0
 Kepler-265 d: 3.066 2.490 nan 0.2360 43.13062 2454999.275370 608.3 0
 Kepler-265 e: 7.066 2.590 nan 0.3190 67.83102 2454958.896950 523.2 0
>Kepler-266: 294.4843821 44.1669355 13.811 1.028 1.090 5885.0 4.45 0.16
 Kepler-266 b: 3.717 2.480 nan 0.0710 6.61833 2455193.369600 1079.8 0
 Kepler-266 c: 8.080 3.890 nan 0.4570 107.72360 2455187.183470 425.6 0
>Kepler-267: 299.8305655 47.1575741 12.485 0.555 0.601 4258.0 4.73 -0.26
 Kepler-267 b: 1.494 1.980 37.900 0.0370 3.35373 2454967.868870 795.2 0
 Kepler-267 c: 1.350 2.130 nan 0.0600 6.87745 2454965.083030 624.5 0
 Kepler-267 d: 2.742 2.270 nan 0.1540 28.46451 2454991.040350 389.8 0
>Kepler-268: 291.9761559 38.0550327 12.382 1.274 1.157 6081.0 4.29 0.06
 Kepler-268 b: 4.571 2.550 nan 0.1800 25.93414 2454982.762090 780.1 0
 Kepler-268 c: 7.219 3.380 nan 0.3910 83.44639 2454991.685100 529.3 0
>Kepler-269: 290.2151459 41.7759810 13.961 0.959 1.067 5847.0 4.50 0.02
 Kepler-269 b: 3.387 2.470 nan 0.0610 5.32672 2455190.122040 1117.9 0
 Kepler-269 c: 3.899 1.690 nan 0.0810 8.12790 2455191.688050 970.1 0
>Kepler-27: 292.2367608 41.0858710 14.118 0.590 0.650 5400.0 5.40 0.41
 Kepler-27 b: 3.470 4.000 2895.310 0.1180 15.33480 2454991.672600 582.3 0
 Kepler-27 c: 4.750 4.900 4385.870 0.1910 31.33090 2454986.427400 457.7 0
 Kepler-27 d: 3.014 1.954 nan 0.0668 6.54629 2454966.859379 885.8 0
>Kepler-270: 282.2001207 44.4222795 12.627 1.461 1.241 6067.0 4.20 0.07
 Kepler-270 b: 4.865 2.010 nan 0.1070 11.47609 2454968.395100 1081.0 0
 Kepler-270 c: 3.698 1.770 nan 0.1800 25.26289 2454967.211760 833.5 0
>Kepler-271: 283.0029316 44.2841080 11.745 0.870 0.900 5555.0 4.52 -0.13
 Kepler-271 b: 3.405 1.230 nan 0.0902 10.43548 2454967.823340 831.8 0
 Kepler-271 c: 3.277 0.950 nan 0.0718 7.41086 2454968.752730 932.3 0
 Kepler-271 d: 2.766 0.660 nan 0.0571 5.24973 2454968.465120 1045.8 0
>Kepler-272: 299.1275257 47.5938319 12.708 0.929 0.825 5297.0 4.43 0.16
 Kepler-272 b: 2.648 1.430 78.000 0.0380 2.97135 2454967.386750 1262.9 0
 Kepler-272 c: 3.695 1.790 97.800 0.0610 6.05734 2454968.925490 996.8 0
 Kepler-272 d: 3.084 2.250 nan 0.0910 10.93730 2454969.985030 816.1 0
>Kepler-273: 291.3021458 47.6976573 13.217 0.815 0.808 5626.0 4.51 0.01
 Kepler-273 b: 1.704 1.500 nan 0.0370 2.93653 2454968.714820 1273.2 0
 Kepler-273 c: 3.379 1.980 nan 0.0730 8.01493 2454967.832020 906.5 0
>Kepler-274: 292.9227926 38.4772173 13.456 1.007 1.028 6023.0 4.44 -0.21
 Kepler-274 b: 5.541 1.540 nan 0.1010 11.63479 2454973.496960 917.1 0
 Kepler-274 c: 4.544 1.840 nan 0.2040 33.19786 2454975.100440 645.3 0
>Kepler-275: 292.4797004 38.5149018 13.957 1.383 1.185 6165.0 4.23 0.21
 Kepler-275 b: 4.967 2.340 nan 0.0980 10.30068 2454975.739990 1116.8 0
 Kepler-275 c: 5.888 3.380 nan 0.1320 16.08813 2454972.497450 962.3 0
 Kepler-275 d: 7.634 3.330 nan 0.2240 35.67606 2454978.000660 738.7 0
>Kepler-276: 293.5681970 39.0363123 13.838 1.030 1.100 6102.0 4.46 0.00
 Kepler-276 b: 3.733 2.826 731.209 0.1190 14.12841 2454975.895150 872.8 0
 Kepler-276 c: 6.122 2.900 16.600 0.2031 31.88400 2454993.206960 662.6 0
 Kepler-276 d: 4.563 2.800 16.300 0.2692 48.64800 2455005.132700 575.5 0
>Kepler-277: 286.5831894 39.0772582 11.966 1.690 1.120 5941.0 4.03 0.04
 Kepler-277 b: 8.333 2.920 87.300 0.1361 17.32400 2454975.097100 1009.6 0
 Kepler-277 c: 7.201 3.360 64.200 0.2091 33.00600 2454978.390730 814.4 0
>Kepler-278: 290.1072124 38.7022694 9.465 2.861 1.227 4965.0 3.58 0.22
 Kepler-278 b: 7.803 3.955 56.000 0.2020 30.15560 2455695.372700 901.0 0
 Kepler-278 c: 10.851 3.268 34.900 0.2870 51.11100 2455700.411800 755.9 0
>Kepler-279: 287.3912950 42.1948220 12.509 1.746 1.237 6363.0 4.05 -0.58
 Kepler-279 b: 5.868 3.620 4180.930 0.1120 12.30968 2454970.686440 1211.5 0
 Kepler-279 c: 8.995 7.017 49.400 0.2192 35.73600 2454984.108010 866.0 0
 Kepler-279 d: 8.559 5.059 37.500 0.2901 54.41400 2454981.704710 752.7 0
 Kepler-279 e: 24.708 4.247 56.000 0.0958 98.35310 2455050.883000 1310.1 0
>Kepler-28: 292.1370409 42.4294835 12.719 0.664 0.684 4499.3 4.29 0.34
 Kepler-28 b: 2.770 1.959 1.630 0.0564 5.91000 2454975.622700 744.7 0
 Kepler-28 c: 3.028 1.857 2.060 0.0746 8.99000 2455008.682730 647.5 0
>Kepler-280: 291.3905325 42.1804735 12.844 0.886 0.955 5744.0 4.54 0.00
 Kepler-280 b: 2.020 1.450 nan 0.0320 2.13954 2454966.652600 1457.4 0
 Kepler-280 c: 0.901 2.010 nan 0.0560 4.80709 2454967.642490 1101.7 0
>Kepler-281: 294.1081465 44.7706524 13.994 0.899 0.996 5723.0 4.53 0.00
 Kepler-281 b: 6.293 2.820 324.000 0.1170 14.64601 2454969.516910 765.0 0
 Kepler-281 c: 6.809 5.310 161.124 0.2150 36.33737 2454993.400920 564.3 0
 Kepler-281 d: 4.192 6.038 557.000 0.5453 148.27200 2454971.005570 351.0 0
>Kepler-282: 284.6772402 44.7976401 13.650 0.890 0.970 6102.0 4.53 -0.38
 Kepler-282 b: 4.847 0.994 nan 0.0820 9.22052 2454971.054440 896.9 0
 Kepler-282 c: 5.573 1.181 nan 0.1060 13.63872 2454974.778090 788.9 0
 Kepler-282 d: 6.636 2.460 61.000 0.1648 24.80600 2454978.073212 683.8 0
 Kepler-282 e: 6.399 3.100 56.200 0.2427 44.34700 2454994.319040 563.4 0
>Kepler-283: 293.6137413 47.8389380 13.139 0.566 0.607 4351.0 4.72 -0.37
 Kepler-283 b: 2.087 2.130 nan 0.0820 11.00815 2454976.226260 551.2 0
 Kepler-283 c: 6.279 1.820 nan 0.3410 92.74371 2455006.311450 270.3 0
>Kepler-284: 293.1465698 47.7297053 14.079 0.814 0.931 5615.0 4.58 -0.02
 Kepler-284 b: 2.819 2.240 nan 0.1040 12.69915 2455017.985150 757.5 0
 Kepler-284 c: 5.352 2.610 nan 0.2130 37.51446 2455022.300680 529.3 0
>Kepler-285: 291.3908469 48.0655392 13.319 0.808 0.897 5411.0 4.58 0.16
 Kepler-285 b: 2.061 1.340 nan 0.0360 2.63387 2454967.562810 1236.1 0
 Kepler-285 c: 2.908 1.120 nan 0.0640 6.18668 2454969.633510 927.1 0
>Kepler-286: 290.6761874 48.2942362 14.121 0.863 0.852 5580.0 4.50 -0.12
 Kepler-286 b: 1.974 1.240 nan 0.0270 1.79630 2454966.330570 1521.2 0
 Kepler-286 c: 2.305 1.370 nan 0.0420 3.46809 2454969.003180 1219.7 0
 Kepler-286 d: 2.655 1.330 nan 0.0610 5.91432 2454966.486980 1012.1 0
 Kepler-286 e: 3.930 1.770 nan 0.1760 29.22129 2454972.330170 595.8 0
>Kepler-287: 290.9274282 48.4434588 13.135 1.032 0.983 5806.0 4.40 -0.08
 Kepler-287 b: 2.257 2.330 83.000 0.1450 20.34220 2454970.698750 746.9 0
 Kepler-287 c: 3.584 3.260 66.000 0.2460 44.85190 2455005.463000 573.4 0
>Kepler-288: 288.9163997 39.5947523 13.587 1.091 0.982 5918.0 4.35 0.06
 Kepler-288 b: 3.306 1.670 nan 0.0650 6.09733 2455187.064120 1169.1 0
 Kepler-288 c: 4.192 2.850 nan 0.1400 19.30577 2455206.190550 796.6 0
 Kepler-288 d: 6.039 2.670 nan 0.2870 56.63374 2454968.552960 556.4 0
>Kepler-289: 297.4653351 42.8828517 12.508 1.000 1.080 5990.0 4.47 0.05
 Kepler-289 b: 3.355 2.490 3.700 0.2157 34.53830 2454965.687900 621.9 0
 Kepler-289 c: 8.067 11.230 157.180 0.5067 125.87230 2455069.673400 405.8 0
 Kepler-289 d: 3.557 3.030 5.330 0.3280 66.02820 2454975.624000 504.4 0
 Kepler-289 e: 4.295 2.629 17.400 2.0567 330.07160 2455173.987000 201.4 0
>Kepler-29: 298.3483820 47.4913021 13.657 0.732 0.761 5378.0 4.60 -0.44
 Kepler-29 b: 3.041 2.550 5.000 0.0849 10.33974 2455003.384250 761.3 0
 Kepler-29 c: 3.283 2.340 4.500 0.1002 13.28613 2455005.119320 700.8 0
>Kepler-290: 286.4100307 42.6815137 13.452 0.743 0.834 5147.0 4.62 -0.04
 Kepler-290 b: 2.404 2.250 nan 0.1100 14.58935 2454974.934130 645.0 0
 Kepler-290 c: 4.278 2.700 nan 0.2050 36.77031 2454997.293160 472.5 0
 Kepler-290 d: 1.103 0.850 nan 0.0154 0.76402 2454965.221400 1736.1 0
>Kepler-291: 287.9163029 42.4372666 14.150 1.016 1.101 6002.0 4.47 0.07
 Kepler-291 b: 2.266 2.160 nan 0.0470 3.54651 2454967.901120 1345.6 0
 Kepler-291 c: 1.647 1.880 nan 0.0650 5.70079 2454965.686740 1144.2 0
>Kepler-292: 295.7661979 42.4242822 13.970 0.826 0.843 5299.0 4.54 0.08
 Kepler-292 b: 2.092 1.320 nan 0.0350 2.58083 2455004.562140 1241.3 0
 Kepler-292 c: 2.320 1.470 nan 0.0450 3.71534 2455002.791980 1094.7 0
 Kepler-292 d: 3.145 2.230 nan 0.0680 7.05568 2455014.909730 890.6 0
 Kepler-292 e: 4.094 2.670 nan 0.0970 11.97901 2455011.966400 745.6 0
 Kepler-292 f: 4.341 2.350 nan 0.1410 20.83424 2455019.032490 618.5 0
>Kepler-293: 286.3580611 42.4064917 13.661 0.957 1.075 5804.0 4.50 0.04
 Kepler-293 b: 4.533 3.070 nan 0.1440 19.25420 2454997.781330 721.5 0
 Kepler-293 c: 4.608 3.830 nan 0.2860 54.15574 2455005.365150 512.0 0
>Kepler-294: 287.3920392 46.0592578 14.172 0.976 1.087 5913.0 4.49 -0.02
 Kepler-294 b: 2.476 1.770 nan 0.0480 3.70121 2455013.275930 1285.7 0
 Kepler-294 c: 3.175 2.710 nan 0.0710 6.62640 2455016.988180 1057.2 0
>Kepler-295: 285.3458383 45.3677754 12.717 0.898 0.824 5603.0 4.44 -0.03
 Kepler-295 b: 8.613 1.220 nan 0.0990 12.64516 2454971.625360 813.7 0
 Kepler-295 c: 8.213 1.170 nan 0.1420 21.52626 2454965.287200 679.4 0
 Kepler-295 d: 5.373 1.360 nan 0.1920 33.88405 2454993.006250 584.3 0
>Kepler-296: 286.5400278 49.4372614 12.600 0.480 0.498 3740.0 4.77 -0.08
 Kepler-296 b: 2.696 1.610 nan 0.0790 10.86438 2454964.128500 444.5 0
 Kepler-296 c: 2.104 2.000 nan 0.0521 5.84164 2454968.922900 547.4 0
 Kepler-296 d: 2.923 2.090 nan 0.1180 19.85029 2454966.649600 363.7 0
 Kepler-296 e: 3.109 1.530 nan 0.1690 34.14211 2454969.035000 303.9 0
 Kepler-296 f: 3.370 1.800 nan 0.2550 63.33627 2454995.606900 247.4 0
>Kepler-297: 283.2091605 48.7776156 12.780 0.915 0.902 5619.0 4.47 -0.12
 Kepler-297 b: 6.125 2.870 48.500 0.2170 38.87183 2455004.287130 556.4 0
 Kepler-297 c: 4.794 6.540 42.100 0.3360 74.92014 2454958.037700 447.1 0
 Kepler-297 d: 4.382 33.220 nan 0.5230 150.01895 2455057.685714 354.8 0
>Kepler-298: 283.0398448 48.8253303 13.075 0.582 0.622 4465.0 4.71 -0.21
 Kepler-298 b: 2.320 1.960 nan 0.0800 10.47546 2454985.641560 580.7 0
 Kepler-298 c: 2.398 1.930 nan 0.1360 22.92881 2455156.033720 445.4 0
 Kepler-298 d: 4.433 2.500 nan 0.3050 77.47363 2455017.247350 297.4 0
>Kepler-299: 283.2070156 48.5805222 13.436 1.032 0.969 5617.0 4.39 0.12
 Kepler-299 b: 2.546 1.320 nan 0.0400 2.92713 2454966.828580 1375.8 0
 Kepler-299 c: 4.009 2.650 nan 0.0700 6.88588 2454971.409550 1040.0 0
 Kepler-299 d: 4.279 1.860 nan 0.1180 15.05479 2454977.585570 801.0 0
 Kepler-299 e: 5.638 1.870 nan 0.2200 38.28549 2454976.307470 586.6 0
>Kepler-30: 285.2836483 38.9472625 13.581 0.950 0.990 5498.0 4.77 0.18
 Kepler-30 b: 5.254 3.900 11.300 0.1800 29.33434 2455246.647600 609.1 0
 Kepler-30 c: 5.741 12.300 640.000 0.3000 60.32310 2455357.887042 471.8 0
 Kepler-30 d: 9.512 8.800 23.100 0.5000 143.34394 2455273.530200 365.4 0
>Kepler-300: 295.2886934 48.5997243 12.742 0.900 1.015 5986.0 4.53 0.04
 Kepler-300 b: 2.190 1.670 nan 0.0940 10.44635 2454966.278030 893.2 0
 Kepler-300 c: 8.692 2.250 nan 0.2320 40.71496 2454979.564430 568.5 0
>Kepler-301: 283.9829040 49.2329512 12.706 0.900 0.991 5815.0 4.53 -0.18
 Kepler-301 b: 2.294 1.350 nan 0.0360 2.50855 2454968.010100 1402.0 0
 Kepler-301 c: 2.281 1.350 nan 0.0600 5.41903 2454964.644670 1086.0 0
 Kepler-301 d: 3.958 1.750 nan 0.1120 13.75124 2454977.612270 794.9 0
>Kepler-302: 294.3169307 43.6292436 13.900 1.220 1.053 5740.0 4.29 0.18
 Kepler-302 b: 5.940 4.060 nan 0.1930 30.18410 2454979.640060 695.9 0
 Kepler-302 c: 7.160 12.450 nan 0.5030 127.28218 2454996.889370 431.1 0
>Kepler-303: 283.1354742 43.6567036 11.596 0.485 0.492 3944.0 4.77 -0.41
 Kepler-303 b: 1.535 0.890 nan 0.0240 1.93705 2454967.718670 854.9 0
 Kepler-303 c: 1.054 1.140 nan 0.0570 7.06115 2454969.271870 554.8 0
>Kepler-304: 294.4418031 40.5575408 12.626 0.687 0.729 4731.0 4.63 0.56
 Kepler-304 b: 1.797 2.860 nan 0.0390 3.29571 2454966.964820 957.5 0
 Kepler-304 c: 1.114 2.170 nan 0.0540 5.31595 2454965.428920 813.7 0
 Kepler-304 d: 2.987 2.750 nan 0.0800 9.65347 2454967.855890 668.5 0
 Kepler-304 e: 1.442 1.099 nan 0.0238 1.49915 2454966.068570 1286.5 0
>Kepler-305: 299.2242557 40.3431670 13.702 0.800 0.760 5103.0 4.51 0.04
 Kepler-305 b: 2.903 3.600 10.500 0.0556 5.48700 2455189.077290 933.7 0
 Kepler-305 c: 3.414 3.300 6.000 0.0732 8.29100 2455192.633120 813.7 0
 Kepler-305 d: 2.417 2.788 6.200 0.1202 16.74000 2455192.417920 630.0 0
 Kepler-305 e: 2.162 1.735 nan 0.0398 3.20538 2455187.630000 1093.2 0
>Kepler-306: 288.5387145 40.6160545 13.503 0.719 0.765 4954.0 4.61 -0.10
 Kepler-306 b: 2.316 1.520 nan 0.0500 4.64619 2455187.590580 905.9 0
 Kepler-306 c: 3.052 2.350 nan 0.0670 7.24019 2455188.013280 782.6 0
 Kepler-306 d: 4.777 2.470 nan 0.1200 17.32664 2455193.508850 584.7 0
 Kepler-306 e: 5.484 2.270 nan 0.2270 44.84098 2455192.873870 425.1 0
>Kepler-307: 297.7950939 40.4176403 12.321 0.814 0.907 5367.0 4.36 0.19
 Kepler-307 b: 2.779 2.430 7.440 0.0904 10.42080 2456464.315700 776.7 0
 Kepler-307 c: 3.137 2.200 3.640 0.1051 13.07290 2456465.266600 720.1 0
>Kepler-308: 295.7852423 40.4395753 14.187 0.941 1.049 5895.0 4.51 -0.10
 Kepler-308 b: 2.609 2.120 nan 0.0900 9.69493 2455015.456170 919.2 0
 Kepler-308 c: 3.951 2.160 nan 0.1230 15.38231 2454972.082770 786.2 0
>Kepler-309: 297.5098911 46.9614121 12.852 0.721 0.775 4713.0 4.61 -0.28
 Kepler-309 b: 2.787 1.560 nan 0.0590 5.92365 2454967.682390 794.5 0
 Kepler-309 c: 3.658 2.510 nan 0.4010 105.35638 2454971.683920 304.7 0
>Kepler-31: 294.0230229 45.8530535 13.871 1.220 1.210 6340.0 4.70 -0.08
 Kepler-31 b: 4.992 5.500 36.742 0.1600 20.86130 2454992.141000 844.2 0
 Kepler-31 c: 6.024 5.300 1493.700 0.2600 42.63180 2454974.191000 662.2 0
 Kepler-31 d: 8.256 3.900 2161.244 0.4000 87.64510 2454967.942000 533.9 0
>Kepler-310: 288.8392780 46.9867472 12.626 0.876 0.932 5797.0 4.52 -0.30
 Kepler-310 b: 2.104 1.190 nan 0.1110 13.93070 2454967.426730 785.3 0
 Kepler-310 c: 6.133 3.380 nan 0.2810 56.47542 2454976.813090 493.6 0
 Kepler-310 d: 7.126 2.470 7.000 0.3920 92.87613 2454978.925670 417.9 0
>Kepler-311: 282.0612731 47.0854984 12.418 1.188 1.043 5905.0 4.31 -0.10
 Kepler-311 b: 4.342 1.700 nan 0.0870 9.17609 2454971.717400 1052.2 0
 Kepler-311 c: 4.860 1.430 nan 0.1450 19.73829 2454966.285290 815.0 0
 Kepler-311 d: 12.235 2.109 nan 0.7326 232.04033 2455095.253100 357.6 0
>Kepler-312: 298.3957687 42.4597712 11.596 1.467 1.225 6115.0 4.19 0.15
 Kepler-312 b: 2.453 1.290 nan 0.0310 1.77242 2454965.087780 2028.4 0
 Kepler-312 c: 3.376 3.150 nan 0.1530 19.74741 2454980.103600 913.1 0
>Kepler-313: 298.2948708 48.7754000 12.517 1.536 1.163 5727.0 4.13 -0.12
 Kepler-313 b: 5.858 2.530 nan 0.1250 14.97042 2454967.500600 968.1 0
 Kepler-313 c: 6.510 2.570 nan 0.2080 32.27327 2454982.103310 750.5 0
>Kepler-314: 294.6741507 42.0756037 10.778 0.950 0.984 5378.0 4.46 0.36
 Kepler-314 b: 2.293 0.830 nan 0.0350 2.46107 2454966.314410 1351.1 0
 Kepler-314 c: 2.765 2.900 nan 0.0640 5.96039 2454970.264850 999.1 0
>Kepler-315: 298.0230967 43.3634761 13.581 1.037 0.938 5796.0 4.38 -0.40
 Kepler-315 b: 8.360 3.770 nan 0.4020 96.10114 2455020.732320 448.9 0
 Kepler-315 c: 10.184 4.150 nan 0.7910 265.46934 2454984.068380 320.0 0
>Kepler-316: 290.8258350 44.1838993 12.542 0.520 0.558 4204.0 4.74 -0.32
 Kepler-316 b: 1.390 1.060 nan 0.0270 2.24051 2454970.821560 889.6 0
 Kepler-316 c: 2.419 1.160 nan 0.0580 6.82777 2454971.614010 607.0 0
>Kepler-317: 294.9438822 39.0320499 13.668 0.941 0.992 5497.0 4.49 0.16
 Kepler-317 b: 2.672 2.090 109.800 0.0610 5.52424 2454968.619310 1041.1 0
 Kepler-317 c: 2.857 1.720 nan 0.0830 8.77501 2454966.709800 892.5 0
>Kepler-318: 298.4828337 46.7936357 11.766 1.189 1.078 5746.0 4.33 0.16
 Kepler-318 b: 2.746 4.710 nan 0.0560 4.66272 2454967.081790 1276.7 0
 Kepler-318 c: 2.556 3.680 nan 0.1050 11.81501 2454966.089650 932.4 0
>Kepler-319: 288.8119782 39.7706431 12.208 0.903 0.930 5526.0 4.49 -0.08
 Kepler-319 b: 2.194 1.630 nan 0.0510 4.36271 2454968.230730 1121.3 0
 Kepler-319 c: 1.791 2.630 nan 0.0690 6.94136 2454970.542850 964.0 0
 Kepler-319 d: 3.863 2.290 nan 0.1910 31.78193 2454967.866670 579.4 0
>Kepler-32: 297.8423073 46.5743595 12.757 0.530 0.580 3900.0 4.64 0.00
 Kepler-32 b: 2.112 2.200 1303.000 0.0500 5.90124 2454974.902000 612.3 0
 Kepler-32 c: 2.328 2.000 158.900 0.0900 8.75220 2454977.378000 456.4 0
 Kepler-32 d: 2.976 2.700 67.481 0.1300 22.78020 2454988.211000 379.7 0
 Kepler-32 e: 1.272 1.500 4.082 0.0330 2.89600 2454966.610000 753.7 0
 Kepler-32 f: 0.936 0.820 969.228 0.0130 0.74296 2454965.540000 1200.8 0
>Kepler-320: 293.2135155 46.1751457 12.307 1.108 1.188 6435.0 4.42 -0.30
 Kepler-320 b: 4.040 1.140 nan 0.0850 8.37155 2454970.677040 1120.3 0
 Kepler-320 c: 5.260 1.370 nan 0.1420 17.93494 2454971.218200 866.8 0
>Kepler-321: 294.4536991 44.1457626 11.249 1.194 1.023 5740.0 4.30 0.12
 Kepler-321 b: 2.725 1.770 nan 0.0570 4.91538 2454965.695430 1266.8 0
 Kepler-321 c: 2.140 2.320 nan 0.1100 13.09392 2454977.523740 911.9 0
>Kepler-322: 281.3487514 44.2952525 11.837 0.890 0.941 5388.0 4.50 0.05
 Kepler-322 b: 1.672 1.010 nan 0.0270 1.65389 2454965.191710 1491.7 0
 Kepler-322 c: 2.454 1.670 nan 0.0510 4.33723 2454965.849590 1085.4 0
>Kepler-323: 291.3822988 38.1274595 11.354 1.120 1.015 6004.0 4.21 -0.14
 Kepler-323 b: 2.512 1.381 3.900 0.0278 1.67833 2454953.947800 1838.3 0
 Kepler-323 c: 3.045 1.570 6.800 0.0458 3.55382 2454956.982300 1431.7 0
>Kepler-324: 286.4714473 49.6490933 12.291 0.840 0.867 5194.0 4.53 0.08
 KOI-1831 d: 5.254 1.137 2.230 0.1990 34.16900 2454981.924379 516.8 0
 Kepler-324 b: 2.488 1.140 2414.400 0.0500 4.38532 2454972.226560 1026.6 0
 Kepler-324 c: 6.589 3.150 6.200 0.2600 51.80561 2455016.000490 450.2 0
 Kepler-324 e: 1.148 2.073 235.014 0.1073 13.97940 2454975.337470 694.4 0
>Kepler-325: 289.8354219 49.8256070 13.351 1.003 0.962 5752.0 4.41 -0.18
 Kepler-325 b: 1.756 2.910 nan 0.0530 4.54444 2454967.900100 1206.6 0
 Kepler-325 c: 1.838 2.540 nan 0.1050 12.76217 2454976.730160 857.3 0
 Kepler-325 d: 3.458 2.790 nan 0.2200 38.71518 2454967.030900 592.2 0
>Kepler-326: 294.3255898 46.0022646 11.673 0.801 0.865 5105.0 4.56 0.04
 Kepler-326 b: 2.071 1.520 44.600 0.0320 2.24833 2454966.424210 1231.6 0
 Kepler-326 c: 2.142 1.400 17.400 0.0510 4.58036 2454967.076050 975.6 0
 Kepler-326 d: 1.631 1.210 6.900 0.0660 6.76689 2454969.616050 857.6 0
>Kepler-327: 292.6422963 44.0876251 11.956 0.492 0.510 3799.0 4.76 0.04
 Kepler-327 b: 1.667 1.110 nan 0.0290 2.54957 2454965.604880 754.5 0
 Kepler-327 c: 2.129 1.030 20.300 0.0470 5.21233 2454965.706640 592.7 0
 Kepler-327 d: 1.408 1.730 nan 0.0900 13.96946 2454965.171040 428.3 0
>Kepler-328: 295.8092756 40.0084866 14.187 1.060 1.150 6167.0 4.44 0.07
 Kepler-328 b: 9.874 2.300 28.500 0.2191 34.92100 2454990.631700 654.2 0
 Kepler-328 c: 8.682 5.400 39.400 0.3526 71.31200 2455036.705159 515.6 0
>Kepler-329: 299.2681646 45.2272852 12.693 0.523 0.551 4257.0 4.74 -0.44
 Kepler-329 b: 2.168 1.400 nan 0.0610 7.41640 2454968.853350 601.1 0
 Kepler-329 c: 3.948 1.930 nan 0.1130 18.68474 2454969.148410 441.6 0
>Kepler-33: 289.0775348 46.0051696 12.591 1.820 1.291 5904.0 4.03 0.03
 Kepler-33 b: 4.880 1.740 nan 0.0677 5.66793 2454964.898100 1476.1 0
 Kepler-33 c: 6.700 3.200 0.390 0.1189 13.17562 2454976.676400 1113.8 0
 Kepler-33 d: 8.011 5.350 11.700 0.1662 21.77596 2455022.634200 942.1 0
 Kepler-33 e: 8.900 4.020 5.500 0.2138 31.78440 2454968.871500 830.6 0
 Kepler-33 f: 9.870 4.460 9.650 0.2535 41.02902 2455005.576300 762.8 0
>Kepler-330: 288.4474035 44.8017616 13.259 0.722 0.818 5117.0 4.64 0.16
 Kepler-330 b: 3.005 1.350 nan 0.0750 8.25978 2454986.983090 765.6 0
 Kepler-330 c: 3.917 1.950 nan 0.1160 15.95539 2454976.303710 615.6 0
>Kepler-331: 291.8343455 39.3073462 13.343 0.492 0.512 4347.0 4.77 0.12
 Kepler-331 b: 2.304 1.820 nan 0.0650 8.45750 2454966.869540 576.7 0
 Kepler-331 c: 2.772 1.840 nan 0.1050 17.28111 2454969.007980 453.7 0
 Kepler-331 d: 2.815 1.640 nan 0.1590 32.13433 2454975.268230 368.7 0
>Kepler-332: 286.6627811 47.4136938 11.974 0.720 0.787 4955.0 4.61 -0.13
 Kepler-332 b: 2.370 1.170 nan 0.0700 7.62632 2454969.016720 766.3 0
 Kepler-332 c: 3.379 1.090 nan 0.1140 15.99562 2454977.238340 600.5 0
 Kepler-332 d: 4.709 1.180 nan 0.1890 34.21154 2454987.577320 466.4 0
>Kepler-333: 292.2861201 40.9135429 12.118 0.534 0.558 4259.0 4.73 -0.20
 Kepler-333 b: 3.216 1.320 28.200 0.0870 12.55116 2454970.261420 508.8 0
 Kepler-333 c: 3.990 1.110 nan 0.1350 24.08821 2454967.425470 408.5 0
>Kepler-334: 287.1406177 47.1151153 11.409 1.068 1.012 5828.0 4.38 -0.01
 Kepler-334 b: 3.041 1.120 nan 0.0610 5.47032 2454964.494670 1175.9 0
 Kepler-334 c: 4.088 1.430 nan 0.1070 12.75801 2454966.957900 887.9 0
 Kepler-334 d: 2.767 1.410 nan 0.1680 25.09849 2454978.569450 708.6 0
>Kepler-335: 296.0642944 45.4285986 12.496 1.854 1.307 5877.0 4.02 0.28
 Kepler-335 b: 4.035 3.390 nan 0.0750 6.56233 2454965.606350 1409.0 0
 Kepler-335 c: 12.157 3.070 nan 0.3560 67.84447 2454982.499280 646.7 0
>Kepler-336: 290.2376224 41.3313637 12.144 1.304 1.127 5867.0 4.26 0.34
 Kepler-336 b: 2.762 1.020 nan 0.0330 2.02482 2454965.356110 1778.4 0
 Kepler-336 c: 4.243 2.100 nan 0.0920 9.60000 2454969.581770 1065.1 0
 Kepler-336 d: 4.515 2.370 nan 0.1540 20.67877 2454984.691390 823.2 0
>Kepler-337: 290.0605123 47.1639533 11.183 1.761 1.121 5684.0 4.00 0.09
 Kepler-337 b: 4.767 1.540 nan 0.0450 3.29278 2454966.009660 1714.6 0
 Kepler-337 c: 5.509 2.050 nan 0.0930 9.69320 2454965.811500 1192.7 0
>Kepler-338: 282.9790593 40.7844188 10.756 1.735 1.134 5923.0 4.02 -0.03
 Kepler-338 b: 7.288 2.440 30.600 0.1170 13.72698 2454971.748330 1099.8 0
 Kepler-338 c: 8.820 2.340 nan 0.1720 24.31086 2454970.041470 907.1 0
 Kepler-338 d: 10.624 3.000 nan 0.2570 44.43101 2454976.541980 742.1 0
 Kepler-338 e: 6.215 1.560 8.500 0.0907 9.34100 2454965.386370 1249.3 0
>Kepler-339: 293.3517010 48.4445922 12.874 0.802 0.897 5631.0 4.59 0.03
 Kepler-339 b: 2.553 1.420 nan 0.0550 4.97766 2454967.671510 1036.9 0
 Kepler-339 c: 3.150 1.150 7.300 0.0690 6.98806 2454965.561100 925.7 0
 Kepler-339 d: 3.410 1.170 14.700 0.0910 10.55834 2454969.346630 806.1 0
>Kepler-34: 296.4358022 44.6415369 13.238 1.162 1.048 5913.0 4.33 -0.07
 Kepler-34 b: nan 8.564 69.920 1.0896 288.82200 2454969.200000 294.4 0
>Kepler-340: 295.9334710 40.3005515 11.583 1.850 1.444 6620.0 4.06 -0.02
 Kepler-340 b: 5.626 2.530 nan 0.1340 14.84439 2454976.582890 1186.1 0
 Kepler-340 c: 6.614 3.370 nan 0.1780 22.82467 2454977.466160 1029.1 0
>Kepler-341: 289.8615609 43.4727412 12.994 1.024 1.064 6012.0 4.44 -0.14
 Kepler-341 b: 3.816 1.180 nan 0.0600 5.19553 2454965.735200 1197.6 0
 Kepler-341 c: 4.216 1.700 nan 0.0800 8.01041 2454968.315340 1037.2 0
 Kepler-341 d: 6.048 1.850 nan 0.1820 27.66631 2454976.868290 687.6 0
 Kepler-341 e: 7.168 1.990 nan 0.2420 42.47327 2454979.278150 596.3 0
>Kepler-342: 292.6780488 46.7266813 11.957 1.472 1.216 6175.0 4.19 0.10
 Kepler-342 b: 4.016 2.250 nan 0.1280 15.17032 2454965.662830 1009.8 0
 Kepler-342 c: 2.435 1.960 nan 0.1850 26.23414 2454974.998660 839.9 0
 Kepler-342 d: 8.164 2.490 nan 0.2420 39.45936 2454969.461520 734.4 0
 Kepler-342 e: 2.782 1.039 nan 0.0294 1.64422 2454964.751130 2070.8 0
>Kepler-343: 291.9606620 42.4329567 12.683 1.433 1.130 5807.0 4.18 0.14
 Kepler-343 b: 4.326 2.410 nan 0.0880 8.96855 2454972.389910 1130.0 0
 Kepler-343 c: 2.708 2.020 nan 0.1670 23.22182 2454984.066400 820.3 0
>Kepler-344: 292.4996101 46.3243406 13.660 0.976 0.990 5774.0 4.45 0.04
 Kepler-344 b: 2.676 2.610 nan 0.1530 21.96394 2454966.036480 703.2 0
 Kepler-344 c: 7.533 2.950 nan 0.4880 125.59681 2455048.441670 393.8 0
>Kepler-345: 295.2288521 45.9710432 11.551 0.623 0.691 4504.0 4.68 0.19
 Kepler-345 b: 1.971 0.740 0.500 0.0660 7.41556 2454970.815080 667.3 0
 Kepler-345 c: 1.555 1.200 2.200 0.0770 9.38743 2454970.380840 617.8 0
>Kepler-346: 288.0119248 46.1176003 13.582 1.021 1.126 6033.0 4.46 -0.02
 Kepler-346 b: 1.509 2.660 nan 0.0710 6.51113 2454964.705700 1103.2 0
 Kepler-346 c: 2.385 3.070 nan 0.1680 23.85155 2454980.616560 717.2 0
>Kepler-347: 289.1995995 49.3056404 13.047 1.005 1.084 6088.0 4.47 -0.06
 Kepler-347 b: 6.244 1.970 nan 0.1100 12.79836 2454966.648160 887.3 0
 Kepler-347 c: 3.927 1.750 nan 0.1830 27.32087 2454987.306180 688.0 0
 Kepler-347 d: 9.331 2.106 nan 0.3802 85.51734 2455014.351000 526.8 0
>Kepler-348: 297.2550814 40.5483883 11.377 1.359 1.176 6177.0 4.24 -0.13
 Kepler-348 b: 1.909 1.520 nan 0.0760 7.05677 2454965.531780 1259.5 0
 Kepler-348 c: 5.187 1.330 nan 0.1380 17.26543 2454968.356580 934.7 0
>Kepler-349: 293.6764689 44.6155972 13.176 0.927 1.042 5956.0 4.52 0.21
 Kepler-349 b: 2.364 1.900 94.500 0.0650 5.92978 2454968.491180 1084.6 0
 Kepler-349 c: 3.278 1.960 nan 0.1050 12.24763 2454971.217010 853.4 0
>Kepler-35: 294.4969550 46.6896733 13.875 1.028 0.888 5606.0 4.36 -0.34
 Kepler-35 b: nan 8.160 40.363 0.6035 131.45800 2454965.850000 352.9 0
>Kepler-350: 285.4195845 39.7061009 12.393 1.250 1.000 6188.0 4.24 -0.08
 Kepler-350 b: 5.120 1.507 26.234 0.1040 11.18956 2454973.631080 1145.6 0
 Kepler-350 c: 5.892 3.100 6.100 0.1337 17.84900 2454981.391170 912.5 0
 Kepler-350 d: 6.604 2.800 14.900 0.1724 26.13600 2454964.617800 803.6 0
>Kepler-351: 286.4527949 42.6577891 14.097 0.854 0.952 5643.0 4.56 -0.16
 Kepler-351 b: 5.122 3.060 4.800 0.2140 37.05492 2455033.200330 543.6 0
 Kepler-351 c: 5.923 3.190 11.100 0.2870 57.24809 2455017.694170 469.4 0
 Kepler-351 d: 8.949 2.987 nan 0.4978 142.54425 2455035.885200 315.4 0
>Kepler-352: 299.8966237 46.0519022 11.132 0.781 0.810 5212.0 4.57 -0.11
 Kepler-352 b: 2.963 0.860 nan 0.0850 10.05537 2455006.233020 761.8 0
 Kepler-352 c: 2.122 1.240 nan 0.1180 16.33300 2454969.906480 646.6 0
 Kepler-352 d: 2.425 0.816 nan 0.0657 6.88728 2454965.068970 861.1 0
>Kepler-353: 296.8565596 41.7580749 12.808 0.504 0.518 3903.0 4.75 -0.20
 Kepler-353 b: 2.184 0.890 nan 0.0510 5.79528 2454969.781970 591.6 0
 Kepler-353 c: 2.253 1.380 nan 0.0650 8.41089 2454966.805050 524.1 0
>Kepler-354: 285.7515347 41.3356739 13.160 0.674 0.700 4648.0 4.63 -0.04
 Kepler-354 b: 2.503 1.840 nan 0.0540 5.47666 2454968.702040 791.8 0
 Kepler-354 c: 3.456 1.310 nan 0.1150 16.93440 2454970.267720 542.6 0
 Kepler-354 d: 4.373 1.240 nan 0.1460 24.20984 2454974.476300 481.6 0
>Kepler-355: 285.7994917 42.8117427 13.673 1.066 1.153 6184.0 4.44 -0.06
 Kepler-355 b: 4.935 1.460 nan 0.1020 11.03189 2455195.338200 964.0 0
 Kepler-355 c: 6.816 2.710 nan 0.1790 25.76229 2454980.704570 727.7 0
>Kepler-356: 292.4210998 37.6827919 11.704 1.335 1.161 6133.0 4.26 -0.02
 Kepler-356 b: 2.972 1.570 nan 0.0570 4.61270 2454965.774630 1431.2 0
 Kepler-356 c: 3.626 1.810 nan 0.1150 13.12163 2454966.393100 1007.6 0
>Kepler-357: 291.2429746 44.0086337 13.408 0.834 0.811 5036.0 4.50 0.06
 Kepler-357 b: 2.651 1.840 nan 0.0630 6.47543 2454970.579410 883.6 0
 Kepler-357 c: 2.016 2.670 nan 0.1200 16.85837 2454975.342640 640.2 0
 Kepler-357 d: 6.594 3.430 nan 0.2460 49.49988 2454972.049460 447.1 0
>Kepler-358: 293.2302333 48.2813901 13.652 0.954 1.065 5908.0 4.50 0.04
 Kepler-358 b: 2.461 2.720 nan 0.2100 34.06047 2454974.363270 607.2 0
 Kepler-358 c: 6.088 2.850 nan 0.3810 83.48837 2455021.538140 450.8 0
>Kepler-359: 293.2936129 42.1963497 14.487 1.086 1.160 6248.0 4.43 0.08
 Kepler-359 b: 4.284 3.530 nan 0.1780 25.56322 2455208.284390 744.2 0
 Kepler-359 c: 4.161 4.300 2.900 0.3070 57.68802 2454972.941360 566.7 0
 Kepler-359 d: 3.476 4.010 2.700 0.3720 77.09569 2455035.673920 514.8 0
>Kepler-36: 291.2501859 49.2318073 10.788 1.634 1.034 5979.0 4.10 -0.18
 Kepler-36 b: 7.422 1.498 3.830 0.1142 13.86825 2454974.648740 1090.4 0
 Kepler-36 c: 7.460 3.679 7.130 0.1268 16.21865 2455004.697600 1034.9 0
>Kepler-360: 286.2847077 44.7815817 13.228 1.058 1.090 6053.0 4.42 -0.12
 Kepler-360 b: 2.312 1.650 nan 0.0440 3.28967 2454964.756030 1431.3 0
 Kepler-360 c: 1.406 2.100 nan 0.0750 7.18643 2454969.622730 1096.3 0
>Kepler-361: 296.8034146 46.7411011 12.198 1.343 1.178 6169.0 4.25 -0.14
 Kepler-361 b: 5.176 1.450 nan 0.0860 8.48662 2454971.017340 1175.5 0
 Kepler-361 c: 9.167 2.520 nan 0.3000 55.18802 2455013.750180 629.4 0
>Kepler-362: 291.7716030 47.5299192 12.784 0.722 0.825 5788.0 4.64 -0.16
 Kepler-362 b: 1.803 0.880 nan 0.0870 10.32719 2454972.379300 804.0 0
 Kepler-362 c: 4.769 1.450 nan 0.2070 37.86628 2454967.357830 521.2 0
>Kepler-363: 283.1920779 41.3054172 11.697 1.485 1.156 5593.0 4.15 0.40
 Kepler-363 b: 3.401 1.160 nan 0.0480 3.61457 2454967.696560 1500.1 0
 Kepler-363 c: 4.900 1.690 66.400 0.0790 7.54243 2454965.954220 1169.3 0
 Kepler-363 d: 6.350 2.050 nan 0.1070 11.93212 2454975.105320 1004.7 0
>Kepler-364: 281.5699998 47.3986233 12.388 1.284 1.135 6108.0 4.27 -0.08
 Kepler-364 b: 6.983 1.550 nan 0.1780 25.74572 2454968.950580 791.1 0
 Kepler-364 c: 6.582 2.150 nan 0.3120 59.98063 2455009.150250 597.5 0
>Kepler-365: 295.6265640 49.1304110 13.145 1.048 1.104 6012.0 4.43 -0.04
 Kepler-365 b: 3.293 2.040 nan 0.0980 10.66490 2454965.009940 948.0 0
 Kepler-365 c: 3.862 1.640 nan 0.1370 17.78413 2454979.905240 801.8 0
>Kepler-366: 296.8520316 49.0844359 13.351 1.048 1.133 6209.0 4.45 -0.06
 Kepler-366 b: 2.851 1.460 nan 0.0450 3.28196 2454965.418970 1444.9 0
 Kepler-366 c: 4.838 1.790 nan 0.1100 12.51616 2454968.028600 924.1 0
>Kepler-367: 297.2925580 49.9817499 10.674 0.695 0.758 4710.0 4.63 0.00
 Kepler-367 b: 4.631 1.300 nan 0.2010 37.81572 2454974.097980 422.3 0
 Kepler-367 c: 5.236 1.200 nan 0.2530 53.57864 2455004.183620 376.4 0
>Kepler-368: 291.8800180 45.3878419 11.175 2.019 1.191 5502.0 3.90 0.13
 Kepler-368 b: 10.085 3.260 nan 0.1860 26.84768 2454975.167760 874.1 0
 Kepler-368 c: 7.685 3.880 nan 0.3600 72.37933 2455012.534200 628.3 0
>Kepler-369: 293.6743322 47.9084727 12.395 0.471 0.501 3591.0 4.79 -0.10
 Kepler-369 b: 1.037 1.130 nan 0.0300 2.73276 2455187.095550 686.1 0
 Kepler-369 c: 2.427 1.410 nan 0.0940 14.87157 2454970.691140 387.6 0
>Kepler-37: 284.0592503 44.5183733 7.942 0.789 0.790 5357.0 4.57 -0.36
 Kepler-37 b: 3.733 0.310 0.790 0.1019 13.36702 2455017.047300 718.8 0
 Kepler-37 c: 4.088 0.755 1.300 0.1390 21.30185 2455024.839970 615.4 0
 Kepler-37 d: 4.447 2.030 2.000 0.2109 39.79226 2455008.249820 499.6 0
 Kepler-37 e: 8.994 0.396 8.100 0.2505 51.19600 2455028.730000 458.5 0
>Kepler-370: 292.1710683 40.9162381 13.550 0.900 1.012 5852.0 4.53 -0.16
 Kepler-370 b: 3.282 1.590 nan 0.0540 4.57953 2454968.097280 1152.0 0
 Kepler-370 c: 3.418 1.910 nan 0.1400 19.02293 2454972.661610 715.5 0
>Kepler-371: 292.3264835 38.6575441 12.344 0.992 0.883 5666.0 4.39 -0.21
 Kepler-371 b: 4.174 1.890 nan 0.2000 34.76328 2454994.734890 608.5 0
 Kepler-371 c: 7.802 1.780 nan 0.3130 67.96801 2454996.562900 486.4 0
>Kepler-372: 291.2562253 49.2589288 13.559 1.137 1.212 6509.0 4.41 -0.14
 Kepler-372 b: 4.120 1.360 nan 0.0750 6.84969 2454967.680690 1222.1 0
 Kepler-372 c: 6.031 2.090 nan 0.1540 20.05376 2454969.580350 852.8 0
 Kepler-372 d: 7.499 1.690 nan 0.2010 30.09257 2454982.030830 746.5 0
>Kepler-373: 289.3879904 50.5970115 12.859 0.845 0.940 5787.0 4.56 0.07
 Kepler-373 b: 2.864 1.360 nan 0.0600 5.53531 2454965.760480 1047.2 0
 Kepler-373 c: 2.875 1.240 nan 0.1260 16.72595 2454976.748680 722.7 0
>Kepler-374: 294.1378921 42.3704075 13.136 0.911 0.903 5977.0 4.48 0.11
 Kepler-374 b: 2.641 1.030 nan 0.0290 1.89781 2454965.678540 1615.4 0
 Kepler-374 c: 3.309 1.100 nan 0.0420 3.28281 2454964.899720 1342.3 0
 Kepler-374 d: 3.440 1.310 nan 0.0560 5.02822 2454967.107410 1162.5 0
>Kepler-375: 288.6178715 48.0983639 14.081 0.837 0.935 5826.0 4.57 0.14
 Kepler-375 b: 3.040 1.450 nan 0.1010 12.12593 2454975.104450 808.7 0
 Kepler-375 c: 3.810 2.650 nan 0.1410 19.98633 2454968.523420 684.5 0
>Kepler-376: 291.6071451 38.4103192 12.320 1.175 1.010 5900.0 4.30 -0.10
 Kepler-376 b: 3.915 1.070 nan 0.0570 4.92020 2454968.407940 1291.7 0
 Kepler-376 c: 2.610 1.790 nan 0.1150 14.17233 2454975.597950 909.4 0
>Kepler-377: 295.4220717 38.7356737 12.469 1.224 1.102 5949.0 4.30 0.05
 Kepler-377 b: 4.022 1.390 nan 0.1090 12.50953 2454970.007580 961.3 0
 Kepler-377 c: 5.776 2.060 nan 0.1820 27.01498 2454965.508420 743.9 0
>Kepler-378: 294.9489697 46.4388673 10.201 0.671 0.724 4661.0 4.65 0.02
 Kepler-378 b: 1.937 0.750 nan 0.1120 16.09236 2454975.513490 550.1 0
 Kepler-378 c: 3.043 0.700 nan 0.1660 28.90601 2454991.821720 451.9 0
>Kepler-379: 295.7010981 38.9458209 12.005 1.306 1.173 6054.0 4.27 -0.06
 Kepler-379 b: 5.105 1.660 nan 0.1520 20.09838 2455040.575900 855.7 0
 Kepler-379 c: 4.678 2.290 nan 0.3260 62.78470 2454990.303590 584.3 0
>Kepler-38: 286.8303120 42.2791434 12.342 1.752 0.941 5623.0 3.93 -0.11
 Kepler-38 b: nan 4.300 122.000 0.4632 105.59900 2454932.104000 527.3 0
>Kepler-380: 282.3947017 48.7591334 12.289 1.224 1.079 6045.0 4.29 -0.16
 Kepler-380 b: 2.962 1.190 nan 0.0500 3.93082 2454968.198960 1442.2 0
 Kepler-380 c: 2.949 1.270 nan 0.0780 7.63000 2454970.080710 1154.7 0
>Kepler-381: 285.1828685 43.8310283 9.504 1.568 1.210 6152.0 4.12 -0.20
 Kepler-381 b: 3.913 0.990 nan 0.0660 5.62902 2454967.746160 1445.9 0
 Kepler-381 c: 3.417 1.120 nan 0.1170 13.39164 2454966.055060 1086.0 0
 Kepler-381 d: 1.990 0.764 nan 0.0849 8.25630 2454970.925360 1516.9 0
>Kepler-382: 299.1362435 45.8699582 12.890 0.945 0.802 5600.0 4.40 -0.32
 Kepler-382 b: 3.229 1.320 nan 0.0550 5.26215 2454969.367740 1119.3 0
 Kepler-382 c: 1.958 1.590 nan 0.0970 12.16270 2454970.532670 842.9 0
>Kepler-383: 291.3426078 38.3631616 12.674 0.672 0.687 4710.0 4.62 -0.16
 Kepler-383 b: 3.322 1.320 nan 0.0950 12.90453 2454977.319850 604.1 0
 Kepler-383 c: 3.718 1.240 nan 0.1720 31.20075 2454973.075680 448.9 0
>Kepler-384: 286.0261113 44.7828571 12.038 0.882 0.847 5577.0 4.47 -0.46
 Kepler-384 b: 6.031 1.120 nan 0.1480 22.59705 2454973.419900 656.5 0
 Kepler-384 c: 4.657 1.130 nan 0.2360 45.34827 2454975.250800 519.9 0
>Kepler-385: 294.3385109 50.3365178 13.819 1.126 1.207 6326.0 4.41 0.04
 Kepler-385 b: 4.597 2.730 12.800 0.0970 10.04369 2455186.625030 1039.3 0
 Kepler-385 c: 6.804 3.040 13.200 0.1270 15.16316 2454977.457410 908.3 0
 Kepler-385 d: 7.869 2.548 nan 0.2926 56.41590 2454996.132700 558.9 0
>Kepler-386: 289.8589165 48.6938077 13.605 0.767 0.783 5178.0 4.56 -0.22
 Kepler-386 b: 3.939 1.390 nan 0.0960 12.31043 2454974.863050 705.8 0
 Kepler-386 c: 4.634 1.580 nan 0.1550 25.19346 2454979.432090 555.4 0
>Kepler-387: 287.7982699 45.6567655 12.536 1.046 0.909 5774.0 4.35 -0.30
 Kepler-387 b: 3.197 1.030 nan 0.0680 6.79164 2454969.487300 1092.0 0
 Kepler-387 c: 3.256 0.890 nan 0.0980 11.83755 2454975.212100 909.6 0
>Kepler-388: 284.8280577 44.6086451 12.544 0.586 0.618 4498.0 4.69 0.00
 Kepler-388 b: 2.042 0.810 nan 0.0360 3.17332 2454966.699650 875.1 0
 Kepler-388 c: 3.277 0.860 nan 0.0930 13.29700 2454973.947880 544.5 0
>Kepler-389: 291.9600082 44.9000587 13.896 0.792 0.874 5376.0 4.57 -0.10
 Kepler-389 b: 2.094 1.510 nan 0.0410 3.24411 2454965.944080 1139.4 0
 Kepler-389 c: 2.967 1.460 nan 0.1100 14.51143 2454976.860260 695.6 0
>Kepler-39: 296.9603348 46.0342954 12.918 1.400 1.290 6350.0 4.40 0.10
 Kepler-39 b: 5.960 13.900 6388.100 0.1640 21.08721 2455942.607080 894.6 0
>Kepler-390: 291.6288086 41.2088351 12.075 0.776 0.807 5166.0 4.57 -0.12
 Kepler-390 b: 2.377 0.820 nan 0.0650 6.73809 2454966.322690 860.7 0
 Kepler-390 c: 2.665 0.790 nan 0.1010 13.06002 2454977.331210 690.5 0
>Kepler-391: 290.6218844 51.0573453 10.970 2.879 1.270 5038.0 3.62 0.04
 Kepler-391 b: 7.120 2.500 1100.000 0.0830 7.41750 2455690.395900 1430.8 0
 Kepler-391 c: 10.299 2.880 450.000 0.1640 20.50100 2455696.912300 1017.9 0
>Kepler-392: 288.6608260 43.3681938 12.121 1.129 0.960 5938.0 4.32 -0.14
 Kepler-392 b: 3.043 1.000 nan 0.0590 5.34185 2454969.301410 1252.5 0
 Kepler-392 c: 2.266 1.100 nan 0.0930 10.42312 2454968.152860 997.7 0
>Kepler-393: 290.9952050 45.1921880 11.995 1.382 1.192 6189.0 4.23 -0.01
 Kepler-393 b: 4.343 1.290 nan 0.0910 9.18242 2454967.048130 1163.0 0
 Kepler-393 c: 5.401 1.330 nan 0.1240 14.61361 2454973.412400 996.3 0
>Kepler-394: 296.3019792 50.6723115 13.384 1.132 1.190 6402.0 4.41 -0.30
 Kepler-394 b: 3.419 1.600 nan 0.0830 8.00501 2454971.710690 1140.1 0
 Kepler-394 c: 3.819 1.660 nan 0.1100 12.13069 2454972.897290 990.3 0
 Kepler-394 d: 2.950 1.543 nan 0.0646 5.61358 2454964.814990 1273.7 0
>Kepler-395: 293.5111889 45.1366252 12.948 0.556 0.604 4262.0 4.73 -0.50
 Kepler-395 b: 1.909 1.030 nan 0.0610 7.05435 2454969.191360 620.5 0
 Kepler-395 c: 4.459 1.320 nan 0.1770 34.98926 2454977.222650 364.2 0
>Kepler-396: 296.1328135 48.9773095 10.285 1.060 0.850 5579.0 4.32 -0.12
 Kepler-396 b: 4.601 3.500 75.500 0.2275 42.99400 2454995.498417 580.7 0
 Kepler-396 c: 6.931 5.300 17.900 0.3682 88.50500 2455015.677038 456.5 0
>Kepler-397: 295.8940373 42.3805156 13.900 0.767 0.804 5307.0 4.57 -0.24
 Kepler-397 b: 1.689 2.460 nan 0.1440 22.25095 2454982.430670 590.6 0
 Kepler-397 c: 6.901 6.180 nan 0.4800 135.49853 2455066.690380 323.5 0
>Kepler-398: 291.4688524 40.3437001 10.794 0.613 0.682 4493.0 4.69 0.05
 Kepler-398 b: 2.287 0.930 nan 0.0440 4.08142 2454966.857950 808.7 0
 Kepler-398 c: 3.342 1.010 nan 0.0870 11.41941 2454975.117680 575.1 0
 Kepler-398 d: 2.154 0.785 nan 0.0632 6.83437 2454969.863470 715.6 0
>Kepler-399: 299.5017242 40.6707669 12.698 0.680 0.698 5502.0 4.62 -0.82
 Kepler-399 b: 3.686 0.960 nan 0.1030 14.42528 2454969.751980 681.7 0
 Kepler-399 c: 2.758 1.430 nan 0.1550 26.67569 2454982.999080 555.7 0
 Kepler-399 d: 5.435 1.890 nan 0.2610 58.03462 2454971.733230 428.2 0
>Kepler-4: 285.6154492 50.1357712 10.805 1.487 1.223 5857.0 4.17 0.17
 Kepler-4 b: 4.111 4.002 24.472 0.0456 3.21346 2454956.612700 1612.8 0
>Kepler-40: 296.8136883 47.5265446 13.270 2.130 1.480 6510.0 3.94 0.10
 Kepler-40 b: 6.860 13.110 699.200 0.0800 6.87349 2455005.519800 1619.8 0
>Kepler-400: 290.9444679 40.4800528 12.296 1.145 1.079 5886.0 4.35 0.00
 Kepler-400 b: 3.128 1.650 nan 0.0870 9.02439 2454966.538480 1029.7 0
 Kepler-400 c: 3.425 1.490 nan 0.1340 17.34082 2454971.966550 829.7 0
>Kepler-401: 290.0827494 50.8634361 11.987 1.333 1.171 6117.0 4.25 0.02
 Kepler-401 b: 8.729 1.710 nan 0.1220 14.38303 2454973.559680 975.0 0
 Kepler-401 c: 10.579 2.150 nan 0.2690 47.31822 2455003.060410 656.6 0
 Kepler-401 d: 11.283 2.293 nan 0.6678 184.25641 2455088.258100 414.5 0
>Kepler-402: 288.3701976 43.3546109 11.993 1.264 1.118 6090.0 4.28 -0.08
 Kepler-402 b: 2.985 1.220 nan 0.0510 4.02875 2454966.769020 1462.0 0
 Kepler-402 c: 3.467 1.560 nan 0.0680 6.12482 2454967.936000 1266.1 0
 Kepler-402 d: 3.838 1.380 nan 0.0870 8.92110 2454970.490950 1119.3 0
 Kepler-402 e: 4.194 1.460 nan 0.1020 11.24286 2454969.316550 1033.8 0
>Kepler-403: 289.9214256 46.7445267 11.537 1.329 1.184 6090.0 4.27 0.06
 Kepler-403 b: 5.848 1.250 nan 0.0760 7.03146 2454967.451610 1228.0 0
 Kepler-403 c: 5.373 1.750 nan 0.2970 54.28075 2454973.717200 621.2 0
 Kepler-403 d: 7.508 1.298 nan 0.1202 13.61159 2454977.172090 1040.0 0
>Kepler-404: 286.3985796 45.3435241 13.477 0.884 1.012 5654.0 4.54 -0.04
 Kepler-404 b: 5.635 1.270 nan 0.1020 11.82985 2454970.617640 802.6 0
 Kepler-404 c: 1.166 1.720 nan 0.1180 14.75117 2454970.137600 746.2 0
>Kepler-405: 291.4094615 38.3400107 14.056 0.893 1.015 5818.0 4.54 -0.14
 Kepler-405 b: 3.538 2.080 nan 0.0950 10.61384 2455196.736760 860.1 0
 Kepler-405 c: 1.534 4.660 nan 0.1880 29.72668 2456560.203980 611.4 0
>Kepler-406: 291.8481764 44.9682807 10.970 1.070 1.070 5538.0 4.41 0.18
 Kepler-406 b: 2.634 1.430 6.350 0.0361 2.42629 2455003.456800 1453.0 0
 Kepler-406 c: 3.036 0.850 2.710 0.0556 4.62332 2454965.374380 1172.0 0
>Kepler-407: 286.0363025 49.6145027 10.911 1.040 0.990 5487.0 4.30 0.35
 Kepler-407 b: 1.285 1.190 1.930 0.0149 0.66931 2454967.120070 2208.7 0
 Kepler-407 c: nan nan 4000.000 4.0709 3000.00000 nan 131.5 0
>Kepler-408: 284.7862158 48.4232622 7.486 1.230 1.080 6104.0 4.29 -0.20
 Kepler-408 b: 1.262 0.820 5.000 0.0366 2.46502 2454965.679280 1705.4 0
>Kepler-409: 293.6792058 46.8527337 7.768 0.897 0.913 5421.0 4.50 0.05
 Kepler-409 b: 3.085 1.199 6.000 0.3192 68.95832 2455012.082900 438.2 0
>Kepler-41: 294.5132465 45.9816453 12.892 1.290 1.150 5750.0 4.28 0.38
 Kepler-41 b: 2.434 14.460 177.980 0.0310 1.85556 2455187.280482 1788.3 0
>Kepler-410 A: 283.1510448 45.1400838 8.140 1.352 1.214 6273.0 4.26 0.01
 Kepler-410 A b: 3.642 2.838 nan 0.1226 17.83365 2460364.345637 1004.5 0
>Kepler-411: 287.6057027 49.5233937 10.062 0.820 0.870 4920.0 4.62 0.07
 Kepler-411 b: 2.075 2.401 25.600 0.0375 3.00516 2455135.387400 1109.4 0
 Kepler-411 c: 3.126 4.421 26.400 0.0739 7.83444 2454968.222400 790.3 0
 Kepler-411 d: 5.669 3.319 15.200 0.2790 58.02035 2454984.848400 406.7 0
 Kepler-411 e: nan nan 10.800 0.1860 31.50973 nan 498.1 0
>Kepler-412: 286.1103053 43.6809612 12.837 1.287 1.167 5750.0 4.30 0.27
 Kepler-412 b: 2.035 15.031 299.078 0.0290 1.72086 2454966.021220 1848.1 0
>Kepler-413: 288.5106679 51.1624235 13.415 0.776 0.820 4700.0 4.57 -0.20
 Kepler-413 b: nan 4.347 67.000 0.3553 66.26200 2455096.640000 335.0 0
>Kepler-414: 297.9615616 48.2443363 11.698 0.946 0.890 5497.0 4.44 0.02
 Kepler-414 b: 2.792 1.710 3.500 0.0528 4.70000 2454954.212525 1121.8 0
 Kepler-414 c: 2.941 3.010 29.900 0.0700 7.17100 2455009.664892 974.4 0
>Kepler-415: 293.8045041 38.6390517 13.378 0.643 0.670 4523.0 4.65 -0.18
 Kepler-415 b: 2.358 1.210 119.900 0.0444 4.17600 2455185.995600 829.9 0
 Kepler-415 c: 2.455 2.055 nan 0.0725 8.70800 2455196.061000 649.6 0
>Kepler-416: 291.5569554 39.2272923 12.510 1.075 1.000 5670.0 4.40 0.06
 Kepler-416 b: 3.498 2.480 58.200 0.0669 6.31900 2455186.409614 1096.1 0
 Kepler-416 c: 3.929 2.539 nan 0.1038 12.20900 2455193.322740 880.0 0
 Kepler-416 d: 2.633 1.691 nan 0.0407 3.07645 2455186.764300 1370.1 0
>Kepler-417: 293.8241813 42.7796480 13.922 0.806 0.900 5376.0 4.58 -0.02
 Kepler-417 b: 3.066 2.310 11.000 0.1009 12.33100 2455194.974400 732.9 0
 Kepler-417 c: 3.493 2.697 nan 0.1197 15.94300 2454979.330040 672.7 0
>Kepler-418: 294.4335228 38.3554729 13.103 1.090 0.980 5820.0 4.35 -0.05
 Kepler-418 b: 10.224 13.450 349.611 0.4278 86.67856 2455008.597500 448.0 0
 Kepler-418 c: 2.891 5.265 nan 0.1023 12.21830 2454973.320500 912.6 0
>Kepler-419: 295.4179125 51.1847629 11.859 1.740 1.390 6430.0 4.10 0.18
 Kepler-419 b: 5.486 10.800 794.500 0.3700 69.75460 2455029.087730 672.4 0
 Kepler-419 c: nan nan 2320.100 1.6800 675.47000 nan 315.5 0
>Kepler-42: 292.2196000 44.6173667 11.465 0.170 0.130 3068.0 5.09 -0.33
 Kepler-42 b: 0.536 0.780 0.706 0.0116 1.21377 2455003.483290 566.3 0
 Kepler-42 c: 0.456 0.730 60.337 0.0060 0.45329 2454966.869520 787.5 0
 Kepler-42 d: 0.513 0.570 0.358 0.0154 1.86517 2454966.784700 491.5 0
>Kepler-421: 283.2568116 45.0876823 11.535 0.757 0.794 5308.0 4.61 -0.25
 Kepler-421 b: 15.790 4.160 nan 1.2190 704.19840 2455325.767400 201.7 0
>Kepler-422: 282.6296334 46.3232807 12.041 1.240 1.150 5972.0 4.31 0.23
 Kepler-422 b: 4.371 12.890 136.660 0.0820 7.89145 2455010.250050 1119.8 0
>Kepler-423: 292.8557189 46.3911883 12.779 0.950 0.850 5560.0 4.41 -0.10
 Kepler-423 b: 2.722 13.361 189.101 0.0358 2.68433 2454966.354810 1380.1 0
>Kepler-424: 298.6249797 48.5774500 12.470 0.940 1.010 5460.0 4.50 0.44
 Kepler-424 b: 1.231 9.980 327.350 0.0440 3.31186 2454964.742700 1216.9 0
 Kepler-424 c: nan nan 2215.180 0.7300 223.30000 nan 298.8 1
>Kepler-425: 290.3579781 40.5676965 12.806 0.860 0.930 5170.0 4.54 0.24
 Kepler-425 b: 2.353 10.962 79.450 0.0464 3.79702 2454966.508785 1073.3 0
>Kepler-426: 289.4346668 49.4734550 13.212 0.920 0.910 5725.0 4.47 -0.21
 Kepler-426 b: 2.191 12.220 108.060 0.0414 3.21752 2454966.631964 1301.4 0
>Kepler-427: 288.2545808 43.7048379 12.777 1.350 0.960 5800.0 4.14 -0.19
 Kepler-427 b: 4.286 13.790 92.170 0.0910 10.29099 2454970.022070 1077.2 0
>Kepler-428: 290.5817432 40.5773106 13.234 0.800 0.870 5150.0 4.57 0.09
 Kepler-428 b: 2.614 12.110 403.630 0.0433 3.52563 2455003.048008 1067.4 0
>Kepler-43: 285.2408288 46.6682411 12.549 1.420 1.320 6041.0 4.26 0.33
 Kepler-43 b: 2.802 13.664 1026.591 0.0460 3.02409 2454965.416240 1618.5 0
>Kepler-430: 292.8085984 49.5794242 12.391 1.485 1.166 5884.0 4.15 0.20
 Kepler-430 b: 2.839 3.250 nan 0.2244 35.96800 2454971.668850 729.9 0
 Kepler-430 c: 12.388 1.750 nan 0.4757 110.97900 2454980.056400 501.3 0
>Kepler-431: 281.1123072 43.2277663 10.649 1.092 1.071 6004.0 4.40 0.07
 Kepler-431 b: 4.631 0.764 nan 0.0719 6.80300 2454971.035620 1128.3 0
 Kepler-431 c: 4.807 0.668 nan 0.0847 8.70300 2454973.155310 1039.5 0
 Kepler-431 d: 4.932 1.110 nan 0.1045 11.92200 2454970.475090 935.9 0
>Kepler-432: 293.2822344 48.2859173 10.121 4.060 1.320 4995.0 3.35 -0.07
 Kepler-432 b: 14.931 12.834 1719.460 0.3010 52.50113 2455949.537400 884.6 0
 Kepler-432 c: nan nan 772.327 1.1775 406.20000 nan 447.3 1
>Kepler-433: 297.5936232 40.9772546 12.826 2.260 1.460 6360.0 3.89 -0.01
 Kepler-433 b: 6.178 16.250 896.240 0.0679 5.33408 2454964.981520 1769.3 0
>Kepler-434: 293.5863887 42.9288624 13.039 1.380 1.198 5977.0 4.24 0.25
 Kepler-434 b: 2.288 12.670 908.960 0.1143 12.87471 2455003.022830 1001.5 0
>Kepler-435: 292.2873012 43.1972542 12.291 3.210 1.538 6161.0 3.61 -0.18
 Kepler-435 b: 9.003 22.310 266.970 0.0948 8.60015 2455010.642410 1728.8 0
>Kepler-436: 301.7207775 44.4120856 13.333 0.697 0.729 4651.0 4.62 0.01
 Kepler-436 b: 4.670 2.730 nan 0.3390 64.00205 2455477.630700 321.6 0
 Kepler-436 c: 3.238 2.319 nan 0.1166 16.79714 2454967.042210 557.4 0
>Kepler-437: 297.3473326 44.0269249 11.847 0.680 0.707 4551.0 4.63 0.00
 Kepler-437 b: 5.590 2.140 nan 0.2880 66.65062 2455670.687600 337.2 0
>Kepler-438: 281.6457236 41.9510686 11.199 0.520 0.544 3748.0 4.74 0.16
 Kepler-438 b: 3.480 1.120 nan 0.1660 35.23319 2455673.030700 319.9 0
>Kepler-439: 280.8015188 44.0339733 12.919 0.866 0.884 5431.0 4.51 0.02
 Kepler-439 b: 9.590 2.240 nan 0.5630 178.13960 2455399.398700 324.8 0
>Kepler-44: 300.1023512 45.7621918 12.878 1.350 1.120 5800.0 4.22 0.15
 Kepler-44 b: 3.124 12.220 317.820 0.0446 3.24673 2455187.156400 1538.7 0
>Kepler-440: 285.3500664 41.4523695 12.121 0.559 0.575 4134.0 4.71 -0.30
 Kepler-440 b: 7.950 1.860 nan 0.2420 101.11141 2455756.298600 303.0 0
>Kepler-441: 284.5669540 49.0127077 12.288 0.550 0.572 4340.0 4.71 -0.57
 Kepler-441 b: 6.050 1.640 nan 0.6400 207.24820 2455667.776400 194.0 0
>Kepler-442: 285.3666029 39.2800704 12.488 0.598 0.609 4402.0 4.67 -0.37
 Kepler-442 b: 5.620 1.340 nan 0.4090 112.30530 2455849.557800 256.7 0
>Kepler-443: 288.6104839 49.9685458 13.815 0.706 0.738 4723.0 4.61 -0.01
 Kepler-443 b: 8.950 2.330 nan 0.4950 177.66930 2455630.246000 272.0 0
>Kepler-444: 289.7528323 41.6318840 6.703 0.752 0.758 5046.0 4.56 -0.55
 Kepler-444 b: 2.474 0.403 nan 0.0418 3.60011 2454966.259900 1032.3 0
 Kepler-444 c: 1.737 0.497 nan 0.0488 4.54588 2454964.522000 955.1 0
 Kepler-444 d: 2.211 0.530 0.200 0.0600 6.18939 2454967.786900 861.4 0
 Kepler-444 e: 2.785 0.546 0.100 0.0696 7.74349 2454968.092700 799.8 0
 Kepler-444 f: 1.691 0.741 nan 0.0811 9.74049 2454967.879100 740.9 0
>Kepler-445: 298.7363395 46.4991236 12.610 0.210 0.180 3157.0 4.90 0.27
 Kepler-445 b: 1.030 1.580 nan 0.0214 2.98415 2454966.119400 476.6 0
 Kepler-445 c: 1.229 2.510 nan 0.0295 4.87123 2454966.640800 406.1 0
 Kepler-445 d: 1.386 1.250 nan 0.0419 8.15275 2454836.751223 340.6 0
>Kepler-446: 282.2501047 44.9210020 12.827 0.240 0.220 3359.0 4.79 -0.30
 Kepler-446 b: 0.646 1.500 nan 0.0158 1.56541 2454965.913500 630.3 0
 Kepler-446 c: 0.943 1.110 nan 0.0250 3.03618 2454967.069573 501.8 0
 Kepler-446 d: 0.883 1.350 nan 0.0353 5.14892 2454966.319600 422.5 0
>Kepler-447: 285.2685283 48.5598835 10.806 1.050 1.000 5493.0 4.40 0.07
 Kepler-447 b: 1.135 18.490 435.410 0.0769 7.79430 2454970.259778 978.8 0
>Kepler-449: 293.7327870 41.9006366 9.701 1.467 0.969 5649.2 4.09 -0.17
 Kepler-449 b: 6.329 2.056 nan 0.1048 12.58242 2455008.022020 1019.3 0
 Kepler-449 c: 8.659 2.764 nan 0.2019 33.67270 2454995.039600 734.2 0
>Kepler-45: 292.8729292 41.0641727 12.892 0.550 0.590 3820.0 4.70 0.28
 Kepler-45 b: 1.744 10.760 160.497 0.0300 2.45524 2455003.821749 788.7 0
>Kepler-450: 295.4865821 51.0135237 10.429 1.642 1.190 6197.2 4.08 0.13
 Kepler-450 b: 8.159 6.140 62.298 0.1933 28.45485 2455009.706270 870.9 0
 Kepler-450 c: 6.609 2.620 12.500 0.1284 15.41314 2454969.942320 1068.3 0
 Kepler-450 d: 4.865 0.837 17.600 0.0796 7.51464 2454969.185100 1357.4 0
>Kepler-452: 296.0037520 44.2775861 11.852 1.110 1.037 5757.0 4.32 0.21
 Kepler-452 b: 10.630 1.630 nan 1.0460 384.84300 2455147.985000 286.0 0
>Kepler-453: 283.2413322 46.3784691 11.920 0.833 0.944 5527.0 4.57 0.09
 Kepler-453 b: nan 6.204 16.000 0.7903 240.50300 nan 273.6 0
>Kepler-454: 287.4786474 38.2290751 9.968 1.066 1.030 5687.0 4.40 0.32
 Kepler-454 b: 1.695 2.370 5.400 0.0953 10.57375 2455008.067580 917.3 0
 Kepler-454 c: nan nan 1433.406 1.2870 524.19000 2457151.870000 249.6 1
 Kepler-454 d: nan nan 734.184 5.1000 4073.00000 2458433.000000 125.4 1
>Kepler-46: 289.2687388 42.6041819 13.347 0.938 0.902 5155.0 4.45 0.41
 Kepler-46 b: 4.374 9.057 1907.000 0.1968 33.60134 2455053.282600 542.7 0
 Kepler-46 c: nan nan 119.499 0.2799 57.01100 nan 455.1 0
 Kepler-46 d: 2.598 1.947 nan 0.0670 6.76659 2454971.058910 879.1 0
>Kepler-461: 292.2490563 46.1647909 11.917 0.910 0.980 5634.0 4.51 0.04
 Kepler-461 b: 2.993 2.580 nan 0.0798 8.31378 2455008.991576 917.6 0
>Kepler-462: 299.8211502 43.8142793 10.851 1.570 1.590 7500.0 4.22 0.05
 Kepler-462 b: 10.021 3.000 53.900 0.4405 84.68660 2454983.568970 682.8 0
 Kepler-462 c: 7.069 4.000 6.000 0.8009 207.62000 2455122.883110 506.4 0
>Kepler-463: 298.9368228 44.8578644 11.209 0.900 0.870 5661.0 4.47 -0.28
 Kepler-463 b: 1.874 3.050 nan 0.0807 8.98102 2454969.649263 911.5 0
>Kepler-464: 294.8351052 48.9823204 11.338 1.590 1.210 5933.0 4.11 0.19
 Kepler-464 b: 4.864 3.300 nan 0.0782 7.25697 2454967.023293 1290.3 0
>Kepler-465: 284.5557853 46.0638865 11.456 1.290 1.230 6310.0 4.31 0.09
 Kepler-465 b: 3.901 2.950 nan 0.0969 9.94067 2454968.215073 1109.9 0
>Kepler-466: 295.6486585 48.4955191 11.367 1.050 1.040 5927.0 4.42 -0.01
 Kepler-466 b: 6.373 2.850 nan 0.2730 51.07926 2455018.180649 560.5 0
 Kepler-466 c: 2.558 1.250 nan 0.0475 3.70921 2454966.983730 1343.6 0
>Kepler-467: 287.3629145 38.6497341 10.897 1.370 1.050 5809.0 4.18 0.06
 Kepler-467 b: 5.908 2.250 nan 0.1700 24.99324 2454971.682380 795.1 0
>Kepler-468: 288.9022829 49.3704079 12.029 0.870 0.960 5498.0 4.54 0.10
 Kepler-468 b: 5.058 13.340 nan 0.2200 38.47876 2454984.853006 527.2 0
>Kepler-47: 295.2978883 46.9204303 13.535 0.936 0.957 5636.0 4.49 -0.25
 Kepler-47 b: nan 3.050 2.070 0.2877 49.46430 2454968.642700 490.2 0
 Kepler-47 c: nan 4.650 3.170 0.9638 303.22700 2454944.362000 267.8 0
 Kepler-47 d: nan 7.040 19.020 0.6992 187.36600 2455045.428000 314.4 0
>Kepler-471: 299.0975167 43.4975851 12.562 1.800 1.490 6733.0 4.10 0.07
 Kepler-471 b: 4.612 14.960 nan 0.0655 5.01423 2454966.174258 1702.2 0
>Kepler-472: 296.5245187 39.2498503 11.461 0.780 0.850 4996.0 4.59 0.16
 Kepler-472 b: 3.701 3.220 nan 0.0481 4.17626 2454966.090341 970.4 0
>Kepler-473: 286.6300796 38.9455907 11.731 1.340 1.060 5816.0 4.21 0.12
 Kepler-473 b: 7.772 4.080 nan 0.1190 14.55732 2454978.094662 941.2 0
>Kepler-474: 292.3215174 43.8811723 11.910 1.080 0.990 5785.0 4.36 -0.01
 Kepler-474 b: 4.672 3.060 nan 0.0620 5.66067 2454970.415501 1164.7 0
>Kepler-475: 287.0516940 40.2114232 11.241 0.790 0.860 5009.0 4.58 0.21
 Kepler-475 b: 1.721 2.490 nan 0.0396 3.10551 2454966.210436 1078.6 0
>Kepler-476: 295.1637592 43.9630716 12.297 1.090 1.030 5837.0 4.38 0.04
 Kepler-476 b: 4.681 3.080 nan 0.1148 14.00641 2454975.209317 867.1 0
>Kepler-477: 288.0674450 42.3553050 11.729 0.790 0.870 5240.0 4.58 -0.04
 Kepler-477 b: 3.330 2.070 nan 0.0931 11.11991 2454972.752936 736.1 0
>Kepler-478: 292.4870063 46.1961870 12.005 0.800 0.850 5210.0 4.56 -0.03
 Kepler-478 b: 2.907 2.710 nan 0.1037 13.22176 2454972.570157 697.9 0
>Kepler-479: 291.0218899 37.7698734 11.716 0.810 0.860 5247.0 4.56 -0.02
 Kepler-479 b: 2.238 2.120 nan 0.1002 12.49341 2454971.461536 719.3 0
>Kepler-48: 299.1393094 40.9489390 11.221 0.890 0.880 5194.0 4.49 0.17
 Kepler-48 b: 2.749 1.880 3.940 0.0532 4.77800 2454957.061130 1024.4 0
 Kepler-48 c: 4.400 2.710 14.610 0.0851 9.67395 2454958.339250 809.7 0
 Kepler-48 d: 5.625 2.040 7.930 0.2298 42.89610 2454979.065540 492.9 0
 Kepler-48 e: nan nan 657.000 1.8529 982.00000 nan 173.6 0
 Kepler-48 f: nan nan 298.581 5.7192 5219.68185 nan 98.8 1
>Kepler-480: 294.4639165 49.7650473 12.065 1.340 1.250 6322.0 4.28 0.11
 Kepler-480 b: 4.188 2.780 nan 0.0610 4.91958 2454967.602759 1429.0 0
>Kepler-481: 291.9069862 49.2620760 12.383 1.090 1.010 5802.0 4.36 0.03
 Kepler-481 b: 4.578 2.500 nan 0.0915 10.06083 2454971.967520 965.6 0
>Kepler-482: 296.8229326 48.1077628 11.536 0.720 0.750 4871.0 4.60 -0.13
 Kepler-482 b: 3.290 2.360 nan 0.2614 56.35419 2454977.836370 389.8 0
>Kepler-483: 291.6467764 41.8846843 12.222 1.470 1.280 6346.0 4.21 0.09
 Kepler-483 b: 6.466 3.210 nan 0.2062 30.22910 2454967.520380 817.0 0
>Kepler-484: 284.3942844 46.2491109 11.482 0.870 0.960 5668.0 4.54 -0.10
 Kepler-484 b: 3.199 2.280 nan 0.0899 10.04557 2454962.093273 850.3 0
>Kepler-485: 294.9963415 50.4700458 13.433 1.090 1.070 5958.0 4.39 0.04
 Kepler-485 b: 3.036 14.410 nan 0.0439 3.24326 2454966.669044 1432.2 0
>Kepler-487: 295.2872318 41.2220033 13.250 0.880 0.910 5444.0 4.51 0.00
 Kepler-487 b: 4.145 11.420 nan 0.1172 15.35877 2454965.385103 719.4 0
 Kepler-487 c: 6.336 2.680 nan 0.2168 38.65200 2454997.049190 528.9 0
 Kepler-487 d: 2.236 2.753 nan 0.0337 2.41839 2454965.506170 1341.1 0
>Kepler-489: 290.8332412 38.1841851 11.959 0.760 0.820 5014.0 4.59 0.00
 Kepler-489 b: 3.943 7.720 nan 0.1224 17.27630 2454966.839246 602.4 0
>Kepler-49: 292.2945208 40.5918123 12.383 0.618 0.607 4095.6 4.71 -0.02
 Kepler-49 b: 2.881 2.579 9.770 0.0618 7.20000 2454967.268085 624.6 0
 Kepler-49 c: 2.636 2.444 8.380 0.0815 10.91000 2454970.116612 543.8 0
 Kepler-49 d: 1.597 1.769 235.982 0.0310 2.57655 2455005.129320 870.7 0
 Kepler-49 e: 2.164 1.725 1.038 0.1160 18.59611 2454974.264150 450.1 0
>Kepler-490: 295.0256620 46.9559536 13.469 1.120 1.080 6045.0 4.37 -0.02
 Kepler-490 b: 3.453 11.650 nan 0.0442 3.26870 2454970.481707 1466.9 0
>Kepler-491: 287.1305782 42.3501533 12.354 1.030 1.040 5582.0 4.42 0.37
 Kepler-491 b: 2.818 8.920 nan 0.0518 4.22538 2454970.560674 1200.0 0
>Kepler-493: 295.3075252 38.8815716 13.727 1.540 1.360 6457.0 4.19 0.11
 Kepler-493 b: 3.259 15.130 nan 0.0451 3.00388 2454967.711271 1818.6 0
>Kepler-495: 285.9307362 39.0981201 12.810 0.830 0.860 5346.0 4.55 -0.07
 Kepler-495 b: 2.608 5.230 nan 0.0422 3.41304 2454965.443088 1143.4 0
 Kepler-495 c: 3.270 0.931 nan 0.0614 5.89661 2454967.031610 1094.0 0
>Kepler-496: 291.6408978 41.2411044 12.909 0.820 0.860 5293.0 4.55 -0.03
 Kepler-496 b: 3.221 2.320 nan 0.0763 8.30865 2454971.108890 836.5 0
>Kepler-497: 290.7659557 38.9279468 13.210 1.110 1.090 5834.0 4.39 0.24
 Kepler-497 b: 2.884 6.040 nan 0.0471 3.57320 2454967.934257 1366.1 0
>Kepler-498: 290.3581592 44.5187225 12.755 0.960 0.980 5744.0 4.47 -0.04
 Kepler-498 b: 4.731 3.030 nan 0.0879 9.61375 2454965.185090 915.4 0
>Kepler-499: 295.1099549 43.9151012 12.405 0.830 0.870 5312.0 4.55 0.00
 Kepler-499 b: 2.153 2.170 nan 0.0591 5.63253 2454966.817942 959.6 0
>Kepler-5: 299.4070341 44.0350387 11.769 1.793 1.374 6297.0 3.96 0.04
 Kepler-5 b: 4.081 15.984 670.939 0.0538 3.54847 2454955.901440 1752.9 0
>Kepler-50: 288.1009312 50.0336844 9.197 1.580 1.240 6225.0 4.13 0.03
 Kepler-50 b: 3.800 1.710 4.026 0.0770 7.81254 2454974.376000 1359.7 0
 Kepler-50 c: 2.060 2.170 8.200 0.0870 9.37647 2454969.958000 1279.2 0
>Kepler-500: 295.9513472 43.8519884 12.588 1.030 1.020 5813.0 4.42 0.03
 Kepler-500 b: 3.503 2.580 nan 0.0821 8.50832 2454967.786614 992.8 0
>Kepler-501: 297.2014919 41.7301534 13.340 1.040 1.030 5904.0 4.42 -0.03
 Kepler-501 b: 2.902 4.300 nan 0.0626 5.64068 2454971.556194 1160.1 0
 Kepler-501 c: 1.790 1.438 nan 0.0467 3.62276 2454966.018900 1426.4 0
>Kepler-502: 291.0801330 43.8601911 13.592 1.220 1.150 6125.0 4.33 0.05
 Kepler-502 b: 4.423 4.770 nan 0.0541 4.28686 2454971.615466 1402.4 0
>Kepler-504: 284.9219608 45.9723265 11.155 0.330 0.330 3519.0 4.94 -0.31
 Kepler-504 b: 1.772 1.590 nan 0.0609 9.54928 2455008.757209 395.1 0
>Kepler-505: 287.8579530 42.5426758 12.080 0.530 0.550 3931.0 4.73 -0.19
 Kepler-505 b: 4.070 2.600 nan 0.1462 27.52198 2455022.823547 361.0 0
>Kepler-506: 284.6351885 40.7198296 9.617 1.190 1.190 6236.0 4.36 0.09
 Kepler-506 b: 2.065 2.730 nan 0.0750 6.88341 2455005.662603 1197.4 0
>Kepler-507: 297.0188074 50.4090460 10.665 1.320 1.160 6113.0 4.26 0.06
 Kepler-507 b: 3.245 1.300 5.697 0.0480 3.56810 2455002.743580 1545.5 0
>Kepler-508: 295.4042546 42.9812789 10.379 1.250 1.160 6025.0 4.30 0.18
 Kepler-508 b: 5.683 1.640 nan 0.1773 25.30890 2455004.506360 771.5 0
>Kepler-509: 289.6643940 48.7061650 10.483 1.200 1.100 6060.0 4.32 0.01
 Kepler-509 b: 4.606 2.490 nan 0.2431 41.74600 2455043.399304 649.2 0
>Kepler-51: 296.4797624 49.9376486 13.197 0.940 1.040 6018.0 4.51 -0.08
 Kepler-51 b: 5.779 7.100 2.100 0.2514 45.15400 2455714.597700 561.1 0
 Kepler-51 c: 2.784 9.000 4.000 0.3840 85.31200 2455725.509000 454.0 0
 Kepler-51 d: 8.448 9.700 7.600 0.5090 130.19400 2455695.932300 394.4 0
 Kepler-51 e: nan nan 5.400 0.7951 264.28400 2455095.508000 286.2 0
>Kepler-510: 287.6550196 39.2441716 10.446 1.410 0.910 5746.0 4.09 -0.35
 Kepler-510 b: 8.085 2.470 nan 0.1377 19.55659 2455022.043990 886.7 0
>Kepler-511: 282.9455384 47.5749181 11.187 1.200 1.000 5770.0 4.28 0.01
 Kepler-511 b: 16.223 6.350 nan 0.8705 296.63786 2455236.672788 326.7 0
 Kepler-511 c: 7.820 3.565 nan 0.1720 26.62950 2455024.995400 811.8 0
>Kepler-512: 298.2689217 48.9167391 11.315 1.300 1.170 5997.0 4.28 0.22
 Kepler-512 b: 5.827 2.690 nan 0.2183 34.43588 2455026.039130 705.7 0
>Kepler-513: 285.0416235 50.0753913 11.469 1.060 1.020 5849.0 4.39 -0.01
 Kepler-513 b: 5.204 2.200 nan 0.1854 28.86236 2455011.484740 674.5 0
>Kepler-514: 286.2471739 50.2423694 10.875 1.440 1.280 6106.0 4.23 0.36
 Kepler-514 b: 2.929 1.720 nan 0.0674 5.65180 2455005.278930 1360.7 0
>Kepler-515: 290.4939130 52.0556110 10.885 0.830 0.900 5293.0 4.55 0.08
 Kepler-515 b: 2.482 1.460 nan 0.1391 19.96371 2455011.305620 623.6 0
>Kepler-516: 295.6087625 38.7357368 10.987 2.020 1.620 7099.0 4.04 0.01
 Kepler-516 b: 8.959 5.740 nan 0.1958 24.85462 2455007.000979 1099.6 0
>Kepler-517: 293.6755138 41.2952061 10.631 0.980 0.950 5690.0 4.43 -0.06
 Kepler-517 b: 6.326 2.670 nan 0.2979 60.92832 2455006.370519 497.7 0
>Kepler-518: 287.0900190 41.3737576 11.109 0.880 0.960 5842.0 4.53 -0.23
 Kepler-518 b: 2.192 2.110 nan 0.0805 8.51204 2455007.909799 931.5 0
>Kepler-519: 299.3196708 41.3847447 10.761 0.800 0.890 5260.0 4.58 0.01
 Kepler-519 b: 2.598 2.100 nan 0.1580 24.30789 2455011.364426 570.8 0
>Kepler-52: 286.7380152 49.9757383 12.360 0.520 0.540 4075.0 4.74 -0.09
 Kepler-52 b: 2.422 2.100 135.000 0.0631 7.87736 2455009.376920 564.1 0
 Kepler-52 c: 3.125 1.840 45.400 0.1028 16.38500 2455005.725490 441.9 0
 Kepler-52 d: 4.153 1.824 88.877 0.1820 36.44517 2454984.601150 359.3 0
>Kepler-520: 293.1802903 41.6177408 11.488 1.090 1.100 6112.0 4.41 -0.03
 Kepler-520 b: 3.599 1.660 nan 0.1472 19.67416 2455009.269850 801.9 0
 Kepler-520 c: 3.301 1.070 nan 0.0607 5.21104 2454964.539580 1248.7 0
>Kepler-521: 298.8163801 43.9980203 11.670 1.460 1.340 6406.0 4.24 0.25
 Kepler-521 b: 7.322 3.180 nan 0.1705 22.20813 2455039.359150 904.0 0
>Kepler-522: 288.1539730 44.0688154 11.068 1.980 1.540 6392.0 4.04 0.41
 Kepler-522 b: 10.368 6.910 nan 0.2581 38.58423 2455007.833446 853.8 0
>Kepler-523: 284.0611224 45.5068127 10.827 0.860 0.930 5515.0 4.54 -0.03
 Kepler-523 b: 2.060 1.960 nan 0.0619 5.83598 2455002.875149 991.1 0
>Kepler-524: 296.8591787 49.1620125 12.384 1.100 1.090 6014.0 4.39 0.02
 Kepler-524 b: 5.361 1.910 nan 0.0804 7.97420 2455007.528330 1072.7 0
 Kepler-524 c: 3.246 0.960 nan 0.0308 1.88898 2454965.097400 1733.7 0
>Kepler-525: 296.1834239 47.3587776 11.798 1.150 0.950 5573.0 4.29 0.11
 Kepler-525 b: 6.907 2.630 nan 0.1355 18.68405 2455003.832220 783.0 0
>Kepler-526: 297.6509281 47.3962246 11.475 1.140 1.150 5894.0 4.38 0.34
 Kepler-526 b: 4.035 1.990 nan 0.0636 5.45850 2455005.088800 1203.6 0
>Kepler-527: 290.9579130 47.4062673 12.125 1.450 1.280 6388.0 4.22 0.03
 Kepler-527 b: 6.180 2.840 nan 0.1192 13.28536 2455002.862100 1074.4 0
>Kepler-528: 295.6848595 47.7480914 12.409 1.060 1.010 5807.0 4.39 0.02
 Kepler-528 b: 5.466 2.080 nan 0.1436 19.78297 2455010.723360 760.7 0
>Kepler-529: 285.8884067 47.8803640 12.418 1.140 1.070 6087.0 4.35 -0.10
 Kepler-529 b: 2.433 1.860 nan 0.0316 1.98036 2455003.139026 1763.9 0
 Kepler-529 c: 3.267 2.000 nan 0.1097 12.83450 2454971.324780 946.1 0
 Kepler-529 d: 7.216 2.680 nan 0.2132 35.86620 2454968.920390 692.1 0
>Kepler-53: 290.4617926 40.5624966 13.807 0.890 0.980 5858.0 4.53 0.00
 Kepler-53 b: 4.481 2.890 111.000 0.1367 18.64895 2455007.776080 720.8 0
 Kepler-53 c: 5.016 3.170 36.000 0.2219 38.55830 2454996.848160 565.8 0
 Kepler-53 d: 4.190 1.970 37.191 0.0910 9.75196 2454971.785200 952.0 0
>Kepler-530: 283.3402948 48.5490620 11.900 0.890 0.970 5697.0 4.53 -0.08
 Kepler-530 b: 5.783 3.010 nan 0.2240 39.30942 2455004.334643 547.6 0
>Kepler-531: 286.5246582 48.6835481 11.177 0.750 0.780 4893.0 4.58 -0.03
 Kepler-531 b: 4.561 2.780 nan 0.1735 29.88486 2455006.194425 490.6 0
>Kepler-532: 298.6609094 48.6063022 11.545 0.790 0.870 5192.0 4.58 0.00
 Kepler-532 b: 2.623 2.570 nan 0.1029 12.92492 2455003.785885 693.7 0
>Kepler-533: 293.6856893 48.8249915 11.683 0.720 0.780 4758.0 4.61 0.01
 Kepler-533 b: 4.578 3.380 nan 0.1681 28.51121 2455020.363548 474.8 0
>Kepler-534: 296.4185696 49.5401480 11.708 0.980 1.050 5884.0 4.48 0.01
 Kepler-534 b: 4.365 2.240 nan 0.1261 15.95995 2455004.522010 791.0 0
 Kepler-534 c: 3.349 1.246 nan 0.0760 7.37869 2454968.822710 1020.1 0
>Kepler-535: 296.5666587 49.6961742 11.845 1.270 1.180 6123.0 4.30 0.13
 Kepler-535 b: 2.870 2.360 nan 0.0597 4.90332 2455005.900713 1361.9 0
>Kepler-536: 297.7363605 49.6371010 11.892 0.890 0.920 5524.0 4.51 0.00
 Kepler-536 b: 1.957 3.100 nan 0.0284 1.82708 2455003.525764 1489.9 0
>Kepler-537: 289.8805804 51.2769907 11.623 0.990 1.070 5763.0 4.47 0.23
 Kepler-537 b: 2.484 1.410 nan 0.0439 3.24756 2455004.277460 1319.7 0
>Kepler-538: 297.4865503 49.6233975 9.645 0.872 0.892 5534.0 4.52 -0.09
 Kepler-538 b: 6.700 2.215 12.900 0.3554 81.73778 2455044.678900 417.9 0
>Kepler-539: 299.1224639 41.8667953 10.915 0.952 1.048 5820.0 4.50 -0.01
 Kepler-539 b: 9.299 8.373 308.295 0.4988 125.63243 2455588.871000 387.7 0
 Kepler-539 c: nan nan 762.792 2.4200 1000.00000 nan 176.0 0
>Kepler-54: 294.7739245 43.0561976 12.648 0.500 0.510 3705.0 4.75 -0.12
 Kepler-54 b: 3.413 2.100 0.980 0.0626 8.01094 2455003.205730 504.9 0
 Kepler-54 c: 4.974 1.230 0.700 0.0823 12.07172 2454976.448420 440.4 0
 Kepler-54 d: 2.698 1.381 12.095 0.1260 20.99569 2454985.319950 429.9 0
>Kepler-540: 290.6249953 44.8737757 10.810 1.080 1.020 5946.0 4.38 -0.10
 Kepler-540 b: 11.279 2.710 nan 0.6110 172.70498 2455069.923380 381.2 0
>Kepler-541: 294.1496529 38.4582070 11.733 2.060 1.410 6166.0 3.96 0.07
 Kepler-541 b: 5.259 3.360 nan 0.0649 5.08006 2455007.427760 1675.7 0
>Kepler-542: 292.2149697 38.5485469 11.783 0.900 0.930 5526.0 4.50 0.02
 Kepler-542 b: 3.596 1.570 nan 0.1064 13.14498 2455007.845610 775.0 0
>Kepler-543: 287.2187273 38.8625366 11.089 0.670 0.700 4671.0 4.63 -0.19
 Kepler-543 b: 3.563 2.500 nan 0.1005 13.89962 2455015.865271 581.7 0
>Kepler-544: 294.0290734 39.0517893 12.289 1.220 1.160 6206.0 4.33 0.02
 Kepler-544 b: 7.089 2.120 nan 0.1586 21.41617 2455009.251230 830.0 0
>Kepler-545: 290.5663221 40.6920756 12.708 1.070 1.040 5882.0 4.39 0.03
 Kepler-545 b: 4.463 2.690 nan 0.1110 13.24934 2455012.520750 880.5 0
>Kepler-546: 283.2575730 40.9904095 12.784 1.150 1.110 5967.0 4.36 0.14
 Kepler-546 b: 2.897 7.000 nan 0.0523 4.14702 2455003.326066 1349.2 0
>Kepler-547: 286.1185888 44.3452063 11.998 0.730 0.780 4828.0 4.61 0.01
 Kepler-547 b: 2.224 4.000 nan 0.0596 6.01038 2455007.084771 815.1 0
>Kepler-548: 299.9059167 45.4396103 13.071 0.900 0.930 5535.0 4.50 0.00
 Kepler-548 b: 2.320 11.990 nan 0.0517 4.45419 2455005.820206 1113.4 0
>Kepler-549: 283.0228527 47.2611431 12.826 0.840 0.880 5360.0 4.54 -0.03
 Kepler-549 b: 5.347 2.570 11.000 0.2300 42.94956 2454986.737620 493.9 0
 Kepler-549 c: 8.545 2.930 nan 0.4487 117.04050 2455078.616160 353.6 0
 Kepler-549 d: 2.660 3.571 nan 0.1575 24.61481 2455024.741225 640.9 0
>Kepler-55: 285.1683291 44.0264898 13.289 0.580 0.620 4362.0 4.70 -0.20
 Kepler-55 b: 3.493 2.430 43.000 0.1537 27.94814 2455011.795980 408.6 0
 Kepler-55 c: 5.062 2.210 69.800 0.2021 42.15164 2454971.992840 356.3 0
 Kepler-55 d: 1.644 1.490 nan 0.0290 2.21110 2455003.149120 1003.2 0
 Kepler-55 e: 2.132 1.452 nan 0.0480 4.61753 2454968.042540 779.8 0
 Kepler-55 f: 2.173 1.490 nan 0.0810 10.19854 2454970.917140 600.3 0
>Kepler-550: 297.7001786 47.8637046 12.562 0.830 0.870 5322.0 4.55 -0.02
 Kepler-550 b: 4.025 4.420 nan 0.0784 8.60010 2455005.528619 834.9 0
>Kepler-551: 285.4850450 48.0543774 12.193 0.630 0.650 4286.0 4.66 -0.09
 Kepler-551 b: 2.753 2.730 nan 0.0907 12.37647 2455012.404747 544.7 0
>Kepler-552: 290.7476903 48.2419838 12.780 1.040 1.030 5863.0 4.42 0.01
 Kepler-552 b: 2.178 3.950 nan 0.0598 5.26342 2455007.350788 1179.0 0
>Kepler-553: 298.5508922 48.3325405 13.064 0.902 0.889 5191.0 4.48 0.15
 Kepler-553 b: 2.776 4.741 116.007 0.0477 4.03047 2455004.092120 1089.0 0
 Kepler-553 c: 12.250 11.579 2129.450 0.8980 328.24017 2455032.197700 250.9 0
>Kepler-554: 296.4068982 51.3581938 12.615 0.920 0.930 5447.0 4.49 0.14
 Kepler-554 b: 2.208 4.290 nan 0.0293 1.90221 2455003.449790 1471.1 0
>Kepler-555: 285.5168720 38.9324587 12.633 1.040 1.030 5894.0 4.42 0.00
 Kepler-555 b: 4.930 2.830 nan 0.1266 16.21775 2455013.041960 814.5 0
>Kepler-556: 290.5294799 38.9427306 12.668 0.980 1.000 5740.0 4.46 0.03
 Kepler-556 b: 4.175 2.240 nan 0.1010 11.72292 2455010.318500 862.2 0
>Kepler-557: 293.7084179 41.6151084 13.153 1.160 1.110 6068.0 4.35 0.02
 Kepler-557 b: 5.104 2.670 nan 0.0485 3.70599 2455002.943420 1430.6 0
>Kepler-558: 284.6579709 42.6526751 12.961 0.810 0.850 5242.0 4.56 -0.06
 Kepler-558 b: 4.826 2.370 nan 0.1750 29.00791 2455003.554050 543.8 0
>Kepler-559: 296.6368878 43.8027948 12.977 0.950 0.960 5630.0 4.47 0.03
 Kepler-559 b: 4.382 3.610 nan 0.1306 17.58752 2455009.077356 732.3 0
>Kepler-56: 293.7583002 41.8718070 10.227 4.230 1.320 4840.0 3.31 0.20
 Kepler-56 b: 13.366 6.510 22.100 0.1028 10.50160 2454978.255600 1497.1 0
 Kepler-56 c: 11.657 9.800 181.000 0.1652 21.40239 2454978.656000 1181.0 0
 Kepler-56 d: nan nan 1784.000 2.1600 1002.00000 nan 324.8 1
>Kepler-560: 300.2066441 45.0182402 11.455 0.330 0.340 3556.0 4.94 -0.39
 Kepler-560 b: 1.878 1.720 nan 0.0955 18.47764 2455018.268560 318.8 0
>Kepler-561: 293.7471107 45.1071981 12.585 0.940 0.960 5646.0 4.48 0.02
 Kepler-561 b: 6.286 6.960 nan 0.2905 58.36205 2455029.555062 489.8 0
 Kepler-561 c: 2.243 2.680 nan 0.0591 5.35016 2455028.760482 1086.2 0
>Kepler-562: 290.1196007 46.2737393 13.120 0.900 0.930 5575.0 4.50 -0.04
 Kepler-562 b: 4.971 5.210 nan 0.1313 18.00931 2455015.441383 704.0 0
>Kepler-563: 292.4461832 46.2897548 12.773 0.770 0.800 5066.0 4.58 -0.08
 Kepler-563 b: 3.056 3.090 nan 0.1434 22.18433 2455007.597478 566.0 0
>Kepler-564: 296.8383661 46.6263912 13.090 0.920 0.950 5626.0 4.49 -0.01
 Kepler-564 b: 1.959 4.630 nan 0.0464 3.75083 2455004.151847 1207.4 0
>Kepler-565: 283.6180825 47.1967793 13.492 0.950 0.980 5735.0 4.47 -0.02
 Kepler-565 b: 3.368 3.640 nan 0.0510 4.24375 2455006.563261 1194.1 0
>Kepler-566: 291.5544735 47.8144362 12.929 0.790 0.830 5132.0 4.57 -0.01
 Kepler-566 b: 2.870 2.150 nan 0.1283 18.42795 2455011.440450 614.0 0
>Kepler-567: 297.6726072 48.3023458 12.724 0.790 0.840 5148.0 4.57 0.00
 Kepler-567 b: 3.873 2.250 nan 0.1199 16.54297 2455002.648880 637.2 0
>Kepler-568: 298.1061315 48.4016448 10.963 0.530 0.550 3768.0 4.73 0.11
 Kepler-568 b: 1.421 2.260 nan 0.0794 11.02347 2455004.114802 469.4 0
>Kepler-569: 283.5072190 48.5526330 12.513 0.930 0.950 5616.0 4.48 0.01
 Kepler-569 b: 5.318 3.160 nan 0.2027 34.18891 2455026.388760 580.1 0
>Kepler-57: 293.6413146 44.6570692 12.897 0.826 0.859 5187.9 4.58 -0.04
 Kepler-57 b: 1.250 3.135 25.060 0.0595 5.72000 2454971.558984 932.1 0
 Kepler-57 c: 1.707 2.196 6.860 0.0953 11.60000 2454966.990800 736.4 0
>Kepler-570: 290.4376111 48.7918597 12.605 0.900 0.930 5496.0 4.50 0.06
 Kepler-570 b: 2.070 2.450 nan 0.0505 4.30166 2455005.310292 1118.5 0
>Kepler-571: 286.5510448 49.4187310 12.986 0.900 0.930 5527.0 4.51 0.01
 Kepler-571 b: 2.998 2.640 nan 0.0543 4.79860 2455006.257757 1084.6 0
>Kepler-572: 291.2211720 50.5813487 12.558 0.790 0.830 5212.0 4.57 -0.10
 Kepler-572 b: 3.621 2.580 nan 0.1226 17.20523 2455008.058110 638.0 0
>Kepler-573: 289.5211955 51.2374057 12.636 1.020 0.990 5746.0 4.41 0.02
 Kepler-573 b: 5.061 2.790 nan 0.1540 22.18330 2455002.496870 713.1 0
>Kepler-574: 290.2470519 52.1491051 12.921 0.910 0.950 5612.0 4.50 -0.01
 Kepler-574 b: 3.058 2.390 nan 0.0748 7.65880 2455006.039020 944.2 0
>Kepler-575: 286.9638856 37.8296147 13.078 0.950 0.970 5710.0 4.47 0.00
 Kepler-575 b: 3.304 2.390 nan 0.0862 9.37892 2455009.451900 914.3 0
>Kepler-576: 295.1828896 38.6542028 12.646 0.970 0.990 5672.0 4.46 0.09
 Kepler-576 b: 6.836 3.270 nan 0.1880 29.91137 2455027.706990 621.3 0
>Kepler-577: 294.7119855 39.0737317 12.861 0.730 0.780 4984.0 4.61 -0.14
 Kepler-577 b: 3.929 2.550 nan 0.1569 25.69578 2455021.789590 518.4 0
>Kepler-578: 288.7549882 39.5636960 12.561 0.830 0.870 5334.0 4.54 -0.03
 Kepler-578 b: 1.585 2.000 nan 0.0257 1.61688 2455002.803484 1460.6 0
>Kepler-579: 295.0020771 39.9528613 12.548 0.960 0.990 5636.0 4.47 0.13
 Kepler-579 b: 2.371 2.000 nan 0.0885 9.66858 2455007.534750 895.0 0
>Kepler-58: 296.3586251 39.1152033 13.283 1.030 0.950 5843.0 4.39 -0.12
 Kepler-58 b: 4.397 2.780 35.500 0.0906 10.21850 2454969.870480 950.0 0
 Kepler-58 c: 5.101 2.860 53.000 0.1200 15.57416 2454965.432090 825.5 0
 Kepler-58 d: 5.443 2.687 245.343 0.2360 40.10137 2454965.717990 642.7 0
 Kepler-58 e: 2.867 1.533 597.796 0.0533 4.45815 2454967.397430 1325.9 0
>Kepler-580: 283.4997537 40.5528053 12.314 0.640 0.670 4298.0 4.66 -0.06
 Kepler-580 b: 2.704 2.570 nan 0.0698 8.22242 2455005.955999 627.7 0
>Kepler-581: 295.4326552 40.6481874 12.932 1.000 1.000 5772.0 4.44 0.03
 Kepler-581 b: 5.719 2.630 nan 0.2312 40.60698 2455032.257790 578.8 0
>Kepler-582: 297.5037180 41.0570326 12.992 0.910 0.930 5564.0 4.49 0.01
 Kepler-582 b: 3.530 3.680 nan 0.1336 18.49236 2455006.498960 700.3 0
>Kepler-583: 282.1113206 42.3545514 13.090 0.910 0.940 5523.0 4.50 0.07
 Kepler-583 b: 3.330 2.280 nan 0.0668 6.51003 2455005.915940 982.7 0
>Kepler-584: 288.2306150 42.4136181 13.529 1.240 1.170 6195.0 4.31 0.02
 Kepler-584 b: 7.373 4.210 nan 0.2214 35.18103 2455003.099760 706.9 0
>Kepler-585: 286.5284924 43.8733751 12.403 0.930 0.960 5593.0 4.49 0.03
 Kepler-585 b: 2.115 2.830 nan 0.0379 2.75236 2455004.259749 1335.7 0
>Kepler-586: 293.0571982 45.5511266 12.742 0.920 0.940 5575.0 4.50 0.00
 Kepler-586 b: 1.758 2.790 nan 0.0315 2.10472 2455004.043939 1453.2 0
>Kepler-587: 288.6706571 47.3991249 13.250 0.890 0.920 5549.0 4.51 -0.05
 Kepler-587 b: 2.287 2.230 nan 0.0938 10.94028 2455003.306520 824.2 0
>Kepler-588: 284.2572531 47.6889081 13.187 1.000 1.010 5835.0 4.44 0.00
 Kepler-588 b: 2.896 2.630 nan 0.0513 4.22163 2455006.699875 1242.4 0
>Kepler-589: 280.6414331 47.7520581 12.865 0.830 0.880 5296.0 4.55 0.01
 Kepler-589 b: 4.004 2.270 nan 0.1218 16.54965 2455004.694180 666.7 0
 Kepler-589 c: 2.055 1.012 nan 0.0426 3.52466 2454964.642100 1200.8 0
>Kepler-59: 287.0394932 46.6401677 12.928 0.940 1.040 6074.0 4.51 -0.20
 Kepler-59 b: 5.977 1.100 4.100 0.1032 11.86817 2454970.747670 884.1 0
 Kepler-59 c: 4.125 1.980 3.810 0.1361 17.98012 2454980.698180 769.8 0
>Kepler-590: 296.3855467 48.2334177 12.936 1.150 1.100 6000.0 4.35 0.07
 Kepler-590 b: 4.600 4.020 nan 0.0656 5.85296 2455004.182276 1211.3 0
>Kepler-591: 286.0240520 48.4317290 12.971 0.940 0.970 5677.0 4.48 0.01
 Kepler-591 b: 7.709 3.390 nan 0.3632 81.16943 2455011.593210 440.4 0
>Kepler-592: 285.7907395 48.6832431 13.219 1.040 1.040 5913.0 4.42 -0.03
 Kepler-592 b: 2.508 2.390 nan 0.0396 2.82019 2455003.787613 1461.6 0
>Kepler-593: 294.9513923 48.6511709 13.115 1.100 1.080 5967.0 4.39 0.04
 Kepler-593 b: 5.364 2.870 nan 0.1539 21.21709 2455004.651000 769.3 0
>Kepler-594: 288.9217259 49.7620237 13.001 0.870 0.910 5485.0 4.52 -0.03
 Kepler-594 b: 3.374 2.180 nan 0.1083 13.64618 2455013.348160 749.6 0
>Kepler-595: 294.5703593 50.6730147 12.862 0.821 0.930 5271.0 4.58 0.21
 Kepler-595 b: 4.520 3.708 17.400 0.1708 25.30291 2455021.060242 557.3 0
 Kepler-595 c: 2.604 1.009 3.300 0.1061 12.38602 2454965.817500 707.1 0
>Kepler-596: 289.5006797 51.6857106 12.715 1.320 1.210 6267.0 4.27 0.03
 Kepler-596 b: 4.088 3.460 nan 0.1602 21.30023 2455022.705560 867.3 0
>Kepler-597: 293.4700919 39.2528182 12.540 0.950 0.970 5683.0 4.47 -0.01
 Kepler-597 b: 3.971 2.370 nan 0.1072 13.02366 2455011.524090 815.6 0
>Kepler-598: 293.1234493 40.9348005 12.931 0.860 0.870 5307.0 4.51 0.02
 Kepler-598 b: 2.626 1.500 nan 0.0447 3.70175 2455005.450400 1122.4 0
 Kepler-598 c: 7.409 2.889 nan 0.3696 86.49450 2455014.896600 394.8 0
>Kepler-599: 285.9115968 41.0695091 12.972 0.790 0.830 5127.0 4.57 -0.02
 Kepler-599 b: 4.107 2.840 nan 0.1151 15.65563 2455003.783570 647.7 0
>Kepler-6: 296.8372475 48.2399695 11.634 1.391 1.209 5647.0 4.24 0.34
 Kepler-6 b: 3.601 14.617 212.310 0.0485 3.23470 2454954.486528 1458.0 0
>Kepler-60: 288.9612535 42.2650472 12.516 1.257 1.041 5905.0 4.16 -0.09
 Kepler-60 b: 4.152 1.710 4.190 0.0735 7.13340 2456462.279600 1177.5 0
 Kepler-60 c: 4.146 1.900 3.850 0.0853 8.91870 2456466.582700 1093.1 0
 Kepler-60 d: 2.861 1.990 4.160 0.1034 11.89810 2456460.277900 992.9 0
>Kepler-600: 283.8330588 41.9786358 12.812 0.810 0.840 5279.0 4.56 -0.09
 Kepler-600 b: 4.612 2.900 nan 0.1523 23.67518 2455012.276040 587.1 0
>Kepler-601: 282.0046852 42.1764657 12.129 0.790 0.850 5160.0 4.57 -0.02
 Kepler-601 b: 2.715 1.900 nan 0.0569 5.37887 2455002.615180 927.0 0
>Kepler-602: 296.0318985 42.1418634 12.936 1.130 1.080 6062.0 4.37 -0.02
 Kepler-602 b: 5.901 2.090 nan 0.1237 15.28469 2455008.622610 883.6 0
>Kepler-603: 294.2809679 42.2909295 13.214 1.010 1.010 5808.0 4.43 0.03
 Kepler-603 b: 7.214 2.650 nan 0.1497 21.05359 2455004.924330 727.4 0
 Kepler-603 c: 13.498 6.500 nan 0.4985 127.90758 2455079.449530 398.7 0
 Kepler-603 d: 3.701 1.320 nan 0.0664 6.21713 2454964.721640 1092.4 0
>Kepler-604: 292.3159795 42.6262429 13.190 1.030 1.020 5890.0 4.42 -0.02
 Kepler-604 b: 3.926 2.590 nan 0.1723 25.85502 2455025.575180 694.5 0
>Kepler-605: 287.2954015 43.2798677 12.422 0.880 0.910 5462.0 4.52 0.02
 Kepler-605 b: 1.437 1.440 nan 0.0427 3.38354 2455002.639540 1195.1 0
 Kepler-605 c: 1.633 0.860 nan 0.0336 2.35895 2454965.691190 1347.7 0
>Kepler-606: 292.4273700 44.3812406 13.202 1.220 1.130 6161.0 4.32 0.01
 Kepler-606 b: 4.138 3.310 nan 0.1711 24.31576 2455016.407990 793.3 0
>Kepler-607: 291.0571451 44.6323060 12.426 0.800 0.840 5196.0 4.56 -0.02
 Kepler-607 b: 1.184 0.870 nan 0.0137 0.63816 2454964.749090 1915.5 0
 Kepler-607 c: 6.187 2.486 nan 0.2120 39.67680 2455011.555090 517.5 0
>Kepler-608: 293.8829010 44.6380717 13.077 1.010 1.000 5820.0 4.43 -0.02
 Kepler-608 b: 5.309 3.640 nan 0.0676 6.41252 2455002.879590 1085.2 0
>Kepler-609: 292.2203009 44.6999902 13.281 1.140 1.090 5971.0 4.36 0.06
 Kepler-609 b: 2.809 3.350 nan 0.0703 6.52121 2455008.710830 1159.4 0
>Kepler-61: 295.3044942 42.4753193 12.272 0.620 0.635 4017.0 4.66 0.03
 Kepler-61 b: 4.845 2.150 nan 0.2612 59.87756 2454984.188000 298.4 0
>Kepler-610: 293.1713241 45.0655934 13.267 1.130 1.100 5943.0 4.37 0.12
 Kepler-610 b: 2.738 4.190 nan 0.0739 6.99693 2455008.914244 1120.6 0
 Kepler-610 c: 8.622 3.300 nan 0.5751 151.86392 2454976.315170 401.7 0
>Kepler-611: 286.0049121 45.4803043 13.035 1.010 1.010 5761.0 4.43 0.06
 Kepler-611 b: 3.201 1.650 nan 0.0356 2.43703 2455003.737240 1480.5 0
>Kepler-612: 291.3546278 45.7478551 13.264 0.960 0.980 5693.0 4.46 0.04
 Kepler-612 b: 1.991 2.840 nan 0.0467 3.72216 2455004.560286 1244.8 0
>Kepler-613: 282.7868415 46.2449846 13.067 0.960 0.980 5723.0 4.47 -0.01
 Kepler-613 b: 4.033 2.290 nan 0.1223 15.77980 2455008.970140 773.2 0
>Kepler-614: 298.3848866 46.2759867 12.662 0.810 0.850 5268.0 4.55 -0.07
 Kepler-614 b: 3.579 2.390 nan 0.1079 14.03492 2455004.605090 696.1 0
>Kepler-615: 282.4506927 46.3213671 11.966 0.690 0.730 4655.0 4.62 -0.07
 Kepler-615 b: 2.812 1.740 nan 0.0837 10.35585 2455008.681660 644.4 0
>Kepler-616: 294.9891370 46.8383058 13.448 0.970 0.980 5753.0 4.46 -0.02
 Kepler-616 b: 3.243 2.430 nan 0.0902 9.99762 2455004.787740 909.6 0
 Kepler-616 c: 6.523 3.410 nan 0.3916 90.41136 2455041.503990 436.6 0
 Kepler-616 d: 4.407 2.634 nan 0.2748 51.06740 2454980.612140 545.9 0
>Kepler-617: 283.7407247 47.5161237 11.573 0.480 0.510 3712.0 4.77 -0.07
 Kepler-617 b: 1.380 1.320 nan 0.0221 1.68270 2455003.452972 833.8 0
>Kepler-618: 286.2498525 48.0609256 13.335 1.080 1.050 5860.0 4.39 0.08
 Kepler-618 b: 3.325 2.600 nan 0.0467 3.59577 2455003.369640 1359.1 0
>Kepler-619: 290.8490899 48.4159782 13.291 1.110 1.090 5980.0 4.38 0.05
 Kepler-619 b: 2.475 3.160 nan 0.0620 5.40427 2455005.185543 1219.9 0
 Kepler-619 c: 1.510 1.690 nan 0.0229 1.20847 2454966.675380 2009.8 0
 Kepler-619 d: 1.264 4.793 nan 0.1021 11.67894 2454964.511900 907.1 0
>Kepler-62: 283.2125621 45.3496992 11.659 0.640 0.690 4925.0 4.68 -0.37
 Kepler-62 b: 2.310 1.310 9.000 0.0553 5.71493 2455003.918900 807.9 0
 Kepler-62 c: 3.020 0.540 4.000 0.0929 12.44170 2454967.651000 623.3 0
 Kepler-62 d: 2.970 1.950 14.000 0.1200 18.16406 2455013.811700 548.5 0
 Kepler-62 e: 6.920 1.610 36.000 0.4270 122.38740 2454983.404000 290.7 0
 Kepler-62 f: 7.460 1.410 35.000 0.7180 267.29100 2455422.710000 224.2 0
>Kepler-620: 291.1593939 51.3348228 13.284 1.220 1.150 6155.0 4.33 0.03
 Kepler-620 b: 6.042 3.320 nan 0.1129 12.91375 2455010.282480 975.8 0
>Kepler-621: 290.9272450 39.9141166 12.407 0.680 0.720 4521.0 4.63 -0.02
 Kepler-621 b: 1.855 2.300 nan 0.0334 2.62811 2455002.719741 983.6 0
>Kepler-622: 284.4784454 40.9331723 11.909 0.610 0.640 4201.0 4.67 -0.09
 Kepler-622 b: 2.740 2.130 nan 0.0993 14.28227 2455013.847260 502.1 0
>Kepler-623: 296.9867284 47.4773531 13.211 0.860 0.900 5443.0 4.53 -0.03
 Kepler-623 b: 2.708 3.010 nan 0.0822 9.07098 2455011.343310 849.0 0
>Kepler-624: 295.1933631 39.5396946 12.205 1.180 1.100 6117.0 4.33 -0.06
 Kepler-624 b: 4.039 2.310 nan 0.1206 14.58650 2455005.222300 922.6 0
>Kepler-625: 292.1504723 39.6375254 11.905 0.960 1.040 5789.0 4.49 0.10
 Kepler-625 b: 3.485 1.990 nan 0.0777 7.75192 2455009.172700 981.4 0
 Kepler-625 c: 3.289 1.050 nan 0.0513 4.16537 2454965.042090 1207.2 0
>Kepler-626: 288.6986828 39.7082044 12.388 1.050 1.010 5813.0 4.40 0.01
 Kepler-626 b: 2.714 2.290 nan 0.1167 14.48585 2455008.005580 840.9 0
>Kepler-627: 292.1042198 39.7678585 12.608 1.490 1.300 6424.0 4.21 0.05
 Kepler-627 b: 7.208 3.730 nan 0.2527 40.69944 2455005.566830 752.2 0
>Kepler-629: 289.4179128 39.9450757 11.646 0.840 0.930 5444.0 4.55 0.01
 Kepler-629 b: 3.107 1.380 nan 0.0715 7.23859 2455004.219000 899.9 0
>Kepler-63: 289.2262876 49.5482814 9.997 0.901 0.984 5576.0 4.52 0.05
 Kepler-63 b: 2.903 6.110 120.000 0.0800 9.43415 2455010.843070 902.3 0
>Kepler-630: 293.4270647 39.9423967 12.293 1.040 1.020 5829.0 4.42 0.03
 Kepler-630 b: 10.598 3.180 nan 0.5842 161.47439 2455003.603160 375.0 0
>Kepler-631: 296.8857240 40.2281717 12.208 1.330 1.240 6185.0 4.28 0.23
 Kepler-631 b: 5.602 2.900 nan 0.1443 17.97979 2455015.243460 905.4 0
>Kepler-632: 297.2526130 40.2886050 11.479 0.840 0.910 5322.0 4.55 0.11
 Kepler-632 b: 2.796 2.210 nan 0.1871 30.99661 2455024.785900 543.7 0
>Kepler-633: 295.2173259 40.5921599 11.978 1.150 1.020 5899.0 4.32 -0.05
 Kepler-633 b: 2.835 1.630 nan 0.0821 8.50341 2455003.867610 1064.8 0
 Kepler-633 c: 7.939 2.087 nan 0.1617 23.78320 2455012.750130 792.7 0
>Kepler-634: 291.1950900 40.7027352 12.160 1.240 1.030 6075.0 4.26 -0.18
 Kepler-634 b: 4.507 1.890 nan 0.0591 5.16950 2455003.313190 1341.9 0
>Kepler-635: 289.7732613 40.8007019 11.903 1.510 1.330 6174.0 4.20 0.41
 Kepler-635 b: 8.652 2.640 nan 0.1763 23.44971 2455015.922920 871.2 0
>Kepler-636: 293.5920614 41.0950891 11.584 0.800 0.850 5203.0 4.56 -0.02
 Kepler-636 b: 2.871 4.450 nan 0.1181 16.08066 2455015.760005 653.0 0
>Kepler-637: 292.4172566 41.4168384 12.182 2.560 1.640 6096.0 3.84 0.38
 Kepler-637 b: 4.300 4.750 nan 0.1878 23.20585 2455013.761410 1085.4 0
>Kepler-638: 284.9194213 41.6172093 11.683 0.930 0.880 5382.0 4.43 0.04
 Kepler-638 b: 7.343 1.830 nan 0.0625 6.07973 2455003.583970 1001.3 0
>Kepler-639: 292.1868271 41.7269440 11.890 1.290 1.140 5896.0 4.27 0.23
 Kepler-639 b: 5.856 2.380 nan 0.0962 10.21420 2455003.703600 1040.9 0
>Kepler-640: 296.0322000 42.1317392 12.113 0.940 1.010 5653.0 4.50 0.15
 Kepler-640 b: 3.957 2.560 nan 0.1553 22.24814 2455007.136640 670.6 0
>Kepler-641: 291.8235292 42.5161945 12.186 1.130 1.020 5713.0 4.33 0.15
 Kepler-641 b: 3.528 1.850 nan 0.0883 9.48962 2455004.929130 985.5 0
>Kepler-642: 293.8345542 42.6249480 12.095 1.660 1.400 6570.0 4.14 0.06
 Kepler-642 b: 2.956 2.900 nan 0.0589 4.41746 2455003.791620 1681.3 0
>Kepler-643: 290.3272423 42.8982283 11.583 2.520 1.000 4908.0 3.64 0.13
 Kepler-643 b: 9.357 10.160 321.008 0.1260 16.33890 2455010.916757 1058.3 0
>Kepler-644: 295.4757022 43.4931119 12.574 1.810 1.490 6747.0 4.09 0.08
 Kepler-644 b: 3.507 3.150 nan 0.0483 3.17392 2455003.924350 1992.1 0
>Kepler-645: 290.3227098 44.0358625 12.589 1.210 1.130 6170.0 4.33 -0.01
 Kepler-645 b: 2.972 2.100 nan 0.0450 3.27582 2455003.252680 1543.4 0
>Kepler-646: 290.4714596 44.3870422 12.089 0.910 0.930 5634.0 4.49 -0.07
 Kepler-646 b: 3.612 1.990 nan 0.1207 15.87365 2455015.401340 746.1 0
>Kepler-647: 284.7882977 44.5916225 12.611 1.070 1.030 6020.0 4.39 -0.14
 Kepler-647 b: 6.493 1.170 nan 0.1267 16.22546 2454977.027820 843.7 0
 Kepler-647 c: 8.412 2.770 nan 0.1918 29.66630 2455022.369480 808.5 0
>Kepler-648: 283.8996207 45.0169137 12.440 0.980 1.050 5741.0 4.48 0.21
 Kepler-648 b: 5.032 3.220 nan 0.1337 17.42117 2455017.246184 749.6 0
>Kepler-649: 285.6558336 45.0794516 12.036 0.940 0.970 5871.0 4.48 -0.17
 Kepler-649 b: 4.812 2.260 nan 0.1867 29.90723 2455008.293270 635.3 0
>Kepler-65: 288.6887221 41.1511076 9.806 1.410 1.250 6211.0 4.23 0.17
 Kepler-65 b: 3.077 1.420 2.455 0.0350 2.15491 2454966.499000 1900.9 0
 Kepler-65 c: 3.928 2.580 5.400 0.0680 5.85994 2454965.039100 1363.8 0
 Kepler-65 d: 4.100 1.520 4.248 0.0840 8.13123 2454970.990500 1227.1 0
 Kepler-65 e: nan nan 260.000 0.8557 258.80000 2455945.400000 384.5 0
>Kepler-650: 289.0009451 45.1542968 12.144 1.350 1.080 5849.0 4.21 0.13
 Kepler-650 b: 3.676 2.960 nan 0.0421 3.03215 2455004.734756 1597.8 0
>Kepler-651: 287.3327284 46.2034366 12.270 0.870 0.920 5522.0 4.53 -0.04
 Kepler-651 b: 4.031 2.370 nan 0.1466 21.38522 2455011.781170 648.6 0
>Kepler-652: 288.0080899 46.4736108 11.737 0.880 0.970 5490.0 4.54 0.17
 Kepler-652 b: 2.216 2.490 nan 0.0503 4.18200 2455005.789509 1107.4 0
>Kepler-653: 282.2130447 46.7177898 11.793 1.190 1.020 5665.0 4.29 0.23
 Kepler-653 b: 3.158 1.950 nan 0.1183 14.70749 2455008.792850 866.5 0
 Kepler-653 c: 1.393 0.780 nan 0.0184 0.90038 2454966.118750 2198.7 0
>Kepler-654: 297.0683931 46.8342497 12.158 1.110 1.040 5865.0 4.36 0.04
 Kepler-654 b: 6.930 2.070 nan 0.1137 13.72465 2455013.646380 883.8 0
>Kepler-655: 297.2590664 46.8431650 12.214 1.240 1.150 6170.0 4.31 0.00
 Kepler-655 b: 6.994 2.710 nan 0.2648 46.40634 2455025.995470 643.8 0
>Kepler-656: 288.3278778 47.3815380 13.503 0.820 0.860 5281.0 4.56 -0.04
 Kepler-656 b: 1.874 3.120 nan 0.0217 1.26026 2455003.408854 1564.9 0
 Kepler-656 c: 3.078 1.214 nan 0.0602 5.25449 2454965.556240 1065.4 0
>Kepler-657: 291.1973006 47.3077545 13.761 1.010 1.010 5808.0 4.44 0.03
 Kepler-657 b: 7.310 3.520 nan 0.1658 24.54350 2455020.919530 691.2 0
>Kepler-658: 282.9836210 47.5783897 12.627 0.600 0.630 4103.0 4.68 -0.04
 Kepler-658 b: 1.509 1.630 nan 0.0199 1.28708 2455002.815442 1087.7 0
>Kepler-659: 287.6081777 47.5096893 13.353 0.740 0.790 4870.0 4.60 0.02
 Kepler-659 b: 3.255 2.500 nan 0.1227 17.67180 2455019.368600 576.6 0
>Kepler-66: 293.9815378 46.6877280 13.621 0.966 1.038 5962.0 4.48 -0.20
 Kepler-66 b: 3.367 2.800 nan 0.1352 17.81582 2454967.485400 768.5 0
>Kepler-660: 288.1382985 47.7245642 13.033 0.710 0.750 4779.0 4.61 -0.07
 Kepler-660 b: 3.300 2.570 nan 0.0785 9.27358 2455006.258019 693.1 0
>Kepler-661: 283.7107463 47.8631748 13.231 0.670 0.700 4483.0 4.64 -0.05
 Kepler-661 b: 1.580 3.070 nan 0.0576 6.02930 2455004.603290 737.5 0
>Kepler-662: 290.4650801 47.9291252 13.201 0.740 0.790 4897.0 4.60 -0.03
 Kepler-662 b: 3.126 2.180 nan 0.1407 21.67697 2455004.537500 541.6 0
>Kepler-663: 297.8082232 47.9466342 13.903 0.820 0.860 5264.0 4.55 0.03
 Kepler-663 b: 2.090 2.600 nan 0.0544 4.99678 2455004.741580 985.5 0
>Kepler-664: 288.7549029 48.2262030 13.952 1.020 1.010 5754.0 4.43 0.07
 Kepler-664 b: 1.588 2.660 nan 0.0364 2.52559 2455004.595130 1468.4 0
>Kepler-665: 297.0255947 48.4785669 13.214 0.740 0.790 4913.0 4.60 -0.03
 Kepler-665 b: 3.065 2.600 nan 0.1149 16.01310 2455009.359630 601.1 0
>Kepler-666: 298.4568899 48.7915925 13.807 1.050 1.030 5887.0 4.41 0.01
 Kepler-666 b: 3.831 2.400 nan 0.0539 4.49876 2455004.351100 1253.4 0
>Kepler-667: 295.5549918 49.0172956 13.519 0.870 0.910 5327.0 4.53 0.15
 Kepler-667 b: 10.647 4.730 nan 0.2271 41.43963 2455041.931120 502.8 0
>Kepler-668: 285.4992845 49.2772713 13.533 0.820 0.870 5352.0 4.55 -0.06
 Kepler-668 b: 2.271 2.700 nan 0.0769 8.35391 2455004.632640 842.6 0
>Kepler-669: 291.9361615 49.2539473 14.198 1.200 1.150 6038.0 4.34 0.14
 Kepler-669 b: 3.139 4.830 nan 0.0527 4.12555 2455002.751997 1388.8 0
>Kepler-67: 294.1533505 46.1663976 14.155 0.778 0.865 5331.0 4.59 -0.20
 Kepler-67 b: 3.839 2.940 nan 0.1171 15.72590 2454966.985500 662.6 0
>Kepler-670: 297.0154644 49.2252988 13.315 0.990 0.990 5709.0 4.44 0.07
 Kepler-670 b: 2.505 13.180 nan 0.0389 2.81650 2455003.967687 1388.8 0
>Kepler-671: 294.2657519 49.3140933 13.769 0.950 0.970 5624.0 4.47 0.08
 Kepler-671 b: 2.875 2.690 nan 0.0511 4.28096 2455004.897420 1169.6 0
>Kepler-672: 291.7219993 49.4808492 13.497 0.920 0.950 5627.0 4.50 -0.01
 Kepler-672 b: 5.550 2.500 nan 0.2189 38.37746 2455005.819510 556.3 0
>Kepler-673: 290.7857595 50.0540561 13.669 0.840 0.880 5355.0 4.54 0.00
 Kepler-673 b: 2.673 6.540 nan 0.0451 3.72873 2455004.793449 1114.5 0
>Kepler-674: 285.1761864 50.1496897 12.394 0.570 0.600 4192.0 4.69 -0.27
 Kepler-674 b: 1.020 1.690 nan 0.0283 2.24338 2455003.678894 907.4 0
>Kepler-675: 293.8334488 50.2303479 13.195 0.750 0.790 4945.0 4.60 -0.05
 Kepler-675 b: 2.014 2.440 nan 0.0319 2.33744 2455004.761824 1156.8 0
>Kepler-676: 296.2220259 50.2873626 12.628 0.490 0.510 3701.0 4.77 -0.02
 Kepler-676 b: 2.626 3.040 nan 0.0801 11.59822 2455013.395487 441.4 0
>Kepler-677: 290.0980478 50.3215731 13.686 0.990 1.000 5723.0 4.45 0.06
 Kepler-677 b: 4.284 5.380 nan 0.0687 6.57532 2455006.634296 1047.7 0
>Kepler-678: 295.4552577 50.4945093 13.260 0.910 0.940 5520.0 4.50 0.07
 Kepler-678 b: 7.521 5.140 nan 0.0720 7.27504 2455002.994868 946.4 0
>Kepler-679: 296.0213374 50.5678019 13.692 0.840 0.870 5403.0 4.54 -0.09
 Kepler-679 b: 3.722 3.010 nan 0.1001 12.39359 2455011.745720 754.9 0
>Kepler-68: 291.0323102 49.0402129 8.588 1.256 1.057 5847.0 4.28 0.11
 Kepler-68 b: 3.434 2.357 8.030 0.0614 5.39875 2455006.858780 1275.9 0
 Kepler-68 c: 3.005 0.979 1.300 0.0901 9.60503 2454969.382100 1053.0 0
 Kepler-68 d: nan nan 238.053 1.4690 632.62000 2455892.000000 260.7 1
 Kepler-68 e: nan nan 86.449 4.6000 3455.00000 2457791.000000 147.4 1
>Kepler-680: 291.6223810 50.6181793 13.764 1.110 1.080 5890.0 4.38 0.13
 Kepler-680 b: 2.629 2.420 nan 0.0479 3.68993 2455003.364610 1366.6 0
>Kepler-681: 289.3997364 51.2502428 13.172 0.760 0.800 5021.0 4.58 -0.04
 Kepler-681 b: 3.478 3.080 nan 0.1611 26.39436 2455009.053590 525.9 0
>Kepler-682: 289.1122204 51.7373589 13.478 0.890 0.920 5559.0 4.51 -0.05
 Kepler-682 b: 5.164 7.370 nan 0.1031 12.61191 2455013.892444 787.5 0
>Kepler-683: 291.4399598 37.9056293 13.358 0.950 0.960 5703.0 4.47 -0.03
 Kepler-683 b: 2.383 1.970 nan 0.0359 2.53918 2455002.674140 1414.0 0
>Kepler-684: 290.8704935 38.2735978 13.828 0.860 0.890 5493.0 4.53 -0.11
 Kepler-684 b: 1.940 3.360 nan 0.0674 6.77030 2455003.576970 946.4 0
>Kepler-685: 293.8719143 38.4229184 13.307 1.160 1.110 5963.0 4.36 0.15
 Kepler-685 b: 2.388 10.580 nan 0.0280 1.62552 2455003.826671 1850.3 0
>Kepler-686: 285.2138190 39.0274660 13.917 0.920 0.940 5649.0 4.49 -0.07
 Kepler-686 b: 1.956 12.150 nan 0.0262 1.59475 2455003.648322 1615.1 0
>Kepler-687: 289.3154576 39.1532911 13.216 0.730 0.770 4841.0 4.60 -0.04
 Kepler-687 b: 4.060 3.520 nan 0.1344 20.50587 2455014.434740 544.1 0
>Kepler-688: 294.6552312 39.3083446 13.924 0.960 0.980 5715.0 4.47 0.02
 Kepler-688 b: 2.339 9.760 nan 0.0481 3.89594 2455003.527525 1230.8 0
>Kepler-689: 294.7106347 39.5216975 13.714 0.880 0.910 5518.0 4.51 -0.01
 Kepler-689 b: 5.151 2.890 nan 0.1506 22.36656 2455008.455080 643.3 0
>Kepler-69: 293.2609013 44.8688656 12.234 0.930 0.810 5638.0 4.40 -0.29
 Kepler-69 b: 5.155 2.240 nan 0.0940 13.72234 2454970.841400 855.1 0
 Kepler-69 c: 12.808 1.710 nan 0.6400 242.46130 2454983.870000 327.7 0
>Kepler-690: 294.4899225 39.7714758 14.106 1.160 1.110 5913.0 4.35 0.19
 Kepler-690 b: 3.563 5.950 nan 0.0793 7.74809 2455007.997431 1090.2 0
>Kepler-691: 288.8117314 40.0332311 12.492 0.500 0.530 3715.0 4.76 0.04
 Kepler-691 b: 2.258 2.090 nan 0.0640 8.11438 2455009.339250 500.9 0
>Kepler-692: 294.7768068 40.1537027 13.702 0.860 0.900 5440.0 4.53 -0.01
 Kepler-692 b: 4.389 3.110 nan 0.1475 21.81293 2455007.011290 633.4 0
>Kepler-693: 283.2535270 40.3582155 14.178 0.720 0.760 4881.0 4.61 -0.10
 Kepler-693 b: 3.267 10.180 nan 0.1104 15.37563 2455006.613288 601.0 0
>Kepler-694: 291.1495269 40.4204569 13.493 0.950 0.970 5700.0 4.47 0.00
 Kepler-694 b: 2.970 2.800 nan 0.0665 6.36584 2455004.135430 1038.5 0
>Kepler-695: 299.3160934 40.8223815 12.922 0.800 0.840 5181.0 4.57 -0.01
 Kepler-695 b: 1.839 9.210 nan 0.0388 3.04033 2455002.949006 1135.1 0
>Kepler-696: 293.4965906 41.1375635 13.624 1.080 1.060 5903.0 4.39 0.07
 Kepler-696 b: 2.840 6.140 nan 0.0519 4.19043 2455004.441249 1298.9 0
>Kepler-697: 283.8643937 41.3463859 13.785 0.880 0.920 5513.0 4.52 -0.01
 Kepler-697 b: 3.100 4.130 nan 0.0456 3.70987 2455004.987861 1167.6 0
>Kepler-698: 288.5099994 41.3017465 13.799 0.910 0.940 5612.0 4.50 -0.03
 Kepler-698 b: 6.373 3.680 nan 0.1234 16.32976 2455010.295110 734.9 0
>Kepler-7: 288.5814928 41.0897335 11.535 1.966 1.359 5933.0 3.98 0.11
 Kepler-7 b: 4.630 18.181 140.163 0.0607 4.88549 2454967.276870 1628.6 0
>Kepler-700: 287.1542240 41.5657775 13.569 0.960 0.980 5692.0 4.47 0.04
 Kepler-700 b: 11.114 5.990 nan 0.3635 80.87206 2455036.896960 446.0 0
>Kepler-701: 288.9941800 41.6333125 13.141 0.840 0.880 5343.0 4.54 0.00
 Kepler-701 b: 3.428 2.840 nan 0.0891 10.35533 2455003.936850 791.1 0
>Kepler-702: 293.8781041 41.6617245 13.492 0.860 0.900 5419.0 4.53 0.00
 Kepler-702 b: 2.521 9.170 nan 0.0908 10.52629 2455009.522503 804.4 0
>Kepler-703: 299.1868586 41.7426990 13.620 1.270 1.180 6185.0 4.29 0.05
 Kepler-703 b: 2.715 8.200 nan 0.0571 4.58352 2455002.973823 1407.0 0
>Kepler-704: 283.3163671 41.8370942 13.557 0.960 0.970 5616.0 4.46 0.09
 Kepler-704 b: 3.391 2.610 nan 0.0469 3.76182 2455004.903710 1225.7 0
>Kepler-705: 289.5085612 41.8120234 12.536 0.510 0.530 3722.0 4.75 0.07
 Kepler-705 b: 4.595 2.110 nan 0.2320 56.05605 2455034.165610 266.1 0
>Kepler-707: 290.0075640 42.1164698 13.004 0.760 0.800 5099.0 4.58 -0.12
 Kepler-707 b: 1.824 1.330 nan 0.0311 2.23749 2455003.817450 1215.9 0
>Kepler-708: 293.8164588 42.2125159 13.871 0.960 0.970 5692.0 4.47 0.01
 Kepler-708 b: 2.188 2.930 nan 0.0418 3.16789 2455005.148586 1315.6 0
>Kepler-709: 292.1052720 42.3803077 13.145 0.770 0.800 5071.0 4.58 -0.08
 Kepler-709 b: 3.566 2.920 nan 0.1158 16.08525 2455013.280780 630.6 0
>Kepler-710: 291.9641255 42.6961308 13.378 0.910 0.940 5611.0 4.50 -0.04
 Kepler-710 b: 2.074 1.880 nan 0.0511 4.34729 2455005.234040 1142.2 0
>Kepler-711: 297.4600468 42.8398172 13.061 0.800 0.840 5222.0 4.56 -0.04
 Kepler-711 b: 4.759 3.410 nan 0.1519 23.58914 2455006.821120 577.9 0
>Kepler-712: 294.9096739 42.9351987 13.841 0.780 0.840 5148.0 4.58 -0.03
 Kepler-712 b: 4.091 3.410 nan 0.1407 21.02248 2455040.677070 584.6 0
 Kepler-712 c: 7.525 4.850 nan 0.6869 226.89047 2455040.360310 264.5 0
>Kepler-713: 295.6513819 43.0297781 13.300 0.990 0.980 5785.0 4.44 -0.03
 Kepler-713 b: 2.485 2.480 nan 0.0739 7.41114 2455008.346580 1021.1 0
>Kepler-714: 282.6994685 43.2727437 13.825 1.120 1.090 5995.0 4.37 0.04
 Kepler-714 b: 4.215 9.670 nan 0.0812 8.09889 2455009.623889 1073.4 0
>Kepler-715: 283.6307971 43.3793638 13.592 1.040 1.040 5871.0 4.42 0.02
 Kepler-715 b: 5.218 3.750 nan 0.0921 10.00653 2455009.968800 951.5 0
>Kepler-716: 290.3931809 43.3638577 13.135 0.780 0.830 5099.0 4.58 0.00
 Kepler-716 b: 3.048 2.900 nan 0.0875 10.37168 2455005.617960 734.2 0
 Kepler-716 c: 1.186 1.464 nan 0.0461 3.96999 2454970.757410 969.6 0
>Kepler-717: 292.9655071 43.3463450 13.996 0.850 0.880 5485.0 4.53 -0.12
 Kepler-717 b: 4.933 2.420 nan 0.0504 4.40840 2455005.189300 1085.9 0
>Kepler-718: 299.5618676 43.5035173 13.604 1.300 1.180 6191.0 4.28 0.06
 Kepler-718 b: 2.080 16.560 nan 0.0334 2.05235 2455002.890629 1862.5 0
>Kepler-719: 295.5360628 43.8844116 14.126 0.980 0.990 5777.0 4.45 -0.02
 Kepler-719 b: 4.222 8.520 nan 0.0571 5.00732 2455006.433852 1154.2 0
>Kepler-720: 298.6356478 44.1709388 13.243 0.920 0.950 5618.0 4.49 0.00
 Kepler-720 b: 3.175 8.410 nan 0.0540 4.70833 2455004.446520 1117.7 0
>Kepler-721: 284.4305132 44.4803776 13.627 0.780 0.820 5075.0 4.58 -0.01
 Kepler-721 b: 2.981 2.640 nan 0.0563 5.39203 2455004.727421 910.7 0
>Kepler-722: 290.2632874 44.5564051 13.841 1.050 1.030 5863.0 4.41 0.02
 Kepler-722 b: 2.286 2.630 nan 0.0506 4.09357 2455004.009870 1288.2 0
 Kepler-722 c: 7.239 2.820 nan 0.4403 105.14475 2455011.366600 436.6 0
>Kepler-723: 284.8304434 44.6580932 13.499 0.890 0.920 5539.0 4.51 0.00
 Kepler-723 b: 3.238 12.190 nan 0.0486 4.08228 2455002.637529 1142.8 0
>Kepler-724: 293.4548441 44.7927823 13.367 0.860 0.900 5437.0 4.53 -0.02
 Kepler-724 b: 1.707 3.290 nan 0.0420 3.31495 2455004.313373 1186.2 0
>Kepler-725: 283.9774949 44.8115613 13.222 0.880 0.950 5395.0 4.55 -0.08
 Kepler-725 b: 6.504 10.800 nan 0.2238 39.64372 2455039.597400 515.9 0
 Kepler-725 c: nan nan 9.700 0.6744 207.54100 nan 297.2 0
>Kepler-726: 291.7172776 44.8873466 13.329 0.850 0.880 5452.0 4.53 -0.09
 Kepler-726 b: 3.393 3.260 nan 0.1464 21.80451 2455023.497750 633.5 0
>Kepler-727: 294.8469333 45.0344155 13.432 0.860 0.890 5441.0 4.53 -0.01
 Kepler-727 b: 2.887 2.530 nan 0.0562 5.15448 2455004.639280 1026.6 0
>Kepler-728: 291.0923621 45.1155087 13.937 0.930 0.950 5660.0 4.49 -0.03
 Kepler-728 b: 3.453 3.340 nan 0.0617 5.74348 2455007.898320 1059.6 0
>Kepler-729: 286.3600604 45.4142664 14.086 0.910 0.940 5633.0 4.50 -0.05
 Kepler-729 b: 3.304 3.580 nan 0.0413 3.16635 2455003.965873 1274.4 0
>Kepler-730: 285.5547895 45.5788420 14.102 1.411 1.047 5620.0 4.16 0.21
 Kepler-730 b: 4.330 12.330 nan 0.0694 6.49168 2455007.633553 1221.9 0
 Kepler-730 c: 2.760 1.569 nan 0.0400 2.85188 2454965.145500 1610.1 0
>Kepler-731: 296.3931945 45.5685330 13.775 1.060 1.030 5849.0 4.41 0.04
 Kepler-731 b: 3.210 13.880 nan 0.0486 3.85560 2455003.678886 1317.2 0
>Kepler-732: 283.7317274 45.9585288 11.721 0.460 0.490 3631.0 4.79 -0.01
 Kepler-732 b: 2.444 2.180 nan 0.0691 9.46781 2455011.416463 451.9 0
 Kepler-732 c: 1.104 1.270 nan 0.0143 0.89304 2454967.540277 992.8 0
>Kepler-733: 293.0181882 45.9147063 13.648 0.860 0.900 5418.0 4.53 0.01
 Kepler-733 b: 4.075 2.820 nan 0.1431 20.83425 2455009.585690 640.5 0
>Kepler-734: 297.0456122 46.0273893 12.668 0.780 0.850 5326.0 4.59 -0.17
 Kepler-734 b: 4.676 3.560 nan 0.0619 6.10485 2455002.573341 911.5 0
>Kepler-735: 284.6888328 46.1721391 13.453 0.800 0.850 5107.0 4.57 0.07
 Kepler-735 b: 2.019 2.950 nan 0.0945 11.51517 2455007.858828 716.4 0
>Kepler-736: 285.3913092 46.1809293 13.820 0.810 0.860 5217.0 4.56 0.03
 Kepler-736 b: 2.522 2.930 nan 0.0437 3.60147 2455004.990990 1082.7 0
>Kepler-737: 291.8629793 46.4291614 12.097 0.480 0.510 3813.0 4.77 -0.24
 Kepler-737 b: 3.663 1.960 nan 0.1462 28.59915 2455022.925790 333.1 0
>Kepler-738: 287.5696516 46.5679011 13.818 0.820 0.860 5327.0 4.55 -0.09
 Kepler-738 b: 3.867 2.500 nan 0.1574 24.58722 2455006.703850 586.4 0
>Kepler-739: 290.0679940 46.5791535 13.847 0.900 0.930 5601.0 4.51 -0.08
 Kepler-739 b: 4.010 3.320 nan 0.1031 12.53248 2455003.764970 798.1 0
>Kepler-74: 293.0925275 41.3555095 12.958 1.120 1.180 6000.0 4.44 0.42
 Kepler-74 b: 3.082 10.760 200.220 0.0781 7.34071 2455187.567370 1095.6 0
>Kepler-740: 286.4822566 46.6924560 14.177 0.870 0.910 5438.0 4.52 0.03
 Kepler-740 b: 2.744 4.570 nan 0.0444 3.58410 2455003.427911 1160.5 0
>Kepler-741: 289.4317294 46.6174978 13.693 1.240 1.160 6129.0 4.31 0.07
 Kepler-741 b: 3.890 2.970 nan 0.0755 7.03902 2455008.730210 1197.5 0
>Kepler-742: 283.8659676 46.7896522 12.817 0.710 0.760 4642.0 4.62 0.07
 Kepler-742 b: 2.702 3.240 nan 0.0736 8.36087 2455008.644892 695.4 0
>Kepler-743: 295.5742300 42.8064255 10.777 0.850 0.940 5486.0 4.55 0.01
 Kepler-743 b: 1.025 1.210 nan 0.0415 3.17926 2455094.842389 1197.9 0
>Kepler-744: 296.4960493 47.1827848 11.931 0.930 0.940 5594.0 4.48 0.00
 Kepler-744 b: 2.101 1.620 nan 0.1008 12.06222 2454971.223690 819.2 0
>Kepler-745: 291.4994412 37.0592571 13.621 1.040 1.040 5849.0 4.42 0.06
 Kepler-745 b: 5.659 2.160 nan 0.0916 9.93144 2454969.493030 950.3 0
>Kepler-746: 290.6822097 37.3551593 11.815 0.930 0.910 5418.0 4.46 0.09
 Kepler-746 b: 1.839 1.110 nan 0.0436 3.48159 2454965.989970 1207.1 0
>Kepler-747: 288.4165196 41.0298175 13.630 0.780 0.820 5096.0 4.58 -0.03
 Kepler-747 b: 8.421 5.270 nan 0.1983 35.61761 2455030.035420 487.4 0
>Kepler-748: 292.2628779 37.2369732 13.603 1.100 1.070 5934.0 4.38 0.08
 Kepler-748 b: 3.580 2.520 nan 0.0761 7.40743 2455188.495210 1088.1 0
>Kepler-749: 299.8973341 43.9040667 13.515 0.750 0.790 5009.0 4.59 -0.11
 Kepler-749 b: 3.160 3.100 nan 0.1211 17.31717 2454975.357790 601.1 0
>Kepler-75: 291.1376203 36.5773443 13.118 0.890 0.910 5200.0 4.50 0.30
 Kepler-75 b: 2.078 11.770 3209.900 0.0818 8.88491 2455640.440300 827.1 0
>Kepler-750: 289.0968274 44.0043640 13.103 1.230 1.150 6160.0 4.32 0.03
 Kepler-750 b: 4.412 3.070 nan 0.0915 9.42887 2454973.105940 1089.0 0
 Kepler-750 c: 3.465 1.620 nan 0.0524 4.08899 2454968.761160 1438.7 0
>Kepler-751: 294.8438103 44.0776872 13.124 0.840 0.870 5387.0 4.54 -0.06
 Kepler-751 b: 4.099 2.460 nan 0.1257 17.44491 2454974.677880 671.6 0
>Kepler-752: 292.2681469 37.9556720 13.939 0.830 0.870 5373.0 4.54 -0.08
 Kepler-752 b: 4.732 2.810 nan 0.1322 18.82747 2455029.189050 649.1 0
>Kepler-753: 291.9032411 37.9023677 11.875 0.650 0.680 4346.0 4.65 -0.03
 Kepler-753 b: 1.822 1.910 nan 0.0552 5.74773 2454966.298180 719.0 0
>Kepler-754: 293.2541121 37.8461519 13.516 1.080 1.060 5935.0 4.39 0.05
 Kepler-754 b: 5.760 2.010 nan 0.1190 14.55962 2454968.961810 862.2 0
>Kepler-755: 296.8609348 41.0973178 11.879 0.770 0.820 5043.0 4.58 -0.01
 Kepler-755 b: 1.574 1.760 nan 0.0215 1.26909 2454966.344006 1456.2 0
 Kepler-755 c: 1.435 1.260 nan 0.0368 2.85313 2454966.796620 1111.6 0
>Kepler-756: 290.6079736 41.2010940 13.535 0.790 0.820 5282.0 4.57 -0.19
 Kepler-756 b: 1.703 1.120 nan 0.0210 1.22487 2454966.208150 1563.3 0
>Kepler-757: 296.6804876 41.3865279 13.043 1.130 1.080 6014.0 4.37 0.02
 Kepler-757 b: 1.339 1.360 nan 0.0204 1.02268 2454966.455440 2159.3 0
>Kepler-758: 293.0846115 41.1354049 13.110 1.420 1.160 6228.0 4.19 -0.10
 Kepler-758 b: 5.800 2.480 nan 0.1084 12.10971 2454973.212930 1086.8 0
 Kepler-758 c: 4.677 1.690 nan 0.0582 4.75794 2454970.697020 1483.8 0
 Kepler-758 d: 6.380 2.120 nan 0.1540 20.49662 2454980.453300 911.9 0
 Kepler-758 e: 5.047 1.530 nan 0.0836 8.19347 2454971.992100 1237.9 0
>Kepler-759: 290.1314231 41.3814345 12.967 1.040 1.040 5860.0 4.42 0.06
 Kepler-759 b: 6.132 2.270 nan 0.2388 41.80598 2454975.818590 589.6 0
>Kepler-76: 294.1921185 39.6189727 12.092 1.320 1.200 6409.0 4.20 -0.10
 Kepler-76 b: 1.428 15.244 638.838 0.0274 1.54493 2454966.548410 2145.0 0
>Kepler-760: 287.5931997 44.1794278 13.239 0.850 0.890 5322.0 4.54 0.08
 Kepler-760 b: 2.974 3.060 nan 0.0797 8.70419 2455190.560080 838.3 0
 Kepler-760 c: 1.565 1.480 nan 0.0344 2.46697 2455187.929290 1276.2 0
>Kepler-761: 290.5035990 44.1436249 13.202 0.930 0.950 5706.0 4.48 -0.09
 Kepler-761 b: 3.363 2.030 nan 0.0901 10.12805 2454972.115420 884.2 0
>Kepler-762: 291.2756631 47.3295107 13.969 1.080 1.060 5944.0 4.40 0.02
 Kepler-762 b: 3.828 12.680 nan 0.0483 3.77055 2455190.118242 1354.8 0
>Kepler-763: 292.1445534 47.1573604 13.752 0.800 0.840 5166.0 4.57 0.01
 Kepler-763 b: 1.190 1.220 nan 0.0208 1.19655 2454965.530820 1544.4 0
 Kepler-763 c: 2.190 1.349 nan 0.0466 4.09668 2454966.098330 1025.3 0
 Kepler-763 d: 2.591 1.582 nan 0.0634 6.50327 2454968.266570 879.0 0
>Kepler-764: 297.3931183 47.1645814 13.622 0.890 0.920 5557.0 4.51 -0.06
 Kepler-764 b: 3.512 1.640 nan 0.0719 7.33684 2454971.582720 943.0 0
>Kepler-765: 283.1846044 47.1557114 13.175 1.060 1.050 5901.0 4.41 0.04
 Kepler-765 b: 6.508 2.430 nan 0.1820 27.66552 2454977.864260 686.8 0
>Kepler-766: 293.1845144 37.9698357 13.994 1.150 1.100 5992.0 4.36 0.09
 Kepler-766 b: 4.749 3.390 nan 0.0674 6.10028 2454968.586730 1193.1 0
>Kepler-767: 291.5791562 38.0358066 13.812 0.940 0.960 5694.0 4.48 -0.05
 Kepler-767 b: 3.693 6.640 nan 0.5726 161.52801 2455031.001090 351.8 0
>Kepler-768: 294.1156858 38.3934378 13.514 0.780 0.820 5108.0 4.58 -0.03
 Kepler-768 b: 2.297 1.790 nan 0.0927 11.39100 2454970.709960 714.3 0
>Kepler-769: 292.7130925 38.3581685 13.392 1.280 1.190 6186.0 4.30 0.06
 Kepler-769 b: 3.702 2.920 nan 0.0789 7.42609 2454972.900460 1201.2 0
 Kepler-769 c: 4.279 1.790 nan 0.1316 15.98702 2454970.591400 930.2 0
>Kepler-77: 289.6079433 44.3454347 12.361 0.990 0.950 5520.0 4.42 0.20
 Kepler-77 b: 2.934 10.761 136.661 0.0450 3.57878 2455095.865727 1248.3 0
>Kepler-770: 286.4904589 38.3748720 12.923 0.920 0.940 5598.0 4.49 -0.01
 Kepler-770 b: 3.741 2.300 nan 0.1361 18.92540 2454982.494120 701.7 0
 Kepler-770 c: 2.326 1.200 nan 0.0248 1.47532 2454964.833200 1642.6 0
 Kepler-770 d: 2.592 1.400 nan 0.0495 4.15245 2454967.582770 1163.4 0
>Kepler-771: 287.4441104 38.0884183 13.202 1.050 1.030 5906.0 4.42 0.01
 Kepler-771 b: 4.444 1.820 nan 0.0838 8.73486 2454968.083310 1007.9 0
>Kepler-772: 291.4235820 38.2165603 12.299 1.110 0.980 5714.0 4.33 0.03
 Kepler-772 b: 5.984 1.820 nan 0.1074 12.99207 2454969.319500 885.7 0
>Kepler-773: 290.8846217 38.0575539 11.888 1.010 1.040 5850.0 4.45 0.05
 Kepler-773 b: 1.844 1.430 nan 0.0479 3.74910 2454968.109210 1296.0 0
>Kepler-774: 291.0318604 38.2118940 11.640 2.420 1.570 6403.0 3.87 0.04
 Kepler-774 b: 6.341 3.170 nan 0.1131 11.08957 2454974.762060 1428.1 0
>Kepler-775: 291.4332781 41.7033162 11.774 0.840 0.920 5468.0 4.56 -0.04
 Kepler-775 b: 1.597 1.190 nan 0.0187 0.97487 2454966.076177 1766.5 0
>Kepler-776: 287.2726117 41.6356009 13.319 0.780 0.830 5071.0 4.58 0.05
 Kepler-776 b: 1.799 1.280 nan 0.0530 4.89719 2454966.402180 937.7 0
>Kepler-777: 282.7241098 44.3465098 13.046 0.560 0.580 4043.0 4.71 -0.17
 Kepler-777 b: 1.980 1.470 nan 0.0523 5.72813 2454968.180790 638.2 0
>Kepler-778: 287.4774867 44.2374702 13.788 0.770 0.810 5102.0 4.58 -0.09
 Kepler-778 b: 2.297 1.680 nan 0.0441 3.75574 2454966.432880 1028.3 0
>Kepler-779: 285.6285208 44.3107855 12.608 0.440 0.460 3804.0 4.81 -0.43
 Kepler-779 b: 2.244 0.920 nan 0.0558 7.09714 2454969.343440 515.1 0
>Kepler-78: 293.7419543 44.4482521 9.586 0.748 0.779 5058.0 4.60 -0.18
 Kepler-78 b: 0.814 1.201 1.680 0.0090 0.35501 2454953.959840 2221.5 0
>Kepler-780: 281.7663511 44.2924898 11.824 1.020 1.010 5769.0 4.42 0.05
 Kepler-780 b: 1.824 0.890 nan 0.0151 0.67738 2454966.945810 2283.0 0
>Kepler-781: 287.6535874 47.4147762 14.049 0.780 0.810 5162.0 4.58 -0.10
 Kepler-781 b: 3.424 2.890 nan 0.1020 13.21407 2454973.587250 688.4 0
>Kepler-782: 288.8682460 47.7594700 11.325 1.010 0.980 5867.0 4.42 -0.14
 Kepler-782 b: 11.677 3.210 nan 0.5698 158.68533 2455006.949150 376.7 0
>Kepler-783: 291.0628615 47.4847890 12.287 0.890 0.930 5521.0 4.51 0.01
 Kepler-783 b: 2.622 0.780 nan 0.0505 4.29265 2454967.797380 1118.1 0
 Kepler-783 c: 1.724 2.379 nan 0.0705 7.05395 2454969.357253 917.7 0
>Kepler-784: 295.9206663 47.4486164 11.617 1.320 1.000 5674.0 4.19 0.07
 Kepler-784 b: 13.840 1.580 nan 0.1956 31.59226 2454975.966400 710.8 0
 Kepler-784 c: 11.284 1.376 nan 0.1309 17.15724 2454966.689510 922.5 0
>Kepler-785: 292.0683108 38.8422004 13.381 0.710 0.770 4739.0 4.62 -0.02
 Kepler-785 b: 1.829 13.020 nan 0.0282 1.97376 2455011.689372 1146.1 0
>Kepler-786: 293.7439223 38.9392217 12.706 0.740 0.810 4838.0 4.61 0.09
 Kepler-786 b: 5.577 2.430 nan 0.2591 53.52935 2454980.864150 394.2 0
>Kepler-787: 291.6924773 38.5729105 13.105 0.620 0.650 4248.0 4.67 -0.09
 Kepler-787 b: 1.300 1.280 nan 0.0161 0.92831 2454966.803410 1269.9 0
>Kepler-788: 290.0004154 38.5398551 13.873 1.230 1.160 6159.0 4.32 0.05
 Kepler-788 b: 6.488 2.550 nan 0.0850 8.39846 2454969.311550 1130.0 0
>Kepler-789: 295.9751549 38.9466396 13.005 1.020 1.010 5870.0 4.42 -0.06
 Kepler-789 b: 5.430 2.120 nan 0.0827 8.63848 2454972.946420 994.3 0
>Kepler-79: 300.5171067 44.3815508 12.606 1.316 1.244 6389.0 4.44 0.06
 Kepler-79 b: 5.020 3.510 7.600 0.1192 13.48451 2455684.306100 1023.5 0
 Kepler-79 c: 6.829 3.760 4.600 0.1913 27.40260 2455706.477100 808.0 0
 Kepler-79 d: 8.633 7.150 5.300 0.2879 52.08970 2455721.010400 658.7 0
 Kepler-79 e: 3.771 3.530 3.800 0.3943 81.06650 2455702.126900 562.9 0
>Kepler-790: 286.9171489 38.8722123 13.248 0.800 0.840 5208.0 4.56 -0.05
 Kepler-790 b: 2.357 2.180 nan 0.1059 13.73470 2454975.330850 690.2 0
>Kepler-791: 293.5958044 39.0294267 13.158 1.470 1.300 6383.0 4.21 0.06
 Kepler-791 b: 6.254 3.050 nan 0.1273 14.55398 2454967.113140 1045.8 0
>Kepler-792: 292.0068239 38.8207001 13.478 1.120 1.090 5971.0 4.38 0.08
 Kepler-792 b: 3.980 1.960 nan 0.1014 11.30119 2454967.920260 956.8 0
>Kepler-793: 295.2167334 38.7744269 12.871 0.970 0.980 5745.0 4.46 0.00
 Kepler-793 b: 3.115 1.370 nan 0.0509 4.24154 2454966.458100 1208.9 0
>Kepler-794: 288.1336793 38.9968923 12.011 1.380 1.190 5839.0 4.23 0.34
 Kepler-794 b: 4.175 2.110 nan 0.1034 11.13125 2454967.365320 1028.7 0
>Kepler-795: 291.0189951 38.5455728 11.708 0.960 0.940 5631.0 4.45 -0.02
 Kepler-795 b: 4.977 1.680 nan 0.1835 29.61934 2454966.682250 621.0 0
>Kepler-796: 287.3078999 39.1447097 11.074 1.090 0.930 5475.0 4.33 0.09
 Kepler-796 b: 2.504 1.300 nan 0.0659 6.40088 2454969.881090 1074.1 0
>Kepler-797: 297.2089078 41.7816450 12.841 0.950 0.960 5680.0 4.47 -0.02
 Kepler-797 b: 6.943 2.170 nan 0.1741 27.07238 2454972.112250 639.9 0
>Kepler-798: 292.4782785 42.1422821 12.838 1.290 1.190 6224.0 4.29 0.03
 Kepler-798 b: 5.543 2.390 nan 0.1189 13.71933 2454973.747860 988.8 0
>Kepler-799: 287.1748966 44.8784754 13.524 0.930 0.950 5681.0 4.49 -0.07
 Kepler-799 b: 11.611 6.880 nan 0.5024 133.46052 2455049.045710 372.7 0
 Kepler-799 c: 3.047 1.623 nan 0.1213 15.19420 2454975.740640 976.5 0
>Kepler-8: 281.2881335 42.4510975 12.293 1.486 1.213 6213.0 4.17 -0.06
 Kepler-8 b: 3.191 15.872 187.520 0.0474 3.52250 2454954.119310 1677.5 0
>Kepler-80: 296.1125759 39.9787451 12.253 0.678 0.730 4540.0 4.64 0.04
 Kepler-80 b: 2.427 2.670 6.930 0.0648 7.05246 2455658.399000 708.1 0
 Kepler-80 c: 2.357 2.740 6.740 0.0792 9.52355 2455696.047000 640.5 0
 Kepler-80 d: 1.873 1.530 6.750 0.0372 3.07222 2455695.129000 934.6 0
 Kepler-80 e: 2.072 1.600 4.130 0.0491 4.64489 2455696.915000 813.5 0
 Kepler-80 f: 1.401 1.210 4459.730 0.0175 0.98679 2454966.170360 1362.7 0
 Kepler-80 g: 2.120 1.130 3.127 0.1419 14.64558 2455658.607300 478.6 0
>Kepler-800: 286.5747697 44.7951858 13.916 0.820 0.850 5315.0 4.55 -0.09
 Kepler-800 b: 3.854 2.850 nan 0.1084 14.13176 2454975.261130 705.0 0
>Kepler-801: 286.0751815 44.6646277 12.763 0.630 0.670 4435.0 4.66 -0.17
 Kepler-801 b: 3.987 2.000 nan 0.0868 11.41928 2454970.667700 576.0 0
>Kepler-802: 286.0157998 45.0077413 13.105 0.900 0.930 5507.0 4.50 0.06
 Kepler-802 b: 5.533 3.540 nan 0.2236 40.05875 2455002.911310 532.7 0
>Kepler-803: 299.2216728 44.6939033 11.993 1.120 1.050 5919.0 4.36 0.02
 Kepler-803 b: 6.367 3.790 nan 0.2710 50.28638 2455000.632420 580.2 0
>Kepler-804: 293.3722109 44.7851812 12.246 1.050 1.010 5817.0 4.40 0.00
 Kepler-804 b: 4.782 1.940 nan 0.1161 14.37457 2454971.202220 843.6 0
 Kepler-804 c: 4.457 1.140 nan 0.0890 9.65185 2454965.159450 963.4 0
>Kepler-805: 293.2300178 45.0533640 11.200 1.650 1.190 6112.0 4.08 -0.06
 Kepler-805 b: 8.421 2.890 nan 0.2041 30.86389 2454995.883000 838.1 0
>Kepler-806: 296.0071956 44.8535698 10.128 1.160 0.990 5770.0 4.30 0.00
 Kepler-806 b: 5.455 1.140 nan 0.0786 8.09220 2454971.046710 1068.7 0
>Kepler-808: 291.5941514 48.4454907 11.879 0.710 0.760 4653.0 4.62 0.05
 Kepler-808 b: 1.108 1.460 nan 0.0131 0.63133 2454966.944034 1649.1 0
>Kepler-809: 289.0836324 48.0180689 13.195 0.980 0.990 5734.0 4.45 0.04
 Kepler-809 b: 7.119 3.010 nan 0.2843 55.63934 2455020.550600 513.4 0
>Kepler-81: 293.6369437 42.8248275 12.392 0.590 0.640 3896.0 4.70 -0.20
 Kepler-81 b: 2.369 2.420 17.200 0.0554 5.95500 2455003.956032 613.0 0
 Kepler-81 c: 2.736 2.370 4.300 0.0886 12.04000 2455014.225360 484.8 0
 Kepler-81 d: 2.570 1.200 nan 0.1280 20.83785 2454965.079630 467.8 0
>Kepler-810: 296.6148615 48.0825642 14.207 1.040 1.030 5803.0 4.42 0.10
 Kepler-810 b: 2.823 1.930 nan 0.0546 4.59725 2454969.480670 1220.7 0
>Kepler-811: 285.4241593 47.8345586 12.462 1.240 1.010 5747.0 4.25 0.05
 Kepler-811 b: 5.464 2.700 nan 0.1615 23.58448 2454978.957460 767.9 0
>Kepler-812: 288.8552821 48.2085170 12.832 1.710 1.450 6761.0 4.13 0.02
 Kepler-812 b: 4.939 3.550 nan 0.1036 10.11717 2454970.444600 1324.4 0
>Kepler-813: 285.6626752 48.4353251 13.122 0.930 0.950 5743.0 4.48 -0.13
 Kepler-813 b: 3.757 2.140 nan 0.1376 19.12947 2454972.434680 719.9 0
>Kepler-814: 284.9105256 48.4315896 13.418 1.220 1.150 6162.0 4.33 0.01
 Kepler-814 b: 3.392 2.120 nan 0.0688 6.14699 2454968.074000 1251.2 0
>Kepler-815: 285.2211238 47.8813037 11.191 3.420 1.250 5028.0 3.46 -0.03
 Kepler-815 b: 8.545 4.110 nan 0.0883 8.57504 2454973.138830 1508.7 0
>Kepler-816: 293.3628165 39.2124394 13.892 0.850 0.900 5286.0 4.54 0.16
 Kepler-816 b: 3.743 10.240 nan 0.0906 10.50683 2455193.082546 780.6 0
>Kepler-817: 296.0818498 39.1616140 13.954 1.030 1.030 5861.0 4.42 0.02
 Kepler-817 b: 2.427 9.030 nan 0.0497 3.99011 2455188.840733 1286.3 0
>Kepler-818: 296.2351072 39.3702865 13.448 0.920 0.940 5638.0 4.49 -0.08
 Kepler-818 b: 3.418 5.110 nan 0.0892 10.03539 2454970.471310 873.1 0
>Kepler-819: 295.3708312 39.1772925 13.163 0.810 0.860 5279.0 4.55 -0.06
 Kepler-819 b: 5.013 2.760 nan 0.1922 33.19956 2454986.663080 522.5 0
>Kepler-82: 292.8733696 42.9661583 13.518 0.898 0.910 5529.0 4.49 0.12
 Kepler-82 b: 4.356 4.070 12.150 0.1683 26.44000 2455027.121480 615.9 0
 Kepler-82 c: 6.399 5.340 13.900 0.2626 51.54000 2455007.055011 493.0 0
 Kepler-82 d: 2.026 1.682 885.098 0.0340 2.38296 2454968.081860 1379.9 0
 Kepler-82 e: 2.827 2.347 254.020 0.0630 5.90221 2454969.784430 1013.7 0
 Kepler-82 f: nan nan 20.900 0.3395 75.73200 nan 433.6 0
>Kepler-820: 291.0201523 39.2206091 12.530 1.360 1.230 6260.0 4.25 0.09
 Kepler-820 b: 10.877 6.090 nan 0.5321 127.83381 2455126.417780 482.6 0
>Kepler-821: 285.6173937 39.3794684 12.869 0.800 0.840 5191.0 4.56 -0.03
 Kepler-821 b: 1.919 1.310 nan 0.0286 1.92280 2454967.503380 1325.0 0
>Kepler-822: 292.2760929 39.5501136 13.053 1.080 1.060 5928.0 4.40 0.04
 Kepler-822 b: 2.857 1.770 nan 0.0435 3.22297 2455011.072080 1423.7 0
>Kepler-823: 284.5825682 39.2201737 13.187 0.960 0.980 5643.0 4.47 0.06
 Kepler-823 b: 2.723 1.570 nan 0.0503 4.16809 2454967.899910 1188.2 0
>Kepler-824: 290.4774060 39.7319975 13.447 1.220 1.150 6035.0 4.32 0.14
 Kepler-824 b: 2.956 1.870 nan 0.0560 4.51437 2454967.029040 1358.2 0
>Kepler-825: 294.7698250 39.3984081 12.670 1.080 1.030 5976.0 4.39 -0.08
 Kepler-825 b: 2.685 1.530 nan 0.0479 3.77360 2454967.069390 1368.2 0
 Kepler-825 c: 2.460 1.840 nan 0.0803 8.18182 2454967.814790 1057.1 0
>Kepler-826: 284.8601128 39.2405076 12.001 1.150 1.050 6079.0 4.34 -0.12
 Kepler-826 b: 2.831 1.250 nan 0.0541 4.48759 2454966.361750 1351.3 0
>Kepler-827: 294.9660027 42.7085608 14.209 0.910 0.930 5602.0 4.50 -0.06
 Kepler-827 b: 5.308 5.630 nan 0.2659 51.92928 2454984.931750 499.7 0
>Kepler-828: 286.8872555 42.4712271 12.992 0.770 0.810 5039.0 4.58 -0.02
 Kepler-828 b: 0.987 1.510 nan 0.0125 0.56786 2454967.062486 1906.3 0
>Kepler-829: 282.3328312 42.4638125 13.290 0.970 0.980 5698.0 4.46 0.03
 Kepler-829 b: 2.244 2.110 nan 0.0703 6.88338 2454968.264580 1020.3 0
>Kepler-83: 282.2325197 43.6655662 12.947 0.610 0.660 3906.0 4.69 -0.32
 Kepler-83 b: 2.476 2.830 4.690 0.0779 9.77000 2455008.713700 527.2 0
 Kepler-83 c: 3.588 2.360 2.030 0.1259 20.09000 2454980.977900 414.5 0
 Kepler-83 d: 2.163 1.992 4.100 0.0510 5.16980 2455005.631000 764.9 0
>Kepler-830: 295.0542380 42.7568316 13.269 1.110 1.070 6037.0 4.38 -0.02
 Kepler-830 b: 4.583 1.700 nan 0.1008 11.29695 2454967.568760 966.1 0
>Kepler-831: 294.9855607 42.7277355 12.159 0.970 0.990 5732.0 4.46 0.02
 Kepler-831 b: 2.364 1.270 nan 0.0617 5.62154 2454969.890500 1096.2 0
>Kepler-832: 295.9261101 45.3838690 14.197 0.900 0.920 5596.0 4.50 -0.08
 Kepler-832 b: 3.929 2.060 nan 0.0706 7.13969 2454970.185770 963.6 0
>Kepler-833: 290.4799052 45.6005798 12.885 0.620 0.640 4339.0 4.67 -0.18
 Kepler-833 b: 3.068 2.020 nan 0.1191 18.75470 2454974.715630 477.5 0
>Kepler-834: 287.0544674 45.1803351 13.484 0.660 0.700 4554.0 4.64 -0.13
 Kepler-834 b: 3.277 2.020 nan 0.0977 13.32388 2454968.244460 570.9 0
>Kepler-835: 283.5742181 45.7348003 14.561 1.110 1.080 5954.0 4.38 0.08
 Kepler-835 b: 4.382 2.790 nan 0.1018 11.41909 2455019.309720 947.9 0
>Kepler-836: 287.4527659 45.7043964 13.150 1.040 1.030 5895.0 4.41 -0.01
 Kepler-836 b: 4.205 2.730 nan 0.0999 11.36112 2454969.926530 917.2 0
>Kepler-837: 285.2467607 45.9501100 13.465 0.810 0.850 5403.0 4.56 -0.18
 Kepler-837 b: 2.261 2.560 nan 0.1204 16.56060 2454966.497460 675.6 0
>Kepler-838: 285.4354695 45.9759590 13.761 0.960 0.980 5770.0 4.46 -0.06
 Kepler-838 b: 4.694 2.730 nan 0.1221 15.74958 2454983.245420 780.0 0
>Kepler-839: 291.0746840 45.2425440 12.250 1.310 1.220 6058.0 4.29 0.29
 Kepler-839 b: 8.579 2.570 nan 0.2356 37.81445 2454967.667020 688.8 0
>Kepler-84: 298.2520208 40.4960842 13.193 1.430 1.000 6028.0 4.13 -0.14
 Kepler-84 b: 4.724 2.230 40.000 0.0830 8.72600 2454971.766870 1206.9 0
 Kepler-84 c: 5.661 2.360 20.200 0.1076 12.88300 2454968.183320 1059.9 0
 Kepler-84 d: 3.172 1.688 nan 0.0520 4.22454 2454968.433270 1378.9 0
 Kepler-84 e: 5.121 3.180 nan 0.1810 27.43439 2454978.125400 739.1 0
 Kepler-84 f: 5.860 2.691 nan 0.2500 44.55217 2454993.290970 628.9 0
>Kepler-841: 284.2513637 48.8095962 13.928 0.810 0.850 5324.0 4.56 -0.09
 Kepler-841 b: 3.661 5.230 nan 0.4620 124.41984 2454983.596020 339.9 0
>Kepler-842: 292.3285976 49.6535171 12.913 0.730 0.780 4848.0 4.60 -0.02
 Kepler-842 b: 1.567 1.600 nan 0.0206 1.21957 2454966.460111 1392.8 0
>Kepler-843: 296.3219786 48.9714373 13.709 1.030 1.020 5830.0 4.42 0.05
 Kepler-843 b: 2.181 2.590 nan 0.0318 2.05388 2454966.734950 1599.2 0
>Kepler-844: 287.8578541 48.7739646 13.058 0.570 0.590 4128.0 4.70 -0.24
 Kepler-844 b: 1.930 1.680 nan 0.0311 2.61302 2454966.112270 851.6 0
>Kepler-845: 290.9576363 49.2037262 12.515 0.750 0.790 4913.0 4.59 0.01
 Kepler-845 b: 1.440 2.040 nan 0.0172 0.92786 2454966.906037 1563.9 0
>Kepler-846: 287.0570731 49.0460112 13.978 0.910 0.940 5579.0 4.50 0.00
 Kepler-846 b: 3.524 2.480 nan 0.1403 19.80792 2454972.377850 685.0 0
>Kepler-847: 283.5048144 49.4509371 12.708 0.770 0.830 4940.0 4.58 0.15
 Kepler-847 b: 2.039 1.180 nan 0.0324 2.34323 2454966.206620 1160.4 0
>Kepler-848: 293.2882949 48.8116114 12.431 1.200 1.010 5695.0 4.28 0.15
 Kepler-848 b: 5.655 1.700 nan 0.0712 6.91134 2454969.648100 1127.0 0
>Kepler-849: 290.8517961 48.5213243 11.527 1.822 1.259 5950.0 4.02 0.14
 Kepler-849 b: 24.010 8.082 298.759 1.1370 394.62508 2455010.837700 363.2 0
>Kepler-85: 290.9734395 45.2902761 13.083 0.875 0.928 5505.2 4.54 -0.02
 Kepler-85 b: 3.879 1.778 1.840 0.0783 8.30000 2454972.738470 887.7 0
 Kepler-85 c: 4.572 1.978 2.150 0.1029 12.51000 2454972.416280 774.2 0
 Kepler-85 d: 4.510 1.176 8.697 0.1300 17.91323 2454968.537730 687.0 0
 Kepler-85 e: 4.083 1.244 28.763 0.1630 25.21675 2454985.688150 613.5 0
>Kepler-850: 293.0844515 48.5753645 13.987 1.090 1.060 5932.0 4.39 0.03
 Kepler-850 b: 3.435 1.780 nan 0.0744 7.19304 2454969.051700 1095.2 0
>Kepler-851: 294.6802199 49.1401106 13.392 0.850 0.890 5455.0 4.53 -0.07
 Kepler-851 b: 3.026 1.680 nan 0.0784 8.50700 2454967.643060 865.9 0
>Kepler-852: 297.3915863 48.5606875 12.587 1.160 1.190 6100.0 4.38 0.22
 Kepler-852 b: 6.498 2.540 nan 0.2621 44.93098 2454973.204270 618.8 0
>Kepler-853: 283.9367810 49.1102748 11.151 1.550 1.300 6350.0 4.17 0.07
 Kepler-853 b: 4.591 1.690 nan 0.0794 7.16892 2454968.678830 1352.8 0
>Kepler-855: 295.0949565 43.5375650 13.338 1.030 1.030 5835.0 4.42 0.06
 Kepler-855 b: 5.219 8.350 nan 0.0783 7.88663 2455193.514349 1020.4 0
>Kepler-856: 289.6038379 46.3149097 13.905 0.930 0.960 5535.0 4.49 0.12
 Kepler-856 b: 3.140 9.300 nan 0.0774 8.02768 2455193.171476 925.2 0
>Kepler-857: 294.6323978 43.4004526 13.403 0.990 0.990 5773.0 4.45 0.02
 Kepler-857 b: 6.757 6.800 nan 0.3781 85.35129 2454994.009326 450.4 0
>Kepler-858: 288.8488552 51.2090375 10.862 0.910 0.960 5653.0 4.50 -0.04
 Kepler-858 b: 7.960 4.870 nan 0.3468 76.13602 2455032.479049 441.6 0
>Kepler-859: 286.7418337 43.1901197 13.858 0.770 0.810 5020.0 4.59 -0.02
 Kepler-859 b: 3.743 3.090 nan 0.1361 20.38178 2454975.314450 575.7 0
>Kepler-860: 295.5772681 46.2547028 13.750 1.060 1.040 5836.0 4.40 0.09
 Kepler-860 b: 2.593 3.240 nan 0.0588 5.10138 2455190.482500 1195.3 0
>Kepler-861: 292.3539624 46.2262465 13.532 0.780 0.820 5047.0 4.58 0.01
 Kepler-861 b: 1.579 2.280 nan 0.0458 3.94963 2454967.609390 1004.7 0
>Kepler-862: 297.7792466 46.4926688 13.315 0.840 0.880 5333.0 4.54 0.04
 Kepler-862 b: 2.179 2.210 nan 0.0403 3.14866 2455189.935470 1174.2 0
>Kepler-863: 297.6644677 43.2489903 13.706 0.950 0.960 5678.0 4.46 -0.03
 Kepler-863 b: 5.087 2.900 nan 0.1205 15.59462 2454970.565470 768.7 0
>Kepler-864: 285.0570943 46.3206074 14.218 1.000 1.000 5754.0 4.44 0.04
 Kepler-864 b: 3.859 2.400 nan 0.0634 5.83376 2454971.748730 1101.8 0
 Kepler-864 c: 2.965 1.350 nan 0.0382 2.42150 2454966.835170 1675.7 0
>Kepler-865: 297.7242257 43.5272796 12.684 0.920 0.930 5570.0 4.49 -0.01
 Kepler-865 b: 4.324 2.490 nan 0.1118 14.16399 2454973.590100 770.4 0
 Kepler-865 c: 2.637 0.922 nan 0.0610 6.20920 2454969.879380 999.2 0
>Kepler-866: 290.1222112 43.0854070 13.484 0.710 0.750 4751.0 4.62 -0.07
 Kepler-866 b: 2.045 1.630 nan 0.0338 2.61703 2454967.031790 1050.5 0
>Kepler-867: 287.2852554 51.2499499 13.148 0.910 0.920 5541.0 4.49 -0.02
 Kepler-867 b: 10.979 4.640 nan 0.5379 150.24213 2454971.287240 347.5 0
>Kepler-868: 282.3635315 46.6752384 14.090 0.890 0.930 5614.0 4.51 -0.08
 Kepler-868 b: 3.307 2.050 nan 0.0561 5.03252 2454970.332950 1078.3 0
>Kepler-869: 289.4245955 50.9941198 13.359 0.950 0.970 5664.0 4.47 0.02
 Kepler-869 b: 7.553 3.610 nan 0.2282 40.42878 2454972.502290 557.3 0
>Kepler-87: 297.9168433 46.9651146 12.981 1.820 1.100 5600.0 3.96 -0.17
 Kepler-87 b: 12.036 13.490 324.200 0.4810 114.73635 2454998.150671 525.3 0
 Kepler-87 c: 16.614 6.140 6.400 0.6760 191.23180 2455119.090960 443.1 0
>Kepler-870: 295.4025625 50.4785992 13.738 1.020 1.010 5857.0 4.43 -0.01
 Kepler-870 b: 5.905 2.780 nan 0.1512 21.35876 2454968.071130 733.7 0
>Kepler-871: 294.5270634 43.3681317 14.167 1.140 1.110 5993.0 4.37 0.09
 Kepler-871 b: 5.060 3.740 nan 0.1593 22.04590 2454969.478320 773.0 0
>Kepler-872: 295.4174725 43.6056117 13.389 1.080 1.050 5902.0 4.40 0.04
 Kepler-872 b: 2.330 1.990 nan 0.0374 2.57886 2454966.223370 1529.2 0
>Kepler-873: 296.4031319 51.2712773 13.439 1.270 1.180 6163.0 4.29 0.07
 Kepler-873 b: 5.099 3.750 nan 0.1552 20.55338 2454972.558170 850.2 0
>Kepler-874: 294.9568477 43.0142991 13.140 1.130 1.090 6020.0 4.37 0.03
 Kepler-874 b: 6.082 3.940 nan 0.2358 40.06867 2454984.808290 635.4 0
>Kepler-875: 297.3012497 43.1418313 13.556 1.110 1.060 5958.0 4.38 0.03
 Kepler-875 b: 5.239 2.900 nan 0.1818 27.50738 2454984.838750 709.8 0
>Kepler-876: 283.4781717 43.3837235 13.354 0.770 0.810 5060.0 4.58 -0.03
 Kepler-876 b: 2.720 1.430 nan 0.0544 5.14438 2454966.827430 918.3 0
>Kepler-877: 289.8591023 46.5227429 12.653 0.810 0.850 5261.0 4.56 -0.06
 Kepler-877 b: 3.308 2.120 nan 0.1295 18.45847 2454971.164630 634.5 0
>Kepler-878: 285.2962562 46.6034497 12.788 0.770 0.810 5044.0 4.58 -0.03
 Kepler-878 b: 4.044 1.930 nan 0.1599 25.94220 2454989.186030 533.8 0
>Kepler-879: 295.8065515 50.9097521 12.681 1.020 1.020 5792.0 4.42 0.05
 Kepler-879 b: 5.051 2.570 nan 0.2043 33.38559 2454981.927960 624.1 0
 Kepler-879 c: 1.700 0.399 nan 0.0147 0.64672 2454833.206000 2191.5 0
>Kepler-880: 281.9712347 43.6727839 11.039 1.740 1.460 6761.0 4.12 0.03
 Kepler-880 b: 4.295 2.660 nan 0.0867 7.71469 2454966.554780 1460.7 0
 Kepler-880 c: 4.472 1.918 nan 0.1216 11.80617 2454971.264100 1538.2 0
>Kepler-881: 288.9925529 46.6706513 13.714 1.090 1.060 5961.0 4.39 0.00
 Kepler-881 b: 3.350 1.780 nan 0.0539 4.44448 2454966.462630 1292.1 0
>Kepler-882: 294.6500256 43.3356106 12.268 0.870 0.900 5476.0 4.52 -0.03
 Kepler-882 b: 1.540 1.230 nan 0.0475 3.98954 2454967.099800 1129.7 0
>Kepler-883: 286.4337260 50.3002266 11.752 1.090 1.060 6116.0 4.40 -0.13
 Kepler-883 b: 3.457 1.780 nan 0.1102 12.98496 2454972.781760 927.4 0
>Kepler-884: 292.5844328 49.9232012 11.547 0.940 1.000 5715.0 4.49 0.05
 Kepler-884 b: 2.388 1.230 nan 0.0624 5.69920 2454969.587540 1069.2 0
>Kepler-885: 288.6615682 49.7371538 11.535 1.350 1.210 6187.0 4.26 0.11
 Kepler-885 b: 5.227 2.500 nan 0.1438 18.11473 2454980.492230 914.0 0
>Kepler-886: 286.2717162 43.5952037 12.565 1.160 1.100 6098.0 4.35 -0.01
 Kepler-886 b: 3.077 1.520 nan 0.0685 6.24146 2454967.887040 1210.2 0
>Kepler-887: 290.0907893 39.8169085 12.241 1.290 1.190 6194.0 4.29 0.08
 Kepler-887 b: 6.192 1.840 nan 0.1550 20.42229 2454979.983280 861.8 0
 Kepler-887 c: 3.971 1.130 nan 0.0804 7.63846 2454971.244670 1196.1 0
>Kepler-888: 295.5212866 49.7386804 11.594 0.900 0.970 5875.0 4.52 -0.21
 Kepler-888 b: 6.624 1.760 nan 0.3312 70.69791 2455021.570290 467.0 0
>Kepler-889: 291.4674540 50.7595597 11.327 1.250 1.140 5961.0 4.30 0.19
 Kepler-889 b: 2.949 1.090 nan 0.0493 3.74444 2454966.560630 1447.4 0
>Kepler-890: 288.4357180 43.7634712 13.665 1.130 1.090 5954.0 4.37 0.09
 Kepler-890 b: 6.607 8.890 nan 0.2833 52.75876 2454989.306750 573.4 0
>Kepler-891: 291.0837644 40.3552252 13.850 1.070 1.060 5887.0 4.41 0.09
 Kepler-891 b: 5.323 6.410 nan 0.2831 53.44946 2454982.201815 551.8 0
>Kepler-892: 283.1296399 43.8880983 13.335 0.720 0.750 4747.0 4.61 -0.04
 Kepler-892 b: 2.702 2.810 nan 0.1021 13.75211 2454976.031240 608.0 0
>Kepler-893: 284.9630591 43.9130282 13.744 0.990 1.000 5820.0 4.45 -0.03
 Kepler-893 b: 3.283 3.030 nan 0.0670 6.33856 2455187.851100 1078.5 0
>Kepler-894: 288.7340513 46.9393630 13.840 0.850 0.870 5603.0 4.53 -0.25
 Kepler-894 b: 4.493 2.780 nan 0.0856 9.80322 2455196.985900 851.5 0
>Kepler-895: 289.2906978 51.4089936 13.387 0.610 0.650 4315.0 4.67 -0.16
 Kepler-895 b: 1.717 1.540 nan 0.0337 2.80624 2454966.731250 884.9 0
>Kepler-896: 282.4391402 43.7344291 13.659 0.810 0.840 5262.0 4.56 -0.10
 Kepler-896 b: 14.962 2.530 nan 0.5086 144.54740 2455098.952810 320.2 0
 Kepler-896 c: 13.902 3.171 nan 0.1792 29.54226 2454970.578370 562.4 0
>Kepler-897: 290.5867992 51.6957731 13.466 1.040 1.030 5839.0 4.41 0.04
 Kepler-897 b: 4.500 2.390 nan 0.0794 8.04726 2454970.208600 1019.2 0
>Kepler-898: 286.5854116 46.8708877 13.187 0.620 0.650 4223.0 4.66 -0.06
 Kepler-898 b: 2.498 1.490 nan 0.0552 5.87062 2454970.249530 682.7 0
>Kepler-899: 297.4825612 40.6807412 13.615 0.910 0.930 5595.0 4.49 -0.06
 Kepler-899 b: 5.200 2.680 nan 0.1369 19.17891 2454972.746610 695.7 0
>Kepler-9: 285.5739904 38.4008192 12.337 0.958 1.022 5774.0 4.49 0.05
 Kepler-9 b: 4.243 8.290 43.400 0.1430 19.23891 2454977.512000 720.7 0
 Kepler-9 c: 4.565 8.080 29.900 0.2270 38.98530 2454968.840000 572.0 0
 Kepler-9 d: 1.970 1.536 8.415 0.0273 1.59285 2455015.094300 1702.8 0
>Kepler-900: 296.1772720 46.9989635 12.701 0.730 0.780 4836.0 4.60 -0.01
 Kepler-900 b: 2.212 2.080 nan 0.0659 6.99131 2454968.462630 776.3 0
>Kepler-901: 291.1528056 40.8876814 11.907 0.570 0.590 4184.0 4.70 -0.30
 Kepler-901 b: 1.485 1.370 nan 0.0380 3.51749 2454968.546570 781.8 0
>Kepler-902: 289.7317067 46.9538750 13.260 0.930 0.950 5647.0 4.49 0.00
 Kepler-902 b: 5.184 2.540 nan 0.2254 40.10995 2454975.078260 553.1 0
>Kepler-903: 288.7710137 40.6641771 12.993 0.970 0.980 5682.0 4.46 0.05
 Kepler-903 b: 6.565 2.010 nan 0.0923 10.35077 2454966.713620 888.1 0
 Kepler-903 c: 11.298 2.530 nan 0.3075 62.92286 2454984.680770 486.6 0
>Kepler-904: 288.8229001 40.3890100 13.046 1.250 1.160 6160.0 4.31 0.05
 Kepler-904 b: 2.758 1.770 nan 0.0430 3.02167 2454966.476720 1601.9 0
>Kepler-905: 290.0511468 46.7134077 12.264 0.860 0.950 5461.0 4.55 0.09
 Kepler-905 b: 1.735 1.410 nan 0.0569 5.08275 2454966.210950 1024.0 0
>Kepler-906: 291.4055614 40.1254254 12.594 1.020 1.060 6035.0 4.45 -0.09
 Kepler-906 b: 5.675 2.110 nan 0.2399 41.69800 2455002.576360 600.0 0
>Kepler-907: 285.4764959 41.6326615 10.282 1.380 1.080 6106.0 4.19 -0.15
 Kepler-907 b: 4.150 1.200 nan 0.1268 15.86622 2454974.088050 971.4 0
>Kepler-908: 295.3225434 39.3764624 9.993 1.120 1.110 5973.0 4.38 0.15
 Kepler-908 b: 1.609 1.220 nan 0.0246 1.34060 2454965.244420 1942.0 0
>Kepler-909: 289.5063796 45.3709728 10.274 1.230 1.170 6154.0 4.33 0.08
 Kepler-909 b: 2.512 1.470 nan 0.1194 13.93290 2454972.411950 952.4 0
>Kepler-91: 285.6729033 44.1167513 10.136 6.300 1.310 4550.0 2.95 0.11
 Kepler-91 b: 9.040 15.323 257.442 0.0731 6.24658 2454969.395800 2036.8 0
>Kepler-910: 296.0472937 42.7429414 10.329 1.500 1.260 6230.0 4.19 0.12
 Kepler-910 b: 3.285 0.820 nan 0.0375 2.36437 2454965.250060 1899.6 0
>Kepler-911: 298.5891948 40.7506921 10.511 1.990 1.340 6112.0 3.97 0.03
 Kepler-911 b: 5.359 2.600 nan 0.1606 20.31050 2454979.823080 1037.4 0
>Kepler-912: 298.1111779 41.7583240 13.602 1.110 1.070 5998.0 4.37 0.02
 Kepler-912 b: 4.415 2.800 nan 0.0372 2.53476 2454965.680560 1579.6 0
>Kepler-913: 297.5830564 41.9523531 13.477 0.610 0.630 4687.0 4.67 -0.52
 Kepler-913 b: 2.724 2.060 nan 0.0794 10.29673 2454965.196590 626.4 0
 Kepler-913 c: 2.285 1.310 nan 0.0699 5.93912 2455186.755370 1483.2 0
>Kepler-914: 290.4120774 44.8993227 12.131 1.150 1.100 5877.0 4.36 0.22
 Kepler-914 b: 2.107 1.380 nan 0.0543 4.40967 2454965.449020 1303.9 0
>Kepler-915: 290.5921293 45.7372184 12.041 1.380 1.210 6173.0 4.24 0.08
 Kepler-915 b: 2.853 1.500 nan 0.0576 4.59490 2454966.839990 1456.5 0
>Kepler-916: 290.9833818 45.9733334 13.305 0.810 0.850 5248.0 4.56 -0.05
 Kepler-916 b: 4.617 1.760 nan 0.1880 32.29688 2454971.520780 525.3 0
>Kepler-917: 299.0512562 47.9492677 14.005 0.760 0.800 5418.0 4.58 -0.38
 Kepler-917 b: 2.216 1.910 nan 0.0375 2.97041 2454966.392200 1175.5 0
>Kepler-918: 298.2007268 48.2677925 13.555 1.140 1.110 6028.0 4.37 0.06
 Kepler-918 b: 2.799 1.740 nan 0.0581 4.85387 2454968.094370 1287.7 0
>Kepler-919: 298.1147862 48.4943834 13.306 1.210 1.150 6113.0 4.33 0.07
 Kepler-919 b: 4.799 2.250 nan 0.1017 11.04603 2454969.440830 1016.8 0
>Kepler-92: 289.0860607 41.5630224 10.403 1.700 1.210 5871.0 4.05 0.17
 Kepler-92 b: 6.054 3.510 64.300 0.1197 13.74900 2455012.279294 1067.0 0
 Kepler-92 c: 9.014 2.600 6.100 0.1864 26.72300 2454954.210277 854.9 0
 Kepler-92 d: 10.916 1.934 11.867 0.2693 49.35680 2454967.291450 739.5 0
>Kepler-920: 284.2969363 49.1585983 13.511 0.850 0.890 5403.0 4.54 0.00
 Kepler-920 b: 3.116 2.420 nan 0.0658 6.53193 2454969.033880 936.5 0
 Kepler-920 c: 8.281 3.800 nan 0.4078 100.82741 2455049.389880 376.1 0
>Kepler-921: 284.6162253 49.1907438 13.188 0.910 0.930 5663.0 4.50 -0.12
 Kepler-921 b: 6.987 2.870 nan 0.2637 51.30063 2454986.536460 507.2 0
>Kepler-922: 284.7316084 49.5331490 12.188 0.930 0.950 5671.0 4.48 -0.05
 Kepler-922 b: 1.271 1.420 nan 0.0184 0.93847 2454968.601201 1941.9 0
>Kepler-923: 294.1710831 40.0551372 12.665 1.260 1.110 5988.0 4.28 0.07
 Kepler-923 b: 4.322 1.380 nan 0.0737 6.93366 2454970.072360 1194.0 0
>Kepler-924: 290.6685136 40.3977086 12.745 1.230 1.140 6167.0 4.32 0.01
 Kepler-924 b: 8.851 3.070 nan 0.3169 61.03701 2455008.180030 585.8 0
>Kepler-925: 290.1065581 40.4906242 13.339 0.720 0.770 4673.0 4.62 0.12
 Kepler-925 b: 3.682 2.340 nan 0.1878 33.86785 2454970.513560 441.2 0
>Kepler-926: 289.6793396 40.7004265 12.687 1.010 1.010 5806.0 4.43 0.03
 Kepler-926 b: 3.044 2.310 nan 0.2738 52.06886 2455011.156050 537.7 0
>Kepler-927: 289.3834807 41.3926651 13.032 0.990 0.990 5743.0 4.45 0.03
 Kepler-927 b: 4.485 1.720 nan 0.0851 9.11499 2454966.976240 944.5 0
>Kepler-928: 289.9206760 41.5427758 12.933 0.700 0.730 4700.0 4.62 -0.11
 Kepler-928 b: 2.198 1.590 nan 0.0439 3.93246 2454965.554650 905.0 0
>Kepler-929: 298.4811022 41.6152603 12.849 1.020 1.010 5869.0 4.42 -0.04
 Kepler-929 b: 2.534 1.110 nan 0.0186 0.92103 2454965.030250 2096.4 0
>Kepler-93: 291.4181275 38.6723124 8.370 0.919 0.911 5669.0 4.47 -0.18
 Kepler-93 b: 2.927 1.478 4.660 0.0534 4.72674 2454944.292270 1133.7 0
 Kepler-93 c: nan nan 954.000 2.4408 1460.00000 nan 167.8 0
>Kepler-930: 298.3144494 42.2473698 12.258 1.400 1.250 6335.0 4.24 0.04
 Kepler-930 b: 6.024 2.130 nan 0.3630 71.45178 2454981.813200 599.9 0
>Kepler-931: 297.1326937 42.7682885 12.380 0.810 0.860 5241.0 4.55 -0.01
 Kepler-931 b: 2.787 1.330 nan 0.0747 8.03756 2454972.356390 832.3 0
>Kepler-932: 296.9520797 43.2720233 12.210 0.840 0.870 5331.0 4.54 -0.01
 Kepler-932 b: 1.752 1.370 nan 0.0289 1.92144 2454964.806131 1386.5 0
>Kepler-933: 289.5685257 43.5385438 13.582 0.840 0.870 5346.0 4.54 -0.02
 Kepler-933 b: 3.979 2.460 nan 0.1096 14.20443 2454975.733430 713.7 0
>Kepler-934: 290.2884494 43.7552623 12.970 0.770 0.810 5001.0 4.59 0.01
 Kepler-934 b: 3.805 2.090 nan 0.2660 55.67383 2454969.543480 410.3 0
>Kepler-935: 295.0217193 46.6192011 12.620 0.730 0.780 4830.0 4.61 -0.01
 Kepler-935 b: 2.510 1.350 nan 0.0518 4.88084 2454969.197780 874.0 0
>Kepler-936: 293.5777958 46.7362953 12.817 0.890 0.920 5482.0 4.51 0.05
 Kepler-936 b: 2.759 1.450 nan 0.0916 10.56134 2454966.764170 823.9 0
>Kepler-937: 294.1688142 46.7146161 13.681 1.220 1.150 6095.0 4.32 0.08
 Kepler-937 b: 9.623 3.720 nan 0.3405 67.66883 2455031.196460 556.3 0
 Kepler-937 c: 10.715 2.670 nan 0.5874 153.34336 2455023.537000 423.6 0
>Kepler-938: 294.7890593 46.9839352 13.260 0.890 0.920 5533.0 4.51 -0.03
 Kepler-938 b: 5.964 2.220 nan 0.2673 52.62984 2454988.611530 486.8 0
>Kepler-939: 293.8656181 47.0268148 13.762 0.850 0.880 5471.0 4.54 -0.12
 Kepler-939 b: 7.504 1.750 nan 0.1134 14.87830 2454975.968640 722.1 0
>Kepler-94: 281.1947316 47.4972606 10.594 0.760 0.810 4781.0 4.59 0.34
 Kepler-94 b: 1.172 3.510 10.840 0.0337 2.50806 2454967.999800 1095.2 0
 Kepler-94 c: nan nan 3126.000 1.5986 820.30000 nan 159.0 0
>Kepler-940: 294.2413053 47.2759642 14.019 0.960 0.970 5769.0 4.47 -0.08
 Kepler-940 b: 6.425 3.340 nan 0.2957 59.62253 2454971.133850 501.3 0
>Kepler-941: 294.3262617 47.2175461 13.864 0.860 0.890 5539.0 4.53 -0.15
 Kepler-941 b: 4.873 3.080 nan 0.1265 17.42395 2454981.826450 696.4 0
>Kepler-942: 294.9550809 44.1499518 10.842 0.750 0.810 4861.0 4.59 0.09
 Kepler-942 b: 5.041 2.130 nan 0.2307 44.96417 2454977.558760 422.7 0
>Kepler-943: 284.2739322 41.5349809 13.970 0.910 0.930 5612.0 4.50 -0.07
 Kepler-943 b: 10.085 5.930 nan 0.2585 49.77014 2454992.985720 507.8 0
>Kepler-944: 293.6012911 42.3797910 13.851 0.830 0.860 5409.0 4.54 -0.11
 Kepler-944 b: 5.065 2.630 nan 0.2296 43.31677 2454969.573380 496.0 0
>Kepler-945: 291.2697354 42.0960305 14.293 0.970 0.970 5718.0 4.46 -0.01
 Kepler-945 b: 5.204 2.630 nan 0.1912 31.00338 2454976.289140 621.1 0
>Kepler-946: 300.9295551 44.0286710 13.295 0.930 0.940 5665.0 4.47 -0.09
 Kepler-946 b: 3.007 1.930 nan 0.0993 11.79163 2454967.540210 835.9 0
>Kepler-947: 294.3667312 42.2526408 13.972 0.870 0.900 5508.0 4.52 -0.07
 Kepler-947 b: 3.949 2.280 nan 0.1699 26.96443 2454978.343430 601.0 0
>Kepler-948: 293.3002774 41.5233244 13.186 0.940 0.960 5679.0 4.47 -0.02
 Kepler-948 b: 4.385 1.850 nan 0.0757 7.76847 2454971.062500 964.8 0
>Kepler-949: 298.6079128 46.4536600 12.519 0.860 0.890 5403.0 4.53 0.01
 Kepler-949 b: 2.591 2.910 nan 0.0796 8.68931 2454966.661087 856.6 0
 Kepler-949 c: 2.454 2.848 nan 0.1394 20.99758 2454965.056890 636.7 0
>Kepler-95: 284.4824281 44.3978910 10.801 1.410 1.080 5699.0 4.17 0.30
 Kepler-95 b: 3.885 3.420 13.000 0.1024 11.52310 2454964.968410 1019.6 0
>Kepler-950: 287.9565768 41.1302834 14.139 1.020 1.020 5857.0 4.44 0.02
 Kepler-950 b: 6.418 8.980 nan 0.4208 98.71804 2454964.586110 439.7 0
>Kepler-951: 287.7375794 38.1146488 12.251 0.730 0.770 4834.0 4.60 -0.01
 Kepler-951 b: 5.927 5.590 nan 0.3091 71.52531 2455024.692545 358.2 0
>Kepler-952: 285.3718781 41.9938697 13.662 0.990 1.000 5730.0 4.45 0.06
 Kepler-952 b: 6.382 7.650 nan 0.5031 130.35469 2454977.060140 387.6 0
>Kepler-953: 288.9716297 44.6246451 10.295 0.990 0.950 5416.0 4.42 0.26
 Kepler-953 b: 12.307 4.210 nan 0.3818 88.40655 2455009.275572 420.5 0
 Kepler-953 c: 5.302 1.190 nan 0.0839 9.10967 2454966.067240 897.0 0
>Kepler-954: 295.8594318 47.9396001 10.840 0.760 0.820 4990.0 4.59 0.02
 Kepler-954 b: 3.753 2.320 nan 0.1201 16.78177 2454972.793332 605.4 0
>Kepler-955: 288.4714969 40.2698157 12.807 0.840 0.890 5350.0 4.54 0.02
 Kepler-955 b: 3.173 3.130 nan 0.1121 14.53244 2454973.724798 706.2 0
>Kepler-956: 292.5308289 49.0616555 11.958 1.150 1.100 6040.0 4.36 0.02
 Kepler-956 b: 1.842 3.000 nan 0.0610 5.24867 2454968.516253 1264.4 0
>Kepler-957: 290.1563633 48.8189710 13.453 0.750 0.810 4963.0 4.60 -0.01
 Kepler-957 b: 1.086 5.500 nan 0.0596 5.90741 2454966.934664 848.8 0
>Kepler-958: 287.2566578 46.0667247 12.041 0.860 0.910 5421.0 4.53 0.01
 Kepler-958 b: 1.947 2.060 nan 0.0867 9.76788 2454972.437821 823.5 0
>Kepler-959: 292.1711850 40.8113849 11.544 2.010 1.600 7005.0 4.04 0.02
 Kepler-959 b: 5.670 4.380 nan 0.1380 14.80075 2454965.823050 1289.2 0
>Kepler-96: 297.0698263 40.5252039 8.868 1.020 1.000 5690.0 4.42 0.04
 Kepler-96 b: 3.855 2.670 8.460 0.1255 16.23850 2455004.018970 782.2 0
>Kepler-960: 281.4572217 46.7465538 11.618 0.720 0.770 4755.0 4.61 0.02
 Kepler-960 b: 1.198 2.290 nan 0.0384 3.12686 2454966.724506 993.4 0
>Kepler-961: 282.0354942 43.6312491 12.482 0.900 0.960 5582.0 4.51 0.05
 Kepler-961 b: 3.784 2.550 nan 0.1270 16.87727 2454971.647900 716.5 0
>Kepler-962: 295.3131906 46.2375024 11.904 0.860 0.930 5478.0 4.54 0.01
 Kepler-962 b: 2.260 1.970 nan 0.1004 12.05707 2454968.414710 772.9 0
>Kepler-963: 296.7529742 45.0411049 13.158 0.870 0.910 5461.0 4.52 -0.02
 Kepler-963 b: 3.419 2.660 nan 0.0879 9.97684 2454964.766740 828.5 0
 Kepler-963 c: 1.400 0.562 nan 0.0224 0.91978 2454832.901000 1603.0 0
>Kepler-964: 295.3000650 40.5565792 12.139 0.840 0.930 5427.0 4.55 0.03
 Kepler-964 b: 3.893 2.120 nan 0.1084 13.52251 2454975.181290 728.4 0
>Kepler-965: 298.5153169 41.8912305 11.910 1.150 1.050 5886.0 4.33 0.03
 Kepler-965 b: 9.105 3.380 nan 0.5215 134.25273 2455015.704100 421.5 0
>Kepler-966: 297.2705760 50.1218365 12.745 1.020 1.020 5840.0 4.43 0.04
 Kepler-966 b: 6.744 4.130 nan 0.4237 99.74762 2455041.395370 436.9 0
>Kepler-967: 286.5580128 38.4052418 12.396 0.800 0.840 5178.0 4.56 -0.03
 Kepler-967 b: 3.293 2.350 nan 0.1033 13.22713 2454975.203340 694.9 0
 Kepler-967 c: 8.537 3.650 nan 0.6288 198.71125 2454989.517390 281.6 0
>Kepler-968: 285.6025889 50.1120401 11.831 0.667 0.681 4413.0 4.68 -0.58
 KOI-1833 d: 1.435 2.580 11.020 0.0671 7.68500 2454966.360070 671.2 0
 Kepler-968 b: 1.729 1.857 nan 0.0427 3.69298 2454965.736952 898.0 0
 Kepler-968 c: 1.577 1.635 nan 0.0571 5.70940 2454970.122100 776.6 0
>Kepler-969: 288.3724989 47.9335642 11.897 0.820 0.920 5214.0 4.57 0.22
 Kepler-969 b: 4.475 2.070 nan 0.2004 34.17317 2454970.791400 508.5 0
 Kepler-969 c: 1.874 0.990 nan 0.0269 1.68293 2454964.968030 1387.4 0
>Kepler-97: 287.3265292 48.6733443 11.345 0.980 0.940 5779.0 4.43 -0.20
 Kepler-97 b: 2.304 1.480 3.510 0.0361 2.58664 2455004.841210 1451.4 0
 Kepler-97 c: nan nan 344.000 1.6369 789.00000 nan 215.6 0
>Kepler-970: 289.6252192 40.7087351 12.215 0.710 0.670 4290.0 4.58 0.04
 Kepler-970 b: 2.200 2.609 nan 0.1390 16.73653 2454976.132600 467.5 0
>Kepler-971: 284.0945699 41.1828131 11.422 0.850 0.880 5431.0 4.54 -0.06
 Kepler-971 b: 3.485 2.130 nan 0.0847 9.59071 2454965.681170 829.8 0
>Kepler-972: 295.8286790 43.4254371 13.373 1.220 1.150 6146.0 4.33 0.04
 Kepler-972 b: 3.448 4.650 nan 0.0753 7.03933 2454966.853850 1192.8 0
>Kepler-973: 290.1653203 49.9238126 11.303 0.780 0.860 5213.0 4.58 -0.06
 Kepler-973 b: 2.842 1.960 nan 0.2513 49.60773 2454971.414150 442.9 0
>Kepler-974: 285.0131082 40.2209547 11.056 0.450 0.460 3584.0 4.80 0.00
 KOI-1843.03: 0.650 0.610 8.000 0.0040 0.17689 2454964.552300 1838.6 0
 Kepler-974 b: 1.848 1.442 nan 0.0409 4.19450 2454967.134290 621.4 0
>Kepler-975: 290.5485100 38.4952415 12.190 0.750 0.800 4897.0 4.59 0.07
 Kepler-975 b: 1.738 1.480 nan 0.0286 1.97034 2454964.947762 1210.2 0
 Kepler-975 c: 1.132 4.803 nan 0.0567 5.05821 2454968.702454 1276.7 0
>Kepler-976: 289.8696232 46.7296855 13.887 0.830 0.870 5232.0 4.55 0.07
 Kepler-976 b: 6.986 3.960 nan 0.4183 105.95641 2455015.053680 355.4 0
>Kepler-977: 291.5161959 42.2480736 12.920 0.830 0.870 5315.0 4.55 -0.01
 Kepler-977 b: 4.506 2.620 nan 0.1675 26.85328 2454976.311160 570.5 0
>Kepler-978: 286.7107166 43.0433585 12.011 1.090 1.070 6002.0 4.38 -0.01
 Kepler-978 b: 7.093 2.990 nan 0.2703 49.62215 2454970.100260 581.2 0
>Kepler-979: 300.3712023 46.4081872 12.732 0.830 0.870 5310.0 4.54 -0.02
 Kepler-979 b: 1.777 2.720 nan 0.0753 8.08801 2454971.736150 850.2 0
>Kepler-98: 285.6616933 37.9645672 11.253 1.110 0.990 5539.0 4.34 0.18
 Kepler-98 b: 1.987 1.990 3.550 0.0260 1.54168 2455003.543280 1744.2 0
>Kepler-980: 294.6129869 45.0601740 12.665 1.060 1.050 5935.0 4.41 0.01
 Kepler-980 b: 3.714 2.670 nan 0.1016 11.55103 2454967.908610 924.2 0
>Kepler-981: 289.2489051 47.6501141 13.169 0.960 0.980 5718.0 4.47 0.01
 Kepler-981 b: 1.806 2.310 nan 0.0527 4.46976 2454964.843660 1176.3 0
>Kepler-982: 288.4176803 46.5904531 11.895 1.290 1.160 6139.0 4.28 0.05
 Kepler-982 b: 4.944 2.250 nan 0.1293 15.77382 2454970.530850 934.9 0
>Kepler-983: 285.1042243 45.0080745 12.169 1.080 1.130 6052.0 4.42 0.12
 Kepler-983 b: 6.929 2.360 nan 0.3127 60.08551 2454986.254860 542.3 0
>Kepler-984: 296.9588566 46.3940661 11.830 0.930 0.960 5610.0 4.49 0.04
 Kepler-984 b: 6.073 2.120 nan 0.2371 43.03423 2454970.690210 535.8 0
>Kepler-985: 290.1443390 44.0498808 13.019 0.850 0.910 5434.0 4.54 0.00
 Kepler-985 b: 6.865 2.980 nan 0.4519 116.33190 2455006.686900 359.4 0
>Kepler-986: 293.0940391 42.8964457 12.107 0.980 0.960 5642.0 4.43 0.04
 Kepler-986 b: 4.703 2.360 nan 0.2841 56.43499 2454984.411710 505.3 0
>Kepler-987: 289.4110582 46.1308443 13.375 0.910 0.970 5637.0 4.51 0.01
 Kepler-987 b: 6.120 3.260 nan 0.4320 105.30331 2455040.173430 394.5 0
>Kepler-988: 290.7082585 42.2372245 12.290 0.530 0.550 4005.0 4.73 -0.32
 Kepler-988 b: 1.686 2.070 nan 0.1092 17.76080 2454970.506280 425.6 0
>Kepler-989: 281.5827983 47.2334674 12.415 0.780 0.820 5074.0 4.58 0.01
 Kepler-989 b: 1.498 2.210 nan 0.0731 7.96432 2454969.816720 799.5 0
>Kepler-99: 297.3539994 41.3000452 10.757 0.730 0.790 4782.0 4.61 0.18
 Kepler-99 b: 2.453 1.480 6.150 0.0501 4.60358 2455004.838930 880.5 0
>Kepler-990: 297.9381813 46.8813194 12.928 1.080 1.050 5948.0 4.39 0.01
 Kepler-990 b: 3.260 2.600 nan 0.0918 9.91723 2454968.139490 983.7 0
 Kepler-990 c: 1.480 1.530 nan 0.0132 0.53835 2454964.649310 2597.9 0
>Kepler-991: 297.0905543 49.6264867 12.611 0.610 0.640 4392.0 4.67 -0.25
 Kepler-991 b: 4.834 2.540 nan 0.3197 82.53425 2455042.126410 292.5 0
>Kepler-992: 284.4304085 47.6416613 11.274 0.740 0.800 4944.0 4.60 -0.04
 Kepler-992 b: 3.821 1.620 nan 0.1346 20.16034 2454977.343900 559.0 0
>Kepler-993: 292.6141076 44.3946644 12.729 0.540 0.570 3843.0 4.72 0.03
 Kepler-993 b: 2.162 2.970 nan 0.1277 22.08558 2454968.231320 381.0 0
>Kepler-994: 289.0720752 47.4069180 11.453 0.540 0.560 3934.0 4.72 -0.13
 Kepler-994 b: 1.188 1.600 nan 0.0177 1.15117 2454966.231885 1047.2 0
>Kepler-995: 284.6157154 39.1309980 13.021 0.800 0.830 5206.0 4.57 -0.07
 Kepler-995 b: 4.569 2.700 nan 0.1707 28.26732 2454973.924950 543.5 0
>Kepler-996: 291.9127633 41.5335891 13.171 1.140 1.090 6014.0 4.36 0.03
 Kepler-996 b: 2.025 1.980 nan 0.0488 3.77059 2454966.390970 1401.8 0
>Kepler-997: 289.2333767 49.9388952 10.608 1.560 1.220 6150.0 4.14 0.05
 Kepler-997 b: 3.462 1.360 nan 0.0406 2.70731 2454965.430960 1837.8 0
>Kepler-998: 296.7541629 49.2087085 12.888 1.180 1.120 6058.0 4.34 0.07
 Kepler-998 b: 1.961 2.320 nan 0.0645 5.65378 2454964.712140 1249.4 0
>Kepler-999: 299.6604865 46.1984679 10.916 1.650 1.290 6237.0 4.11 0.05
 Kepler-999 b: 1.622 2.340 nan 0.0703 5.99186 2454969.882140 1457.2 0
>L 168-9: 350.0285917 -60.0657292 7.082 0.604 0.614 3842.0 4.84 -0.03
 L 168-9 b: 1.020 1.630 4.070 0.0208 1.40153 2459082.856790 998.3 0
>L 363-38: 10.8555443 -41.2952926 7.710 0.274 0.210 3129.0 4.97 nan
 L 363-38 b: nan nan 4.670 0.0480 8.78100 nan 360.5 1
>L 98-59: 124.5328604 -68.3144658 7.101 0.316 0.292 3415.0 4.91 -0.46
 L 98-59 b: 1.010 0.837 0.460 0.0223 2.25311 2458366.170560 619.4 0
 L 98-59 c: 1.280 1.329 2.000 0.0309 3.69068 2458367.273030 526.2 0
 L 98-59 d: 0.840 1.627 1.640 0.0494 7.45073 2458362.740020 416.2 0
 L 98-59 e: nan nan 2.820 0.0712 12.82780 2458438.480000 346.6 1
 L 98-59 f: nan nan 2.800 0.1052 23.06400 2458437.840000 285.2 1
>LHS 1140: 11.2486320 -15.2741085 8.821 0.216 0.184 3096.0 5.04 -0.15
 LHS 1140 b: 2.150 1.730 5.600 0.0946 24.73723 2458399.930000 225.5 0
 LHS 1140 c: 1.130 1.272 1.910 0.0270 3.77794 2458389.293900 422.2 0
>LHS 1478: 44.3388743 76.5514045 8.767 0.246 0.236 3381.0 4.87 -0.13
 LHS 1478 b: 0.705 1.242 2.330 0.0185 1.94954 2458786.754250 594.8 0
>LHS 1678: 68.1789866 -39.7908744 8.264 0.329 0.345 3490.0 4.89 nan
 LHS 1678 b: 0.801 0.685 0.350 0.0124 0.86023 2458998.155530 867.2 0
 LHS 1678 c: 1.230 0.941 1.400 0.0327 3.69428 2458998.456070 533.8 0
 LHS 1678 d: 1.000 0.981 nan 0.0400 4.96522 2459000.458060 482.6 0
>LHS 1815: 91.0899861 -55.3115376 7.993 0.501 0.502 3643.0 4.77 -0.12
 LHS 1815 b: 1.379 1.088 1.580 0.0380 3.81433 2458327.416100 638.1 0
>LHS 1903: 107.8658260 48.3279327 8.212 0.539 0.538 3664.0 4.75 -0.11
 LHS 1903 b: 1.562 1.382 3.280 0.0266 2.15551 2458844.577100 795.9 0
 LHS 1903 c: 1.986 2.046 4.550 0.0539 6.22619 2458844.369200 558.9 0
 LHS 1903 d: 2.762 2.500 5.960 0.0860 12.56629 2458844.390100 442.2 0
 LHS 1903 e: 3.780 1.732 5.790 0.1514 29.31773 2458868.815200 333.4 0
>LHS 3154: 241.6367309 40.9068221 10.072 0.141 0.112 2861.0 nan nan
 LHS 3154 b: nan nan 13.150 0.0226 3.71778 2458874.000000 343.8 1
>LHS 3844: 340.4962038 -69.1721081 9.145 0.189 0.151 3080.0 5.07 0.22
 LHS 3844 b: 0.524 1.286 2.370 0.0062 0.46293 2460178.833090 817.4 0
>LHS 475: 290.2379403 -82.5597883 7.686 0.279 0.262 3300.0 5.00 nan
 LHS 475 b: 0.725 0.991 nan 0.0206 2.02909 2459822.376259 585.7 0
>LP 261-75 A: 147.7685281 35.9685562 9.690 nan 0.220 nan nan nan
 LP 261-75 b: nan nan 6674.397 450.0000 nan nan nan 0
>LP 714-47: 64.1902212 -12.0848643 8.626 0.584 0.590 3950.0 4.64 0.41
 LP 714-47 b: 1.561 4.700 30.800 0.0417 4.05204 2459196.115341 712.8 0
>LP 791-18: 165.6904843 -16.4064445 10.644 0.182 0.139 2960.0 5.12 -0.09
 LP 791-18 b: 0.620 1.212 nan 0.0098 0.94800 2458774.869730 615.7 0
 LP 791-18 c: 1.382 2.488 7.160 0.0296 4.98991 2458546.509230 353.9 0
 LP 791-18 d: 0.915 1.032 0.910 0.0199 2.75485 2458546.378880 431.4 0
>LP 890-9: 64.1309096 -28.3157909 11.344 0.156 0.118 2850.0 5.13 -0.03
 LP 890-9 b: 0.846 1.320 13.200 0.0187 2.72990 2459447.826370 395.9 0
 LP 890-9 c: 0.959 1.367 25.300 0.0398 8.45746 2459520.705980 271.6 0
>LSPM J2116+0234: 319.1147513 2.5807711 7.324 0.431 0.430 3475.0 4.95 -0.05
 LSPM J2116+0234 b: nan nan 13.300 0.0876 14.43990 2457573.600000 371.7 1
>LTT 1445 A: 45.4624781 -16.5944956 6.496 0.271 0.257 3337.0 4.97 -0.34
 LTT 1445 A b: 1.366 1.340 2.730 0.0381 5.35876 2458412.709100 429.2 0
 LTT 1445 A c: 0.482 1.171 1.540 0.0266 3.12390 2458412.581590 508.3 0
>LTT 3780: 154.6449033 -11.7178010 8.204 0.380 0.381 3358.0 4.85 0.06
 LTT 3780 b: 0.788 1.325 2.460 0.0120 0.76838 2459606.580980 913.1 0
 LTT 3780 c: 1.540 2.390 8.040 0.0757 12.25228 2459600.542270 362.8 0
>LTT 9779: 358.6688767 -37.6282237 8.016 0.949 1.020 5443.0 4.35 0.27
 LTT 9779 b: 0.366 4.720 29.320 0.0168 0.79205 2458354.214300 1973.2 0
>LkCa 15: 69.8241791 22.3508662 8.163 1.607 nan 4194.0 nan nan
 LkCa 15 b: nan nan nan 14.7000 nan nan 66.9 0
 LkCa 15 c: nan nan nan 18.6000 nan nan 59.4 0
>Luhman 16 A: 162.3282594 -53.3193715 8.841 nan 0.034 nan nan nan
 Luhman 16 b: nan nan 9344.155 3.5200 9697.00000 2458141.000000 nan 0
>Lupus-TR-3: 232.5774696 -42.9799461 15.068 0.820 0.870 5000.0 4.50 nan
 Lupus-TR-3 b: nan 9.976 257.431 0.0464 3.91405 2453887.081800 1013.6 0
>M62H: 255.3074504 -30.1069833 nan nan 1.400 nan nan nan
 M62H b: nan nan 785.036 0.0057 0.13294 nan nan 0
>MASCARA-1: 317.5515264 10.7388967 7.740 2.082 1.900 7490.0 4.00 0.15
 MASCARA-1 b: 4.226 17.901 1175.971 0.0404 2.14877 2458833.488151 2594.3 0
>MASCARA-4: 147.5800667 -66.1139253 7.750 1.790 1.750 7800.0 4.10 0.00
 MASCARA-4 b: 3.970 16.982 532.363 0.0474 2.82409 2458909.664190 2311.3 0
>MOA-2007-BLG-192L: 272.0158333 -27.1500750 nan nan 0.280 nan nan nan
 MOA-2007-BLG-192L b: nan nan 12.490 2.0200 nan nan nan 0
>MOA-2007-BLG-400L: 272.4249167 -29.2241528 nan nan 0.690 nan nan nan
 MOA-2007-BLG-400L b: nan nan 540.308 5.9000 nan nan nan 0
>MOA-2008-BLG-310L: 268.5605420 -34.7780528 nan nan 0.210 nan nan nan
 MOA-2008-BLG-310L b: nan nan 23.400 1.1000 nan nan nan 0
>MOA-2008-BLG-379L: 269.7060000 -30.1969306 nan nan 0.560 nan nan nan
 MOA-2008-BLG-379L b: nan nan 1300.000 2.7000 nan nan nan 0
>MOA-2009-BLG-266L: 267.0081250 -35.0054111 nan nan 0.560 nan nan nan
 MOA-2009-BLG-266L b: nan nan 10.400 3.2000 2800.00000 nan nan 0
>MOA-2009-BLG-319L: 271.7422080 -26.8196917 19.980 nan 0.524 nan nan nan
 MOA-2009-BLG-319L b: nan nan 67.300 2.0300 nan nan nan 0
>MOA-2009-BLG-387L: 268.4616250 -33.9903333 nan nan 0.190 nan nan nan
 MOA-2009-BLG-387L b: nan nan 830.000 1.8000 1980.00000 nan nan 0
>MOA-2010-BLG-073L: 272.5472580 -26.5229319 nan nan 0.160 nan nan nan
 MOA-2010-BLG-073L b: nan nan 3500.000 1.2100 nan nan nan 0
>MOA-2010-BLG-117L: 271.9569700 -25.3446388 18.300 nan 0.580 nan nan nan
 MOA-2010-BLG-117L b: nan nan 170.000 2.4200 nan nan nan 0
>MOA-2010-BLG-328L: 269.4963330 -30.7151750 18.760 nan 0.110 nan nan nan
 MOA-2010-BLG-328L b: nan nan 9.200 0.9200 nan nan nan 0
>MOA-2010-BLG-353L: 271.3039170 -27.2932333 nan nan 0.180 nan nan nan
 MOA-2010-BLG-353L b: nan nan 86.000 1.7200 nan nan nan 0
>MOA-2010-BLG-477L: 271.5310060 -31.4544773 nan nan 0.670 5950.0 nan nan
 MOA-2010-BLG-477L b: nan nan 480.000 2.0000 nan nan nan 0
>MOA-2011-BLG-028L: 270.8540000 -29.2134167 19.000 nan 0.750 nan nan nan
 MOA-2011-BLG-028L b: nan nan 30.000 4.1400 nan nan nan 0
>MOA-2011-BLG-262L: 270.0978330 -31.2452583 nan nan 0.110 nan nan nan
 MOA-2011-BLG-262L b: nan nan 17.000 0.9500 nan nan nan 0
>MOA-2011-BLG-291L: 268.8678890 -29.1706657 23.400 nan 0.150 nan nan nan
 MOA-2011-BLG-291L b: nan nan 18.000 0.6900 nan nan nan 0
>MOA-2011-BLG-293L: 268.9139580 -28.4768472 nan nan 0.860 nan nan nan
 MOA-2011-BLG-293L b: nan nan 1500.000 1.1000 550.00000 nan nan 0
>MOA-2011-BLG-322L: 271.2233330 -27.2209444 nan nan 0.390 nan nan nan
 MOA-2011-BLG-322L b: nan nan 3690.000 4.3000 nan nan nan 0
>MOA-2012-BLG-006L: 270.4429630 -29.1087780 nan nan 0.490 nan nan nan
 MOA-2012-BLG-006L b: nan nan 2700.000 10.2000 nan nan nan 0
>MOA-2012-BLG-505L: 268.1430970 -32.0400925 23.930 nan 0.100 nan nan nan
 MOA-2012-BLG-505L b: nan nan 6.700 0.9000 nan nan nan 0
>MOA-2013-BLG-220L: 270.9854170 -29.5447222 nan nan 0.880 nan nan nan
 MOA-2013-BLG-220L b: nan nan 871.000 3.0300 nan nan nan 0
>MOA-2013-BLG-605L: 272.0192570 -29.7315826 nan nan 0.024 nan nan nan
 MOA-2013-BLG-605L b: nan nan 3.240 0.9300 nan nan nan 0
>MOA-2015-BLG-337L: 271.9487000 -28.1702785 nan nan 0.009 nan nan nan
 MOA-2015-BLG-337L b: nan nan 33.700 0.2400 nan nan nan 0
>MOA-2016-BLG-227L: 271.4737550 -27.7142868 nan nan 0.290 nan nan nan
 MOA-2016-BLG-227L b: nan nan 890.000 1.3900 nan nan nan 0
>MOA-2016-BLG-319L: 268.7422180 -29.7504635 nan nan 0.150 nan nan nan
 MOA-2016-BLG-319L b: nan nan 200.000 0.9500 nan nan nan 0
>MOA-2016-BLG-526L: 266.6682917 -34.3860806 nan nan 0.370 nan nan nan
 MOA-2016-BLG-526L b: nan nan 14.938 2.0700 nan nan nan 0
>MOA-2019-BLG-008L: 267.9828750 -29.9897306 nan nan 0.900 nan nan nan
 MOA-2019-BLG-008L b: nan nan 5720.911 nan nan nan nan 0
>MOA-2020-BLG-135L: 268.4235000 -29.8075667 nan nan 0.230 nan nan nan
 MOA-2020-BLG-135L b: nan nan 11.300 1.1100 nan nan nan 0
>MOA-2020-BLG-208L: 268.4325000 -32.5893111 nan nan 0.430 nan nan nan
 MOA-2020-BLG-208L b: nan nan 46.000 2.7400 nan nan nan 0
>MOA-2022-BLG-033L: 272.8756667 -25.0530806 nan nan 0.510 nan nan nan
 MOA-2022-BLG-033L b: nan nan 12.150 2.1500 nan nan nan 0
>MOA-2022-BLG-091L: 268.9422083 -32.3414389 nan nan 0.750 nan nan nan
 MOA-2022-BLG-091L b: nan nan 1141.004 3.4400 nan nan nan 0
>MOA-2022-BLG-249L: 268.8655417 -28.3060611 nan nan 0.180 nan nan nan
 MOA-2022-BLG-249L b: nan nan 4.830 1.6300 nan nan nan 0
>MOA-2022-BLG-563L: 270.3002083 -27.8358306 nan nan 0.480 nan nan nan
 MOA-2022-BLG-563L b: nan nan 127.131 2.1500 nan nan nan 0
>MOA-bin-1L: 261.7925000 -29.7939722 nan nan 0.750 nan nan nan
 MOA-bin-1L b: nan nan 1200.000 8.3000 nan nan nan 0
>MOA-bin-29: 269.3759583 -29.7365639 33.110 nan 0.030 nan nan nan
 MOA-bin-29 b: nan nan 190.000 0.4800 nan nan nan 0
>MWC 758: 82.6147199 25.3324076 5.804 nan 1.500 nan nan nan
 MWC 758 c: nan nan nan 100.0000 nan nan nan 0
>MXB 1658-298: 255.5272522 -29.9455833 nan nan 0.969 nan nan nan
 MXB 1658-298 b: nan nan 7532.571 1.6130 760.00000 nan nan 0
>NGC 2682 Sand 1429: 133.0147781 11.6899626 11.306 2.130 1.260 6000.0 4.01 -0.01
 NGC 2682 Sand 1429 b: nan nan 572.091 0.3840 77.48000 2459231.100000 681.4 1
>NGC 2682 Sand 978: 132.8228085 11.7562959 6.494 nan 1.370 4200.0 1.80 nan
 NGC 2682 Sand 978 b: nan nan 692.869 1.3897 511.21000 nan nan 1
>NGC 2682 YBP 1194: 132.7533077 11.8146537 12.965 0.990 1.010 5780.0 4.44 0.02
 NGC 2682 YBP 1194 b: nan nan 101.706 0.0716 6.95900 nan 1036.6 1
>NGC 2682 YBP 1514: 132.7531307 11.8865128 13.105 0.890 0.960 5725.0 4.57 0.03
 NGC 2682 YBP 1514 b: nan nan 127.132 0.0573 5.11800 nan 1087.6 1
>NGC 2682 YBP 401: 132.8293081 11.6710271 12.337 nan 1.140 6165.0 4.30 nan
 NGC 2682 YBP 401 b: nan nan 146.202 0.0523 4.08700 nan nan 1
>NGTS-1: 82.7142134 -36.6309812 11.936 0.573 0.617 3916.0 4.71 0.00
 NGTS-1 b: 1.230 14.908 258.078 0.0326 2.64730 2457720.659396 791.7 0
>NGTS-10: 91.8722801 -25.5948963 11.728 0.697 0.696 4600.0 4.59 -0.02
 NGTS-10 b: 1.091 13.507 687.148 0.0143 0.76689 2457518.843770 1548.6 0
>NGTS-11: 23.5214497 -14.4191493 10.315 0.832 0.862 5050.0 4.50 0.22
 NGTS-11 b: 3.590 9.158 109.334 0.2010 35.45533 2458390.704300 495.4 0
>NGTS-12: 176.2499418 -35.6405630 10.588 1.589 1.021 5690.0 4.04 -0.03
 NGTS-12 b: 5.850 11.747 66.109 0.0757 7.53281 2458572.854900 1257.1 0
>NGTS-13: 176.2402326 -38.1397158 11.141 1.788 1.300 5819.0 4.04 0.25
 NGTS-13 b: 5.222 12.801 1538.297 0.0549 4.11903 2458572.824700 1601.3 0
>NGTS-14 A: 328.5174799 -38.3774193 11.305 0.842 0.898 5187.0 4.20 0.10
 NGTS-14 A b: 2.240 4.977 29.240 0.0403 3.53572 2457502.554500 1143.3 0
>NGTS-15: 73.3553101 -32.8003484 12.907 0.954 0.995 5600.0 4.40 0.15
 NGTS-15 b: 2.504 12.330 238.689 0.0441 3.27623 2458405.055800 1256.0 0
>NGTS-16: 58.2639299 -30.8046405 12.647 1.213 1.002 5550.0 4.35 0.35
 NGTS-16 b: 3.061 14.572 211.992 0.0523 4.84532 2458435.605400 1288.9 0
>NGTS-17: 72.9005729 -34.2262128 12.724 1.337 1.025 5650.0 4.00 0.15
 NGTS-17 b: 3.391 13.899 242.821 0.0391 3.24253 2458442.521900 1593.2 0
>NGTS-18: 180.5462193 -35.5486091 12.870 1.392 1.003 5610.0 4.16 0.15
 NGTS-18 b: 3.601 13.563 129.992 0.0448 3.05125 2458564.450600 1507.9 0
>NGTS-2: 215.1227617 -31.2020698 9.799 1.702 1.640 6478.0 4.20 -0.06
 NGTS-2 b: 4.651 17.878 235.194 0.0630 4.51116 2457759.126100 1623.6 0
>NGTS-20: 46.2926368 -21.9336472 9.830 1.780 1.470 5980.0 3.80 0.15
 NGTS-20 b: 4.550 11.994 947.129 0.3130 54.18915 2458432.979800 687.7 0
>NGTS-21: 311.2583112 -35.4278412 12.951 0.860 0.720 4660.0 4.63 -0.26
 NGTS-21 b: 1.950 14.908 750.075 0.0236 1.54339 2458228.778530 1356.5 0
>NGTS-23: 70.4322947 -40.0445299 12.730 1.240 1.010 6057.0 4.04 -0.26
 NGTS-23 b: 3.919 14.202 194.829 0.0504 4.07643 2458431.771340 1448.7 0
>NGTS-24: 168.5638892 -37.9101328 11.510 1.640 1.260 5820.0 4.09 0.27
 NGTS-24 b: 2.929 13.608 165.271 0.0479 3.46788 2458100.622900 1642.1 0
>NGTS-25: 307.4182976 -39.0323568 12.324 0.860 0.910 5321.0 4.48 0.12
 NGTS-25 b: 2.466 11.467 203.092 0.0388 2.82309 2458204.263730 1208.0 0
>NGTS-26: 217.6832961 -31.7324526 13.119 1.160 0.960 5550.0 4.10 0.20
 NGTS-26 b: 3.719 14.886 92.806 0.0490 4.51993 2457756.831400 1302.1 0
>NGTS-27: 206.0265266 -32.5229747 11.859 1.770 1.070 5700.0 4.05 0.00
 NGTS-27 b: 4.888 15.648 188.472 0.0446 3.37042 2458540.657300 1731.5 0
>NGTS-3 A: 94.4447595 -35.7063640 12.814 0.930 1.017 5600.0 4.45 0.12
 NGTS-3 A b: 2.300 16.589 756.435 0.0230 1.67537 2457620.167900 1717.1 0
>NGTS-30: 173.7148670 -24.6054801 10.501 0.913 0.940 5455.0 4.30 -0.03
 NGTS-30 b: 6.130 10.402 305.115 0.4080 98.29838 2459287.600000 393.5 0
>NGTS-31: 80.4212533 -38.6568270 11.775 1.700 0.960 5710.0 4.43 0.00
 NGTS-31 b: 3.319 18.046 355.968 0.0640 4.16273 2459039.161500 1419.1 0
>NGTS-32: 223.8576228 -18.4323191 11.689 1.850 1.070 5680.0 4.09 -0.03
 NGTS-32 b: 4.587 15.917 181.162 0.0440 3.31211 2459435.763000 1776.0 0
>NGTS-33: 107.8333348 -35.8505185 10.408 1.470 1.600 7437.0 4.26 -0.11
 NGTS-33 b: 2.620 18.383 1153.717 0.0480 2.82797 2459986.409000 1984.6 0
>NGTS-34: 162.4997176 -44.5478575 7.925 1.367 1.266 6134.0 4.22 0.23
 NGTS-34 b: 5.255 3.650 19.100 0.2570 43.12655 2459282.792500 682.2 0
>NGTS-35: 170.2763360 -26.0666162 10.556 0.753 0.789 4717.0 4.57 0.09
 NGTS-35 b: 2.958 10.900 152.000 0.1600 25.24119 2459334.029630 493.4 0
>NGTS-38: 108.7147541 -29.4306223 8.938 1.880 1.460 6310.0 4.06 0.33
 NGTS-38 b: 14.860 12.117 1516.042 0.6970 180.52797 2459209.228200 499.7 0
>NGTS-4: 89.5988945 -30.8117992 11.073 0.840 0.750 5143.0 4.50 -0.28
 NGTS-4 b: 1.800 3.180 20.600 0.0190 1.33735 2457607.997500 1649.0 0
>NGTS-5: 221.0582692 5.6053735 11.612 0.739 0.661 4987.0 4.52 0.12
 NGTS-5 b: 2.210 12.733 72.783 0.0382 3.35699 2457740.352620 1057.7 0
>NGTS-6: 75.7953820 -30.3994612 11.650 0.754 0.767 4730.0 4.70 0.11
 NGTS-6 b: 0.576 14.863 425.574 0.0168 0.88206 2457982.378400 1529.4 0
>NGTS-8: 328.9759206 -14.0684399 11.642 0.980 0.890 5241.0 4.41 0.24
 NGTS-8 b: 2.610 12.218 295.582 0.0350 2.49970 2457500.178300 1337.3 0
>NGTS-9: 141.9206435 -19.3476477 11.452 1.380 1.340 6330.0 4.37 0.31
 NGTS-9 b: 2.050 11.994 921.707 0.0580 4.43527 2457671.810860 1488.9 0
>NN Ser: 238.2337015 12.9120871 16.168 nan 0.535 57000.0 nan nan
 NN Ser c: nan nan 3086.114 5.8066 6987.00000 nan nan 1
 NN Ser d: nan nan 696.044 3.2160 2880.00000 nan nan 1
>NSVS 14256825: 305.0019460 4.6323715 13.945 0.188 0.419 40000.0 nan nan
 NSVS 14256825 b: nan nan 4497.294 3.1200 3225.00000 nan 473.5 1
>NY Vir: 204.7005847 -2.0303873 14.635 0.151 0.459 32780.0 5.74 nan
 NY Vir b: nan nan 845.428 3.2509 3160.00000 nan 340.7 1
 NY Vir c: nan nan 1760.778 6.4343 8799.00000 nan 242.1 1
>OGLE-2003-BLG-235L: 271.3181250 -28.8950000 nan nan 0.630 nan nan nan
 OGLE-2003-BLG-235L b: nan nan 830.000 4.3000 nan nan nan 0
>OGLE-2005-BLG-071L: 267.5407080 -34.6731944 nan nan 0.460 nan nan nan
 OGLE-2005-BLG-071L b: nan nan 1200.000 3.6000 nan nan nan 0
>OGLE-2005-BLG-169L: 271.5221670 -30.7326389 nan nan 0.690 nan nan nan
 OGLE-2005-BLG-169L b: nan nan 14.100 3.5000 nan nan nan 0
>OGLE-2005-BLG-390L: 268.5799580 -30.3773056 nan nan 0.220 nan nan nan
 OGLE-2005-BLG-390L b: nan nan 5.500 2.6000 3285.00000 nan nan 0
>OGLE-2006-BLG-109L: 268.1437920 -30.0877778 nan nan 0.510 nan nan nan
 OGLE-2006-BLG-109L b: nan nan 231.000 2.3000 1788.50000 nan nan 0
 OGLE-2006-BLG-109L c: nan nan 86.000 4.5000 4927.50000 nan nan 0
>OGLE-2006-BLG-284L A: 269.6592500 -29.1366667 nan nan 0.350 nan nan nan
 OGLE-2006-BLG-284L A b: nan nan 144.000 2.1700 nan nan nan 0
>OGLE-2007-BLG-349L A: 271.3518070 -26.4219437 nan nan 0.410 nan nan nan
 OGLE-2007-BLG-349L AB c: nan nan 80.000 2.5900 2557.00000 nan nan 0
>OGLE-2007-BLG-368L: 269.1081670 -32.2374167 nan nan 0.640 nan nan nan
 OGLE-2007-BLG-368L b: nan nan 20.000 2.8000 nan nan nan 0
>OGLE-2008-BLG-092L: 267.5407080 -34.6731944 nan nan 0.710 nan nan nan
 OGLE-2008-BLG-092L b: nan nan 57.000 15.0000 nan nan nan 0
>OGLE-2008-BLG-355L: 269.7867080 -30.7594722 nan nan 0.370 nan nan nan
 OGLE-2008-BLG-355L b: nan nan 1500.000 1.7000 nan nan nan 0
>OGLE-2011-BLG-0173L: 269.3157350 -28.2338619 nan nan 0.410 nan nan nan
 OGLE-2011-BLG-0173L b: nan nan 60.000 8.0000 nan nan nan 0
>OGLE-2011-BLG-0251L: 264.5590830 -27.1361389 nan nan 0.260 nan nan nan
 OGLE-2011-BLG-0251L b: nan nan 170.000 2.7200 nan nan nan 0
>OGLE-2011-BLG-0265L: 269.4488330 -27.3945278 nan nan 0.211 nan nan nan
 OGLE-2011-BLG-0265L b: nan nan 280.000 1.8900 nan nan nan 0
>OGLE-2012-BLG-0026L: 263.5779170 -27.1427500 nan nan 1.060 nan nan nan
 OGLE-2012-BLG-0026L b: nan nan 46.100 4.0000 nan nan nan 0
 OGLE-2012-BLG-0026L c: nan nan 270.000 4.8000 nan nan nan 0
>OGLE-2012-BLG-0358L: 265.6948750 -24.2610000 nan nan 0.022 nan nan nan
 OGLE-2012-BLG-0358L b: nan nan 588.000 0.8700 nan nan nan 0
>OGLE-2012-BLG-0406L: 268.3257080 -30.4711667 nan nan 0.440 nan nan nan
 OGLE-2012-BLG-0406L b: nan nan 868.000 3.4500 nan nan nan 0
>OGLE-2012-BLG-0563L: 271.4905000 -27.7120000 nan nan 0.340 nan nan nan
 OGLE-2012-BLG-0563L b: nan nan 120.000 0.7400 nan nan nan 0
>OGLE-2012-BLG-0724L: 268.9682917 -29.8185278 nan nan 0.290 nan nan nan
 OGLE-2012-BLG-0724L b: nan nan 150.000 1.6000 nan nan nan 0
>OGLE-2012-BLG-0838L: 273.0030830 -25.7116111 nan nan 0.400 nan nan nan
 OGLE-2012-BLG-0838L b: nan nan 53.100 4.4300 nan nan nan 0
>OGLE-2012-BLG-0950L: 272.0192570 -29.7315826 nan nan 0.570 nan nan nan
 OGLE-2012-BLG-0950L b: nan nan 35.000 2.6000 nan nan nan 0
>OGLE-2013-BLG-0102L: 268.0295000 -31.6905833 nan nan 0.096 nan nan nan
 OGLE-2013-BLG-0102L b: nan nan 4100.000 0.8000 nan nan nan 0
>OGLE-2013-BLG-0132L: 269.7646180 -28.4210281 nan nan 0.540 nan nan nan
 OGLE-2013-BLG-0132L b: nan nan 92.000 3.6000 nan nan nan 0
>OGLE-2013-BLG-0341L B: 268.0312080 -29.8461111 nan nan 0.113 nan nan nan
 OGLE-2013-BLG-0341L B b: nan nan 1.660 0.7020 nan nan nan 0
>OGLE-2013-BLG-0911L: 268.8832500 -29.2538333 19.640 nan 0.290 nan nan nan
 OGLE-2013-BLG-0911L b: nan nan 3020.000 0.3900 nan nan nan 0
>OGLE-2013-BLG-1721L: 268.1265560 -30.2926941 nan nan 0.460 nan nan nan
 OGLE-2013-BLG-1721L b: nan nan 200.000 2.6000 nan nan nan 0
>OGLE-2013-BLG-1761L: 268.4094850 -28.8952713 nan nan 0.330 nan nan nan
 OGLE-2013-BLG-1761L b: nan nan 860.000 1.8000 nan nan nan 0
>OGLE-2014-BLG-0124L: 270.6217083 -28.3962500 nan nan 0.900 nan nan nan
 OGLE-2014-BLG-0124L b: nan nan 206.588 3.4800 nan nan nan 0
>OGLE-2014-BLG-0221L: 270.3037500 -27.4267639 nan nan 0.690 nan nan nan
 OGLE-2014-BLG-0221L b: nan nan 1382.554 3.7600 nan nan nan 0
>OGLE-2014-BLG-0319L: 266.9611667 -33.9350444 19.920 nan 0.520 nan nan nan
 OGLE-2014-BLG-0319L b: nan nan 181.162 3.4900 nan nan nan 0
>OGLE-2014-BLG-0676L: 268.1020833 -30.5483889 nan nan 0.730 nan nan nan
 OGLE-2014-BLG-0676L b: nan nan 1169.609 4.5300 nan nan nan 0
>OGLE-2014-BLG-1722L: 268.7523800 -31.4690552 nan nan 0.400 nan nan nan
 OGLE-2014-BLG-1722L b: nan nan 55.300 1.5000 nan nan nan 0
 OGLE-2014-BLG-1722L c: nan nan 83.700 1.7000 nan nan nan 0
>OGLE-2014-BLG-1760L: 269.4090000 -28.9620472 18.302 nan 0.803 nan nan nan
 OGLE-2014-BLG-1760L b: nan nan 295.898 1.8870 nan nan nan 0
>OGLE-2015-BLG-0051L: 269.6625370 -28.0316944 nan nan 0.100 nan nan nan
 OGLE-2015-BLG-0051L b: nan nan 230.000 0.7300 nan nan nan 0
>OGLE-2015-BLG-0954L: 270.1843330 -28.6608889 17.450 nan 0.300 nan nan nan
 OGLE-2015-BLG-0954L b: nan nan 1100.000 1.6000 nan nan nan 0
>OGLE-2015-BLG-0966L: 268.7542500 -29.0471111 nan nan 0.380 nan nan nan
 OGLE-2015-BLG-0966L b: nan nan 21.000 2.7000 nan nan nan 0
>OGLE-2015-BLG-1609L: 270.8237917 -26.9071111 nan nan 0.170 nan nan nan
 OGLE-2015-BLG-1609L b: nan nan 76.279 nan nan nan nan 0
>OGLE-2015-BLG-1649L: 271.2050417 -32.6330278 nan nan 0.340 nan nan nan
 OGLE-2015-BLG-1649L b: nan nan 807.000 2.0700 nan nan nan 0
>OGLE-2015-BLG-1670L: 268.1587917 -28.5519167 20.300 nan 0.550 nan nan nan
 OGLE-2015-BLG-1670L b: nan nan 17.900 2.6200 nan nan nan 0
>OGLE-2015-BLG-1771L: 268.7990000 -28.8627500 nan nan 0.077 nan nan nan
 OGLE-2015-BLG-1771L b: nan nan 138.000 0.8500 nan nan nan 0
>OGLE-2016-BLG-0007L: 268.3560417 -29.6422500 nan nan 0.590 nan nan nan
 OGLE-2016-BLG-0007L b: nan nan 1.320 10.1000 14200.00000 nan nan 0
>OGLE-2016-BLG-0263L: 269.8954160 -31.8186111 nan nan 0.130 nan nan nan
 OGLE-2016-BLG-0263L b: nan nan 1300.000 5.4000 nan nan nan 0
>OGLE-2016-BLG-0613L AB: 269.2604060 -28.1161671 nan nan 0.720 nan nan nan
 OGLE-2016-BLG-0613L AB b: nan nan 1330.000 6.4000 nan nan nan 0
>OGLE-2016-BLG-1067L: 273.2045000 -27.0126389 nan nan 0.300 nan nan nan
 OGLE-2016-BLG-1067L b: nan nan 140.000 1.7000 nan nan nan 0
>OGLE-2016-BLG-1093L: 269.0042917 -32.7134722 nan nan 0.460 nan nan nan
 OGLE-2016-BLG-1093L b: nan nan 225.658 2.1300 nan nan nan 0
>OGLE-2016-BLG-1190L: 269.7179260 -27.6135559 nan nan 0.880 nan nan nan
 OGLE-2016-BLG-1190L b: nan nan 4253.000 2.1700 1220.00000 nan nan 0
>OGLE-2016-BLG-1195L: 268.8479310 -30.2072506 nan nan 0.078 nan nan nan
 OGLE-2016-BLG-1195L b: nan nan 1.430 1.1600 nan nan nan 0
>OGLE-2016-BLG-1227L: 265.5971250 -33.7597778 nan nan 0.100 nan nan nan
 OGLE-2016-BLG-1227L b: nan nan 250.000 3.4000 nan nan nan 0
>OGLE-2016-BLG-1266L: 267.8535833 -29.7422500 nan nan 0.015 nan nan nan
 OGLE-2016-BLG-1266L b: nan nan 3813.941 0.4300 nan nan nan 0
>OGLE-2016-BLG-1598L: 270.1907500 -29.1754389 nan nan 0.550 nan nan nan
 OGLE-2016-BLG-1598L b: nan nan 120.775 2.5000 nan nan nan 0
>OGLE-2016-BLG-1800L: 269.9032083 -30.8653611 nan nan 0.410 nan nan nan
 OGLE-2016-BLG-1800L b: nan nan 823.176 1.8800 nan nan nan 0
>OGLE-2017-BLG-0173L: 267.9706120 -29.2713604 nan nan 0.396 nan nan nan
 OGLE-2017-BLG-0173L b: nan nan 3.269 3.9130 nan nan nan 0
>OGLE-2017-BLG-0364L: 265.2278750 -34.6175833 nan nan 0.490 nan nan nan
 OGLE-2017-BLG-0364L b: nan nan 75.800 3.7900 nan nan nan 0
>OGLE-2017-BLG-0373L: 269.3294067 -31.9517231 nan nan 0.248 nan nan nan
 OGLE-2017-BLG-0373L b: nan nan 127.000 2.4240 nan nan nan 0
>OGLE-2017-BLG-0406L: 268.9996670 -29.8631389 nan nan 0.560 nan nan nan
 OGLE-2017-BLG-0406L b: nan nan 130.000 3.5000 nan nan nan 0
>OGLE-2017-BLG-0448L: 268.6686250 -31.0319167 nan nan 0.500 nan nan nan
 OGLE-2017-BLG-0448L b: nan nan 15.600 5.7500 nan nan nan 0
>OGLE-2017-BLG-0482L: 269.0488890 -30.5283604 nan nan 0.200 nan nan nan
 OGLE-2017-BLG-0482L b: nan nan 9.000 1.8000 nan nan nan 0
>OGLE-2017-BLG-0604L: 267.8916670 -30.9465556 nan nan 0.700 nan nan nan
 OGLE-2017-BLG-0604L b: nan nan 160.000 4.0600 nan nan nan 0
>OGLE-2017-BLG-0640L: 267.4651250 -29.4615000 nan nan 0.320 nan nan nan
 OGLE-2017-BLG-0640L b: nan nan 514.882 1.1400 nan nan nan 0
>OGLE-2017-BLG-1049L: 269.5335420 -27.1442222 nan nan 0.550 nan nan nan
 OGLE-2017-BLG-1049L b: nan nan 1760.000 3.9200 nan nan nan 0
>OGLE-2017-BLG-1099L: 263.9642500 -29.5858611 nan nan 0.450 nan nan nan
 OGLE-2017-BLG-1099L b: nan nan 959.842 2.7300 nan nan nan 0
>OGLE-2017-BLG-1140L: 266.8830570 -24.5226669 nan nan 0.211 nan nan nan
 OGLE-2017-BLG-1140L b: nan nan 505.000 1.0200 nan nan nan 0
>OGLE-2017-BLG-1237L: 271.6499583 -28.3288306 nan nan 0.460 nan nan nan
 OGLE-2017-BLG-1237L b: nan nan 1207.748 2.5300 nan nan nan 0
>OGLE-2017-BLG-1275L: 267.9154167 -29.4979694 nan nan 0.630 nan nan nan
 OGLE-2017-BLG-1275L b: nan nan 1875.188 2.0900 nan nan nan 0
>OGLE-2017-BLG-1375L: 269.1548750 -30.3114167 nan nan 0.810 nan nan nan
 OGLE-2017-BLG-1375L b: nan nan 3585.000 3.0400 nan nan nan 0
>OGLE-2017-BLG-1434L: 268.2804667 -30.2456583 nan nan 0.234 nan nan nan
 OGLE-2017-BLG-1434L b: nan nan 4.430 1.1800 nan nan nan 0
>OGLE-2017-BLG-1522L: 270.3193660 -28.4619713 nan nan 0.045 nan nan nan
 OGLE-2017-BLG-1522L b: nan nan 240.000 0.5900 nan nan nan 0
>OGLE-2017-BLG-1691L: 263.5938333 -29.2848306 nan nan 0.450 nan nan nan
 OGLE-2017-BLG-1691L b: nan nan 14.620 2.4100 nan nan nan 0
>OGLE-2017-BLG-1806L: 266.6232500 -24.2722694 nan nan 0.380 nan nan nan
 OGLE-2017-BLG-1806L b: nan nan 5.270 1.7500 nan nan nan 0
>OGLE-2018-BLG-0298L: 264.2845000 -29.7091111 nan nan 0.690 nan nan nan
 OGLE-2018-BLG-0298L b: nan nan 44.496 2.8600 nan nan nan 0
>OGLE-2018-BLG-0383L: 268.6807500 -28.7392778 nan nan 0.100 nan nan nan
 OGLE-2018-BLG-0383L b: nan nan 6.400 1.8000 nan nan nan 0
>OGLE-2018-BLG-0506L: 267.6298333 -31.9240556 nan nan 0.630 nan nan nan
 OGLE-2018-BLG-0506L b: nan nan 16.300 3.0000 nan nan nan 0
>OGLE-2018-BLG-0516L: 269.6401250 -31.2623889 nan nan 0.470 nan nan nan
 OGLE-2018-BLG-0516L b: nan nan 20.100 2.2000 nan nan nan 0
>OGLE-2018-BLG-0532L: 269.9834167 -28.9977500 nan nan 0.195 nan nan nan
 OGLE-2018-BLG-0532L b: nan nan 6.228 1.0640 nan nan nan 0
>OGLE-2018-BLG-0567L: 269.0184167 -27.9871111 nan nan 0.250 nan nan nan
 OGLE-2018-BLG-0567L b: nan nan 101.705 2.7200 nan nan nan 0
>OGLE-2018-BLG-0596L: 269.0555417 -29.1990833 nan nan 0.231 nan nan nan
 OGLE-2018-BLG-0596L b: nan nan 13.930 0.9700 nan nan nan 0
>OGLE-2018-BLG-0677L: 268.7511250 -32.0165306 nan nan 0.120 nan nan nan
 OGLE-2018-BLG-0677L b: nan nan 3.960 0.6300 nan nan nan 0
>OGLE-2018-BLG-0740L: 272.1769583 -29.8358056 nan nan 1.000 5912.0 4.50 -0.24
 OGLE-2018-BLG-0740L b: nan nan 1500.000 5.0000 5480.00000 nan nan 0
>OGLE-2018-BLG-0799L: 273.4590000 -25.4857222 nan nan 0.093 nan nan nan
 OGLE-2018-BLG-0799L b: nan nan 82.635 1.2800 nan nan nan 0
>OGLE-2018-BLG-0932L: 268.3512083 -29.0218056 nan nan 0.720 nan nan nan
 OGLE-2018-BLG-0932L b: nan nan 282.867 1.7500 nan nan nan 0
>OGLE-2018-BLG-0962L: 268.1747917 -32.3092500 nan nan 0.540 nan nan nan
 OGLE-2018-BLG-0962L b: nan nan 425.890 3.5900 nan nan nan 0
>OGLE-2018-BLG-0977L: 268.5061250 -30.6048056 nan nan 0.470 nan nan nan
 OGLE-2018-BLG-0977L b: nan nan 6.400 2.0000 nan nan nan 0
>OGLE-2018-BLG-1011L: 269.0140000 -29.0828889 nan nan 0.180 nan nan nan
 OGLE-2018-BLG-1011L b: nan nan 570.000 1.8000 nan nan nan 0
 OGLE-2018-BLG-1011L c: nan nan 890.000 0.8000 nan nan nan 0
>OGLE-2018-BLG-1119L: 270.0292500 -32.3752778 nan nan 0.480 nan nan nan
 OGLE-2018-BLG-1119L b: nan nan 289.224 4.0600 nan nan nan 0
>OGLE-2018-BLG-1126L: 268.3558750 -31.7247194 nan nan 0.690 nan nan nan
 OGLE-2018-BLG-1126L b: nan nan 17.798 3.2300 nan nan nan 0
>OGLE-2018-BLG-1185L: 269.7927500 -27.8350833 20.800 nan 0.370 nan nan nan
 OGLE-2018-BLG-1185L b: nan nan 8.400 1.5400 nan nan nan 0
>OGLE-2018-BLG-1212L: 271.0776250 -28.1940833 nan nan 0.160 nan nan nan
 OGLE-2018-BLG-1212L b: nan nan 63.566 1.6800 nan nan nan 0
>OGLE-2018-BLG-1269L: 269.6934170 -27.6179444 nan nan 1.110 nan nan nan
 OGLE-2018-BLG-1269L b: nan nan 210.000 4.5100 nan nan nan 0
>OGLE-2018-BLG-1367L: 269.7556250 -29.1683611 nan nan 0.280 nan nan nan
 OGLE-2018-BLG-1367L b: nan nan 301.937 1.2100 nan nan nan 0
>OGLE-2018-BLG-1428L: 265.5487080 -26.1378889 nan nan 0.430 nan nan nan
 OGLE-2018-BLG-1428L b: nan nan 240.000 3.3000 nan nan nan 0
>OGLE-2018-BLG-1647L: 268.9623750 -31.8170000 nan nan 0.092 nan nan nan
 OGLE-2018-BLG-1647L b: nan nan 308.294 1.3600 nan nan nan 0
>OGLE-2018-BLG-1700L: 269.9560420 -28.5286389 nan nan 0.420 nan nan nan
 OGLE-2018-BLG-1700L b: nan nan 1400.000 2.8000 nan nan nan 0
>OGLE-2019-BLG-0249L: 265.4035000 -34.7017500 nan nan 0.910 nan nan nan
 OGLE-2019-BLG-0249L b: nan nan 2262.938 1.8400 nan nan nan 0
>OGLE-2019-BLG-0299L: 266.6794583 -23.5843111 nan nan 0.590 nan nan nan
 OGLE-2019-BLG-0299L b: nan nan 1976.893 2.8000 nan nan nan 0
>OGLE-2019-BLG-0304L: 264.0267083 -26.1459889 nan nan 0.270 nan nan nan
 OGLE-2019-BLG-0304L b: nan nan 162.092 1.2300 nan nan nan 0
>OGLE-2019-BLG-0362L: 263.4652500 -24.8103611 nan nan 0.420 nan nan nan
 OGLE-2019-BLG-0362L b: nan nan 1036.121 2.1800 nan nan nan 0
>OGLE-2019-BLG-0468L: 266.4060000 -24.4472778 nan nan 0.920 nan nan nan
 OGLE-2019-BLG-0468L b: nan nan 1090.151 3.2900 nan nan nan 0
 OGLE-2019-BLG-0468L c: nan nan 3248.206 2.7700 nan nan nan 0
>OGLE-2019-BLG-0679L: 265.7404167 -27.7728806 nan nan 0.660 nan nan nan
 OGLE-2019-BLG-0679L b: nan nan 1061.547 6.9900 nan nan nan 0
>OGLE-2019-BLG-0954L: 267.9132500 -29.6110000 nan nan 0.800 nan nan nan
 OGLE-2019-BLG-0954L b: nan nan 4513.163 2.6500 nan nan nan 0
>OGLE-2019-BLG-0960L: 274.0142917 -25.7746667 nan nan 0.500 nan nan nan
 OGLE-2019-BLG-0960L b: nan nan 2.500 1.9000 nan nan nan 0
>OGLE-2019-BLG-1053L: 270.1663750 -27.3415833 nan nan 0.610 nan nan nan
 OGLE-2019-BLG-1053L b: nan nan 2.480 3.4000 nan nan nan 0
>OGLE-2019-BLG-1180L: 269.2465417 -27.9754444 nan nan 0.545 nan nan nan
 OGLE-2019-BLG-1180L b: nan nan 555.246 5.1900 nan nan nan 0
>OGLE-2019-BLG-1470L A: 271.9492083 -27.0335556 nan nan 0.570 nan nan nan
 OGLE-2019-BLG-1470L AB c: nan nan 699.222 3.2000 nan nan nan 0
>OGLE-2019-BLG-1492L: 270.0964583 -28.6311389 nan nan 0.680 nan nan nan
 OGLE-2019-BLG-1492L b: nan nan 37.100 2.7000 nan nan nan 0
>OGLE-2023-BLG-0766L: 269.8296250 -28.3246889 nan nan 0.390 nan nan nan
 OGLE-2023-BLG-0766L b: nan nan 349.611 2.5000 nan nan nan 0
>OGLE-2023-BLG-0836L: 267.1868750 -23.7415194 nan nan 0.710 nan nan nan
 OGLE-2023-BLG-0836L b: nan nan 1385.732 3.7000 nan nan nan 0
>OGLE-TR-10: 267.8677483 -29.8764758 12.856 1.170 1.140 5950.0 4.36 0.00
 OGLE-TR-10 b: 3.072 14.011 197.046 0.0434 3.10128 2453921.684000 1489.7 0
>OGLE-TR-111: 163.3241150 -61.4056976 14.112 0.830 0.876 5044.0 4.51 0.19
 OGLE-TR-111 b: 2.680 11.422 168.450 0.0473 4.01445 2454092.807170 1018.9 0
>OGLE-TR-113: 163.1010355 -61.4468591 nan 0.774 0.779 4790.0 4.55 0.14
 OGLE-TR-113 b: 2.072 12.251 400.449 0.0229 1.43248 2460042.540561 1343.1 0
>OGLE-TR-132: 162.6440933 -61.9572476 14.990 1.320 1.305 6210.0 4.31 0.37
 OGLE-TR-132 b: 2.274 13.450 375.020 0.0303 1.68987 2453142.588840 1974.8 0
>OGLE-TR-182: 167.3279228 -61.0952624 14.737 1.140 1.140 5924.0 4.47 0.37
 OGLE-TR-182 b: nan 12.666 320.995 0.0510 3.97910 2454270.572000 1350.6 0
>OGLE-TR-211: 160.0598236 -62.4555353 13.379 1.640 1.330 6325.0 4.22 0.11
 OGLE-TR-211 b: 4.411 15.244 327.351 0.0510 3.67724 2453428.334000 1729.5 0
>OGLE-TR-56: 269.1479583 -29.5392222 nan 1.363 1.228 6050.0 4.26 0.25
 OGLE-TR-56 b: 2.203 15.278 441.770 0.0238 1.21192 2453936.600700 2206.4 0
>OGLE2-TR-L9: 166.9798793 -61.1462496 13.117 1.530 1.520 6933.0 4.25 -0.05
 OGLE2-TR-L9 b: 2.739 18.046 1430.175 0.0308 2.48553 2454492.797650 2356.3 0
>Oph 11: 245.6049610 -24.0872219 13.423 nan 0.016 2375.0 4.25 nan
 Oph 11 b: nan nan 4449.620 243.0000 7300000.00000 nan nan 0
>PDS 70: 212.0421402 -41.3980405 8.542 1.260 0.982 4109.0 4.23 nan
 PDS 70 b: nan 21.970 1017.051 20.8000 43500.00000 nan 48.8 0
 PDS 70 c: nan 22.194 2383.713 34.3000 nan nan 38.0 0
>PH1: 298.2150641 39.9550863 12.395 1.734 1.528 6407.0 4.14 0.21
 PH1 b: nan 6.180 169.000 0.6520 138.31700 2455074.490000 503.8 0
>PH2: 289.7636212 51.9626830 11.116 0.949 0.966 5734.0 4.47 0.02
 PH2 b: 10.810 9.337 87.085 0.8330 282.52542 2455196.067700 295.1 0
>POTS-1: 203.6087259 -66.5811639 14.244 0.588 0.695 4400.0 4.63 -0.03
 POTS-1 b: nan 10.548 734.160 0.0373 3.16063 2454231.654880 842.0 0
>PSR B0329+54: 53.2472749 54.5791636 15.556 nan 1.440 nan nan nan
 PSR B0329+54 b: nan nan 1.970 10.2600 10140.00000 nan nan 1
>PSR B1257+12: 195.0149029 12.6823534 nan nan 1.400 nan nan nan
 PSR B1257+12 b: nan nan 0.020 0.1900 25.26200 nan nan 0
 PSR B1257+12 c: nan nan 4.300 0.3600 66.54190 nan nan 0
 PSR B1257+12 d: nan nan 3.900 0.4600 98.21140 nan nan 0
>PSR B1620-26: 245.9092617 -26.5315944 nan nan 1.350 nan nan nan
 PSR B1620-26 b: nan nan 794.575 23.0000 nan nan nan 0
>PSR J1719-1438: 259.7919708 -14.6336000 nan nan 1.400 4500.0 nan nan
 PSR J1719-1438 b: nan nan 382.800 0.0044 0.09071 nan nan 0
>PSR J2322-2650: 350.6443481 -26.8495331 nan nan 1.400 nan nan nan
 PSR J2322-2650 b: nan nan 252.643 0.0102 0.32296 nan nan 1
>PZ Tel: 283.2745823 -50.1808952 6.366 nan 1.360 nan nan nan
 PZ Tel b: nan nan 8581.367 27.0000 44000.00000 nan nan 0
>Pr0201: 130.4324005 20.2268164 9.142 1.150 1.240 6174.0 4.41 0.19
 Pr0201 b: nan nan 171.628 0.0600 4.42640 nan 1303.4 1
>Pr0211: 130.5477440 19.2769570 10.173 0.827 0.935 5300.0 4.51 0.18
 Pr0211 b: nan nan 597.520 0.0318 2.14610 nan 1304.1 1
 Pr0211 c: nan nan 2475.896 5.5000 4850.00000 nan 99.1 1
>Proxima Cen: 217.3934657 -62.6761821 4.384 0.141 0.122 2900.0 nan nan
 Proxima Cen b: nan nan 1.055 0.0485 11.18465 2457897.900000 238.5 1
 Proxima Cen d: nan nan 0.260 0.0288 5.12338 nan 309.4 1
>Qatar-1: 303.3818697 65.1623313 10.409 0.803 0.838 5013.0 4.55 0.17
 Qatar-1 b: 1.661 12.812 411.272 0.0233 1.42002 2456234.103218 1418.5 0
>Qatar-10: 284.4439052 69.5708373 11.382 1.254 1.156 6124.0 4.30 0.02
 Qatar-10 b: 2.772 17.295 233.923 0.0286 1.64532 2458247.907460 1955.4 0
>Qatar-2: 207.6554928 -6.8040714 10.619 0.776 0.743 4645.0 4.53 0.02
 Qatar-2 b: 1.850 14.056 792.635 0.0215 1.33712 2455624.267096 1344.7 0
>Qatar-3: 359.1519716 36.2129562 11.219 1.272 1.145 6007.0 4.29 -0.04
 Qatar-3 b: 3.110 12.285 1369.847 0.0378 2.50792 2457302.453004 1679.6 0
>Qatar-4: 4.8592750 44.0275965 11.519 0.849 0.896 5215.0 4.53 0.10
 Qatar-4 b: 2.138 12.722 1938.763 0.0280 1.80536 2457637.773610 1384.0 0
>Qatar-5: 7.0539375 42.0613451 10.956 1.076 1.128 5747.0 4.43 0.38
 Qatar-5 b: 2.909 12.408 1373.026 0.0413 2.87923 2457336.758242 1415.0 0
>Qatar-6: 222.2100773 22.1526136 9.226 0.722 0.822 5052.0 4.64 -0.03
 Qatar-6 b: 1.589 11.904 212.310 0.0423 3.50619 2457784.032700 1006.5 0
>Qatar-7: 358.5151344 37.0218242 11.561 1.564 1.409 6387.0 4.20 0.28
 Qatar-7 b: 3.578 19.055 597.520 0.0352 2.03205 2458043.320750 2052.9 0
>Qatar-8: 157.4123405 70.5270835 9.937 1.315 1.029 5738.0 4.21 0.03
 Qatar-8 b: 4.027 14.404 117.915 0.0474 3.71495 2458210.839800 1457.4 0
>Qatar-9: 160.7480950 60.9641194 11.104 0.696 0.719 4309.0 4.61 0.25
 Qatar-9 b: 1.867 11.310 378.218 0.0234 1.54073 2458227.756430 1133.2 0
>ROXs 12: 246.6167993 -25.4466950 9.099 1.066 0.870 3850.0 4.07 nan
 ROXs 12 b: nan nan 5085.000 210.0000 nan nan 13.2 0
>ROXs 42 B: 247.8125493 -24.5455770 8.671 1.337 1.000 3433.0 nan nan
 ROXs 42 B b: nan nan 2860.000 157.0000 nan nan 15.3 0
>RR Cae: 65.2733756 -48.6542601 9.852 nan 0.440 nan nan nan
 RR Cae b: nan nan 1334.886 5.3000 4343.50000 nan nan 1
>Ross 128: 176.9376036 0.7992898 5.654 0.197 0.168 3192.0 nan -0.02
 Ross 128 b: nan nan 1.400 0.0496 9.86580 nan 306.5 1
>Ross 176: 305.6897438 47.3086191 8.419 0.569 0.577 4041.0 5.07 -0.19
 Ross 176 b: 1.660 1.840 4.570 0.0464 5.00663 2459829.762700 682.4 0
>Ross 458: 195.1912147 12.3755996 5.578 nan nan nan nan nan
 Ross 458 c: nan 14.011 1906.980 1100.0000 nan nan nan 0
>Ross 508: 230.9613022 17.4605347 8.279 0.211 0.177 3071.0 5.04 -0.20
 Ross 508 b: nan nan 4.000 0.0537 10.77000 nan 293.9 1
>SPECULOOS-3: 312.3632611 33.6123832 10.541 0.123 0.101 2800.0 5.26 0.07
 SPECULOOS-3 b: 0.456 0.977 nan 0.0073 0.71913 2459790.583440 553.1 0
>SR 12 AB: 246.8312363 -24.6946687 8.408 nan nan nan nan nan
 SR 12 AB c: nan nan 4131.620 nan nan nan nan 0
>SWEEPS-11: 269.7583333 -29.1981944 nan 1.450 1.100 nan nan nan
 SWEEPS-11 b: nan 12.666 3082.820 0.0300 1.79600 nan nan 0
>SWEEPS-4: 269.7246667 -29.1890556 nan 1.180 1.240 nan nan nan
 SWEEPS-4 b: nan 9.079 1207.700 0.0550 4.20000 nan nan 0
>TAP 26: 64.7154450 17.3878826 9.270 1.170 1.040 4620.0 4.50 nan
 TAP 26 b: nan nan 527.598 0.0968 10.79000 nan 774.5 1
>TCP J05074264+2447555: 76.9280000 24.7989611 nan nan 0.586 nan nan nan
 TCP J05074264+2447555 b: nan nan 20.000 0.9400 nan nan nan 0
>TIC 117642575: 9.4800698 -37.0662905 9.451 1.081 0.590 5720.0 4.35 nan
 TIC 117642575 b: 3.519 2.827 nan 0.0476 4.94459 2458378.788844 1313.9 0
>TIC 139270665: 124.0338967 33.2914532 8.946 1.016 1.035 5844.0 4.44 0.16
 TIC 139270665 b: 5.940 7.230 147.155 0.1630 23.62400 2459592.366140 703.6 0
 TIC 139270665 c: nan nan 1554.181 2.0000 1010.00000 2460042.000000 200.9 1
>TIC 139702105: 66.4980340 -18.2145450 7.908 1.254 5.278 5742.4 4.29 nan
 TIC 139702105 b: 2.235 2.453 nan 0.1227 6.83602 2459183.461923 885.2 0
>TIC 142589416: 168.2439697 73.8301439 10.811 0.714 1.165 4396.3 4.67 nan
 TIC 142589416 b: 1.359 2.679 nan 0.0337 2.09518 2459614.121999 975.3 0
>TIC 147027702: 161.7728559 -43.9317971 9.801 2.136 1.406 6410.0 3.93 -0.08
 TIC 147027702 b: 15.900 10.929 346.433 0.2740 44.40523 2458550.731400 863.0 0
>TIC 150070085: 110.1432005 53.5469842 9.679 1.086 1.160 5999.0 nan nan
 TIC 150070085 b: 3.475 3.620 nan 0.1039 10.47423 2458843.907100 935.1 0
>TIC 153919886: 171.8440734 68.1810449 10.717 0.592 0.577 4137.2 4.67 nan
 TIC 153919886 b: 1.567 2.706 nan 0.0268 2.10510 2458895.780816 938.0 0
>TIC 154870955: 191.7456685 88.8298759 11.015 0.724 0.634 4739.6 4.57 nan
 TIC 154870955 b: 2.522 3.095 nan 0.0671 7.96987 2458839.055577 751.0 0
>TIC 160113658: 59.4555606 -41.6320332 10.654 0.790 1.219 4817.3 4.59 nan
 TIC 160113658 b: 2.323 3.490 nan 0.0745 6.72952 2459167.570260 756.3 0
>TIC 161045582: 223.6258514 49.0977250 9.218 1.080 0.626 5683.9 4.38 nan
 TIC 161045582 b: 4.199 2.246 nan 0.0716 8.85577 2459658.470035 1064.0 0
>TIC 172900988 Aa: 128.6616644 31.5539793 8.762 1.384 1.238 6050.0 4.25 0.34
 TIC 172900988 b: nan 11.250 942.000 0.9028 200.45200 2458937.500000 361.2 0
>TIC 178172313: 43.4062672 -32.0770480 10.049 0.843 0.698 5405.6 4.58 nan
 TIC 178172313 b: 2.152 2.804 nan 0.0464 4.37318 2458405.955052 1111.2 0
>TIC 183374187: 357.6160382 -41.4124228 13.134 1.344 0.853 5768.0 4.11 -0.39
 TIC 183374187 b: 4.351 14.034 177.984 0.0547 5.05907 2458367.268200 1378.8 0
>TIC 188624430: 258.5566927 53.7060189 11.306 0.787 1.174 5369.5 4.56 nan
 TIC 188624430 b: 2.212 3.648 nan 0.0698 6.21860 2459719.664484 869.1 0
>TIC 18942729: 119.2150697 16.6772341 9.781 0.825 1.528 4360.1 4.55 nan
 TIC 18942729 b: 1.144 2.000 nan 0.0225 0.99818 2459561.003666 1272.9 0
>TIC 198190129: 246.3322839 60.3771414 10.464 0.641 0.637 4377.5 4.67 nan
 TIC 198190129 b: 2.588 2.923 nan 0.0671 7.94805 2459789.401960 652.4 0
>TIC 206466666: 56.7694828 -52.3667509 9.942 0.667 0.608 4620.3 4.57 nan
 TIC 206466666 b: 2.559 2.148 nan 0.0723 9.10487 2459161.873934 676.9 0
>TIC 231949697: 94.2576817 -43.3661845 9.195 0.493 0.200 3451.3 4.24 nan
 TIC 231949697 b: 0.967 1.528 nan 0.0107 0.90720 2459204.371168 1127.5 0
>TIC 237913194: 22.4458116 -60.7399096 10.485 1.088 1.026 5788.0 4.38 0.14
 TIC 237913194 b: 2.063 12.520 617.226 0.1207 15.16887 2458319.150550 838.0 0
>TIC 241249530: 95.3088995 53.2950203 10.192 1.397 1.271 6166.0 4.23 0.09
 TIC 241249530 b: nan 13.294 1582.785 0.6410 165.77190 2458860.800700 438.9 0
>TIC 245076932: 198.0634857 -51.2144330 10.083 1.288 1.117 6130.0 4.27 0.02
 TIC 245076932 b: 9.200 10.873 162.092 0.1570 21.61389 2459357.661700 846.6 0
>TIC 24750448: 26.1958598 -68.6447552 10.763 0.714 0.525 4545.4 4.66 nan
 TIC 24750448 b: 2.148 2.437 nan 0.0370 3.59159 2459058.372689 962.4 0
 TIC 24750448 c: 3.428 3.090 nan 0.0665 10.14385 2459085.038617 718.0 0
>TIC 249022743: 78.5762192 -3.4466123 10.911 1.208 0.870 5567.6 4.25 nan
 TIC 249022743 b: 2.928 4.796 nan 0.0321 2.25720 2458455.571575 1646.1 0
>TIC 257060897: 227.5321527 72.7103128 10.387 1.863 1.187 5993.0 3.97 0.05
 TIC 257060897 b: 4.742 17.262 201.503 0.0492 3.66004 2459473.945420 1777.9 0
>TIC 260969020: 74.9407148 -79.5859489 9.847 0.690 0.941 4572.9 4.59 nan
 TIC 260969020 b: 2.270 2.227 nan 0.0798 8.48585 2458631.522709 648.4 0
>TIC 270471727: 97.2114071 -78.4730589 10.014 0.997 1.114 5271.4 4.46 nan
 TIC 270471727 b: 3.516 2.750 nan 0.0970 10.45623 2459239.451266 814.9 0
>TIC 279401253: 57.6572277 -15.0262251 10.345 1.060 1.130 5951.0 4.44 0.20
 TIC 279401253 b: nan 11.209 1951.466 0.3690 76.80000 2459151.055000 486.4 0
 TIC 279401253 c: nan 11.215 2548.984 0.5910 155.30000 nan 384.3 1
>TIC 290487717: 139.0870563 2.5508053 11.533 0.944 0.323 5329.0 4.46 nan
 TIC 290487717 b: 3.077 6.638 nan 0.0304 3.40082 2458526.699439 1432.8 0
>TIC 294329732: 109.1177907 -58.2371507 10.093 0.920 0.802 5201.9 4.48 nan
 TIC 294329732 b: 3.252 2.077 nan 0.0830 9.75659 2459336.139438 835.1 0
>TIC 32032563: 56.0905221 -68.8580554 11.781 1.002 1.217 5567.9 4.38 nan
 TIC 32032563 b: 3.687 3.477 nan 0.1204 13.83460 2459117.229839 774.5 0
>TIC 320419023: 118.0726215 11.8241773 10.693 0.952 0.716 5703.4 4.38 nan
 TIC 320419023 b: 2.946 2.773 nan 0.0530 5.26376 2459555.647333 1165.9 0
>TIC 34085383: 59.2353630 -7.3757198 10.012 0.810 0.502 4694.8 4.57 nan
 TIC 34085383 b: 2.628 3.920 nan 0.0357 3.47793 2459161.269460 1078.2 0
>TIC 349520724: 111.2314215 -64.6398433 10.791 0.819 1.803 5098.6 4.52 nan
 TIC 349520724 b: 2.060 2.826 nan 0.0948 7.94045 2459110.014936 722.5 0
>TIC 356227008: 267.2508238 50.1308080 11.367 0.960 0.641 5731.9 4.49 nan
 TIC 356227008 b: 2.583 2.390 nan 0.0348 2.96147 2459008.203361 1451.4 0
>TIC 365102760: 305.8398236 54.3943194 9.788 3.130 1.170 4900.0 3.52 0.09
 TIC 365102760 b: 5.520 6.210 19.200 0.0622 4.21285 2458684.146000 1676.1 0
>TIC 38825265: 68.2492759 -65.2039666 10.895 0.665 0.471 4375.5 4.66 nan
 TIC 38825265 b: 1.849 2.189 nan 0.0338 3.31337 2459245.801763 935.1 0
>TIC 38828280: 68.3926457 -62.1697135 11.392 0.741 0.652 5046.6 4.59 nan
 TIC 38828280 b: 2.139 2.627 nan 0.0487 4.85559 2459052.852961 949.8 0
>TIC 390586021: 199.8225789 -31.4655097 9.912 0.727 0.585 4434.8 4.64 nan
 TIC 390586021 b: 2.127 2.860 nan 0.0321 2.74704 2459325.905185 1017.4 0
>TIC 393818343: 310.2917002 3.6382967 8.052 1.086 1.082 5756.0 4.40 0.32
 TIC 393818343 b: 4.151 12.184 1379.375 0.1291 16.24921 2459811.240200 805.0 0
>TIC 423703298: 22.9360486 -17.0135676 10.105 0.730 0.924 4540.4 4.61 nan
 TIC 423703298 b: 1.993 2.772 nan 0.0483 4.03713 2459141.135590 850.8 0
>TIC 434398831: 93.9592639 16.0238459 10.138 0.909 0.992 5638.0 4.42 -0.08
 TIC 434398831 b: 2.760 3.510 nan 0.0464 3.68550 2458468.635000 1203.2 0
 TIC 434398831 c: 3.040 5.630 nan 0.0657 6.21029 2458470.623900 1011.1 0
>TIC 437041147: 132.9480195 6.7648369 10.476 0.961 1.281 5224.4 4.43 nan
 TIC 437041147 b: 2.122 2.215 nan 0.0520 3.82301 2459548.588447 1083.4 0
>TIC 445839811: 200.1188173 48.4072699 10.643 0.850 0.393 5408.2 4.50 nan
 TIC 445839811 b: 4.207 2.478 nan 0.0714 11.10863 2458759.977910 900.0 0
>TIC 46432937: 83.8689794 -14.5971909 10.195 0.530 0.563 3572.0 4.74 0.32
 TIC 46432937 b: 1.195 13.316 1017.051 0.0207 1.44045 2459952.288940 872.5 0
>TIC 4672985: 38.4706782 -10.6573827 9.970 1.150 1.010 5757.0 4.32 0.14
 TIC 4672985 b: nan 11.500 4049.134 0.3300 69.04800 2458429.857700 518.2 0
>TIC 52059926: 16.7726869 -68.3681031 11.023 0.720 0.730 4505.0 4.62 -0.08
 TIC 52059926 b: 4.870 10.710 5380.000 0.5530 175.53200 2458350.184400 247.9 0
>TIC 62895484: 116.6385519 22.5903733 10.994 0.874 0.608 5520.8 4.46 nan
 TIC 62895484 b: 2.483 3.494 nan 0.0332 2.83985 2459577.916994 1365.1 0
>TIC 65612701: 310.4738195 36.3388288 7.956 1.737 1.097 5692.3 4.08 nan
 TIC 65612701 b: 6.398 5.078 nan 0.0951 10.22468 2459442.876067 1173.3 0
>TIC 67686059: 19.8843370 -35.2930148 10.924 0.820 1.719 5090.1 4.55 nan
 TIC 67686059 b: 1.737 2.591 nan 0.0543 3.52164 2458404.382479 954.4 0
>TIC 77319217: 71.0406969 -39.8976018 9.960 1.184 0.674 5961.5 4.28 nan
 TIC 77319217 b: 4.223 3.109 nan 0.0660 7.54831 2459150.699235 1217.6 0
>TIC 77552382: 152.5133767 -4.9035250 11.681 0.887 0.961 4981.1 4.52 nan
 TIC 77552382 b: 2.411 5.692 nan 0.0446 3.51026 2459259.987837 1071.0 0
>TIC 86380416: 145.1603760 65.7327948 10.259 0.990 0.802 5723.7 4.42 nan
 TIC 86380416 b: 3.135 2.412 nan 0.0603 6.04086 2458701.561612 1118.1 0
>TIC 87422071: 273.0346013 -44.2434042 10.223 1.489 1.239 6150.0 4.18 0.16
 TIC 87422071 b: 3.600 10.862 409.999 0.1060 11.36493 2458680.659900 1111.5 0
>TIC 88692598: 149.2109097 47.7706699 9.780 0.532 0.413 3483.2 4.09 nan
 TIC 88692598 b: 1.670 1.813 nan 0.0279 2.64909 2459628.164604 733.9 0
>TIC 88785435: 224.2838576 -30.8800273 9.546 0.911 0.724 3998.0 4.19 -0.08
 TIC 88785435 b: 4.100 5.030 nan 0.0843 10.50884 2458609.236900 633.7 0
>TIC 9344899: 72.7939340 -8.4473205 11.759 1.060 0.980 5800.0 4.39 0.07
 TIC 9344899 b: 4.000 9.160 6170.000 0.0815 8.58216 2459163.647200 1008.6 0
>TOI-1011: 113.9847611 -32.8419988 7.109 0.920 0.910 5475.0 4.50 0.03
 TOI-1011 b: 2.302 1.450 4.040 0.0347 2.47050 2458489.977600 1360.2 0
>TOI-1036: 157.8671116 -42.2404483 9.291 1.176 1.071 5664.7 4.26 nan
 TOI-1036 b: 3.290 6.285 nan 0.0486 3.77952 2459292.606771 1343.6 0
>TOI-1052: 337.5102738 -75.6465606 8.246 1.264 1.204 6146.0 4.30 0.14
 TOI-1052 b: 3.091 2.870 16.900 0.0910 9.13970 2458332.944200 1104.4 0
 TOI-1052 c: nan nan 34.300 0.2263 35.80600 2459425.130000 700.4 1
>TOI-1054: 302.1141738 -54.3175014 7.576 1.170 1.140 6122.0 4.31 nan
 TOI-1054.01: 4.565 2.434 nan 0.1271 15.50779 2460122.700139 895.5 0
>TOI-1062: 38.1209678 -78.0236828 8.296 0.840 0.940 5328.0 4.55 0.14
 TOI-1062 b: 1.080 2.265 10.150 0.0520 4.11296 2459082.590000 1032.6 0
 TOI-1062 c: nan nan 9.780 0.0800 7.97200 nan 832.5 1
>TOI-1064: 296.0039349 -47.5620305 8.467 0.726 0.748 4734.0 4.60 0.05
 TOI-1064 b: 1.980 2.587 13.500 0.0615 6.44387 2459036.853400 784.2 0
 TOI-1064 c: 2.370 2.651 2.500 0.0943 12.22657 2459043.512890 633.4 0
>TOI-1075: 309.9712091 -65.4496994 9.115 0.581 0.604 3875.0 4.67 -0.08
 TOI-1075 b: 1.070 1.791 9.950 0.0116 0.60473 2458654.251000 1323.0 0
>TOI-1080: 276.3683249 -52.2145730 10.170 0.202 0.167 3065.0 5.05 -0.09
 TOI-1080 b: 1.020 1.200 10.700 0.0272 3.96525 2459756.400020 402.7 0
>TOI-1105: 146.0539694 -89.4715133 8.762 0.756 0.842 4678.5 4.58 nan
 TOI-1105 b: 2.857 3.058 nan 0.0907 10.86818 2459043.652760 651.4 0
>TOI-1107: 155.6078632 -82.2188693 9.205 1.810 1.350 6311.0 4.05 -0.10
 TOI-1107 b: 4.848 14.572 1064.725 0.0561 4.07824 2459385.012300 1728.6 0
>TOI-1117: 273.6020606 -66.4199742 9.385 1.050 0.970 5635.0 4.41 0.14
 TOI-1117 b: 2.015 2.460 8.900 0.0330 2.22816 2459386.964000 1532.7 0
 TOI-1117 c: nan nan 8.780 0.0534 4.57900 nan 1204.9 1
 TOI-1117 d: nan nan 10.710 0.0817 8.66500 nan 974.1 1
>TOI-1130: 286.3760037 -41.4376399 8.351 0.697 0.745 4360.0 4.55 0.11
 TOI-1130 b: 1.837 3.660 19.800 0.0453 4.07455 2460126.924264 824.7 0
 TOI-1130 c: 1.836 13.000 336.000 0.0731 8.35019 2460144.137122 649.2 0
>TOI-1135: 193.3963704 85.1294952 8.192 1.202 1.119 6320.0 4.33 -0.04
 TOI-1135 b: 4.462 9.920 58.798 0.0815 8.02773 2460466.307930 1170.4 0
>TOI-1136: 192.1848981 64.8552755 8.034 0.968 1.022 5770.0 4.47 0.07
 TOI-1136 b: 2.070 1.900 3.500 0.0511 4.17270 2458684.700000 1211.5 0
 TOI-1136 c: 3.201 2.485 6.320 0.0669 6.25740 2460366.026514 1058.4 0
 TOI-1136 d: 5.380 5.520 8.350 0.1062 12.51990 2459612.447691 840.0 0
 TOI-1136 e: 4.450 2.639 6.070 0.1394 18.80100 2458697.729900 733.2 0
 TOI-1136 f: 4.414 2.680 9.700 0.1740 26.32100 2459594.183463 656.3 0
 TOI-1136 g: 5.800 2.530 5.600 0.2290 39.54500 2459423.670500 572.0 0
>TOI-1173: 197.6830975 70.7680117 9.134 0.934 0.911 5350.0 4.45 0.14
 TOI-1173 b: 2.586 9.190 27.400 0.0696 7.06466 2458702.844400 945.1 0
>TOI-1174: 209.2171751 68.6182106 8.964 0.760 0.850 5030.0 4.57 -0.00
 TOI-1174 b: 3.063 2.562 32.000 0.0799 8.95349 2459657.033020 747.9 0
>TOI-1180: 214.5557741 82.1937642 8.594 0.730 0.750 4738.0 4.59 0.07
 TOI-1180 b: 2.749 3.072 10.000 0.0808 9.68676 2459950.327350 686.7 0
>TOI-1181: 297.2158166 64.3543506 9.220 1.961 1.467 6054.0 4.02 0.38
 TOI-1181 b: 4.057 17.026 374.720 0.0363 2.10319 2459481.516960 2146.9 0
>TOI-1184: 272.2045196 60.6787845 8.317 0.690 0.710 4534.0 4.61 0.02
 TOI-1184 b: 1.888 2.390 6.800 0.0560 5.74843 2459960.511500 767.3 0
>TOI-1194: 167.8214811 69.9647749 9.340 0.961 0.984 5394.0 4.46 0.35
 TOI-1194 b: 1.628 8.717 120.000 0.0340 2.31064 2458684.923520 1382.7 0
>TOI-1199: 166.8806581 61.3525723 9.466 1.450 1.230 5710.0 4.19 0.44
 TOI-1199 b: 2.149 10.514 75.961 0.0499 3.67146 2459420.537600 1484.5 0
>TOI-1201: 42.2476999 -14.5372835 8.646 0.508 0.512 3476.0 4.80 0.05
 TOI-1201 b: 1.747 2.415 6.280 0.0287 2.49199 2459169.232220 705.2 0
>TOI-1203: 168.2267358 -34.4069371 6.997 1.179 0.886 5737.0 4.34 -0.39
 TOI-1203 b: 1.911 1.520 3.510 0.0487 4.15729 2458545.891600 1361.3 0
 TOI-1203 c: nan nan 5.460 0.1043 13.07660 2459198.810000 930.0 1
 TOI-1203 e: nan nan 42.100 0.6526 204.59000 2458915.450000 371.8 1
 TOI-1203.01: 6.153 2.918 7.390 0.1632 25.50267 2458553.071100 743.6 0
>TOI-122: 332.9482355 -58.9460850 10.771 0.334 0.312 3403.0 4.88 nan
 TOI-122 b: 1.210 2.720 nan 0.0392 5.07803 2458425.602564 479.0 0
>TOI-1221: 107.9210254 -65.5088568 9.036 1.031 0.930 5592.0 4.38 0.06
 TOI-1221 b: 8.120 2.910 1112.399 0.3870 91.68278 2458404.179100 440.1 0
>TOI-1224: 37.1978356 -80.8991053 9.134 0.404 0.400 3326.0 4.89 nan
 TOI-1224 b: 1.676 2.104 nan 0.0355 4.17827 2458327.702360 541.0 0
 TOI-1224 c: 3.074 2.884 nan 0.0988 17.94547 2458329.859704 324.3 0
>TOI-1226: 103.7548364 -69.8671293 10.473 0.987 3.175 5434.9 4.41 nan
 TOI-1226 b: 1.715 2.410 nan 0.0716 3.92881 2459287.077942 972.9 0
>TOI-1227: 186.7673635 -72.4518501 11.034 0.560 0.170 3072.0 4.44 nan
 TOI-1227 b: 4.831 9.572 nan 0.0886 27.36397 2458617.462100 372.4 0
>TOI-1230: 118.1295936 -83.8250629 8.720 1.153 1.140 5696.0 4.27 nan
 TOI-1230.01: 7.542 3.240 nan 0.1751 25.05713 2458620.316686 704.8 0
>TOI-1231: 156.7472600 -52.4678724 8.069 0.476 0.485 3553.0 4.77 0.04
 TOI-1231 b: 3.240 3.650 15.400 0.1288 24.24559 2458685.116300 329.4 0
>TOI-1232: 116.5013990 -61.8797935 10.697 1.072 1.058 5823.0 4.40 0.18
 TOI-1232 b: 4.725 10.929 220.573 0.1170 14.25600 2460938.773643 849.9 0
 TOI-1232 c: nan nan 58.480 0.1940 30.35600 nan 660.0 0
>TOI-1235: 152.2182549 69.2766204 7.893 0.619 0.630 3997.0 4.64 0.33
 TOI-1235 b: 1.840 1.690 6.690 0.0383 3.44471 2458683.614500 775.2 0
>TOI-1238: 201.3823387 68.8360678 9.184 0.580 0.590 4089.0 4.63 0.31
 TOI-1238 b: 1.090 1.210 3.760 0.0139 0.76460 2458684.102000 1273.7 0
 TOI-1238 c: 1.750 2.110 8.320 0.0370 3.29474 2458707.352000 780.7 0
>TOI-1243: 135.7326412 71.6364158 8.878 0.511 0.515 3515.0 4.73 -0.20
 TOI-1243 b: 0.901 2.330 7.700 0.0606 4.65948 2459369.831030 492.2 0
>TOI-1244: 256.2795590 69.5190930 9.422 0.721 0.730 4599.0 4.59 0.03
 TOI-1244 b: 2.210 2.467 6.600 0.0607 6.40032 2459913.808300 764.3 0
>TOI-1246: 251.1158702 70.4299917 9.907 0.865 0.889 5213.0 4.51 0.17
 TOI-1246 b: 2.338 2.925 8.100 0.0490 4.30744 2458686.565800 1040.6 0
 TOI-1246 c: 2.893 2.451 9.100 0.0610 5.90414 2458683.466300 946.5 0
 TOI-1246 d: 3.948 3.431 5.400 0.1320 18.65487 2458688.975000 643.5 0
 TOI-1246 e: 3.544 3.514 14.500 0.2120 37.92548 2458700.695800 507.7 0
>TOI-1248: 259.0235918 63.1056072 9.870 0.869 0.904 5205.0 4.51 0.22
 TOI-1248 b: 2.314 6.808 27.400 0.0510 4.36016 2458687.121160 1035.8 0
>TOI-1249: 200.5615762 66.3085331 9.126 0.979 1.006 5497.0 4.46 0.30
 TOI-1249 b: 3.145 3.271 11.900 0.1090 13.07915 2458694.380400 794.2 0
>TOI-125: 23.5934253 -66.6763495 8.995 0.848 0.859 5320.0 4.52 -0.02
 TOI-125 b: 2.962 2.726 9.500 0.0519 4.65382 2458355.355290 1037.4 0
 TOI-125 c: 2.954 2.759 6.630 0.0814 9.15059 2458361.908500 828.0 0
 TOI-125 d: 3.113 2.930 13.600 0.1370 19.98000 2458342.851600 638.2 0
>TOI-1259 A: 282.1001665 79.2564761 9.619 0.715 0.746 4775.0 4.61 -0.50
 TOI-1259 A b: 2.475 11.600 141.000 0.0408 3.47798 2458686.700480 963.9 0
>TOI-1260: 157.1440712 65.8541986 8.950 0.672 0.679 4227.0 4.57 -0.10
 TOI-1260 b: 2.060 2.410 8.560 0.0367 3.12746 2459065.564269 872.2 0
 TOI-1260 c: 1.970 2.760 13.200 0.0657 7.49313 2459068.270505 651.9 0
 TOI-1260 d: 3.190 3.120 11.840 0.1116 16.60816 2459062.017406 500.2 0
>TOI-1266: 197.9965833 65.8336973 8.840 0.423 0.437 3563.0 4.83 -0.11
 TOI-1266 b: 2.071 2.520 4.460 0.0730 10.89450 2458691.006800 413.7 0
 TOI-1266 c: 1.951 1.980 3.170 0.1050 18.80270 2458689.958800 344.9 0
 TOI-1266 d: nan nan 3.680 0.1513 32.50900 2458729.030000 287.3 0
>TOI-1268: 198.3885831 62.3053799 8.911 0.920 0.960 5300.0 4.55 0.36
 TOI-1268 b: 4.001 9.100 96.400 0.0711 8.15771 2458711.747700 919.3 0
>TOI-1269: 249.6966397 64.5591810 9.890 0.852 0.903 5499.0 4.53 -0.05
 TOI-1269 b: 2.622 2.401 6.400 0.0496 4.25299 2458686.605860 1099.1 0
 TOI-1269 c: 2.744 2.230 nan 0.0908 9.23786 2459711.383099 818.8 0
>TOI-1272: 199.1962036 49.8610591 9.701 0.800 0.828 4985.0 4.55 0.10
 TOI-1272 b: 1.521 4.260 24.100 0.0410 3.31598 2458713.030980 1061.8 0
>TOI-1273: 214.1208564 58.3902534 9.417 1.060 1.060 5690.0 4.37 0.07
 TOI-1273 b: 1.435 11.097 70.558 0.0549 4.63130 2458712.346800 1205.6 0
>TOI-1278: 320.4784442 35.6486250 9.735 0.573 0.540 3799.0 4.68 -0.01
 TOI-1278 b: 1.618 12.218 5879.826 0.0950 14.47567 2458711.959500 449.9 0
>TOI-1279: 185.0628734 56.2014094 8.887 0.843 0.878 5457.0 4.53 -0.08
 TOI-1279 b: 2.765 2.661 10.600 0.0850 9.61419 2458717.481400 828.5 0
>TOI-128: 79.5209381 -80.9643840 6.932 1.130 0.852 6086.0 4.26 nan
 TOI-128.01: 1.966 2.219 nan 0.0538 4.94047 2460175.867159 1344.8 0
>TOI-1288: 313.1670294 65.6087833 8.779 0.958 0.955 5388.0 4.45 0.26
 TOI-1288 b: 2.379 4.968 44.100 0.0374 2.69983 2458712.358770 1315.2 0
 TOI-1288 c: nan nan 85.700 1.0700 416.00000 2458894.400000 245.9 1
>TOI-1291: 245.8180089 62.9251213 10.083 1.811 0.496 6139.9 4.10 nan
 TOI-1291 b: 8.097 5.638 nan 0.0576 7.16201 2459777.401187 1660.6 0
>TOI-1294: 223.0926408 70.4765573 9.964 1.557 1.158 5718.0 4.12 0.28
 TOI-1294 b: 3.033 10.124 63.900 0.0510 3.91529 2459393.007110 1523.3 0
 TOI-1294 c: nan nan 147.000 0.6100 159.90000 2459194.400000 440.5 1
>TOI-1295: 256.6722026 67.8715032 10.080 1.700 1.380 6280.0 4.10 0.26
 TOI-1295 b: 6.200 15.693 451.316 0.0470 3.19688 2459913.379990 1821.2 0
>TOI-1296: 256.7706392 70.2384806 9.742 1.703 1.158 5567.0 4.04 0.41
 TOI-1296 b: 4.864 14.116 95.300 0.0510 3.94437 2458930.755310 1551.3 0
>TOI-1298: 241.3229012 70.1900397 10.012 1.454 1.219 5752.0 4.19 0.40
 TOI-1298 b: 4.029 9.658 99.000 0.0570 4.53714 2458934.122450 1400.7 0
>TOI-1301: 275.8625432 71.5817479 9.044 0.732 0.770 4820.0 4.60 nan
 TOI-1301.01: 2.333 2.477 nan 0.0599 6.09641 2459710.294400 812.7 0
>TOI-132: 338.3996623 -43.4368720 9.646 0.900 0.970 5397.0 4.48 0.16
 TOI-132 b: 2.134 3.420 22.400 0.0260 2.10970 2458333.230950 1531.2 0
>TOI-1333: 325.0145363 48.4067674 8.272 1.925 1.464 6274.0 4.03 0.12
 TOI-1333 b: 4.642 15.648 753.257 0.0626 4.72022 2458913.370330 1677.7 0
>TOI-1338 A: 92.1330955 -59.5409853 10.635 1.313 1.094 6050.0 4.00 0.01
 TOI-1338 b: 11.632 7.661 11.300 0.4210 95.40010 2459238.219490 515.2 0
 TOI-1338 c: nan nan 75.400 0.7254 215.79000 2459208.700000 392.5 0
>TOI-1346: 256.6226752 68.8433031 9.383 0.780 0.820 5099.0 4.61 -0.01
 TOI-1346 b: 0.878 2.390 nan 0.0269 1.76225 2459978.023900 1323.6 0
 TOI-1346 c: 3.171 2.230 nan 0.0548 5.50256 2459771.727430 927.9 0
>TOI-1347: 280.3266806 70.2900536 9.616 0.830 0.913 5464.0 4.64 0.04
 TOI-1347 b: 0.877 1.800 11.100 0.0171 0.84742 2458682.712140 1835.7 0
 TOI-1347 c: 2.411 1.600 6.400 0.0547 4.84196 2458678.505900 1026.0 0
>TOI-1386: 334.5041029 54.3190454 9.086 1.024 1.036 5735.0 4.43 0.15
 TOI-1386 b: 5.670 6.216 45.800 0.1730 25.84010 2458752.321000 672.6 0
 TOI-1386 c: nan nan 75.200 0.7500 232.00000 2458750.900000 323.1 1
>TOI-139: 336.4024144 -34.9097131 7.640 0.701 0.690 4570.0 4.71 -0.24
 TOI-139 b: 2.194 2.457 nan 0.1081 11.07085 2458334.890600 561.2 0
>TOI-1408: 313.5110469 72.5806455 8.078 1.530 1.312 6117.0 4.10 0.25
 TOI-1408 b: 1.650 25.000 593.000 0.0578 4.42587 2458740.858100 1517.8 0
 TOI-1408 c: 2.670 2.220 7.600 0.0359 2.16640 2458739.847000 1926.4 0
>TOI-1410: 334.8828486 42.5603141 8.577 0.756 0.794 4635.0 4.58 0.33
 TOI-1410 c: nan nan 27.000 0.2390 47.56000 2458980.400000 397.5 1
 TOI-1410.01: 1.112 3.101 12.500 0.0207 1.21687 2458739.729310 1350.5 0
>TOI-1411: 232.9460470 47.0555507 7.250 0.614 0.605 4115.0 4.64 0.01
 TOI-1411 b: 1.509 1.199 2.000 0.0212 1.45205 2458739.474040 1067.4 0
>TOI-1416: 216.9234892 41.9529862 7.708 0.793 0.798 4884.0 4.52 0.08
 TOI-1416 b: 1.500 1.620 3.480 0.0190 1.06976 2458739.462100 1521.5 0
>TOI-1420: 322.9418092 66.3490054 10.119 0.923 0.987 5510.0 4.50 0.28
 TOI-1420 b: 3.372 11.890 25.100 0.0710 6.95611 2459517.433050 958.0 0
>TOI-1422: 354.2408290 39.6392793 9.190 1.022 0.967 5811.0 4.41 -0.03
 TOI-1422 b: 4.460 3.830 9.500 0.1070 12.99894 2458745.940500 866.1 0
 TOI-1422 c: 6.120 2.614 14.000 0.2050 34.56330 2458756.352500 625.7 0
>TOI-1431: 316.2036922 55.5880221 7.439 1.920 1.900 7690.0 4.15 0.09
 TOI-1431 b: 2.489 16.701 991.625 0.0460 2.65024 2458739.177370 2395.7 0
>TOI-1437: 256.1387513 56.8425490 7.817 1.170 1.100 6008.0 4.26 -0.49
 TOI-1437 b: 4.650 2.240 9.600 0.1400 18.84094 2459360.165200 837.5 0
>TOI-1438: 280.9237844 74.9378327 9.090 0.820 0.876 5230.0 4.50 0.03
 TOI-1438 b: 1.040 3.040 9.400 0.0553 5.13967 2458683.625600 971.1 0
 TOI-1438 c: 1.670 2.750 10.600 0.0830 9.42809 2458689.913600 792.7 0
>TOI-1439: 241.7639371 67.8776404 9.053 1.618 1.231 5841.0 4.11 0.23
 TOI-1439 b: 5.628 4.243 38.500 0.1920 27.64400 2458703.474700 817.7 0
>TOI-1442: 287.2921006 74.1742762 10.089 0.310 0.290 3330.0 4.92 nan
 TOI-1442 b: 0.617 1.170 nan 0.0071 0.40907 2458683.452300 1061.0 0
>TOI-1443: 297.3986780 76.1391776 8.674 0.751 0.766 5224.0 4.56 -0.29
 TOI-1443 b: 4.260 2.304 30.000 0.1470 23.54068 2458693.250000 569.4 0
>TOI-1444: 305.4749252 70.9437054 9.061 0.910 0.951 5460.0 4.50 0.15
 TOI-1444 b: 1.283 1.418 3.580 0.0116 0.47027 2458711.367500 2332.6 0
>TOI-1448: 316.3240030 57.7710946 10.765 0.380 0.372 3412.0 4.85 0.37
 TOI-1448 b: 3.128 2.749 19.500 0.0567 8.11224 2458713.337500 425.9 0
>TOI-1450 A: 286.8540627 59.0866254 7.565 0.483 0.480 3437.0 4.76 -0.12
 TOI-1450 A b: 0.988 1.130 1.258 0.0252 2.04393 2458685.342210 725.2 0
 TOI-1450 A c: nan nan 1.527 0.0452 5.06880 2459321.760000 541.7 1
>TOI-1451: 186.5242821 61.2589289 8.073 1.016 1.002 5801.0 4.42 0.02
 TOI-1451 b: 3.094 2.611 15.200 0.1270 16.53794 2458694.311500 791.3 0
>TOI-1452: 290.1739741 73.1951082 9.740 0.275 0.249 3185.0 4.95 -0.07
 TOI-1452 b: 1.759 1.672 4.820 0.0610 11.06201 2458691.532100 326.1 0
>TOI-1453: 258.2232705 57.1977779 8.686 0.720 0.715 4975.0 4.58 -0.31
 TOI-1453 b: 1.998 1.173 2.320 0.0465 4.31352 2459392.900130 944.2 0
 TOI-1453 c: 1.874 2.224 2.950 0.0616 6.58870 2459395.381330 819.9 0
>TOI-1466: 307.3965319 61.5507253 9.196 0.750 0.768 4435.4 4.60 nan
 TOI-1466 b: 1.613 2.467 nan 0.0272 1.87191 2458766.254858 1122.3 0
>TOI-1467: 19.1146441 49.2331382 8.568 0.491 0.489 3834.0 4.77 -0.06
 TOI-1467 b: 1.578 1.920 9.000 0.0507 5.97115 2458766.988500 575.1 0
>TOI-1468: 16.6538724 19.2249195 8.497 0.371 0.353 3376.0 4.85 -0.01
 TOI-1468 b: 1.090 1.401 3.040 0.0211 1.88052 2458765.677550 683.5 0
 TOI-1468 c: 1.860 2.126 4.100 0.0861 15.53248 2458766.926700 338.1 0
>TOI-1470: 10.0891431 61.2133868 9.283 0.469 0.471 3709.0 4.77 0.00
 TOI-1470 b: 1.280 2.180 7.320 0.0285 2.52709 2458766.470200 725.5 0
 TOI-1470 c: 2.700 2.470 7.240 0.1060 18.08816 2458772.176000 376.2 0
>TOI-1472: 14.1142611 48.6375168 9.277 0.840 0.870 5100.0 4.50 0.27
 TOI-1472 b: 2.740 4.058 18.050 0.0640 6.36339 2459694.663850 890.9 0
 TOI-1472 c: 2.830 3.334 21.130 0.1160 15.53817 2459689.935670 661.8 0
>TOI-1478: 126.4337428 -13.5595485 9.201 1.078 0.705 5597.0 4.37 0.08
 TOI-1478 b: 4.131 11.994 279.689 0.0818 10.18021 2459066.018700 979.8 0
>TOI-150: 112.9654210 -73.6060358 9.940 1.526 1.351 6255.0 4.13 0.28
 TOI-150.01: 5.120 14.067 797.753 0.0704 5.85749 2458326.277300 1404.6 0
>TOI-1516: 340.0846204 69.5037313 9.669 1.140 1.140 6520.0 4.25 -0.05
 TOI-1516 b: 2.826 15.244 1004.338 0.0330 2.05601 2458765.325000 1848.6 0
>TOI-1518: 352.2675207 67.0348062 8.325 1.942 1.880 7299.0 4.14 -0.10
 TOI-1518 b: 2.395 21.050 581.626 0.0371 1.90261 2459983.791942 2545.8 0
>TOI-1533: 355.2467209 57.4852417 8.832 0.849 0.880 5146.0 4.50 0.24
 TOI-1533 b: 2.070 2.890 28.100 0.0445 3.64580 2459877.676200 1083.9 0
 TOI-1533 c: 1.220 7.500 36.600 0.0760 8.06379 2459853.887200 829.4 0
>TOI-157: 73.7014398 -76.6806061 10.892 1.167 0.948 5404.0 4.28 0.24
 TOI-157 b: 2.146 14.415 375.039 0.0314 2.08454 2458326.547710 1589.1 0
>TOI-159: 51.7822676 -78.5498308 9.758 1.620 1.661 7287.0 4.23 0.30
 TOI-159 b: 4.220 18.180 1110.000 0.0560 3.76284 2459382.232580 1889.9 0
>TOI-1601: 38.3615690 41.0134321 9.191 2.195 1.506 5982.0 3.93 0.34
 TOI-1601 b: 6.485 14.199 387.000 0.0690 5.33175 2458793.275300 1626.9 0
>TOI-163: 79.7682532 -71.8955269 10.124 1.648 1.435 6495.0 4.19 0.22
 TOI-163 b: 4.930 16.690 387.753 0.0580 4.23131 2458328.879700 1669.5 0
>TOI-1630: 352.0166759 75.5526069 7.915 0.830 0.950 5504.0 4.58 nan
 TOI-1630.01: 2.087 2.417 nan 0.1012 12.05573 2459931.224720 760.3 0
>TOI-1634: 56.3906096 37.1122803 8.600 0.450 0.502 3550.0 4.83 0.23
 TOI-1634 b: 0.975 1.759 4.900 0.0154 0.98935 2459584.970390 924.2 0
 TOI-1634 c: nan nan nan 0.3298 103.00000 2458905.000000 195.6 0
>TOI-1648: 45.4011794 69.2299235 8.183 0.810 0.830 4850.0 4.50 0.20
 TOI-1648 b: 1.540 2.540 7.400 0.0694 7.33160 2459925.343100 799.0 0
>TOI-1659: 277.9251938 82.3059487 8.702 1.006 1.100 5977.0 4.47 nan
 TOI-1659.01: 2.891 2.255 nan 0.0658 5.87756 2459757.356800 1127.3 0
>TOI-1669: 45.9564744 83.5874273 8.462 1.056 0.987 5497.0 4.38 0.27
 TOI-1669 b: nan nan 191.000 1.2700 500.00000 2459325.000000 241.7 1
 TOI-1669 c: 1.928 2.296 13.000 0.0376 2.68005 2458816.944790 1404.8 0
>TOI-1670: 259.0172522 72.1611806 8.724 1.316 1.210 6170.0 4.29 0.09
 TOI-1670 b: 2.800 2.060 41.318 0.1030 10.98462 2458721.942300 1063.5 0
 TOI-1670 c: 5.400 11.063 200.232 0.2490 40.74976 2458750.882860 684.0 0
>TOI-1680: 292.3139790 65.9738018 10.821 0.211 0.180 3225.0 5.05 0.04
 TOI-1680 b: 1.186 1.466 nan 0.0314 4.80263 2459013.842540 402.5 0
>TOI-1683: 65.9796504 27.8223701 8.085 0.700 0.695 4402.0 4.59 nan
 TOI-1683.01: 1.318 2.638 nan 0.0365 3.05754 2458816.411524 929.5 0
>TOI-1685: 68.5939529 43.0370395 8.758 0.462 0.466 3470.0 4.68 0.01
 TOI-1685 b: 0.904 1.421 3.070 0.0116 0.66914 2458816.225700 1054.2 0
>TOI-169: 16.7786879 -75.1989452 10.815 1.288 1.147 5880.0 4.28 0.24
 TOI-169 b: 1.706 12.173 251.404 0.0352 2.25545 2458327.441740 1714.2 0
>TOI-1691: 272.4041179 86.8603430 8.535 1.000 1.030 5759.0 4.41 0.05
 TOI-1691 b: 4.980 3.660 14.600 0.1294 16.73689 2459922.725500 772.1 0
>TOI-1693: 90.3083455 34.7730904 8.331 0.460 0.490 3499.0 4.80 nan
 TOI-1693 b: 1.420 1.410 nan 0.0226 1.76670 2458817.682700 761.2 0
>TOI-1694: 97.7487104 66.3605956 9.425 0.812 0.828 5005.0 4.54 0.04
 TOI-1694 b: 2.178 5.270 28.240 0.0445 3.77014 2458843.657260 1030.9 0
 TOI-1694 c: nan nan 316.557 0.9740 386.25000 2459174.840000 220.4 1
>TOI-1695: 21.9217346 72.2966148 8.818 0.515 0.513 3690.0 4.72 0.00
 TOI-1695 b: 1.311 1.900 6.360 0.0335 3.13428 2458791.520560 697.2 0
>TOI-1696: 65.2806480 48.8198312 11.331 0.278 0.255 3185.0 4.96 0.34
 TOI-1696 b: 1.000 3.090 48.800 0.0229 2.50031 2458834.201150 534.6 0
>TOI-1710: 94.2838373 76.2110200 7.959 0.968 0.980 5684.0 4.49 0.15
 TOI-1710 b: 5.318 5.258 13.200 0.1630 24.28336 2459031.230100 667.9 0
>TOI-1716: 105.0833291 56.8241941 7.932 1.240 1.070 5879.0 4.28 nan
 TOI-1716.01: 3.563 3.143 nan 0.0805 8.08238 2459959.221300 1112.7 0
>TOI-1718: 112.0180254 30.3217322 7.136 0.939 0.808 5304.9 4.46 nan
 TOI-1718 b: 3.001 4.108 nan 0.0574 5.58704 2459518.472075 1034.9 0
>TOI-172: 316.6318791 -26.6928654 9.722 1.777 1.128 5645.0 3.99 0.15
 TOI-172 b: 4.714 10.817 1722.639 0.0914 9.47725 2458345.873400 1200.2 0
>TOI-1722: 114.3452126 61.1539249 8.669 1.094 0.710 5999.6 4.33 nan
 TOI-1722 b: 4.072 4.383 nan 0.0789 9.60523 2458844.113154 1077.3 0
>TOI-1723: 116.7971978 68.4766845 8.133 1.090 1.040 5777.0 4.38 0.16
 TOI-1723 b: 4.233 3.435 10.400 0.1135 13.72701 2459593.959960 863.3 0
>TOI-1728: 120.6116787 64.7971531 8.803 0.624 0.646 3980.0 4.66 0.25
 TOI-1728 b: 1.960 5.050 26.780 0.0391 3.49151 2458843.274270 766.9 0
>TOI-1732: 111.8014509 53.0452684 9.255 0.633 0.494 4201.9 4.65 nan
 TOI-1732 b: 2.183 2.495 nan 0.0398 4.11924 2459584.761009 808.2 0
>TOI-1736: 43.4344615 69.1013450 7.283 1.429 1.037 5636.0 4.14 0.15
 TOI-1736 b: 3.983 3.182 12.300 0.0730 7.07308 2458792.795000 1202.3 0
 TOI-1736 c: nan nan 2441.000 1.3700 571.25000 2458701.810000 277.5 1
>TOI-1739: 240.1724810 83.2586589 8.388 0.781 0.780 4814.0 4.58 0.07
 TOI-1739 b: 1.871 1.946 nan 0.0739 8.30334 2459631.820350 754.8 0
>TOI-1742: 257.3288678 71.8766724 7.335 1.131 1.086 5815.0 4.37 0.19
 TOI-1742 b: 6.292 2.365 9.700 0.1540 21.26908 2458725.351800 759.9 0
>TOI-1743: 257.7473322 71.8722039 9.999 0.338 0.339 3277.0 4.91 0.22
 TOI-1743 b: 0.923 1.830 nan 0.0359 4.26605 2459575.172300 484.9 0
>TOI-1744: 294.2910707 60.8813020 8.034 1.140 1.180 6179.0 4.40 nan
 TOI-1744.01: 2.783 2.680 nan 0.1641 22.34170 2459908.384400 785.4 0
>TOI-1749: 282.7372281 64.4194660 10.270 0.550 0.580 3985.0 4.70 -0.26
 TOI-1749 b: 1.032 1.390 57.000 0.0291 2.38839 2458684.354953 835.4 0
 TOI-1749 c: 1.883 2.120 14.000 0.0443 4.49290 2459763.323055 677.1 0
 TOI-1749 d: 1.765 2.520 15.000 0.0707 9.04970 2459647.515197 536.0 0
>TOI-1750: 240.3019781 68.9373001 10.188 0.769 0.976 4683.8 4.54 nan
 TOI-1750 b: 2.886 2.789 nan 0.0980 11.33727 2458700.161585 632.6 0
>TOI-1751: 243.4888534 63.5335297 7.934 1.314 0.938 5970.0 4.17 -0.37
 TOI-1751 b: 7.651 2.951 19.500 0.2150 37.46852 2458733.635000 711.6 0
>TOI-1752: 253.4614861 60.7096197 10.545 0.530 0.524 3762.0 4.71 -0.11
 TOI-1752 b: 1.041 1.693 nan 0.0162 0.93519 2459334.479080 1036.3 0
 TOI-1752 c: 3.590 2.290 nan 0.1614 32.71443 2459358.928700 328.7 0
>TOI-1753: 252.4698351 61.1735768 10.175 0.972 0.948 5621.0 4.44 0.03
 TOI-1753 b: 3.178 2.479 16.600 0.0590 5.38461 2458684.503000 1099.9 0
>TOI-1756: 306.3287741 77.6364119 9.963 0.563 0.375 3891.9 4.64 nan
 TOI-1756 b: 1.816 1.942 nan 0.0279 2.78302 2458859.474787 842.4 0
>TOI-1758: 354.7415810 75.6852317 8.811 0.810 0.880 5169.0 4.53 -0.02
 TOI-1758 b: 3.673 3.620 6.900 0.1414 20.70507 2459924.771800 596.5 0
>TOI-1759: 326.8516615 62.7538164 7.930 0.597 0.606 4065.0 4.65 0.05
 TOI-1759 b: 3.230 3.140 10.800 0.1177 18.85019 2458745.465400 441.5 0
>TOI-1768: 152.1027826 55.5399599 8.995 1.100 1.100 5994.0 4.40 nan
 TOI-1768.01: 4.564 3.453 nan 0.0764 7.33770 2459627.022400 1096.9 0
>TOI-1772: 156.8377040 34.3909497 8.354 0.995 0.990 5583.0 4.44 nan
 TOI-1772.01: 3.420 2.905 nan 0.0784 8.05425 2459628.850700 959.2 0
>TOI-1774: 148.1619305 35.1110080 6.684 1.130 0.991 5746.0 4.33 -0.02
 HD 85426 c: nan nan 10.300 0.2118 35.73000 2459608.000000 640.0 1
 TOI-1774.01: 5.410 2.780 8.500 0.1277 16.70988 2459674.413100 824.2 1
>TOI-1775: 150.1151015 39.4577506 9.722 0.829 0.922 5284.0 4.57 0.16
 TOI-1775 b: 3.664 8.047 96.000 0.0800 10.24055 2458877.564500 820.1 0
>TOI-1776: 164.7772913 40.9837182 6.687 0.936 0.920 5785.0 4.46 -0.19
 TOI-1776 b: 1.932 1.216 1.400 0.0378 2.79987 2458871.497600 1387.8 0
>TOI-1777: 151.8070320 46.1148814 7.783 0.980 1.060 5859.0 4.48 nan
 TOI-1777.01: 2.643 2.246 nan 0.1195 14.65011 2459635.106700 809.2 0
>TOI-178: 7.3020115 -30.4541159 8.656 0.662 0.647 4316.0 4.45 -0.23
 TOI-178 b: 1.692 1.200 0.960 0.0261 1.91456 2458931.179300 1048.2 0
 TOI-178 c: 1.994 1.754 4.640 0.0371 3.23849 2458356.107512 879.7 0
 TOI-178 d: 2.080 2.695 5.200 0.0593 6.55757 2460196.437088 695.4 0
 TOI-178 e: 2.501 2.301 3.480 0.0784 9.96318 2458751.465800 604.9 0
 TOI-178 f: 2.532 2.417 5.630 0.1040 15.23335 2458364.914977 525.0 0
 TOI-178 g: 2.167 2.939 4.400 0.1277 20.71663 2458748.030200 473.9 0
>TOI-1782: 213.0787718 74.4117909 9.552 0.669 0.680 4336.0 4.68 nan
 TOI-1782.01: 2.328 2.368 nan 0.0502 4.98764 2459635.733100 763.0 0
 TOI-1782.02: 1.544 1.839 nan 0.0257 1.82902 2459632.816730 1066.0 0
>TOI-1789: 142.7434060 26.5399951 8.345 2.168 1.507 5991.0 3.94 0.37
 TOI-1789 b: 2.300 16.141 222.480 0.0488 3.20866 2458873.653740 1925.1 0
>TOI-1794: 203.3974857 49.0608433 8.692 1.316 0.970 5631.0 4.18 0.04
 TOI-1794 b: 3.915 3.297 8.700 0.0820 8.76553 2458715.312000 1087.9 0
>TOI-1798: 211.0939367 46.5192825 9.237 0.780 0.870 5165.0 4.57 0.07
 TOI-1798.01: 3.132 2.448 6.500 0.0750 8.02152 2459688.135900 803.3 0
 TOI-1798.02: 1.215 1.464 5.600 0.0108 0.43781 2459691.313500 2117.7 0
>TOI-1799: 167.2329152 34.3030149 7.381 0.957 1.010 5690.0 4.45 -0.06
 TOI-1799 b: 2.570 1.642 4.000 0.0725 7.09457 2458904.817600 996.8 0
>TOI-1801: 175.5755995 23.0270335 7.805 0.547 0.556 3863.0 4.78 -0.19
 TOI-1801 b: 2.713 2.079 5.738 0.0779 10.64387 2458903.543510 493.5 0
>TOI-1803: 178.0461054 35.1718001 9.658 0.715 0.756 4687.0 4.62 0.01
 TOI-1803 b: 2.590 2.990 10.320 0.0600 6.29329 2458904.623700 780.2 0
 TOI-1803 c: 2.400 4.290 8.000 0.0970 12.88578 2458911.674700 613.6 0
>TOI-1806: 166.1181474 30.4585763 10.016 0.402 0.393 3272.0 4.83 nan
 TOI-1806.01: 2.583 3.410 nan 0.0877 15.14547 2458909.543414 337.6 0
>TOI-1807: 201.2826259 38.9223671 7.568 0.746 0.805 4914.0 4.60 0.04
 TOI-1807 b: 0.977 1.497 2.440 0.0122 0.54937 2458899.345000 1852.9 0
>TOI-181: 352.1725409 -34.4914099 9.047 0.745 0.822 4994.0 4.61 0.27
 TOI-181 b: 1.990 6.956 46.169 0.0539 4.53200 2458358.120000 895.3 0
>TOI-1811: 188.9223576 27.2143766 9.643 0.769 0.817 4766.0 4.58 0.31
 TOI-1811 b: 1.951 11.142 308.929 0.0439 3.71308 2459126.368460 962.0 0
>TOI-1814: 236.8168817 77.2326429 9.446 2.389 1.759 4872.8 3.67 nan
 TOI-1814 b: 6.419 5.185 nan 0.0812 6.36861 2459430.574820 1274.9 0
>TOI-1820: 187.6867207 27.4520016 9.508 1.510 1.040 5734.0 4.24 0.14
 TOI-1820 b: 2.920 12.778 731.005 0.0610 4.86067 2458903.063800 1375.7 0
>TOI-1823: 196.2197201 63.7532610 8.332 0.805 0.841 4927.0 4.55 0.24
 TOI-1823 b: 5.923 7.541 67.400 0.2120 38.80000 2459645.705020 462.9 0
>TOI-1824: 197.7312286 61.7448492 7.757 0.812 0.880 5165.0 4.56 0.12
 TOI-1824 b: 4.110 2.744 16.000 0.1510 22.80853 2458879.546700 577.7 0
>TOI-1836: 245.9079242 54.6900774 8.531 1.577 1.307 6380.0 4.16 -0.10
 TOI-1836 b: 6.653 8.003 38.457 0.1597 20.38080 2459646.493510 966.8 0
 TOI-1836 c: 1.787 2.492 8.000 0.0309 1.77275 2459739.670000 2195.0 0
>TOI-1839: 196.8331106 5.8520458 9.038 0.848 0.668 5315.9 4.51 nan
 TOI-1839 b: 1.788 2.219 nan 0.0217 1.42378 2458938.483011 1604.3 0
 TOI-1839 c: 2.303 2.409 nan 0.0435 4.02394 2459690.235381 1131.3 0
>TOI-1842: 201.9626552 9.0306437 8.446 2.032 1.464 6039.0 3.99 0.33
 TOI-1842 b: 4.307 12.349 89.400 0.1000 9.57392 2458933.336140 1312.7 0
>TOI-1846: 257.9549645 54.5278483 9.596 0.397 0.418 3568.0 4.86 0.17
 TOI-1846 b: 1.419 1.792 nan 0.0365 3.93067 2459565.955230 567.7 0
>TOI-1853: 211.4593468 16.9923703 10.055 0.808 0.837 4985.0 4.49 0.11
 TOI-1853 b: 1.190 3.460 73.200 0.0213 1.24363 2459690.742000 1480.5 0
>TOI-1855: 205.3539534 17.6868719 9.523 1.041 0.987 5359.0 4.40 0.40
 TOI-1855 b: 1.194 18.495 360.100 0.0240 1.36415 2459243.197430 1702.6 0
>TOI-1859: 279.8317644 69.5228726 9.243 1.360 1.287 6341.0 4.29 0.12
 TOI-1859 b: 5.457 9.752 nan 0.3370 63.48347 2458662.655800 614.3 0
>TOI-1860: 226.4567308 64.0476821 6.792 0.940 0.990 5752.0 4.58 0.04
 TOI-1860 b: 1.142 1.310 nan 0.0204 1.06621 2458683.604100 1882.8 0
>TOI-1873: 212.5684755 84.3718582 9.693 0.972 0.780 5598.0 4.48 nan
 TOI-1873 b: 3.136 2.864 nan 0.0660 7.00573 2458834.100494 1036.1 0
>TOI-1883: 134.0892456 -12.9306438 10.994 0.506 0.495 3554.0 4.72 0.32
 TOI-1883 b: 1.951 5.650 13.700 0.0423 4.50800 2459256.846000 592.7 0
>TOI-1898: 144.5553000 23.5467464 6.663 1.613 1.248 6241.0 4.12 -0.10
 TOI-1898 b: 4.270 9.396 129.000 0.2690 45.52234 2458894.251100 737.0 0
>TOI-1899: 299.4268472 40.1433462 10.509 0.607 0.632 3926.0 4.67 0.28
 TOI-1899 b: 4.700 11.097 212.945 0.1525 29.09031 2458711.959171 377.7 0
>TOI-1937 A: 116.3707214 -52.3832587 11.226 1.080 1.072 5814.0 4.40 0.20
 TOI-1937 A b: 1.377 13.978 638.835 0.0193 0.94668 2459085.910230 2096.1 0
>TOI-198: 2.2715087 -27.1217452 7.856 0.418 0.417 3801.0 4.81 -0.66
 TOI-198 b: 2.260 1.360 3.170 0.0675 10.21521 2458356.371864 456.1 0
>TOI-199: 80.1058735 -59.8954326 8.814 0.820 0.936 5255.0 4.58 0.22
 TOI-199 b: 6.689 9.079 54.031 0.4254 104.85400 2458256.128600 351.8 0
 TOI-199 c: nan nan 88.992 0.8070 273.69000 2458460.741000 255.4 0
>TOI-1994: 147.1745753 -51.7565640 9.775 2.300 1.860 7700.0 3.98 -0.01
 TOI-1994 b: 4.044 13.675 7024.008 0.0613 4.03371 2458854.372630 2274.4 0
>TOI-2000: 146.3970631 -66.6866307 9.303 1.134 1.082 5611.0 4.36 0.44
 TOI-2000 b: 1.959 2.700 11.000 0.0427 3.09833 2458855.244200 1394.2 0
 TOI-2000 c: 3.654 8.140 81.700 0.0878 9.12706 2459110.065880 972.4 0
>TOI-2005: 164.0316540 -43.3766967 8.905 2.020 1.590 7130.0 3.95 0.00
 TOI-2005 b: 2.249 11.994 2034.102 0.1600 17.30590 2458549.837600 1221.6 0
>TOI-201: 87.4017825 -54.9104230 7.846 1.310 1.320 6423.0 4.32 0.24
 TOI-201 b: 4.790 11.400 164.000 0.3030 52.97860 2458376.052100 644.0 0
 TOI-201 c: 14.000 10.400 4990.000 4.3700 2890.00000 2460062.590000 169.6 0
 TOI-201 d: 3.257 1.390 5.800 0.0698 5.84889 2458374.032000 1341.8 0
>TOI-2010: 292.1669417 53.4873694 8.281 1.079 1.112 5929.0 4.42 0.17
 TOI-2010 b: 8.681 11.814 408.727 0.5516 141.83402 2458712.301680 399.9 0
>TOI-2015: 232.1326528 27.3610730 10.263 0.327 0.304 3297.0 5.04 -0.31
 TOI-2015 b: 0.988 3.309 9.200 0.0293 3.34824 2459424.785700 531.2 0
 TOI-2015 c: nan nan 8.910 0.0412 5.58280 nan 447.9 0
>TOI-2018: 229.8374423 29.2078771 7.104 0.620 0.570 4174.0 4.62 -0.58
 TOI-2018 b: 2.360 2.268 9.200 0.0609 7.43558 2458958.258000 642.2 0
>TOI-2019: 234.4317651 48.9552060 8.598 1.746 1.183 5626.0 4.03 0.41
 TOI-2019 b: 7.573 5.333 34.400 0.1280 15.34440 2458942.942000 1001.9 0
>TOI-2025: 282.7952558 82.2454143 10.010 1.459 1.199 5977.0 4.19 0.15
 TOI-2025 b: 3.601 11.893 1144.182 0.0892 8.87210 2459089.533370 1165.6 0
>TOI-2031 A: 331.1178077 81.5659509 9.971 1.241 1.174 6490.0 4.32 -0.24
 TOI-2031 A b: 4.027 14.202 254.263 0.0660 5.71549 2459806.029135 1357.0 0
>TOI-2046: 16.1849423 74.3313055 10.094 1.210 1.130 6250.0 4.30 -0.06
 TOI-2046 b: 2.410 16.141 731.005 0.0267 1.49718 2457792.276700 2027.8 0
>TOI-2048: 237.9241066 52.3063083 9.439 0.790 0.830 5185.0 4.60 0.02
 TOI-2048 b: 3.301 2.610 nan 0.1209 13.79019 2458739.117400 639.2 0
>TOI-205: 7.9754636 -56.9650808 8.741 1.454 1.365 6302.7 4.23 nan
 TOI-205 b: 3.395 2.501 nan 0.0570 4.25301 2459096.122631 1535.0 0
>TOI-206: 73.7382202 -62.5218740 10.060 0.350 0.350 3383.0 4.89 nan
 TOI-206 b: 0.674 1.300 nan 0.0112 0.73631 2458325.543100 911.9 0
>TOI-2068: 186.2735600 60.4183455 9.007 0.535 0.559 3710.0 4.73 0.27
 TOI-2068 b: 2.060 1.821 nan 0.0632 7.76891 2458683.425800 520.5 0
>TOI-2071: 256.6011813 57.6610327 10.099 1.003 1.177 5755.4 4.37 nan
 TOI-2071 b: 2.864 2.565 nan 0.0657 5.67395 2459784.442483 1084.0 0
>TOI-2076: 217.3920159 39.7903991 7.115 0.758 0.849 5200.0 4.45 -0.09
 TOI-2076 b: 3.481 2.590 6.700 0.0878 10.35504 2459675.695029 736.7 0
 TOI-2076 c: 4.186 3.540 7.200 0.1407 21.01447 2459274.083980 582.0 0
 TOI-2076 d: 3.200 3.270 7.300 0.1982 35.12803 2458837.936300 490.4 0
 TOI-2076 e: 2.160 1.301 4.700 0.0386 3.02238 2458740.213060 1110.7 0
>TOI-2081: 264.3022634 53.0255666 9.523 0.534 0.540 3800.0 4.50 -0.50
 TOI-2081 b: 2.485 2.040 nan 0.0752 10.50534 2458685.899600 488.3 0
>TOI-2084: 259.2545389 72.7470231 11.148 0.475 0.453 3551.0 4.75 -0.13
 TOI-2084 b: 2.030 2.470 nan 0.0501 6.07842 2458741.073230 527.5 0
>TOI-2088: 261.3748943 75.8822796 9.521 0.848 0.903 5081.0 4.53 0.34
 TOI-2088 b: 7.362 3.683 37.000 0.4720 124.72997 2458769.606600 328.4 0
>TOI-209: 19.3941777 -66.9030660 9.423 0.743 1.979 4806.7 4.54 nan
 TOI-209 b: 1.650 2.395 nan 0.0658 4.37944 2459070.387475 778.9 0
>TOI-2092: 212.5474866 45.5638685 9.581 1.052 1.233 5842.1 4.50 nan
 TOI-2092 b: 2.419 2.949 nan 0.0555 4.30326 2459648.655337 1226.2 0
>TOI-2093: 302.7375229 70.8696532 8.975 0.729 0.745 4426.0 4.87 -0.08
 TOI-2093 b: nan nan 10.600 0.0970 12.83600 2459320.530000 585.1 1
 TOI-2093 c: 4.680 2.300 15.800 0.2570 53.81149 2458751.612200 359.5 0
>TOI-2094: 254.1425333 70.0273157 9.970 0.384 0.425 3435.0 4.89 -0.06
 TOI-2094 b: 1.221 1.900 nan 0.1360 18.79319 2460232.360950 278.3 0
>TOI-2095: 285.6365235 75.4185135 8.988 0.440 0.440 3759.0 5.11 -0.24
 TOI-2095 b: 2.720 1.250 4.100 0.1010 17.66484 2459240.411500 378.3 0
 TOI-2095 c: 3.398 1.330 7.400 0.1370 28.17232 2459239.562500 324.8 0
>TOI-2096: 151.6186989 74.8272107 11.021 0.235 0.231 3300.0 5.05 -0.03
 TOI-2096 b: 1.072 1.243 nan 0.0250 3.11906 2459146.458530 487.9 0
 TOI-2096 c: 1.354 1.914 nan 0.0400 6.38784 2459147.459830 385.7 0
>TOI-2104: 151.6122146 83.0878397 8.652 0.724 0.541 4856.1 4.57 nan
 TOI-2104 b: 2.627 1.529 nan 0.0521 5.90437 2459408.790392 872.8 0
>TOI-2107: 286.7965405 -58.6968348 10.328 0.932 0.961 5627.0 4.48 0.07
 TOI-2107 b: 2.596 13.574 263.798 0.0352 2.45455 2459228.981760 1397.2 0
>TOI-2109: 253.1862971 16.5799153 9.070 1.698 1.453 6540.0 4.14 0.07
 TOI-2109 b: 1.801 15.098 1595.499 0.0179 0.67247 2459378.459370 3070.7 0
>TOI-2120: 23.5073150 65.5139877 10.205 0.245 0.211 3131.0 4.99 0.39
 TOI-2120 b: 1.014 2.122 6.800 0.0377 5.79982 2458795.823680 384.9 0
>TOI-2128: 256.9817998 32.1053027 5.821 1.117 1.025 5968.0 4.35 -0.07
 TOI-2128 b: 4.698 2.089 4.500 0.1270 16.34136 2458987.266300 853.6 0
>TOI-2133: 261.2438308 32.7983974 9.003 0.620 0.644 4250.0 4.60 -0.01
 TOI-2133 b: 2.113 2.370 nan 0.0410 3.82665 2458985.883100 796.9 0
>TOI-2134: 271.9355015 39.0729269 6.091 0.709 0.744 4580.0 4.80 0.12
 TOI-2134 b: 2.995 2.690 9.130 0.0780 9.22920 2459407.544930 665.8 0
 TOI-2134 c: 5.267 7.270 41.890 0.3710 95.50000 2459718.969390 305.3 0
>TOI-2136: 281.1763433 36.5631318 9.343 0.340 0.340 3342.0 4.91 0.03
 TOI-2136 b: 1.632 2.190 6.370 0.0570 7.85193 2459017.704300 393.6 0
>TOI-2141: 258.7623456 18.3403449 7.870 0.950 0.896 5635.0 4.40 -0.14
 TOI-2141 b: 3.434 3.147 20.100 0.1322 18.26161 2458992.502000 728.4 0
 TOI-2141 c: nan nan 6.140 0.0585 5.46240 2458979.190000 1095.0 1
 TOI-2141 d: nan nan 14.900 0.2906 60.45000 2458940.500000 491.3 1
>TOI-2145: 263.7580753 40.6950428 7.761 2.750 1.710 6206.0 3.79 0.28
 TOI-2145 b: 7.369 12.240 1805.265 0.1117 10.26113 2458982.496620 1484.9 0
>TOI-2147: 155.6415937 83.0837241 9.835 1.390 0.990 5983.0 4.20 -0.29
 TOI-2147 b: 5.850 10.500 116.000 0.1720 26.20518 2459389.534900 820.2 0
>TOI-2152: 26.3389717 77.7901231 9.597 1.612 1.516 6630.0 4.21 0.28
 TOI-2152 A b: 3.715 14.359 899.454 0.0506 3.37735 2458927.649800 1803.8 0
>TOI-2154: 71.0281482 84.3642652 9.850 1.396 1.233 6280.0 4.24 0.01
 TOI-2154 b: 2.465 16.287 292.402 0.0513 3.82408 2459148.601660 1579.7 0
>TOI-2158: 276.8100527 20.5268868 9.071 1.410 1.120 5673.0 4.19 0.47
 TOI-2158 b: 3.770 10.761 260.619 0.0750 8.60077 2459018.922500 1186.1 0
>TOI-216: 73.9800129 -63.2603301 10.218 0.748 0.770 5026.0 4.66 0.32
 TOI-216.01: 3.821 10.100 177.984 0.1902 34.52553 2458331.411000 480.6 0
 TOI-216.02: 2.062 8.000 18.752 0.1193 17.16073 2458324.591100 606.7 0
>TOI-2169 A: 279.1701117 23.2586193 9.669 1.820 1.420 6270.0 4.07 0.12
 TOI-2169 A b: 4.337 12.509 329.588 0.0896 8.21483 2459732.673840 1362.6 0
>TOI-2180: 277.9436300 56.6506789 7.604 1.636 1.111 5695.0 4.06 0.25
 TOI-2180 b: 24.096 11.321 875.617 0.8280 260.79000 2458830.765200 386.0 0
>TOI-2184: 100.8331246 -66.9476563 10.410 2.900 1.530 5966.0 3.70 0.14
 TOI-2184 b: 6.780 11.400 206.588 0.0818 6.90683 2458332.126000 1713.1 0
>TOI-2193 A: 313.6912320 -72.8046404 10.383 1.248 1.082 5966.0 4.28 0.03
 TOI-2193 A b: 1.647 19.840 298.759 0.0332 2.12257 2459052.421220 1764.1 0
>TOI-2194: 299.1563393 -31.3351812 5.869 0.691 0.740 4756.0 4.70 -0.37
 TOI-2194 b: 2.736 1.989 nan 0.1041 15.33760 2459037.367800 590.9 0
>TOI-2196: 312.3400744 -70.4850723 10.346 1.043 1.032 5634.0 4.42 0.14
 TOI-2196 b: 1.504 3.510 26.000 0.0223 1.19473 2459036.512600 1856.3 0
>TOI-220: 91.7996988 -61.9972098 8.542 0.858 0.825 5298.0 4.37 -0.22
 TOI-220 b: 2.239 3.030 13.800 0.0891 10.69526 2458335.902000 792.7 0
>TOI-2200: 98.7835071 -72.4567778 10.958 0.826 1.004 5036.2 4.58 nan
 TOI-2200 b: 2.253 6.963 nan 0.0402 2.93603 2459220.452295 1101.2 0
>TOI-2202: 51.2284214 -73.9575458 10.800 0.808 0.841 5169.0 4.55 0.06
 TOI-2202 b: 3.768 10.951 287.317 0.0976 11.91261 2459577.973636 717.1 0
 TOI-2202 c: nan nan 117.279 0.1554 24.67440 nan 560.6 0
>TOI-2207: 307.5966925 -44.8876181 10.133 1.564 1.296 6101.0 4.16 0.18
 TOI-2207 b: 4.632 11.153 203.410 0.0854 8.00197 2459283.827470 1259.0 0
>TOI-2211: 308.5390859 -29.6726127 8.088 0.834 0.900 5253.0 4.49 nan
 TOI-2211.01: 2.059 1.561 nan 0.0401 3.09269 2459038.103200 1155.0 0
>TOI-2227: 337.5177563 -67.8501459 9.174 1.208 1.657 5889.5 4.34 nan
 TOI-2227 b: 2.743 3.099 nan 0.0605 4.22176 2459050.443716 1269.3 0
>TOI-2236: 20.1660113 -86.9799650 9.960 1.573 1.343 6248.0 4.17 0.12
 TOI-2236 b: 3.048 14.370 502.169 0.0501 3.53159 2459011.457040 1688.4 0
>TOI-2257: 194.7396141 77.6617157 10.673 0.313 0.328 3430.0 4.97 -0.27
 TOI-2257 b: 3.846 2.194 nan 0.1450 35.18935 2459007.979490 243.0 0
>TOI-2260: 247.6669998 49.0467891 8.684 0.940 0.990 5534.0 4.62 0.22
 TOI-2260 b: 0.578 1.620 nan 0.0097 0.35247 2458928.239000 2626.9 0
>TOI-2266: 245.2800398 31.5770413 11.017 0.240 0.230 3200.0 4.97 nan
 TOI-2266 b: 0.980 1.540 nan 0.0200 2.32632 2459255.694820 534.5 0
>TOI-2267 A: 65.0614963 84.9008238 9.459 0.207 0.171 3030.0 4.99 0.16
 TOI-2267 b: 0.815 1.000 nan 0.0205 2.28909 2459525.403330 464.8 0
 TOI-2267 c: 0.893 1.140 nan 0.0263 3.49504 2459525.647280 410.4 0
>TOI-2267 B: 65.0615000 84.9008250 nan 0.130 0.098 2930.0 5.28 0.16
 TOI-2267 d: 0.958 1.770 nan 0.0145 2.03447 2460625.720000 423.0 0
>TOI-2274: 277.4593110 40.5414117 8.342 0.631 0.612 3943.0 4.50 nan
 TOI-2274 b: 0.903 2.450 nan 0.0500 2.67963 2458685.366100 675.4 0
>TOI-2285: 332.5632644 58.7060934 9.034 0.464 0.454 3491.0 4.77 -0.05
 TOI-2285 b: 2.416 1.770 19.500 0.0930 13.63511 2458747.183100 376.0 0
>TOI-2295: 281.5761962 50.4924657 8.111 1.459 1.168 5730.0 4.18 0.32
 TOI-2295 b: 3.010 16.477 278.100 0.1992 30.03330 2458713.455100 747.8 0
 TOI-2295 c: nan nan 1783.017 2.0180 966.50000 2459302.800000 234.9 1
>TOI-2322: 116.9731027 -71.0019671 8.369 0.662 0.703 4664.0 4.57 -0.12
 TOI-2322 b: 2.800 0.994 2.310 0.0924 11.30717 2460160.446900 602.0 0
 TOI-2322 c: 2.307 1.874 18.100 0.1362 20.22553 2459037.416100 495.8 0
>TOI-2328: 31.6907424 -81.2473760 10.395 0.900 0.950 5525.0 4.50 0.09
 TOI-2328 b: 3.357 9.976 50.853 0.1270 17.10197 2458330.489400 709.2 0
>TOI-2337: 290.6198948 60.8539035 9.678 3.220 1.325 4780.0 3.50 0.39
 TOI-2337 b: 6.917 10.088 508.525 0.0447 2.99432 2458793.828000 1957.3 0
>TOI-2338: 81.3445824 -34.6682491 10.664 1.050 0.990 5581.0 4.40 0.22
 TOI-2338 b: 3.468 11.209 1900.614 0.1580 22.65398 2458458.754500 693.8 0
>TOI-2345: 43.8847940 -34.9779745 8.847 0.729 0.727 4687.0 4.57 -0.10
 TOI-2345 b: 1.527 1.504 3.490 0.0170 1.05286 2459116.720800 1477.8 0
 TOI-2345 c: 4.613 2.451 7.270 0.1257 21.06430 2459120.300700 544.3 0
>TOI-2346: 88.0929073 -13.3724686 10.712 1.380 1.271 6480.0 4.26 -0.03
 TOI-2346 b: 3.797 16.119 394.107 0.0473 3.33120 2459040.839580 1687.8 0
>TOI-2364: 89.1300265 -5.0120298 10.363 0.886 0.954 5306.0 4.52 0.34
 TOI-2364 b: 2.775 8.608 71.511 0.0487 4.01975 2459058.213960 1091.2 0
>TOI-2368: 134.9576234 -48.4884929 10.342 0.846 0.897 5360.0 4.54 0.10
 TOI-2368 b: 2.025 10.839 206.588 0.0565 5.17501 2459752.595490 1000.2 0
>TOI-237: 353.2435381 -29.4164870 10.896 0.211 0.179 3212.0 5.04 -0.34
 TOI-237 b: 1.542 1.440 nan 0.0341 5.43610 2458697.719800 385.3 0
 TOI-237 c: 0.827 1.211 nan 0.0160 1.74486 2459540.350590 557.6 0
>TOI-2373: 61.6862197 -16.7557546 11.586 1.102 1.041 5651.0 4.37 0.30
 TOI-2373 b: 4.384 10.424 2955.804 0.1120 13.33668 2458448.326000 854.8 0
>TOI-2374: 319.4982407 -22.0498228 9.793 0.711 0.802 5002.0 4.64 0.13
 TOI-2374 b: 1.892 7.488 61.659 0.0482 4.31362 2460069.264390 926.6 0
>TOI-2379: 358.0920465 -53.0431560 11.477 0.622 0.645 3707.0 4.65 0.50
 TOI-2379 b: 1.867 11.725 1830.692 0.0526 5.46938 2459401.565960 614.5 0
>TOI-238: 349.2310814 -18.6066463 8.598 0.756 0.781 5059.0 4.58 -0.11
 TOI-238 b: 1.587 1.559 3.370 0.0212 1.27310 2460205.752400 1456.8 0
 TOI-238 c: nan 2.202 6.700 0.0749 8.46565 2460204.967500 763.1 0
>TOI-2382: 356.3751852 -16.1141240 10.578 1.417 1.260 6033.0 4.24 0.25
 TOI-2382 b: 2.270 12.251 235.193 0.0590 4.66121 2459215.458500 1425.7 0
>TOI-2384: 36.1561463 -65.0001957 11.119 0.611 0.635 3943.0 4.66 0.33
 TOI-2384 b: 1.891 11.489 624.851 0.0279 2.13570 2459591.995890 889.5 0
>TOI-2406: 8.8060544 -3.3720833 11.894 0.204 0.166 3100.0 5.04 -0.26
 TOI-2406 b: 1.249 2.860 15.600 0.0227 3.07669 2459115.976000 448.4 0
>TOI-2407: 49.7465450 -46.4580250 10.324 0.567 0.548 3530.0 4.72 0.21
 TOI-2407 b: 1.700 4.260 nan 0.0330 2.70297 2459149.056100 705.6 0
>TOI-2411: 20.9224567 -8.7017944 8.532 0.680 0.650 4099.0 4.59 nan
 TOI-2411 b: 1.040 1.680 nan 0.0144 0.78269 2459116.013900 1358.3 0
>TOI-2416: 57.3389409 -60.7871861 11.511 1.236 1.118 5808.0 4.30 0.32
 TOI-2416 b: 3.755 9.864 953.485 0.0831 8.27548 2458359.488400 1080.1 0
>TOI-2420: 14.8268138 -19.7711643 9.800 2.369 1.158 5707.0 3.76 nan
 TOI-2420 b: 4.554 15.020 294.627 0.0684 5.84264 2458388.411900 1619.6 0
>TOI-2421: 33.1540208 -35.3909182 9.667 1.750 1.131 5607.0 4.00 0.19
 TOI-2421 b: 4.862 10.368 105.837 0.0543 4.34740 2458957.027650 1534.9 0
>TOI-2427: 52.2917315 -31.3628665 7.048 0.650 0.640 4072.0 4.62 nan
 TOI-2427 b: 0.634 1.800 nan 0.0202 1.30600 2459169.620200 1113.8 0
>TOI-2431: 37.7652989 8.3816255 7.554 0.651 0.661 4109.0 4.68 -0.02
 TOI-2431 b: 0.292 1.534 6.200 0.0063 0.22420 2460258.868550 2014.1 0
>TOI-244: 10.5697537 -36.7179743 7.970 0.426 0.428 3433.0 4.66 -0.39
 TOI-244 b: 1.700 1.520 2.680 0.0559 7.39722 2458357.362700 457.0 0
>TOI-2443: 40.1798608 1.1996757 6.500 0.631 0.642 4375.0 4.42 -0.29
 TOI-2443 b: 4.548 2.363 4.800 0.1050 15.66858 2459148.099390 517.2 0
>TOI-2445: 43.3161555 0.0523366 10.779 0.270 0.250 3333.0 4.97 nan
 TOI-2445 b: 0.492 1.250 nan 0.0064 0.37113 2459144.569700 1043.9 0
>TOI-2447: 70.9975864 -31.9066369 9.120 1.006 1.034 5730.0 4.30 0.18
 TOI-2447 b: 7.160 9.606 124.907 0.3470 69.33684 2459168.987980 470.5 0
>TOI-2449: 67.9843710 -34.4555327 9.073 1.065 1.079 6021.0 4.40 -0.03
 TOI-2449 b: 8.260 11.240 222.000 0.4500 106.14468 2459153.593400 446.7 0
>TOI-2453: 74.8374845 12.9363528 10.195 0.502 0.595 3720.2 4.68 nan
 TOI-2453 b: 1.463 3.244 nan 0.0445 4.44143 2459494.612398 603.0 0
>TOI-2458: 79.6215290 1.2534390 7.891 1.310 1.050 6005.0 4.20 -0.10
 TOI-2458 b: 2.130 2.830 13.310 0.0482 3.73659 2459177.404600 1509.6 0
 TOI-2458 c: nan nan 10.220 0.1290 16.55300 nan 922.8 1
>TOI-2459: 82.1433321 -39.3730456 7.574 0.675 0.660 4195.0 4.60 nan
 TOI-2459 b: 3.252 2.953 nan 0.1395 19.10472 2458452.334200 445.0 0
>TOI-2485: 205.2043217 22.9839692 10.051 1.720 1.163 6016.4 4.01 nan
 TOI-2485 b: 6.567 12.139 766.602 0.1093 11.23479 2458939.785600 1150.9 0
>TOI-2497: 90.0625878 11.8840577 8.486 2.360 1.859 7360.0 3.96 0.09
 TOI-2497 b: 7.838 11.142 1531.933 0.1166 10.65567 2459109.198180 1596.7 0
>TOI-2498: 95.4162204 11.2516477 9.933 1.260 1.120 5905.0 4.30 0.17
 TOI-2498 b: 2.975 6.060 34.620 0.0491 3.73825 2459204.416700 1442.4 0
>TOI-251: 353.0620655 -37.2558629 8.426 0.881 1.036 5875.0 4.56 -0.11
 TOI-251 b: 2.232 2.740 317.830 0.0574 4.93777 2458357.305480 1109.8 0
>TOI-2518: 105.4448495 -34.9196867 9.291 0.993 0.603 5751.2 4.38 nan
 TOI-2518 b: 3.639 2.268 nan 0.0599 6.89797 2459231.045122 1129.2 0
>TOI-2524: 160.8868435 -1.9126984 11.198 1.119 1.007 5831.0 4.34 0.06
 TOI-2524 b: 4.254 11.209 203.410 0.0730 7.18585 2458550.155000 1100.9 0
>TOI-2525: 86.8509737 -60.5213081 11.905 0.785 0.849 5096.0 4.58 0.14
 TOI-2525 b: 4.050 8.676 26.698 0.1511 23.28560 2458333.528900 560.1 0
 TOI-2525 c: 5.502 10.133 208.813 0.2490 49.25190 2458335.411800 436.3 0
>TOI-2529: 118.9945352 -52.3548332 9.489 1.700 1.110 5802.0 4.03 0.10
 TOI-2529 b: 8.943 11.545 743.718 0.3270 64.59490 2458538.515100 637.9 0
>TOI-2537: 54.3882661 10.0577464 10.387 0.771 0.771 4870.0 4.55 0.08
 TOI-2537 b: 4.937 11.254 415.402 0.3715 94.10220 2458440.329000 338.3 0
 TOI-2537 c: nan nan 2297.899 2.7800 1920.00000 2460060.000000 123.7 1
>TOI-2545: 135.5458029 -3.4208194 8.060 1.253 1.055 5846.3 4.27 -0.27
 TOI-2545 b: 4.271 2.750 nan 0.0797 7.99404 2458522.513973 1118.2 0
>TOI-2567: 288.4656683 66.3479375 10.717 1.686 1.130 5611.0 4.04 0.24
 TOI-2567 b: 5.458 10.929 63.884 0.0672 5.98394 2459007.780850 1355.2 0
>TOI-257: 47.5172608 -50.8322632 6.256 1.867 1.407 6095.0 4.04 0.17
 TOI-257 b: 6.485 7.163 43.860 0.1528 18.38818 2458385.760100 1027.3 0
>TOI-2570: 87.1880397 32.0840435 10.905 1.095 1.063 5771.0 4.38 0.19
 TOI-2570 b: 3.006 13.641 260.619 0.0415 2.98876 2459393.145320 1430.3 0
>TOI-2580: 62.1992072 67.1165264 9.877 1.810 1.330 6120.0 4.15 0.26
 TOI-2580 b: 8.380 17.374 200.232 0.0480 3.39775 2458839.453400 1812.2 0
>TOI-2583 A: 272.2670293 45.3368996 11.245 1.477 1.215 5936.0 4.18 0.16
 TOI-2583 A b: 4.406 14.460 79.457 0.0571 4.52073 2459216.010390 1455.8 0
>TOI-2587 A: 115.9317105 -1.0733330 9.991 1.726 1.150 5760.0 4.02 0.13
 TOI-2587 A b: 4.162 12.072 69.287 0.0635 5.45664 2458950.092420 1448.1 0
>TOI-2589: 107.4881501 -37.2309480 9.632 1.070 0.930 5579.0 4.35 0.12
 TOI-2589 b: 6.401 12.106 1112.399 0.3000 61.62770 2458494.579000 508.1 0
>TOI-260: 4.7730178 -9.9661505 6.549 0.607 0.616 4026.0 4.45 -0.47
 TOI-260 b: 2.370 1.710 4.230 0.0943 13.47585 2458392.294200 492.5 0
>TOI-261: 15.2181412 -24.4239934 8.182 1.280 0.497 5890.3 3.92 -0.35
 TOI-261.01: 3.343 3.045 nan 0.0348 3.36393 2458383.915624 1722.9 0
 TOI-261.02: 4.922 3.262 nan 0.0859 13.03936 2458389.727185 1096.7 0
>TOI-262: 32.5346870 -31.0706272 6.967 0.853 0.913 5310.0 4.54 0.26
 TOI-262 b: 1.501 2.070 nan 0.1630 11.14529 2459136.576600 585.7 0
>TOI-2641: 171.1303716 -42.7321394 10.325 1.336 1.160 6100.0 4.20 -0.15
 TOI-2641 b: 1.680 18.103 122.682 0.0607 4.88097 2459332.213320 1380.0 0
>TOI-2654: 52.9815377 -47.9946912 11.330 0.756 1.252 4594.1 4.64 nan
 TOI-2654 b: 1.814 7.945 nan 0.0436 2.96760 2458414.300095 923.0 0
>TOI-2669: 134.7226445 -13.3125792 8.492 4.100 1.190 4800.0 3.29 0.10
 TOI-2669 b: 5.715 19.728 193.875 0.0700 6.20340 2458521.598000 1771.2 0
>TOI-269: 75.8462827 -54.1777213 10.100 0.398 0.392 3514.0 4.83 -0.29
 TOI-269 b: 0.931 2.770 8.800 0.0345 3.69771 2458381.846680 575.5 0
>TOI-270: 68.4160804 -51.9573937 8.251 0.380 0.386 3506.0 4.87 -0.14
 TOI-270 b: 1.294 1.280 1.480 0.0302 3.35992 2458461.014640 599.4 0
 TOI-270 c: 1.682 2.330 6.200 0.0452 5.66051 2458463.080560 490.3 0
 TOI-270 d: 2.117 2.000 4.200 0.0738 11.38194 2458469.338230 383.7 0
>TOI-2714: 61.4012482 -14.9267458 11.807 1.250 1.070 5665.0 4.25 0.30
 TOI-2714 b: 3.140 13.720 228.000 0.0360 2.49939 2459168.947900 1609.7 0
>TOI-2719: 71.5549449 -0.8048725 11.057 1.690 1.020 5762.0 4.22 0.27
 TOI-2719 b: 3.538 5.980 nan 0.0446 3.37594 2459882.955000 1709.6 0
>TOI-2768: 99.3641336 -15.4812031 9.369 0.657 0.630 4008.0 4.50 nan
 TOI-2768 b: 1.032 2.630 nan 0.0270 1.50801 2459225.644200 953.4 0
>TOI-277: 19.0766985 -20.9532772 9.557 0.362 0.160 4031.0 4.58 -0.01
 TOI-277 b: 1.969 2.650 nan 0.0269 3.99400 2459119.826400 713.1 0
>TOI-2796: 84.1527191 0.8962788 10.936 1.069 1.063 5764.0 4.40 0.24
 TOI-2796 b: 1.960 17.262 139.844 0.0569 4.80850 2459026.488820 1204.7 0
>TOI-2803 A: 93.1147397 -23.4924956 11.282 1.245 1.118 6280.0 4.30 -0.10
 TOI-2803 A b: 3.091 18.114 309.883 0.0319 1.96229 2459207.686400 1893.3 0
>TOI-2818: 119.0598183 -35.1167104 10.403 1.229 0.977 5721.0 4.25 -0.02
 TOI-2818 b: 3.804 15.278 225.658 0.0493 4.03971 2459023.446410 1377.4 0
>TOI-283: 118.5693065 -65.4414820 8.517 0.850 0.800 5213.0 4.50 -0.09
 TOI-283 b: 3.635 2.340 6.540 0.1230 17.61745 2459549.082200 660.8 0
>TOI-2842: 108.0442066 -10.6393400 11.062 1.265 1.135 5910.0 4.29 0.23
 TOI-2842 b: 2.575 12.845 117.597 0.0475 3.55141 2459172.179090 1470.7 0
>TOI-286: 90.9842762 -60.6663348 7.851 0.780 0.832 5152.0 4.59 -0.05
 TOI-286 b: 2.040 1.420 4.530 0.0503 4.51172 2460186.649110 978.3 0
 TOI-286 c: 4.970 1.880 3.720 0.2130 39.36183 2460155.025100 475.4 0
>TOI-2876: 110.2473528 -21.1146384 10.443 0.873 0.939 5271.0 4.53 0.35
 TOI-2876 b: 2.249 9.640 54.031 0.0654 6.29964 2459109.772170 928.6 0
>TOI-2886: 110.0076569 -10.5698414 10.918 1.241 1.229 6240.0 4.34 0.28
 TOI-2886 b: 2.784 18.641 444.960 0.0287 1.60200 2459311.014490 1978.3 0
>TOI-2969: 150.0626247 -47.4452436 10.250 0.700 0.710 4738.0 4.56 0.08
 TOI-2969 b: 1.846 12.330 368.681 0.0261 1.82371 2459303.300150 1183.2 0
>TOI-2977: 143.9265177 -60.3574758 10.666 1.073 0.936 5691.0 4.35 0.01
 TOI-2977 b: 2.934 13.159 533.952 0.0339 2.35056 2459373.836770 1544.8 0
>TOI-2981: 163.4873940 -25.5245988 11.780 1.080 1.030 5940.0 4.28 -0.11
 TOI-2981 b: 3.070 13.400 638.000 0.0480 3.60150 2459302.719500 1358.7 0
>TOI-2986: 163.7715605 -6.4784524 11.187 1.458 1.122 5906.0 4.17 0.10
 TOI-2986 b: 3.958 9.292 96.620 0.0449 3.27837 2459537.625480 1623.0 0
>TOI-2989: 171.2316754 -27.0623619 10.861 0.760 0.770 4672.0 4.58 -0.04
 TOI-2989 b: 2.680 12.554 953.485 0.0384 3.12283 2459302.224200 1002.3 0
>TOI-2992: 164.3165643 -32.3224375 11.027 1.545 1.210 6000.0 4.14 0.08
 TOI-2992 b: 3.840 13.753 1058.369 0.0434 3.00781 2459503.558510 1726.3 0
>TOI-3023: 165.3158231 -72.3567044 10.243 1.668 1.120 5760.0 4.05 0.09
 TOI-3023 b: 4.961 16.432 197.054 0.0505 3.90150 2459071.192200 1596.3 0
>TOI-3071: 173.2790517 -56.5033871 11.005 1.310 1.290 6177.0 4.37 0.35
 TOI-3071 b: 1.850 7.160 68.200 0.0249 1.26694 2458594.608000 2160.5 0
>TOI-3082: 195.9080719 -19.2189845 9.881 0.685 0.664 4263.0 4.62 0.17
 TOI-3082 b: 1.763 3.662 nan 0.0271 1.92691 2459309.119900 1032.8 0
>TOI-3135: 207.8592276 -69.7725635 10.009 0.985 1.044 5890.0 4.47 0.07
 TOI-3135 b: 2.230 13.653 327.363 0.0476 3.70656 2459595.164410 1292.5 0
>TOI-3160 A: 224.5658555 -27.6825503 10.894 1.346 1.088 6190.0 4.22 -0.11
 TOI-3160 A b: 2.995 13.765 378.216 0.0505 3.97128 2459609.985100 1541.0 0
>TOI-3235: 207.4738488 -46.0665139 10.819 0.370 0.394 3388.8 4.90 0.26
 TOI-3235 b: 1.480 11.400 211.356 0.0271 2.59262 2459690.001730 603.7 0
>TOI-3261: 47.7285242 -73.5319720 11.184 0.849 0.861 5068.0 4.19 0.14
 TOI-3261 b: 1.618 3.820 30.300 0.0171 0.88313 2459112.400360 1720.0 0
>TOI-3288: 297.1103158 -43.0180008 11.201 0.672 0.643 4072.0 4.59 0.65
 TOI-3288 b: 1.737 12.240 536.177 0.0228 1.43386 2460343.906900 1064.8 0
>TOI-329: 351.3210955 -15.6346313 9.677 1.533 1.068 5614.0 4.09 0.20
 TOI-329 b: 4.208 4.941 40.400 0.0638 5.70439 2459090.795500 1326.8 0
>TOI-332: 348.0589516 -44.8764852 10.315 0.870 0.880 5251.0 4.46 0.26
 TOI-332 b: 1.520 3.200 57.200 0.0159 0.77704 2459062.444700 1873.0 0
>TOI-3321: 265.7603351 -65.0082516 9.670 1.549 1.041 5850.0 4.08 -0.10
 TOI-3321 b: 4.310 15.558 176.077 0.0470 3.65251 2458940.817510 1619.4 0
>TOI-333: 353.3574989 -41.1715206 10.678 1.100 1.200 6241.0 4.41 0.01
 TOI-333 b: 3.200 4.260 20.100 0.0490 3.78525 2458355.575900 1425.9 0
>TOI-3331 A: 271.3241672 -34.1071710 9.914 0.952 1.016 5609.0 4.49 0.15
 TOI-3331 A b: 2.123 12.980 721.470 0.0314 2.01802 2459371.653000 1488.3 0
>TOI-3353: 106.5298146 -75.8195594 7.779 1.021 1.332 6365.0 4.55 nan
 TOI-3353.01: 3.041 2.667 nan 0.0601 4.66580 2460174.149980 1264.7 0
>TOI-3362: 155.9841428 -56.8431169 9.693 1.830 1.445 6532.0 4.07 0.02
 TOI-3362 b: 2.627 12.801 1598.359 0.1530 18.09547 2458529.325000 1089.3 0
>TOI-3364: 144.5377709 -49.3352226 9.783 1.419 1.186 5706.0 4.21 0.39
 TOI-3364 b: 4.646 12.229 530.773 0.0675 5.87689 2459090.994810 1261.5 0
>TOI-3457: 183.2082686 -79.7572043 10.400 1.474 1.040 6300.0 4.28 0.28
 TOI-3457 b: 4.149 10.640 797.749 0.2001 32.60027 2459531.168980 824.5 0
>TOI-3464: 234.4830357 -44.7899772 11.095 1.560 1.363 6370.0 4.18 0.04
 TOI-3464 b: 2.508 13.765 397.286 0.0515 3.65156 2459703.565160 1690.6 0
>TOI-3474: 233.5033482 -47.9636597 10.943 1.256 1.121 6020.0 4.29 0.15
 TOI-3474 b: 3.799 14.673 193.875 0.0502 3.87951 2459789.288670 1452.0 0
>TOI-3486: 249.4432035 -59.3051077 10.004 0.788 0.837 4930.0 4.57 0.28
 TOI-3486 b: 1.717 10.570 99.162 0.0314 2.21778 2459797.242180 1191.3 0
>TOI-3493: 205.7990331 -22.5854441 7.776 1.228 1.023 5844.0 4.25 0.03
 TOI-3493 b: 4.397 3.220 8.970 0.0804 8.15947 2459313.046746 1101.7 0
>TOI-3523 A: 304.2834581 42.9065338 11.146 1.448 1.131 6450.0 4.17 -0.37
 TOI-3523 A b: 3.650 15.973 435.425 0.0356 2.30459 2460417.455620 1983.9 0
>TOI-3540 A: 328.9113712 28.1794996 9.784 1.228 1.081 5810.0 4.29 0.18
 TOI-3540 A b: 1.901 23.539 375.038 0.0429 3.12000 2459109.141140 1499.1 0
>TOI-3568: 322.6023682 34.7395805 10.581 0.719 0.780 4969.0 4.63 -0.01
 TOI-3568 b: 2.450 5.300 26.400 0.0485 4.41796 2459799.383400 922.6 0
>TOI-3593: 331.5063640 34.2116583 10.266 0.918 1.015 5550.0 4.52 0.38
 TOI-3593 b: 2.486 11.030 565.735 0.0481 3.82129 2460055.727030 1169.2 0
>TOI-3629: 359.7933851 39.3142556 10.553 0.600 0.630 3870.0 4.67 0.40
 TOI-3629 b: 2.200 8.295 82.635 0.0430 3.93655 2458784.256000 697.1 0
>TOI-3664: 35.3084940 59.7118568 11.480 1.110 0.980 5593.0 4.37 0.17
 TOI-3664 b: 3.220 13.697 114.418 0.0431 3.29748 2460661.831150 1368.7 0
>TOI-3682: 50.2752271 25.2972658 10.062 1.735 1.320 5703.0 4.08 0.42
 TOI-3682 b: 4.176 12.801 69.287 0.0480 3.34624 2459692.659210 1653.4 0
>TOI-3688 A: 39.2823371 54.8512152 10.732 1.302 1.199 5950.0 4.29 0.26
 TOI-3688 A b: 3.482 13.081 311.472 0.0456 3.24607 2459108.050700 1533.1 0
>TOI-3693: 15.6543938 51.3038918 10.151 0.791 0.867 5321.0 4.58 0.07
 TOI-3693 b: 3.557 12.599 324.185 0.0813 9.08852 2458806.681640 800.3 0
>TOI-3714: 69.5523415 39.4580035 10.852 0.510 0.530 3660.0 4.75 0.10
 TOI-3714 b: 1.660 11.321 222.480 0.0270 2.15485 2458840.509300 767.0 0
>TOI-375: 47.1499034 -77.3833275 9.084 2.900 1.441 5259.9 3.67 0.08
 TOI-375 b: 9.840 10.772 236.782 0.0990 9.45469 2458329.291000 1372.8 0
 TOI-375 c: nan nan 669.347 0.5240 115.50000 2458520.568000 596.7 1
 TOI-375 d: nan nan 445.595 0.9840 297.90000 2458790.670000 435.4 1
>TOI-3757: 91.0036423 55.0199793 11.152 0.620 0.640 3913.0 4.68 0.00
 TOI-3757 b: 1.920 12.000 85.300 0.0384 3.43875 2458838.771480 757.7 0
>TOI-3785: 130.9002258 63.0780768 10.165 0.500 0.520 3576.0 4.75 0.10
 TOI-3785 b: 1.700 5.140 14.950 0.0430 4.67474 2458861.495530 588.0 0
>TOI-3807: 139.1125648 69.0741284 10.617 1.468 1.181 5772.0 4.17 0.28
 TOI-3807 b: 1.780 18.495 330.542 0.0421 2.89897 2459218.134540 1643.5 0
>TOI-3819: 121.8632568 29.3886446 11.077 1.538 1.242 5859.0 4.16 0.27
 TOI-3819 b: 2.779 13.137 352.790 0.0461 3.24431 2459502.743700 1631.7 0
>TOI-3837: 152.6662832 24.2731213 10.316 1.200 0.890 5905.0 4.23 -0.26
 TOI-3837 b: 4.803 10.873 187.519 0.0990 11.88865 2458876.285300 991.3 0
>TOI-3856: 145.2229223 27.9501580 10.611 1.055 1.096 5622.0 4.43 0.45
 TOI-3856 b: 1.825 13.596 171.627 0.0325 2.04360 2459574.663340 1544.6 0
>TOI-3862: 185.9005633 50.5446246 10.548 0.920 0.900 5300.0 4.40 0.11
 TOI-3862 b: 1.409 5.530 53.700 0.0254 1.55746 2459662.738700 1538.4 0
>TOI-3877: 170.4544727 33.9913822 10.916 1.445 1.160 5731.0 4.18 0.27
 TOI-3877 b: 2.784 11.680 99.798 0.0529 4.12360 2459753.933910 1444.3 0
>TOI-3884: 181.5718341 12.5070258 10.240 0.302 0.298 3180.0 4.97 0.04
 TOI-3884 b: 1.600 6.430 32.590 0.0361 4.54458 2459556.516690 443.5 0
>TOI-3894: 201.3748265 52.7681036 10.479 1.502 1.138 6000.0 4.14 0.02
 TOI-3894 b: 3.595 15.278 260.619 0.0535 4.33454 2459250.507770 1532.4 0
>TOI-3896: 187.9302395 63.9085462 10.358 0.748 0.623 5110.9 4.57 nan
 TOI-3896 b: 2.369 3.149 nan 0.0447 4.37730 2458903.310497 1007.8 0
>TOI-3912: 215.8014956 24.0765639 10.922 1.392 1.088 5725.0 4.19 0.19
 TOI-3912 b: 3.557 14.280 129.038 0.0463 3.49363 2459442.818710 1513.7 0
>TOI-3919: 208.9447534 40.3918061 11.502 1.319 1.208 6100.0 4.28 0.17
 TOI-3919 b: 3.854 12.319 1233.174 0.0795 7.43323 2459519.299760 1198.1 0
>TOI-3976 A: 224.3560083 44.2743223 11.048 1.501 1.254 5975.0 4.18 0.18
 TOI-3976 A b: 4.517 12.274 55.620 0.0743 6.60766 2459011.157910 1295.0 0
>TOI-3980: 12.8419374 59.5758606 10.741 1.626 1.240 5840.0 4.11 0.19
 TOI-3980 b: 2.359 14.460 187.519 0.0494 3.60893 2459528.895040 1615.6 0
>TOI-3984 A: 226.3371468 36.7869747 11.052 0.470 0.490 3476.0 4.81 0.18
 TOI-3984 A b: 2.010 7.900 44.000 0.0410 4.35333 2459715.022680 567.5 0
>TOI-4010: 20.2148196 66.0722009 10.157 0.830 0.880 4960.0 4.54 0.37
 TOI-4010 b: 1.770 3.020 11.000 0.0229 1.34834 2459007.549000 1439.9 0
 TOI-4010 c: 2.770 5.930 20.310 0.0580 5.41465 2459000.052300 904.8 0
 TOI-4010 d: 3.600 6.180 38.150 0.1130 14.70886 2458985.985000 648.2 0
 TOI-4010 e: nan nan 692.000 1.5700 762.00000 2460218.000000 173.9 1
>TOI-4029: 239.2337189 16.9802854 10.194 1.178 0.737 5662.5 4.27 nan
 TOI-4029 b: 3.957 6.738 nan 0.0576 5.88498 2458981.907798 1234.8 0
>TOI-4030: 277.6228367 56.7704522 12.150 0.992 0.741 5640.4 4.49 nan
 TOI-4030 b: 2.668 5.846 nan 0.0327 2.50900 2459683.995578 1497.7 0
>TOI-4034: 335.1469845 71.7673462 11.459 1.830 1.190 5891.0 3.87 0.12
 TOI-4034 b: 3.215 17.710 276.511 0.0329 1.80209 2460661.218590 2118.9 0
>TOI-406: 49.2626428 -42.2441492 8.848 0.410 0.408 3392.0 4.69 -0.02
 TOI-406 c: 1.050 1.320 2.080 0.0322 3.30744 2458385.388000 583.7 0
 TOI-406.01: 2.170 2.080 6.570 0.0809 13.17568 2458388.570000 368.2 0
>TOI-4087: 217.9257785 83.3727061 10.436 1.112 1.178 6060.0 4.42 0.24
 TOI-4087 b: 2.984 13.047 232.015 0.0447 3.17748 2459244.566414 1457.6 0
>TOI-4127: 105.4045516 72.4149297 10.245 1.293 1.230 6096.0 4.26 0.14
 TOI-4127 b: 3.820 12.070 743.718 0.3030 56.39870 2459765.109400 607.2 0
>TOI-4137: 77.6128790 70.3910790 10.004 1.438 1.313 6202.0 4.24 0.18
 TOI-4137 b: 3.430 13.574 457.673 0.0522 3.80161 2458990.466510 1569.4 0
>TOI-4145 A: 39.4297435 80.2673838 10.286 0.859 0.905 5281.0 4.53 0.17
 TOI-4145 A b: 2.106 13.305 136.666 0.0482 4.06644 2458925.882110 1074.7 0
>TOI-4153: 335.3934698 82.2160792 10.296 1.605 1.572 6860.0 4.22 0.32
 TOI-4153 b: 4.512 16.119 365.503 0.0631 4.61741 2459557.057460 1668.2 0
>TOI-4155: 325.6362269 77.7343836 10.265 0.950 1.160 5724.0 4.44 0.11
 TOI-4155 b: 2.487 3.210 nan 0.0459 3.32073 2459803.938400 1255.1 0
>TOI-4156: 230.7808336 76.3318816 9.817 1.040 0.707 5971.6 4.43 nan
 TOI-4156 b: 3.122 2.538 nan 0.0473 4.46189 2458893.150472 1350.6 0
 TOI-4156 c: 3.290 2.923 nan 0.1237 12.82283 2458690.932632 834.9 0
>TOI-4184: 43.8284749 -79.4147039 11.867 0.235 0.211 3238.0 5.01 -0.27
 TOI-4184 b: 1.300 2.430 nan 0.0336 4.90198 2459483.656670 412.7 0
>TOI-4201: 90.4747237 -13.4613710 11.368 0.630 0.610 3794.0 4.64 0.52
 TOI-4201 b: 2.150 13.675 788.214 0.0400 3.58192 2458470.961900 726.1 0
>TOI-421: 81.8532824 -14.2767404 8.071 0.866 0.833 5291.0 4.48 -0.04
 TOI-421 b: 1.090 2.640 6.700 0.0554 5.19758 2459189.734100 1008.7 0
 TOI-421 c: 2.755 5.090 14.100 0.1170 16.06754 2459195.307410 694.1 0
>TOI-4214: 110.2495104 -13.9262649 10.036 1.434 1.382 6370.0 4.27 0.29
 TOI-4214 b: 3.254 10.682 165.271 0.0502 3.49139 2459129.834600 1642.0 0
>TOI-4308: 327.7530693 -43.5623642 9.139 0.793 0.900 5243.0 4.59 nan
 TOI-4308 b: 2.616 2.419 nan 0.0871 9.15120 2458333.428400 763.1 0
>TOI-431: 83.2692502 -26.7238698 6.723 0.731 0.780 4850.0 4.60 0.20
 TOI-431 b: 1.012 1.280 3.070 0.0113 0.49005 2458627.538000 1881.0 0
 TOI-431 c: nan nan 2.830 0.0520 4.84940 2458625.900000 876.9 1
 TOI-431 d: 3.320 3.290 9.900 0.0980 12.46103 2458627.545300 638.7 0
>TOI-4311: 41.6855224 -31.1793201 9.488 0.844 0.816 5063.0 4.44 -0.07
 TOI-4311 b: 1.357 1.376 4.500 0.0182 0.99027 2458382.640900 1664.0 0
 TOI-4311 c: 3.868 2.470 13.580 0.1116 15.07043 2458394.724200 671.4 0
>TOI-4329: 329.5639152 71.1316048 10.630 2.310 1.538 6000.0 3.90 0.29
 TOI-4329 b: 5.556 16.813 143.023 0.0462 2.92230 2458765.068000 2046.4 0
>TOI-4336 A: 206.1070129 -40.3373505 8.632 0.326 0.306 3307.0 4.90 0.14
 TOI-4336 A b: 2.080 2.137 3.330 0.0849 16.33635 2459335.572750 312.5 0
 TOI-4336 A c: 1.740 1.251 1.550 0.0509 7.58727 2459333.293100 403.5 0
>TOI-4342: 324.3894196 -77.9791468 9.018 0.598 0.587 3866.0 4.65 0.26
 TOI-4342 b: 2.182 2.329 7.300 0.0519 5.53826 2458654.534790 632.8 0
 TOI-4342 c: 2.854 2.349 4.800 0.0804 10.68866 2458659.348600 508.4 0
>TOI-4363: 37.1105554 -12.5493631 9.232 0.691 0.553 4278.4 4.64 nan
 TOI-4363 b: 1.678 1.767 nan 0.0265 2.11868 2459153.809595 1053.7 0
>TOI-4364: 80.0669270 -4.2392481 9.075 0.468 0.487 3528.0 4.79 0.15
 TOI-4364 b: 1.600 2.010 nan 0.0475 5.42402 2458439.342800 534.1 0
>TOI-4377: 164.9324709 -82.2213501 9.148 3.520 1.360 4974.0 3.39 0.20
 TOI-4377 b: 8.420 15.110 304.162 0.0579 4.37808 2458602.124500 1870.1 0
>TOI-4379: 252.0478813 -32.4337532 10.732 1.976 1.372 6020.0 3.93 0.16
 TOI-4379 b: 5.192 16.690 353.743 0.0425 3.25352 2459734.269000 1978.3 0
>TOI-4405: 101.5953368 -75.4441271 10.552 0.687 0.960 4467.4 4.64 nan
 TOI-4405 b: 2.122 2.555 nan 0.0632 5.92144 2458548.161117 710.4 0
>TOI-4406: 18.0485164 -56.9253875 9.730 1.290 1.190 6219.0 4.29 0.10
 TOI-4406 b: 3.986 11.209 95.349 0.2010 30.08364 2458372.194000 759.7 0
>TOI-4438: 270.3172389 35.5948992 8.869 0.372 0.368 3422.0 4.68 -0.19
 TOI-4438 b: 2.021 2.520 5.400 0.0534 7.44628 2459396.411680 435.5 0
>TOI-444: 64.1839982 -26.7664071 7.832 0.779 0.960 5225.0 4.64 0.08
 TOI-444 b: 3.761 2.770 nan 0.1330 17.96360 2459190.039100 609.8 0
>TOI-4443: 274.2686643 21.9095459 7.010 1.017 1.049 5834.0 4.44 nan
 TOI-4443.01: 2.518 1.719 nan 0.0300 1.84986 2459415.151980 1639.2 0
>TOI-4463 A: 279.3581286 18.7299522 9.402 1.062 1.056 5640.0 4.41 0.25
 TOI-4463 A b: 1.850 13.260 252.356 0.0404 2.88072 2459291.640040 1395.1 0
>TOI-4465: 276.1340312 15.8418856 8.787 1.014 0.930 5545.0 4.38 -0.06
 TOI-4465 b: 12.002 14.011 1872.009 0.4160 101.94054 2459395.125600 417.5 0
>TOI-4479: 316.0969388 24.6536739 10.647 0.451 0.452 3400.0 4.50 0.00
 TOI-4479 b: 1.169 2.820 nan 0.0164 1.15890 2459420.757800 859.8 0
>TOI-4487 A: 306.4220814 45.9710306 10.556 1.634 1.378 6206.0 4.15 0.22
 TOI-4487 A b: 4.270 14.605 397.286 0.0545 3.95407 2460079.020010 1638.9 0
>TOI-4495: 286.3624951 37.0259902 8.217 1.309 1.247 6210.0 4.29 0.18
 TOI-4495 b: 2.471 2.483 7.700 0.0396 2.56699 2458685.773800 1722.3 0
 TOI-4495 c: 2.783 4.030 23.200 0.0632 5.18553 2458687.839500 1362.5 0
>TOI-4504: 114.4673065 -62.0782776 11.236 0.920 0.890 5315.0 4.46 0.16
 TOI-4504 b: 2.134 2.691 nan 0.0339 2.42614 2459038.458000 1334.8 0
 TOI-4504 c: 7.497 11.097 1197.323 0.3569 82.97213 2458400.390600 411.5 0
 TOI-4504 d: nan nan 450.236 0.2219 40.56340 nan 521.9 0
>TOI-4507: 80.4513677 -69.9882175 9.381 1.040 1.110 6260.0 4.45 -0.06
 TOI-4507 b: 9.332 8.200 20.000 0.4560 104.61611 2458413.851500 455.9 0
>TOI-451: 62.9663850 -37.9397300 9.190 0.850 0.930 5490.0 4.53 0.02
 TOI-451 b: 2.059 1.840 4.700 0.0274 1.85870 2460312.442700 1474.5 0
 TOI-451 c: 3.461 2.930 3.700 0.0795 9.19246 2460314.637600 865.6 0
 TOI-451 d: 4.094 3.930 10.200 0.1168 16.36496 2460314.969400 714.2 0
>TOI-4511: 49.3052786 15.5017268 8.779 1.001 1.952 5418.8 4.39 nan
 TOI-4511 b: 2.920 2.753 nan 0.1208 10.98091 2459490.270156 752.3 0
>TOI-4513: 18.0905179 13.7550796 8.853 0.797 2.046 5623.9 4.56 nan
 TOI-4513 b: 2.232 2.346 nan 0.1135 9.76042 2459468.701183 718.5 0
>TOI-4515: 21.1861778 21.5130638 10.134 0.860 0.949 5433.0 4.48 0.05
 TOI-4515 b: 3.240 12.170 637.000 0.1180 15.26645 2459451.621910 707.3 0
>TOI-4527: 19.4722574 5.4711996 7.020 0.486 0.484 3702.0 4.75 nan
 TOI-4527.01: 0.803 0.909 nan 0.0083 0.39944 2459474.200243 1363.3 0
>TOI-4529: 16.9688462 12.8809549 7.954 0.480 0.482 3697.0 4.61 -0.24
 TOI-4529 b: 2.078 1.770 4.900 0.0480 5.87958 2459701.332900 563.8 0
>TOI-4551: 184.9787579 -25.8278531 7.524 3.550 1.310 4896.0 3.48 0.23
 TOI-4551 b: 10.474 11.859 473.564 0.0994 9.95581 2458575.659700 1410.9 0
>TOI-4552: 264.7142556 -47.6370457 9.395 0.287 0.262 3258.0 4.94 -0.07
 TOI-4552 b: 0.640 1.110 1.830 0.0056 0.30110 2459361.885879 1121.9 0
>TOI-4559: 211.0135378 -30.0141252 8.619 0.374 0.392 3558.0 4.88 -0.09
 TOI-4559 b: 1.390 1.415 nan 0.0359 3.96599 2459335.344700 553.8 0
>TOI-4561: 60.9618951 -76.0214574 9.926 0.852 2.120 5537.9 4.50 nan
 TOI-4561 b: 2.139 1.778 nan 0.1083 8.93548 2459366.586903 749.1 0
>TOI-4562: 112.0100593 -63.5177788 10.619 1.152 1.192 6096.0 4.39 0.08
 TOI-4562 b: 4.320 11.918 732.000 0.8052 225.10640 2459476.900400 351.6 0
 TOI-4562 c: nan nan 1833.870 5.2190 3990.00000 nan 138.1 0
>TOI-4578: 184.2109675 75.1402358 9.824 0.879 2.650 5951.3 4.51 nan
 TOI-4578 b: 2.061 2.270 nan 0.1139 8.62393 2459634.200756 797.1 0
>TOI-4582: 256.8601374 68.8656263 9.329 2.500 1.340 5190.0 3.77 0.17
 TOI-4582 b: 12.059 10.536 168.449 0.2131 31.03400 2458712.177000 857.2 0
>TOI-4588: 282.0004201 48.5422560 8.736 1.575 2.299 7746.1 4.10 -0.18
 TOI-4588 b: 4.475 2.929 nan 0.1437 13.11881 2458689.145264 1236.5 0
>TOI-4600: 258.4503674 64.5661727 10.571 0.810 0.890 5170.0 4.57 0.16
 TOI-4600 b: 7.540 6.800 959.842 0.3490 82.68690 2459750.142100 379.8 0
 TOI-4600 c: 11.140 9.420 2946.269 1.1520 482.81910 2459751.600800 209.0 0
>TOI-4602: 60.6003316 31.3298354 6.883 1.080 0.900 5966.0 4.34 -0.26
 TOI-4602.01: 3.447 2.450 5.530 0.0475 3.98130 2460591.500970 1372.2 0
>TOI-4603: 83.8659288 21.2942417 7.786 2.738 1.765 6264.0 3.81 0.34
 TOI-4603 b: 2.854 11.680 4096.808 0.0888 7.24599 2459549.126000 1677.2 0
>TOI-4633: 256.8431021 62.4755480 7.349 1.050 1.100 5800.0 4.02 nan
 TOI-4633 c: 11.450 3.200 123.000 0.8470 271.94450 2458864.826500 311.4 0
>TOI-4638: 12.8206627 12.7879858 9.696 0.895 1.020 5700.0 4.54 nan
 TOI-4638.01: 3.723 2.933 nan 0.0930 10.28392 2459449.350800 852.6 0
>TOI-4640: 38.2053190 10.0724659 10.063 1.067 1.364 5743.0 4.40 nan
 TOI-4640 b: 2.249 2.843 nan 0.0419 2.68566 2459474.613262 1396.9 0
>TOI-4641: 42.5582023 25.3335334 6.579 1.720 1.410 6560.0 4.11 -0.09
 TOI-4641 b: 5.438 8.183 1229.996 0.1730 22.09341 2459510.827590 997.4 0
>TOI-4662: 57.5160311 -31.0940247 9.741 0.694 0.523 4520.4 4.62 nan
 TOI-4662 b: 2.167 2.880 nan 0.0443 4.70344 2458417.164292 862.8 0
>TOI-4666: 56.2898862 -39.0631799 11.085 0.585 0.576 3793.0 4.66 0.79
 TOI-4666 b: 2.137 12.532 155.418 0.0340 2.90892 2460265.136190 758.7 0
>TOI-469: 93.0578446 -14.6493167 7.587 0.980 0.901 5289.0 4.39 0.24
 HIP 29442 c: 2.429 1.551 4.500 0.0452 3.53796 2458471.360000 1187.8 0
 HIP 29442 d: 3.080 1.538 5.140 0.0673 6.42957 2458472.986500 973.2 0
 TOI-469.01: 4.327 3.410 9.100 0.1110 13.63082 2458474.569270 757.8 0
>TOI-470: 94.0099043 -25.0314111 9.422 0.831 0.870 5190.0 4.54 0.10
 TOI-470 b: 3.063 4.340 nan 0.1190 12.19148 2459205.982500 661.3 0
>TOI-4734: 90.3581219 12.5478825 10.848 1.857 1.391 6070.0 4.05 0.29
 TOI-4734 b: 5.813 10.918 61.659 0.0740 6.23563 2459710.238030 1466.3 0
>TOI-4747: 86.4276650 -45.0292291 10.790 0.989 1.331 5595.1 4.39 nan
 TOI-4747 b: 2.676 3.958 nan 0.0648 5.21924 2459196.393595 1054.1 0
>TOI-4773: 114.9426489 -21.4856184 10.715 1.550 1.452 6740.0 4.22 0.11
 TOI-4773 b: 1.961 15.222 1687.669 0.0322 1.74529 2459673.539950 2256.3 0
>TOI-4791: 109.3883818 -19.8289392 10.019 1.409 1.242 6058.0 4.23 0.21
 TOI-4791 b: 3.334 12.442 734.184 0.0555 4.28088 2459237.595080 1471.9 0
>TOI-4794: 110.4835517 -12.5654781 11.123 1.451 1.250 6390.0 4.21 -0.10
 TOI-4794 b: 4.015 14.359 308.294 0.0492 3.56581 2458889.689500 1673.3 0
>TOI-480: 88.3784618 -16.2653974 6.010 1.488 1.279 6174.0 4.19 0.16
 TOI-480 b: 3.571 2.854 20.800 0.0770 6.86620 2458469.565900 1308.6 0
>TOI-481: 110.5126861 -57.3849980 8.443 1.660 1.140 5735.0 4.06 0.26
 TOI-481 b: 5.626 11.097 486.280 0.0970 10.33111 2458511.641800 1144.0 0
>TOI-4860: 183.5639610 -13.1748411 11.175 0.358 0.340 3260.0 4.86 0.27
 TOI-4860 b: 1.231 8.700 86.700 0.0181 1.52276 2460036.691240 699.5 0
>TOI-4898: 197.3416711 -32.8294537 9.820 0.639 0.971 4201.6 4.64 nan
 TOI-4898 b: 1.449 3.720 nan 0.0382 2.76520 2458580.638586 829.0 0
>TOI-4914: 204.5426717 -28.1429206 10.706 1.000 1.030 5805.0 4.30 -0.13
 TOI-4914 b: 2.900 12.870 227.000 0.0980 10.60057 2459317.272700 894.2 0
>TOI-4930: 208.6418883 -45.1544786 11.025 1.159 0.512 5624.7 4.32 nan
 TOI-4930 b: 4.225 6.933 nan 0.0561 6.78130 2459337.901441 1233.1 0
>TOI-4940: 58.2511684 -62.4079681 10.769 1.163 1.012 5504.0 4.23 0.33
 TOI-4940 b: 4.291 6.610 89.000 0.1650 25.86781 2459265.303200 704.6 0
>TOI-4961: 192.5018624 -59.8919345 10.304 0.912 0.912 5380.0 4.48 0.21
 TOI-4961 b: 3.528 12.341 572.091 0.0726 7.47918 2459884.820790 919.5 0
>TOI-4994: 283.1325335 -78.4344302 10.797 1.055 1.005 5640.0 4.39 0.17
 TOI-4994 b: 4.452 8.541 88.992 0.1515 21.49198 2459965.470350 717.7 0
>TOI-500: 106.5590980 -47.5878156 7.715 0.678 0.740 4440.0 4.62 0.12
 TOI-500 b: 0.998 1.166 1.420 0.0119 0.54818 2458468.390500 1616.7 0
 TOI-500 c: nan nan 5.030 0.0625 6.63560 2458561.960000 705.1 1
 TOI-500 d: nan nan 33.120 0.1563 26.23300 2458587.220000 445.9 1
 TOI-500 e: nan nan 15.050 0.2752 61.30000 2458865.820000 336.0 1
>TOI-5005: 238.1081940 -48.1451000 10.004 0.930 0.970 5749.0 4.43 0.15
 TOI-5005 b: 3.144 6.250 32.700 0.0661 6.30850 2460090.035600 1039.5 0
>TOI-5007: 236.0638704 -61.0413649 11.307 0.656 0.632 3793.0 4.60 0.43
 TOI-5007 b: 1.442 11.074 211.038 0.0307 2.54337 2460068.811000 845.5 0
>TOI-5027: 243.8850212 -69.2170972 9.979 0.920 1.020 5909.0 4.52 -0.15
 TOI-5027 b: 2.999 10.761 642.013 0.0930 10.24368 2458649.457700 896.2 0
>TOI-5076: 50.5104166 17.2392094 8.582 0.844 0.789 4780.0 4.48 0.08
 TOI-5076 b: 4.882 3.489 16.146 0.1481 23.44316 2460204.001800 550.2 0
>TOI-5082: 106.5695780 22.6831477 6.613 0.930 0.997 5670.0 4.50 nan
 TOI-5082.01: 2.388 2.548 nan 0.0512 4.24012 2460284.802643 1165.2 0
>TOI-5108: 166.2695041 11.2464069 8.300 1.290 1.100 5808.0 4.26 0.20
 TOI-5108 b: 2.200 6.600 32.000 0.0730 6.75358 2459569.477800 1177.3 0
>TOI-5110: 94.4042694 31.6103309 9.318 2.333 1.469 6160.0 3.87 0.07
 TOI-5110 b: 4.217 11.982 921.702 0.2157 30.15858 2459503.679000 976.9 0
>TOI-512: 96.6467023 -38.6072095 7.797 0.890 0.740 5277.0 4.35 -0.11
 TOI-512 b: 3.310 1.540 3.570 0.0659 7.18886 2458471.212000 934.9 0
>TOI-5126: 151.6597827 18.6340631 8.777 1.241 1.240 6150.0 4.22 0.18
 TOI-5126 b: 3.726 4.740 nan 0.0652 5.45884 2459627.038620 1293.9 0
 TOI-5126 c: 5.340 3.860 nan 0.1439 17.89990 2459613.744300 870.9 0
>TOI-5143: 165.3651202 5.1394812 9.980 0.852 0.864 5183.0 4.51 0.11
 TOI-5143 c: 1.698 16.253 nan 0.0560 5.20971 2459527.242640 974.7 0
>TOI-5153: 91.5403204 -19.9534443 10.408 1.400 1.240 6300.0 4.30 0.12
 TOI-5153 b: 4.870 11.882 1036.121 0.1580 20.33003 2458486.123900 904.3 0
>TOI-5159: 142.7859562 20.0193431 7.468 0.854 0.890 5156.2 4.48 nan
 TOI-5159 b: 2.607 1.547 nan 0.0610 5.83639 2459531.981621 930.2 0
>TOI-5160: 114.6393985 31.3944536 9.205 1.033 1.957 5622.1 4.39 nan
 TOI-5160 b: 2.149 2.397 nan 0.0645 4.28077 2458863.358451 1084.6 0
>TOI-5174: 174.1094967 -2.0233506 9.600 1.095 1.000 5643.8 4.36 0.41
 TOI-5174 b: 4.888 5.351 nan 0.1038 12.21429 2459527.296517 883.8 0
>TOI-5181 A: 280.6774738 21.6998203 10.627 1.530 1.250 6060.0 4.16 0.21
 TOI-5181 A b: 2.945 13.350 330.542 0.0522 3.89223 2460100.730850 1582.0 0
>TOI-519: 124.6067582 -19.6627918 11.951 0.350 0.335 3322.0 4.87 0.27
 TOI-519 b: 1.212 11.545 147.155 0.0159 1.26523 2458491.877056 751.6 0
>TOI-5205: 313.7706819 24.3609770 11.006 0.394 0.392 3430.0 4.84 0.00
 TOI-5205 b: 1.400 11.600 343.000 0.0199 1.63076 2459443.471790 736.0 0
>TOI-521: 123.3442567 12.2221079 10.089 0.421 0.420 3544.0 4.97 -0.12
 TOI-521 b: 1.180 1.980 5.300 0.0195 1.54285 2458492.715300 794.1 0
>TOI-5210: 314.3169230 21.9502055 10.308 1.209 1.105 5723.0 4.32 0.32
 TOI-5210 b: 3.710 10.727 82.000 0.0557 4.56611 2459854.908730 1285.7 0
>TOI-5218: 292.6634642 71.7629612 12.546 0.708 0.739 4230.0 4.63 0.41
 TOI-5218 b: 2.380 9.860 657.000 0.0469 4.29145 2458842.652070 792.5 0
>TOI-5232: 294.3374248 35.2764934 10.857 1.785 1.389 6500.0 4.08 -0.10
 TOI-5232 b: 4.783 12.778 743.718 0.0559 4.09667 2459857.928060 1770.7 0
>TOI-5238: 223.3588909 68.8594720 10.627 1.023 1.000 5631.0 4.42 nan
 TOI-5238 b: 2.584 5.220 nan 0.0562 4.87217 2459661.515740 1157.9 0
>TOI-5261: 305.4585453 19.4358468 11.156 1.021 1.037 5790.0 4.44 0.25
 TOI-5261 b: 2.359 11.601 3651.848 0.0513 4.15098 2459716.931000 1245.1 0
>TOI-5292 A: 344.2223631 -8.1197473 12.777 0.611 0.596 3919.0 4.64 0.33
 TOI-5292 A b: 1.884 12.644 412.859 0.0279 2.02191 2460551.146700 884.4 0
>TOI-5293 A: 355.8286820 -2.0450945 11.639 0.520 0.540 3586.0 4.77 -0.03
 TOI-5293 A b: 1.940 11.900 170.400 0.0340 2.93029 2459448.914800 676.2 0
>TOI-530: 103.4128333 12.8815784 11.238 0.540 0.530 3659.0 4.70 0.38
 TOI-530 b: 2.566 9.303 127.131 0.0520 6.38760 2458470.199800 568.6 0
>TOI-5300: 356.4811370 0.4587978 10.568 0.650 0.670 4610.0 4.64 -0.17
 TOI-5300 b: 2.360 9.864 190.697 0.0295 2.26220 2459470.417400 1043.5 0
>TOI-5301: 12.9908008 13.0783712 10.336 2.190 1.483 6240.0 3.93 0.03
 TOI-5301 b: 3.938 13.092 1182.322 0.0730 5.85886 2459277.369810 1648.1 0
>TOI-5319: 35.2135563 23.5204408 9.553 0.485 0.500 3580.0 4.50 nan
 TOI-5319 b: 1.561 2.830 nan 0.0506 4.07853 2459496.586200 534.5 0
>TOI-532: 85.0800537 11.5626373 10.587 0.612 0.639 3927.0 4.67 0.34
 TOI-532 b: 1.750 5.820 61.500 0.0296 2.32665 2458470.576777 861.0 0
>TOI-5322: 6.5293373 14.3364283 10.900 1.462 0.998 5692.0 4.11 -0.05
 TOI-5322 b: 5.111 16.612 184.023 0.0604 5.42332 2460035.279090 1350.4 0
>TOI-5335: 46.9523734 15.3590831 11.223 0.917 0.545 5528.9 4.45 nan
 TOI-5335 b: 2.535 4.024 nan 0.0376 3.61366 2459488.199235 1315.7 0
>TOI-5340: 59.3094816 22.3783373 10.607 1.842 1.350 5990.0 4.04 0.21
 TOI-5340 b: 4.980 15.076 270.154 0.0628 4.93944 2459712.579120 1564.3 0
>TOI-5344: 63.2662165 20.9151568 10.860 0.588 0.612 3747.0 4.69 0.42
 TOI-5344 b: 1.773 10.604 130.945 0.0404 3.79262 2459848.990300 689.2 0
>TOI-5349: 52.7125703 20.8796279 11.514 0.580 0.610 3751.0 4.72 0.50
 TOI-5349 b: 1.950 10.200 127.400 0.0369 3.31792 2459521.818400 717.1 0
>TOI-5350: 74.4023015 21.6019759 9.985 1.263 1.167 6220.0 4.30 0.04
 TOI-5350 b: 4.486 12.420 2094.489 0.0796 7.58137 2459611.658130 1194.7 0
>TOI-5380: 112.7611492 73.1287844 9.475 1.562 1.735 6400.8 4.16 nan
 TOI-5380 b: 3.102 3.481 nan 0.0570 3.77229 2458852.748658 1616.0 0
>TOI-5386 A: 226.1069193 60.5362318 10.414 1.245 1.165 6094.0 4.31 0.18
 TOI-5386 A b: 2.223 14.706 155.100 0.0486 3.62157 2459621.282420 1487.9 0
>TOI-5388: 152.1765169 35.5475571 8.319 0.300 0.292 3440.0 4.99 -0.36
 TOI-5388.01: 0.313 0.990 2.200 0.0286 2.59467 2459348.078170 537.2 0
>TOI-5398: 161.8795569 36.3294345 8.713 1.051 1.146 6000.0 4.44 0.09
 TOI-5398 b: 4.258 10.300 58.700 0.0980 10.59055 2459616.492320 947.5 0
 TOI-5398 c: 3.127 3.520 11.800 0.0570 4.77271 2459628.617810 1242.4 0
>TOI-540: 76.3096949 -47.9375391 8.900 0.190 0.159 3216.0 4.44 nan
 TOI-540 b: 0.489 0.903 nan 0.0122 1.23915 2458411.826010 610.4 0
>TOI-5422: 86.8436173 25.6260342 10.161 1.474 1.066 5820.0 4.13 -0.01
 TOI-5422 b: 4.668 9.102 8899.195 0.0619 5.37722 2459961.676110 1369.5 0
>TOI-544: 82.2900716 -0.3428983 7.800 0.623 0.631 4169.0 4.68 -0.17
 TOI-544 b: 1.210 2.018 2.890 0.0225 1.54835 2459199.031363 1057.8 0
 TOI-544 c: nan nan 21.500 0.2281 50.08900 2459212.000000 332.2 1
>TOI-5486: 190.5495041 3.7886012 10.090 0.553 0.272 3750.2 4.61 nan
 TOI-5486 b: 1.655 3.968 nan 0.0203 2.02470 2459571.603437 944.3 0
>TOI-5489: 128.6912940 11.4895882 9.463 0.420 0.410 3547.0 4.81 nan
 TOI-5489 b: 1.464 1.400 nan 0.0318 3.15222 2458493.707100 622.0 0
 TOI-5489 c: 1.407 1.280 nan 0.0426 4.92126 2458496.325420 536.8 0
>TOI-5502: 135.2040560 27.9983339 9.576 1.324 3.005 6088.7 4.19 nan
 TOI-5502 b: 3.519 4.129 nan 0.1449 11.62593 2459531.854679 887.3 0
>TOI-5515: 139.6163639 16.9899558 9.411 0.836 0.620 5483.6 4.48 nan
 TOI-5515 b: 3.373 2.654 nan 0.0700 8.59226 2459543.037696 913.7 0
>TOI-5532: 41.3804035 5.1507331 9.527 0.662 0.108 4208.4 4.60 nan
 TOI-5532 b: 2.898 2.528 nan 0.0296 5.65397 2459497.808708 959.9 0
>TOI-5542: 302.7984228 -61.1354659 10.897 1.058 0.890 5700.0 4.20 -0.21
 TOI-5542 b: 8.599 11.310 419.533 0.3320 75.12375 2458679.347600 490.7 0
>TOI-5573: 136.4259999 55.3071309 11.448 0.594 0.619 3790.0 4.68 0.42
 TOI-5573 b: 2.760 9.750 112.000 0.0712 8.79759 2459600.450780 527.9 0
>TOI-558: 42.2915093 -58.0246828 10.262 1.496 1.349 6466.0 4.22 -0.00
 TOI-558 b: 2.705 12.173 1147.361 0.1291 14.57407 2458871.072530 1061.4 0
>TOI-559: 46.8186159 -31.1629951 9.638 1.233 1.026 5925.0 4.27 -0.07
 TOI-559 b: 5.150 12.229 1910.149 0.0723 6.98391 2458893.813050 1179.9 0
>TOI-5592: 106.6800684 65.8572490 11.363 1.393 1.194 6237.0 4.23 -0.01
 TOI-5592 b: 1.985 17.150 285.728 0.0394 2.60858 2459794.012160 1789.4 0
>TOI-5595: 110.4601649 35.2219829 10.279 0.743 1.325 4417.3 4.63 nan
 TOI-5595 b: 2.232 4.737 nan 0.0709 5.99003 2458862.095608 689.7 0
>TOI-5599: 199.3262375 55.6815392 10.437 1.913 2.103 6137.0 4.05 nan
 TOI-5599 b: 4.516 7.189 nan 0.0775 5.43692 2459627.132842 1470.2 0
>TOI-5605: 150.5380078 50.1453867 9.395 0.736 0.610 4583.8 4.64 nan
 TOI-5605 b: 2.383 2.526 nan 0.0543 5.91340 2459629.651117 813.9 0
>TOI-561: 148.1851516 6.2161030 8.394 0.843 0.806 5372.0 4.50 -0.40
 TOI-561 b: 1.308 1.397 2.020 0.0106 0.44657 2459317.750020 2305.8 0
 TOI-561 c: 3.739 2.865 5.930 0.0889 10.77884 2459238.462840 797.7 0
 TOI-561 d: 4.730 2.615 13.330 0.1587 25.71268 2459318.971100 597.0 0
 TOI-561 e: 7.138 2.517 12.400 0.3300 77.14400 2458538.180300 414.0 0
>TOI-5614: 189.4323154 69.4584273 11.220 0.735 0.470 4553.0 4.65 nan
 TOI-5614 b: 2.511 3.218 nan 0.0394 4.17221 2459428.494716 947.8 0
>TOI-5616: 184.9016378 48.6832895 12.735 0.646 0.666 3996.0 4.67 0.14
 TOI-5616 b: 1.660 10.780 624.000 0.0272 2.00285 2458901.488920 939.1 0
>TOI-5624: 180.8443476 49.2512257 8.869 0.820 0.858 5327.0 4.49 -0.02
 TOI-5624 b: 2.392 2.314 9.400 0.0420 3.39035 2459649.128400 1134.9 0
 TOI-5624 c: 3.165 2.474 4.800 0.0737 7.88539 2459650.924100 856.6 0
 TOI-5624 d: 3.850 3.584 4.900 0.1067 13.73147 2459655.204100 712.1 0
 TOI-5624 e: 4.180 3.247 8.900 0.1439 21.48994 2459655.621500 613.2 0
 TOI-5624 f: nan nan 13.000 0.2366 45.37000 2460338.300000 478.2 1
>TOI-5630: 236.4538532 40.3748618 9.226 0.933 0.256 5385.6 4.44 nan
 TOI-5630 b: 3.423 2.371 nan 0.0271 3.22118 2459678.015457 1523.9 0
>TOI-5634 A: 175.6436366 20.9652921 12.913 0.540 0.556 3896.0 4.73 -0.27
 TOI-5634 A b: 1.670 10.420 588.000 0.0272 2.20354 2459663.418400 837.1 0
>TOI-564: 130.2951535 -16.0363275 9.604 1.088 0.998 5640.0 4.36 0.14
 TOI-564 b: 1.027 11.433 464.985 0.0273 1.65114 2458549.575540 1715.6 0
>TOI-5678: 47.3841872 -34.1984808 9.563 0.938 0.905 5485.0 4.34 0.00
 TOI-5678 b: 6.960 4.910 20.000 0.2490 47.73022 2458424.705900 513.3 0
>TOI-5688 A: 266.9231001 47.7050486 11.959 0.570 0.600 3713.0 4.69 0.47
 TOI-5688 A b: 1.680 10.300 124.000 0.0338 2.94816 2459771.260240 735.4 0
>TOI-5704: 169.8248694 44.9890782 9.021 0.757 0.730 4590.0 4.54 0.43
 TOI-5704 b: 2.338 3.227 nan 0.0412 3.77112 2459610.756800 949.1 0
>TOI-5713: 208.4587323 52.6027628 10.217 0.299 0.265 3225.0 4.91 -0.03
 TOI-5713 b: 1.750 1.770 nan 0.0601 10.44199 2458745.677600 347.0 0
>TOI-5716: 201.9007989 73.1774325 10.801 0.220 0.190 3436.0 5.02 -0.54
 TOI-5716 b: 1.058 0.960 nan 0.0399 6.76630 2458683.615140 389.1 0
>TOI-5720: 170.3135774 25.2732942 9.288 0.383 0.383 3325.0 5.01 0.03
 TOI-5720 b: 1.020 1.090 4.300 0.0183 1.43446 2460076.902501 733.7 0
>TOI-5726: 123.3950504 68.5745899 8.230 1.106 1.060 5874.0 4.38 nan
 TOI-5726.01: 1.887 2.554 nan 0.0622 5.49113 2458843.595100 1194.5 0
>TOI-5728: 260.3509363 67.5504212 10.170 0.370 0.360 3419.0 4.85 -0.12
 TOI-5728 b: 2.391 1.310 nan 0.0687 11.49761 2458685.086790 382.7 0
>TOI-5734: 111.2558179 37.2311218 6.987 0.639 0.724 4750.0 4.66 -0.13
 TOI-5734 b: 2.390 2.100 9.100 0.0592 6.18419 2458842.510700 752.5 0
>TOI-5736: 213.7583971 49.5009379 10.004 0.580 0.570 3949.0 4.65 nan
 TOI-5736 b: 1.118 1.560 nan 0.0122 0.64899 2458738.896830 1312.0 0
>TOI-5777: 141.0022390 82.8586961 10.042 0.672 0.071 4408.0 4.67 nan
 TOI-5777 b: 2.561 3.096 nan 0.0294 6.91716 2459392.315822 1015.6 0
>TOI-5786: 293.3223259 30.7042468 8.963 1.360 1.230 6235.0 4.26 0.08
 TOI-5786 b: 4.600 8.540 73.000 0.1140 12.77911 2460140.613900 1038.5 0
>TOI-5788: 287.4249017 31.7615284 8.577 0.870 0.870 5615.0 4.42 -0.32
 TOI-5788 b: 3.341 1.528 3.720 0.0640 6.34076 2459611.742500 998.3 0
 TOI-5788 c: 3.551 2.272 6.400 0.1197 16.21336 2459608.591365 730.0 0
>TOI-5789: 302.7734475 16.1897138 5.350 0.833 0.821 5185.0 4.51 -0.12
 TOI-5789 b: nan nan 2.120 0.0361 2.76369 2460358.054000 1201.4 1
 TOI-5789 c: 2.019 2.860 5.000 0.1009 12.92775 2460151.158680 718.4 0
 TOI-5789 d: nan nan 4.290 0.1756 29.65000 2460347.480000 544.6 1
 TOI-5789 e: nan nan 11.610 0.2901 62.98000 2460359.050000 423.7 1
>TOI-5795: 304.8687820 -7.5476595 9.168 1.082 0.901 5715.0 4.32 -0.27
 TOI-5795 b: 3.407 5.620 23.660 0.0640 6.14063 2459770.673970 1133.1 0
>TOI-5799: 301.6301790 15.9891418 8.952 0.321 0.325 3452.0 4.94 0.01
 TOI-5799 b: 1.352 1.733 nan 0.0348 4.16451 2460255.418500 505.6 0
 TOI-5799 c: 1.730 1.760 nan 0.0782 14.01045 2460383.035200 337.3 0
>TOI-5800: 305.0655462 -7.4119237 7.191 0.773 0.778 4850.0 4.56 -0.04
 TOI-5800 b: 1.200 2.460 9.500 0.0344 2.62788 2459771.714500 1108.6 0
>TOI-5803: 327.2487497 6.2781777 8.684 0.762 0.870 5134.0 4.61 nan
 TOI-5803 b: 1.382 3.273 nan 0.1014 5.38305 2459802.710300 678.9 0
>TOI-5817: 322.3777987 21.4745270 7.084 1.427 0.970 5770.0 4.12 -0.24
 TOI-5817 b: 6.000 3.080 10.300 0.1223 15.61031 2459799.306500 950.4 0
>TOI-5882: 311.8886385 34.7374918 9.615 2.260 1.334 5920.0 3.86 0.18
 TOI-5882 b: 7.126 11.467 6995.403 0.0804 7.14897 2459768.862100 1513.5 0
>TOI-5916: 325.2995114 9.5990534 12.235 0.480 0.477 3613.0 4.75 0.09
 TOI-5916 b: 1.774 11.355 226.612 0.0262 2.36713 2460255.605500 745.7 0
>TOI-5926: 308.0784435 15.5030795 10.803 0.890 1.206 5388.9 4.49 nan
 TOI-5926 b: 2.284 7.568 nan 0.0508 3.81123 2459812.324870 1087.4 0
>TOI-5938: 303.9088422 28.6592261 9.618 0.712 0.744 4650.0 4.59 0.07
 TOI-5938 b: 1.915 3.820 nan 0.0308 2.26042 2459820.181500 1078.1 0
>TOI-6000: 292.6062979 68.1545924 10.866 0.380 0.370 3419.0 4.85 nan
 TOI-6000 b: 0.764 0.940 nan 0.0082 0.44896 2460109.917000 1119.9 0
>TOI-6002: 299.6142524 32.2871702 10.175 0.243 0.210 3229.0 4.99 -0.18
 TOI-6002 b: 1.657 1.650 nan 0.0572 10.90482 2458692.763900 321.0 0
>TOI-6008: 310.4487344 49.6468992 9.541 0.242 0.230 3075.0 5.01 0.30
 TOI-6008 b: 0.650 1.030 4.000 0.0108 0.85743 2460078.016214 702.6 0
>TOI-6016: 4.5239602 59.7661983 10.224 1.510 1.310 6110.0 4.19 0.28
 TOI-6016 b: 5.700 13.675 371.859 0.0550 4.02369 2459877.793000 1543.8 0
>TOI-6019: 355.0913498 35.9408402 8.940 2.020 1.130 5561.0 4.00 0.04
 TOI-6019 b: 5.500 12.300 149.000 0.1212 14.54795 2459862.343400 1094.7 0
>TOI-6029: 8.3862555 61.8607659 10.369 2.338 1.548 6223.0 3.89 0.37
 TOI-6029 b: 5.684 14.392 519.649 0.0780 5.79870 2459667.067000 1643.3 0
>TOI-6034: 317.9001392 68.4020762 11.016 0.489 0.514 3635.0 4.77 -0.09
 TOI-6034 b: 1.560 11.920 254.000 0.0295 2.57618 2459883.905500 713.8 0
>TOI-6038 A: 51.6572691 40.8172704 8.445 1.648 1.291 6110.0 4.12 0.12
 TOI-6038 A b: 5.042 6.410 78.500 0.0690 5.82673 2459883.058000 1439.9 0
>TOI-6041: 46.0610334 43.5576668 8.061 0.879 0.885 5445.0 4.50 0.10
 TOI-6041 b: 3.662 4.550 28.900 0.1651 26.04945 2459890.106200 605.8 0
 TOI-6041 c: nan nan 77.900 0.3721 88.00000 nan 403.5 1
>TOI-6054: 56.3370070 60.3509170 6.673 1.662 1.107 6047.0 4.10 -0.07
 TOI-6054.01: 5.650 2.640 12.500 0.0763 7.50143 2458817.909000 1360.9 0
 TOI-6054.02: 6.620 2.820 9.300 0.1079 12.56364 2458826.892900 1144.4 0
>TOI-6080: 266.6044226 38.0787076 9.604 1.062 0.861 5775.5 4.46 nan
 TOI-6080 b: 3.565 3.324 nan 0.0748 8.05562 2459735.405543 1049.4 0
>TOI-6086: 265.3704236 30.3037755 9.989 0.259 0.254 3200.0 5.01 0.11
 TOI-6086 b: 0.700 1.180 nan 0.0154 1.38887 2460131.969501 632.6 0
>TOI-6109: 50.1319206 42.6069564 9.251 1.021 1.030 5660.0 4.45 nan
 TOI-6109 b: 1.107 4.870 nan 0.0599 5.69048 2458791.053800 1126.8 0
 TOI-6109 c: 2.337 4.833 nan 0.0786 8.53888 2458798.065700 983.7 0
>TOI-6130: 339.2050832 16.8271941 9.655 1.510 1.310 6110.0 4.19 0.28
 TOI-6130 b: 2.420 14.347 333.720 0.0360 2.39268 2459849.639190 1908.1 0
>TOI-615: 133.4086892 -40.5437010 9.669 1.732 1.449 6850.0 4.20 -0.10
 TOI-615 b: 4.241 18.977 138.255 0.0678 4.66160 2459259.493830 1669.5 0
>TOI-620: 142.1734459 -12.1671652 7.954 0.550 0.577 3708.0 4.72 0.35
 TOI-620 b: 1.360 3.760 nan 0.0483 5.09882 2458992.197240 603.7 0
>TOI-622: 125.3050544 -46.4842959 7.858 1.415 1.313 6400.0 4.20 0.09
 TOI-622 b: 3.907 9.236 96.302 0.0708 6.40251 2458520.691760 1379.7 0
>TOI-6223: 355.9505977 33.0672361 10.689 0.576 0.582 3895.0 4.68 -0.12
 TOI-6223 b: 2.014 5.070 nan 0.0402 3.85522 2459856.488750 711.1 0
>TOI-6255: 331.5031606 39.2988284 8.071 0.370 0.353 3421.0 4.85 -0.14
 TOI-6255 b: 0.476 1.079 1.440 0.0053 0.23818 2458738.712480 1373.9 0
>TOI-628: 99.2630608 1.7675497 8.811 1.345 1.311 6250.0 4.30 0.26
 TOI-628 b: 3.782 11.882 2011.864 0.0486 3.40957 2458629.479720 1585.5 0
>TOI-6281: 172.3785238 -40.6094246 8.254 0.874 1.373 4533.2 4.64 nan
 TOI-6281 b: 1.305 1.924 nan 0.0225 1.05426 2459329.653182 1361.6 0
>TOI-6303: 46.7806502 40.1471740 10.826 0.609 0.644 3977.0 4.67 0.44
 TOI-6303 b: 2.918 11.590 2493.000 0.0761 9.48524 2459901.014400 542.5 0
>TOI-6324: 330.8445430 67.4986773 8.691 0.293 0.269 3247.0 4.93 -0.32
 TOI-6324 b: 0.409 1.059 1.170 0.0043 0.27922 2458739.979280 1289.5 0
>TOI-6330: 22.1679816 53.6860778 11.513 0.490 0.531 3539.0 4.77 0.08
 TOI-6330 b: 2.230 10.890 3179.000 0.0576 6.85002 2459901.361140 497.6 0
>TOI-6383 A: 60.4246951 60.8913677 12.087 0.457 0.458 3444.0 4.81 nan
 TOI-6383 A b: 1.540 11.290 331.000 0.0229 1.79059 2459933.595450 741.6 0
>TOI-6393: 141.2436918 68.7883127 10.413 0.766 0.581 5008.2 4.59 nan
 TOI-6393 b: 3.105 2.760 nan 0.0734 9.53176 2458702.880972 780.1 0
>TOI-640: 99.7345935 -36.6461300 9.243 2.082 1.536 6460.0 3.99 0.07
 TOI-640 b: 3.696 19.279 181.162 0.0613 5.00378 2458459.741300 1815.6 0
>TOI-6420: 125.5443036 -19.1242852 11.615 1.312 1.165 6020.0 4.27 0.24
 TOI-6420 b: 2.750 11.938 2606.193 0.0753 6.96151 2459909.270300 1211.7 0
>TOI-6448: 110.1704109 -33.9223285 11.315 0.897 1.030 5910.0 4.51 nan
 TOI-6448 b: 3.528 8.474 nan 0.1310 14.84426 2459214.613600 745.7 0
>TOI-6478: 149.9918059 -16.1597935 10.657 0.234 0.230 3230.0 5.02 -0.53
 TOI-6478 b: 2.900 4.600 nan 0.1136 34.00502 2459454.901010 223.5 0
>TOI-654: 164.7245509 -5.5475446 9.918 0.430 0.419 3521.0 4.79 0.12
 TOI-654.01: 1.200 2.378 8.710 0.0194 1.52756 2459243.058400 798.5 0
>TOI-6564: 205.8178791 -56.1564491 8.558 1.700 1.180 5943.0 4.04 0.19
 TOI-6564 b: 4.530 16.399 222.162 0.0542 3.98541 2460071.370270 1605.0 0
>TOI-6628: 225.8370504 -35.2305793 10.836 1.010 0.970 5463.0 4.42 0.36
 TOI-6628 b: 3.696 10.985 235.193 0.1340 18.18424 2458602.721000 723.2 0
>TOI-663: 160.0658525 -8.5110827 9.607 0.512 0.514 3681.0 4.73 0.07
 TOI-663 b: 1.664 2.270 4.450 0.0295 2.59890 2458544.389180 739.5 0
 TOI-663 c: 2.164 2.260 3.650 0.0437 4.69555 2458543.405930 607.6 0
 TOI-663 d: 2.754 1.920 5.200 0.0576 7.10273 2458547.112490 529.2 0
>TOI-6651: 15.7885904 35.3890405 8.684 1.721 1.323 5940.0 4.09 0.23
 TOI-6651 b: 3.610 5.090 61.000 0.0633 5.05697 2459857.711600 1493.5 0
>TOI-6677: 290.4719117 -46.8749591 9.801 1.572 0.967 6572.3 4.11 nan
 TOI-6677 b: 4.630 5.835 nan 0.0599 5.45061 2459042.958689 1623.0 0
>TOI-669: 158.9007013 -5.1813735 9.134 0.988 0.924 5597.0 4.41 0.00
 TOI-669 b: 2.871 2.586 10.000 0.0480 3.94515 2458546.141900 1224.6 0
>TOI-6692: 312.6940436 -81.2723982 10.034 1.385 1.047 5890.0 4.18 -0.01
 TOI-6692 b: 11.060 11.680 197.054 0.5120 131.12500 2459378.417400 467.1 0
>TOI-6695: 129.5720221 -23.5502170 9.512 1.517 1.338 6400.0 4.20 0.20
 TOI-6695 b: 8.667 9.528 66.744 0.4020 80.38900 2459249.547139 599.5 0
 TOI-6695 c: nan nan 460.851 0.8380 242.40000 nan 415.2 1
>TOI-6699: 317.0695839 -63.2504996 8.896 0.753 0.508 4705.1 4.57 nan
 TOI-6699 b: 2.545 2.326 nan 0.0476 5.32006 2459046.646001 902.7 0
>TOI-6707: 109.7634707 -58.1155263 11.434 1.582 1.832 6289.5 4.16 nan
 TOI-6707 b: 3.518 5.727 nan 0.0587 3.83479 2459383.429468 1574.9 0
>TOI-6716: 111.6570820 -30.5521801 9.196 0.231 0.223 3110.0 5.06 0.00
 TOI-6716 b: 1.237 0.982 nan 0.0319 4.71859 2459632.344840 403.6 0
>TOI-672: 167.9908627 -39.3281151 9.507 0.540 0.540 3810.0 4.70 -0.14
 TOI-672 b: 1.800 5.310 50.900 0.0376 3.63358 2458546.479600 696.2 0
>TOI-674: 164.5865592 -36.8581092 9.469 0.420 0.420 3514.0 4.81 0.17
 TOI-674 b: 1.110 5.250 23.600 0.0250 1.97714 2458641.404552 694.5 0
>TOI-677: 144.1193594 -50.4630933 8.429 1.280 1.181 6295.0 4.29 0.00
 TOI-677 b: 2.535 13.115 392.200 0.1041 11.23660 2458547.474490 1064.4 0
>TOI-682: 167.8854300 -22.0727803 8.100 1.080 0.850 5085.0 3.92 0.27
 TOI-682.01: 4.176 3.742 nan 0.0668 6.83924 2460037.259934 986.0 0
>TOI-6884: 193.0087935 26.6739510 10.677 1.840 1.410 6330.0 4.06 0.09
 TOI-6884 b: 2.563 10.391 8365.244 0.0629 4.80826 2459641.098700 1650.9 0
>TOI-6894: 173.4691418 12.4510906 12.207 0.228 0.207 3007.0 5.04 0.14
 TOI-6894 b: 1.422 9.584 53.395 0.0260 3.37077 2460313.411670 428.7 0
>TOI-6954: 168.3240591 -2.7877643 10.172 0.947 2.189 5170.9 4.49 nan
 TOI-6954 b: 1.985 3.635 nan 0.0643 4.02074 2459539.993026 957.3 0
>TOI-697: 69.7042208 -36.6813257 8.244 0.968 0.944 5681.9 4.50 nan
 TOI-697 b: 3.344 2.359 nan 0.0806 8.60789 2459185.027282 949.3 0
>TOI-700: 97.0957165 -65.5786149 8.634 0.421 0.415 3459.0 4.81 -0.07
 TOI-700 b: 2.170 0.914 nan 0.0677 9.97722 2458880.099300 415.9 0
 TOI-700 c: 1.420 2.600 nan 0.0929 16.05114 2458821.621810 355.1 0
 TOI-700 d: 3.314 1.073 nan 0.1633 37.42396 2458816.995200 267.8 0
 TOI-700 e: 2.777 0.953 nan 0.1340 27.80978 2458964.811200 295.6 0
>TOI-7008: 216.9882531 79.4503960 11.686 0.953 0.749 5116.1 4.47 nan
 TOI-7008 b: 1.670 4.947 nan 0.0158 0.84069 2459411.693314 1913.5 0
>TOI-7009: 299.5131334 55.6510291 11.005 0.564 0.583 4080.0 4.63 -0.11
 TOI-7009 b: 1.227 3.710 nan 0.0287 2.32066 2460392.362700 872.2 0
>TOI-7041: 357.8021716 -50.8698618 8.691 4.100 1.070 4700.0 3.24 0.25
 TOI-7041 b: 15.796 11.433 114.418 0.0915 9.69100 2460160.393000 1516.9 0
>TOI-707: 98.7295889 -67.5372743 8.972 0.978 0.990 5424.0 4.39 0.16
 TOI-707 b: 6.215 2.416 nan 0.2750 52.79918 2459295.911300 493.2 0
>TOI-712: 92.9361063 -65.8258386 8.313 0.674 0.732 4622.0 4.64 -0.02
 TOI-712 b: 1.735 2.049 nan 0.0793 9.53136 2458757.268860 649.8 0
 TOI-712 c: 4.843 2.701 nan 0.2447 51.69906 2458946.395980 369.9 0
 TOI-712 d: 5.702 2.474 nan 0.3405 84.83960 2458640.545700 313.6 0
>TOI-7149: 244.7384657 19.1758116 12.230 0.351 0.344 3363.0 4.88 -0.08
 TOI-7149 b: 1.726 13.200 224.000 0.0260 2.65206 2459703.596050 595.5 0
>TOI-715: 113.8523276 -73.5774089 10.917 0.240 0.225 3075.0 5.00 -0.25
 TOI-715 b: 1.980 1.550 nan 0.0830 19.28800 2459002.630510 252.1 0
>TOI-7155: 12.4454481 79.2878555 10.300 0.671 0.375 4673.0 4.61 nan
 TOI-7155 b: 2.208 2.408 nan 0.0349 3.89490 2459737.322208 987.4 0
>TOI-7166: 320.6806363 8.8893975 10.598 0.222 0.190 3099.0 5.02 -0.20
 TOI-7166 b: 1.750 2.010 nan 0.0619 12.92064 2460847.742772 283.0 0
>TOI-733: 159.4093183 -40.8882590 7.845 0.949 0.956 5585.0 4.47 -0.04
 TOI-733 b: 2.610 1.992 5.720 0.0618 4.88476 2458545.776700 1055.3 0
>TOI-7333: 243.5319622 75.9166315 10.472 0.666 0.382 4586.9 4.65 nan
 TOI-7333 b: 2.570 2.095 nan 0.0483 6.26450 2459613.837925 821.7 0
>TOI-7384: 83.1031834 -39.8342501 11.096 0.319 0.318 3185.0 4.93 0.00
 TOI-7384 b: 1.452 3.560 nan 0.0439 6.23403 2459565.101140 414.0 0
>TOI-7510: 273.7281880 -54.4340547 10.211 1.035 1.063 5720.0 4.44 0.25
 TOI-7510 b: 4.814 7.310 18.100 0.1019 11.53087 2458656.213656 879.0 0
 TOI-7510 c: 5.202 10.810 131.000 0.1595 22.56874 2458664.157045 702.6 0
 TOI-7510 d: 4.975 10.520 190.000 0.2672 48.86447 2458693.788019 542.9 0
>TOI-756: 192.1037380 -45.4704709 10.274 0.505 0.505 3657.0 4.74 0.20
 TOI-756 b: 1.100 2.810 9.830 0.0180 1.23925 2458570.652340 934.0 0
 TOI-756 c: nan nan 1287.205 0.4390 149.40000 2460498.882000 189.1 1
>TOI-757: 187.9948428 -35.5544523 7.874 0.780 0.800 5278.0 4.50 -0.27
 TOI-757 b: 3.720 2.500 10.500 0.1220 17.46819 2459305.532200 643.5 0
>TOI-762 A: 166.0747423 -47.8214964 11.084 0.425 0.442 3266.0 4.83 0.36
 TOI-762 A b: 1.389 8.339 79.775 0.0342 3.47168 2459850.258470 555.3 0
>TOI-763: 194.4680980 -39.7580613 8.490 0.897 0.917 5450.0 4.45 0.01
 TOI-763 b: 3.051 2.280 9.790 0.0600 5.60570 2458572.102000 1016.1 0
 TOI-763 c: 3.840 2.630 9.320 0.1011 12.27370 2458572.966100 782.8 0
>TOI-771: 164.1138903 -72.9851736 9.664 0.232 0.220 3370.0 4.80 -0.13
 TOI-771 b: 0.960 1.360 2.470 0.0208 2.32602 2458572.419100 542.7 0
 TOI-771 c: nan nan 2.870 0.0460 7.61000 nan 364.9 1
>TOI-776: 178.5779970 -37.5533568 7.615 0.547 0.542 3725.0 4.80 -0.21
 TOI-776 b: 2.382 1.798 5.000 0.0653 8.24662 2459288.871300 519.9 0
 TOI-776 c: 2.932 2.047 6.900 0.1001 15.66532 2459324.534780 419.9 0
>TOI-778: 199.3338503 -15.2737046 8.055 1.710 1.400 6643.0 4.05 0.00
 TOI-778 b: 3.760 15.400 878.000 0.0600 4.63361 2458578.716100 1710.1 0
>TOI-782: 183.9203614 -18.9103377 9.860 0.413 0.397 3370.0 4.80 0.34
 TOI-782 b: 1.708 2.734 19.100 0.0578 8.02400 2458577.041890 434.4 0
>TOI-791: 118.4347574 -69.7017359 9.992 1.474 1.280 6294.0 3.71 -0.14
 TOI-791 b: 12.366 11.131 9.500 0.6020 139.29931 2459263.450830 474.9 0
 TOI-791 c: 11.926 12.946 18.600 0.8630 232.01570 2459433.982520 396.6 0
>TOI-799: 98.4691249 -52.4602958 9.541 0.916 1.191 5662.8 4.53 nan
 TOI-799 b: 2.274 2.066 nan 0.0650 5.54519 2459260.183155 1024.9 0
>TOI-808: 133.7485497 -44.2886304 8.806 0.833 0.545 5078.2 4.51 nan
 TOI-808 b: 3.499 2.203 nan 0.0729 9.73945 2459257.304457 827.9 0
>TOI-813: 72.6940102 -60.9054608 9.029 1.940 1.320 5907.0 3.86 0.10
 TOI-813 b: 13.160 6.710 nan 0.4230 83.89110 2458370.783600 610.0 0
>TOI-815: 155.8719377 -43.8349248 7.999 0.770 0.776 4869.0 4.51 -0.09
 TOI-815 b: 3.379 2.940 7.600 0.0903 11.19726 2459287.602800 685.6 0
 TOI-815 c: 2.970 2.620 23.500 0.1930 34.97615 2459288.633100 469.0 0
>TOI-824: 222.1654705 -57.5888666 8.432 0.695 0.710 4600.0 4.61 -0.09
 TOI-824 b: 1.153 2.926 18.467 0.0218 1.39298 2458639.603540 1253.3 0
>TOI-833: 145.6454720 -62.4758857 8.146 0.600 0.610 3920.0 4.67 nan
 TOI-833 b: 1.274 1.270 nan 0.0171 1.04188 2458597.256000 1119.7 0
>TOI-836: 225.0798831 -24.4542022 6.804 0.665 0.678 4552.0 4.74 -0.28
 TOI-836 b: 1.805 1.704 4.530 0.0422 3.81673 2458599.995300 871.3 0
 TOI-836.01: 2.486 2.587 9.600 0.0750 8.59545 2458599.762300 653.6 0
>TOI-837: 157.0372806 -64.5052107 8.933 1.052 1.142 5995.0 4.45 0.01
 TOI-837 b: 1.983 9.169 120.457 0.0888 8.32491 2459356.813980 995.0 0
>TOI-849: 28.7157956 -29.4217086 10.418 0.970 0.970 5257.0 4.48 0.19
 TOI-849 b: 1.452 3.640 41.800 0.0155 0.76555 2458871.681200 2005.4 0
>TOI-858 B: 60.1998256 -54.5929177 9.722 1.308 1.081 5842.0 4.24 0.15
 TOI-858 B b: 3.602 14.067 349.611 0.0444 3.27972 2458386.452350 1529.9 0
>TOI-871: 74.7376264 -50.6274153 8.380 0.719 0.758 4929.0 4.60 -0.07
 TOI-871 b: 4.032 1.664 nan 0.1054 14.36257 2458417.052300 620.8 0
>TOI-880: 94.1644734 -13.9873370 7.954 0.830 0.870 5050.0 4.53 0.23
 TOI-880 c: 2.343 4.950 nan 0.0635 6.38727 2459403.675110 880.4 0
 TOI-880.02: 1.970 2.190 nan 0.0349 2.57571 2459400.612800 1187.5 0
>TOI-883: 103.3690609 -6.5078349 8.370 1.015 1.142 5713.1 4.43 nan
 TOI-883 b: 3.692 7.172 nan 0.0953 10.05772 2459220.801391 899.0 0
>TOI-892: 86.7382280 -11.2353401 10.106 1.390 1.280 6261.0 4.26 0.24
 TOI-892 b: 5.415 11.994 301.938 0.0920 10.62656 2458475.689000 1173.5 0
>TOI-904: 89.3712733 -83.1297264 8.766 0.527 0.557 3770.2 4.62 0.02
 TOI-904 b: 3.650 2.426 nan 0.0560 10.87720 2459366.621000 557.7 0
 TOI-904 c: 5.040 2.167 nan 0.3120 83.99970 2459386.349000 236.3 0
>TOI-905: 227.6586754 -71.3616316 9.448 0.918 0.968 5570.0 4.50 0.14
 TOI-905 b: 2.028 13.126 211.993 0.0467 3.73949 2458643.308980 1191.3 0
>TOI-907: 262.1834072 -62.8403830 9.034 2.060 1.069 6272.0 3.84 nan
 TOI-907.01: 5.249 9.616 nan 0.0552 4.58491 2458627.056840 1847.1 0
>TOI-908: 53.1594266 -81.2507450 9.637 1.028 0.950 5626.0 4.45 0.08
 TOI-908 b: 2.457 3.186 16.137 0.0417 3.18379 2459384.292000 1347.7 0
>TOI-912: 229.3285665 -80.4733446 8.204 0.419 0.418 3572.0 4.98 -0.19
 TOI-912 b: 1.700 1.930 5.100 0.0410 4.67807 2458628.406100 550.6 0
>TOI-913: 234.5723244 -80.8034265 8.273 0.733 0.820 4969.0 4.62 -0.13
 TOI-913 b: 3.246 2.453 nan 0.0830 11.09864 2458625.213300 712.0 0
>TOI-921: 99.6742038 -56.2205396 10.427 1.142 1.569 6011.7 4.34 nan
 TOI-921 b: 2.159 3.534 nan 0.0676 5.12872 2459164.918669 1191.1 0
>TOI-929: 45.9071657 -39.9307758 9.716 0.717 0.437 4457.2 4.59 nan
 TOI-929 b: 2.866 2.690 nan 0.0481 5.83015 2458429.249862 830.1 0
>TOI-938: 63.0323442 -12.1188357 9.948 0.985 0.565 5829.4 4.39 nan
 TOI-938 b: 4.434 4.824 nan 0.0690 8.80734 2458445.177961 1062.2 0
>TOI-941: 78.3005249 6.5459146 10.042 1.185 1.465 5745.9 4.26 nan
 TOI-941 b: 3.917 6.512 nan 0.0927 8.51461 2458440.475981 990.7 0
>TOI-942: 76.6496172 -20.2456126 9.639 0.894 0.822 4928.0 4.31 -0.22
 TOI-942 b: 2.761 3.890 16.000 0.0487 4.32421 2458441.579000 1018.6 0
 TOI-942 c: 1.919 4.670 794.575 0.0860 10.15627 2458447.056300 766.3 0
>TOI-954: 61.9410587 -25.2088028 8.779 1.892 1.201 5710.0 3.96 0.21
 TOI-954 b: 5.090 9.550 55.302 0.0496 3.68497 2458411.906510 1700.0 0
>TOI-969: 115.1366858 2.0985879 8.879 0.671 0.734 4435.0 4.55 0.17
 TOI-969 b: 1.519 2.765 9.100 0.0264 1.82373 2459248.377090 1079.0 0
 TOI-969 c: nan nan 3591.461 2.5200 1700.00000 2460640.000000 110.4 1
>TRAPPIST-1: 346.6263919 -5.0434618 10.296 0.119 0.090 2566.0 5.24 0.04
 TRAPPIST-1 b: 0.601 1.116 1.374 0.0115 1.51083 2457322.517650 397.7 0
 TRAPPIST-1 c: 0.701 1.097 1.308 0.0158 2.42194 2457282.811387 339.9 0
 TRAPPIST-1 d: 0.815 0.788 0.388 0.0223 4.04922 2457670.146301 286.3 0
 TRAPPIST-1 e: 0.929 0.920 0.692 0.0293 6.10101 2457660.378590 249.8 0
 TRAPPIST-1 f: 1.048 1.045 1.039 0.0385 9.20754 2458361.854500 217.7 0
 TRAPPIST-1 g: 1.137 1.129 1.321 0.0468 12.35245 2457665.362844 197.4 0
 TRAPPIST-1 h: 1.269 0.755 0.326 0.0619 18.77287 2457662.574149 171.7 0
>TWA 7: 160.6248102 -33.6712596 6.899 nan 0.460 nan nan nan
 TWA 7 b: nan nan 108.062 52.0000 nan nan nan 0
>TYC 0434-04538-1: 271.3396528 2.0622774 7.413 9.990 1.040 4679.0 2.49 -0.38
 TYC 0434-04538-1 b: nan nan 1938.763 0.6600 193.20000 nan 877.8 1
>TYC 1422-614-1: 154.2777769 19.5584068 7.728 6.850 1.150 4806.0 2.85 -0.20
 TYC 1422-614-1 b: nan nan 794.500 0.6900 198.40000 nan 730.2 1
 TYC 1422-614-1 c: nan nan 3178.000 1.3700 559.30000 nan 518.2 1
>TYC 2187-512-1: 320.5266829 22.9319351 6.595 0.495 0.498 3734.0 4.68 0.08
 TYC 2187-512-1 b: nan nan 104.883 1.2200 691.90000 nan 114.7 1
>TYC 3318-01333-1: 45.5825716 49.7441421 6.869 5.900 1.190 4776.0 2.97 -0.06
 TYC 3318-01333-1 b: nan nan 1086.979 1.4140 562.00000 nan 470.4 1
>TYC 3667-1280-1: 12.8875757 58.4261485 7.100 6.260 1.870 5130.0 3.11 -0.08
 TYC 3667-1280-1 b: nan nan 1716.282 0.2100 26.46800 nan 1350.6 1
>TYC 4282-00605-1: 343.8721029 62.2391907 6.778 16.210 0.970 4300.0 2.00 -0.07
 TYC 4282-00605-1 b: nan nan 3426.207 0.4220 101.54000 nan 1285.1 1
>TYC 8998-760-1: 201.3001096 -64.9391566 8.392 nan 1.000 4573.0 nan nan
 TYC 8998-760-1 b: nan nan 4449.620 146.0000 nan nan nan 0
 TYC 8998-760-1 c: nan 12.330 1906.980 320.0000 nan nan nan 0
>Teegarden's Star: 43.2691449 16.8649024 7.585 0.120 0.097 3034.0 5.19 -0.11
 Teegarden's Star b: nan nan 1.160 0.0259 4.90634 nan 314.9 1
 Teegarden's Star c: nan nan 1.050 0.0455 11.41600 nan 237.6 1
 Teegarden's Star d: nan nan 0.820 0.0791 26.13000 nan 180.2 1
>TrES-1: 286.0408755 36.6325360 9.819 0.850 1.040 5230.0 4.57 0.02
 TrES-1 b: 2.497 12.666 266.977 0.0414 3.03007 2453186.806030 1142.4 0
>TrES-2: 286.8085258 49.3164211 9.846 1.120 1.360 5850.0 4.43 -0.15
 TrES-2 b: 1.840 15.244 473.567 0.0398 2.47063 2453957.634790 1496.6 0
>TrES-3: 268.0291106 37.5463268 10.608 0.829 0.928 5650.0 4.40 -0.19
 TrES-3 b: 1.418 14.975 607.030 0.0228 1.30619 2454185.910400 1642.1 0
>TrES-4: 268.3043361 37.2117397 10.330 1.660 1.080 6200.0 4.06 0.14
 TrES-4 b: 3.648 18.046 247.907 0.0466 3.55395 2454230.905600 1783.8 0
>TrES-5: 305.2219454 59.4489033 11.591 0.868 0.901 5171.0 4.52 0.20
 TrES-5 b: 1.595 13.384 568.916 0.0246 1.48225 2456458.592190 1481.5 0
>UCAC3 113-933: 5.2758121 -33.8031679 8.866 nan 0.610 nan nan -0.95
 UCAC3 113-933 b: nan nan 6674.397 6100.0000 nan nan nan 0
>UCAC4 328-061594: 152.6991091 -24.4532674 15.790 nan 1.190 nan nan nan
 UCAC4 328-061594 b: nan nan 6674.397 19000.0000 nan nan nan 0
>UKIRT-2017-BLG-001L: 266.6540830 -29.2113609 17.700 nan 0.810 nan nan nan
 UKIRT-2017-BLG-001L b: nan nan 407.000 4.1800 nan nan nan 0
>USco CTIO 108: 241.4752653 -18.3124167 12.507 nan 0.060 2700.0 nan nan
 USco CTIO 108 b: nan nan 4449.620 670.0000 nan nan nan 0
>USco1556 A: 239.1037198 -25.6890476 10.441 nan 0.330 3410.0 nan nan
 USco1556 b: nan nan 4767.450 3500.0000 nan nan nan 0
>USco1621 A: 245.3730855 -25.4954265 10.193 nan 0.360 3460.0 nan nan
 USco1621 b: nan nan 5085.280 2880.0000 nan nan nan 0
>UZ For: 53.8694682 -25.7393857 14.776 nan 0.700 nan nan nan
 UZ For b: nan nan 2002.200 5.9000 5840.00000 nan nan 0
 UZ For c: nan nan 2447.200 2.8000 1916.25000 nan nan 0
>V0391 Peg: 331.0504119 26.4188227 15.376 0.230 0.500 29300.0 5.40 nan
 V0391 Peg b: nan nan 1017.056 1.7000 1170.00000 nan 519.7 1
>V1298 Tau: 61.3316540 20.1570318 8.094 1.320 1.100 4970.0 4.25 0.10
 V1298 Tau b: 6.450 9.410 13.100 0.1685 24.14001 2458298.209601 670.8 0
 V1298 Tau c: 4.890 5.080 4.700 0.0824 8.24916 2458293.341238 959.2 0
 V1298 Tau d: 5.570 6.530 6.000 0.1081 12.40139 2458287.802142 837.5 0
 V1298 Tau e: 7.560 10.170 15.300 0.2689 48.67771 2458313.547375 531.0 0
>V2376 Ori: 83.8398180 -5.3515552 10.861 nan 0.450 nan nan nan
 V2376 Ori b: nan 87.206 6356.568 71.0000 nan nan nan 0
>V830 Tau: 68.2918259 24.5619241 8.422 2.000 1.000 4250.0 nan nan
 V830 Tau b: nan nan 222.481 0.0570 4.92700 nan 1213.9 0
>VHS J125601.92-125723.9: 194.0089640 -12.9560310 10.044 nan 0.170 2620.0 5.05 nan
 VHS J125601.92-125723.9 b: nan 13.675 5085.255 350.0000 5800000.00000 nan nan 0
>WASP-1: 5.1669536 31.9899732 10.276 1.470 1.240 6116.0 4.11 0.26
 WASP-1 b: 3.712 16.623 271.415 0.0389 2.51995 2453912.515100 1813.2 0
>WASP-10: 348.9930457 31.4627508 9.983 0.698 0.750 4675.0 4.63 0.03
 WASP-10 b: 2.227 12.106 1001.120 0.0378 3.09276 2454664.037295 968.6 0
>WASP-100: 68.9598159 -64.0270390 9.669 1.570 0.770 6900.0 4.35 -0.03
 WASP-100 b: 3.840 14.908 400.466 0.0360 2.84938 2456272.339500 2197.4 0
>WASP-101: 98.3511016 -23.4860860 9.075 1.310 1.410 6380.0 4.31 0.20
 WASP-101 b: 2.712 16.029 162.093 0.0515 3.58572 2456164.693400 1551.9 0
>WASP-102: 336.4643016 15.8566392 11.106 1.375 1.080 5990.0 4.20 -0.20
 WASP-102 b: 3.282 14.908 197.689 0.0410 2.70981 2457109.455770 1672.7 0
>WASP-103: 249.3148604 7.1833758 10.767 1.436 1.220 6110.0 4.22 0.06
 WASP-103 b: 2.593 17.127 473.547 0.0198 0.92554 2456459.599570 2505.9 0
>WASP-104: 160.6023689 7.4350768 9.882 0.963 1.076 5475.0 4.50 0.32
 WASP-104 b: 1.762 12.745 404.263 0.0292 1.75541 2456406.111260 1516.7 0
>WASP-105: 24.1678686 -50.6593080 9.935 0.900 0.890 5070.0 4.20 0.28
 WASP-105 b: 3.720 10.761 572.094 0.0750 7.87288 2456600.076500 846.9 0
>WASP-106: 166.4296276 -5.0794854 10.161 1.470 1.175 6002.0 4.49 -0.02
 WASP-106 b: 5.334 12.106 613.409 0.0901 9.28969 2457977.979600 1169.0 0
>WASP-107: 188.3864277 -10.1462141 8.637 0.660 0.690 4430.0 4.50 0.02
 WASP-107 b: 2.648 10.345 30.512 0.0506 5.72149 2459958.747270 771.2 0
 WASP-107 c: nan nan 111.240 1.8047 1066.00000 2458924.000000 129.2 1
>WASP-108: 195.8281644 -49.6397727 9.795 1.243 1.167 6000.0 4.24 nan
 WASP-108 b: 3.228 15.132 283.503 0.0406 2.67555 2456413.794900 1600.1 0
>WASP-11: 47.3689472 30.6733817 9.421 0.890 1.420 4800.0 4.45 0.00
 WASP-11 b: 2.616 12.442 251.086 0.0526 3.72247 2454759.686830 952.0 0
>WASP-110: 305.8724366 -44.0587001 10.871 0.853 0.814 5392.0 4.49 -0.15
 WASP-110 b: 2.830 13.193 154.782 0.0444 3.77840 2456502.724150 1139.3 0
>WASP-113: 224.8728589 46.9600996 10.311 1.608 1.318 5890.0 4.20 0.10
 WASP-113 b: 4.298 15.793 150.969 0.0588 4.54217 2457197.097459 1484.6 0
>WASP-114: 327.6656953 10.4629385 11.074 1.430 1.289 5940.0 4.30 0.14
 WASP-114 b: 2.782 15.009 562.241 0.0285 1.54877 2456667.735820 2028.6 0
>WASP-116: 35.2157609 -1.8260419 11.021 1.426 1.250 6250.0 4.25 0.00
 WASP-116 b: 5.646 13.675 203.410 0.0650 6.61320 2457092.225280 1411.6 0
>WASP-117: 36.7758112 -50.2844247 8.780 1.220 1.290 6040.0 4.28 -0.11
 WASP-117 b: 5.703 11.882 95.349 0.0989 10.02165 2460982.967362 1023.0 0
>WASP-118: 19.5505861 2.7027847 9.788 1.696 1.320 6410.0 4.10 0.16
 WASP-118 b: 4.805 16.141 163.365 0.0545 4.04604 2456787.814230 1723.8 0
>WASP-119: 55.9336392 -65.1937800 10.545 1.200 1.020 5650.0 4.26 0.14
 WASP-119 b: 3.024 15.693 390.931 0.0363 2.49979 2456537.547000 1566.5 0
>WASP-12: 97.6366450 29.6722662 10.188 1.690 1.325 6265.0 4.11 0.12
 WASP-12 b: 3.001 22.026 444.962 0.0234 1.09142 2457607.519305 2567.4 0
>WASP-120: 62.6160813 -45.8982434 9.877 1.902 1.393 6450.0 4.04 -0.05
 WASP-120 b: 3.559 15.580 1541.476 0.0601 3.61127 2456779.434700 1749.0 0
>WASP-121: 107.6002312 -39.0972705 9.374 1.461 1.330 6628.0 4.25 0.17
 WASP-121 b: 2.887 19.526 371.859 0.0257 1.27493 2456635.708320 2409.3 0
>WASP-123: 289.4792124 -32.8601244 9.362 1.317 1.166 5740.0 4.29 0.18
 WASP-123 b: 3.094 15.132 285.729 0.0447 2.97764 2456845.173500 1503.3 0
>WASP-124: 332.7143373 -30.7497189 11.310 1.020 1.070 6050.0 4.44 -0.02
 WASP-124 b: 2.570 13.899 190.698 0.0449 3.37265 2457028.583400 1390.5 0
>WASP-126: 63.3747060 -69.2265926 9.598 1.270 1.120 5800.0 4.28 0.17
 WASP-126 b: 3.408 10.805 90.300 0.0466 3.28883 2456890.319100 1460.4 0
 WASP-126 c: nan nan 64.200 0.0788 7.63000 nan 1123.0 0
>WASP-127: 160.5587646 -3.8349989 8.641 1.333 0.950 5620.0 4.18 -0.18
 WASP-127 b: 4.353 14.695 52.347 0.0484 4.17806 2456776.621240 1422.2 0
>WASP-129: 176.2990518 -42.0639575 10.412 0.900 1.000 5900.0 4.53 0.15
 WASP-129 b: 2.686 10.424 317.830 0.0628 5.74815 2457027.437300 1077.0 0
>WASP-13: 140.1029654 33.8823291 9.119 1.370 0.720 5950.0 4.06 0.00
 WASP-13 b: 4.056 13.675 114.419 0.0468 4.35301 2455575.513600 1551.9 0
>WASP-130: 203.1060194 -42.4752733 9.461 0.960 1.040 5625.0 4.49 0.26
 WASP-130 b: 3.720 9.976 390.931 0.1012 11.55098 2456921.143070 835.4 0
>WASP-131: 210.1935714 -30.5836084 8.573 1.561 1.060 5990.0 4.08 -0.20
 WASP-131 b: 3.845 13.742 86.767 0.0608 5.32201 2458282.258800 1463.6 0
>WASP-132: 217.6091998 -46.1595160 9.674 0.758 0.789 4686.0 4.56 0.15
 WASP-132 b: 11.040 10.099 136.031 0.0674 7.13352 2459337.608080 757.8 0
 WASP-132 c: 1.491 1.841 6.260 0.0183 1.01154 2458597.575840 1453.1 0
 WASP-132 d: nan nan 1639.995 2.7100 1816.60000 2455051.500000 119.5 1
>WASP-133: 314.5754375 -35.7966224 11.180 1.440 1.160 5700.0 4.18 0.29
 WASP-133 b: 3.439 13.563 368.683 0.0345 2.17642 2457116.987400 1775.7 0
>WASP-135: 267.2848846 29.8790428 11.037 0.960 0.980 5675.0 4.47 0.02
 WASP-135 b: 1.656 14.572 603.877 0.0243 1.40138 2455230.990200 1720.0 0
>WASP-136: 0.3257610 -8.9262512 8.805 2.267 1.410 6260.0 3.90 -0.18
 WASP-136 b: 5.453 16.813 479.923 0.0780 5.21536 2456776.905500 1627.2 0
>WASP-138: 41.6391598 -0.4641252 10.494 1.360 1.220 6272.0 4.25 -0.09
 WASP-138 b: 3.773 12.218 387.753 0.0494 3.63443 2457326.621830 1586.9 0
>WASP-139: 49.5621730 -41.3020235 10.472 0.800 0.920 5310.0 4.59 0.20
 WASP-139 b: 2.832 8.967 37.186 0.0620 5.92426 2457196.793300 919.8 0
>WASP-14: 218.2766247 21.8946875 8.621 1.400 1.620 6475.0 4.07 0.00
 WASP-14 b: 3.060 15.468 2809.617 0.0394 2.24375 2454463.575830 1861.4 0
>WASP-140: 60.3855387 -20.4509991 9.165 0.891 0.900 5300.0 4.51 0.12
 WASP-140 b: 1.514 14.235 775.505 0.0356 2.23598 2456912.352610 1279.4 0
>WASP-141: 71.8244347 -17.1151736 11.194 1.370 1.250 5900.0 4.26 0.29
 WASP-141 b: 3.600 13.563 854.963 0.0469 3.31065 2457019.595300 1537.7 0
>WASP-142: 140.5063164 -23.9461020 11.442 1.640 1.330 6010.0 4.13 0.26
 WASP-142 b: 2.681 17.150 266.977 0.0347 2.05287 2457007.777900 1992.3 0
>WASP-144: 320.7628761 -40.0484393 10.897 0.810 0.810 5200.0 4.53 0.18
 WASP-144 b: 1.954 9.528 139.845 0.0316 2.27832 2457157.274930 1269.5 0
>WASP-145 A: 322.2537644 -58.8361466 9.194 0.680 0.760 4900.0 4.65 -0.04
 WASP-145 A b: 0.977 10.088 282.869 0.0261 1.76904 2456844.165260 1206.0 0
>WASP-147: 359.1915117 -22.1532316 10.857 1.429 1.044 5702.0 4.21 0.09
 WASP-147 b: 4.394 12.498 87.403 0.0549 4.60273 2456562.595000 1402.8 0
>WASP-148: 254.1305022 44.3025361 10.506 0.912 0.954 5555.0 4.50 0.10
 WASP-148 b: 2.997 8.474 91.217 0.0822 8.80381 2457957.487600 892.5 0
 WASP-148 c: nan nan 124.589 0.2044 34.52400 2457935.600000 565.8 0
>WASP-149: 124.0736810 -8.6865813 9.825 1.080 1.050 5750.0 4.40 0.00
 WASP-149 b: 2.050 15.244 314.968 0.0240 1.33281 2457757.624500 1860.0 0
>WASP-15: 208.9280111 -32.1597118 9.693 1.480 1.180 6300.0 4.35 -0.17
 WASP-15 b: 3.715 15.805 171.628 0.0502 3.75210 2454584.698230 1649.9 0
>WASP-150: 264.2630197 53.0212751 10.747 1.651 1.394 6218.0 4.15 0.16
 WASP-150 b: 3.118 11.994 2688.842 0.0694 5.64421 2457217.261400 1462.4 0
>WASP-151: 349.0634651 0.3066895 11.187 1.181 1.081 5871.0 4.35 0.10
 WASP-151 b: 3.664 13.305 100.434 0.0550 4.53348 2457763.676241 1311.9 0
>WASP-153: 279.2624729 40.0186905 11.051 1.730 1.336 5914.0 4.10 0.34
 WASP-153 b: 3.840 17.374 123.954 0.0480 3.33261 2453142.542000 1712.1 0
>WASP-154: 327.7191734 -8.6359458 10.774 0.823 0.800 4774.0 4.47 0.20
 WASP-154 b: 2.565 10.761 198.961 0.0440 3.81168 2459465.891950 995.6 0
>WASP-155: 347.9797230 33.0476125 10.860 1.240 1.090 5660.0 4.30 0.00
 WASP-155 b: 3.129 13.451 276.829 0.0430 3.11041 2459852.084940 1465.6 0
>WASP-156: 32.7820850 2.4181937 9.339 0.827 0.871 4987.0 4.54 0.30
 WASP-156 b: 2.404 6.028 41.800 0.0458 3.83616 2458414.136060 1021.7 0
>WASP-157: 201.6551525 -8.3176353 10.764 1.100 1.060 5772.0 4.38 0.25
 WASP-157 b: 1.946 11.190 182.434 0.0499 3.95162 2457222.238630 1306.8 0
>WASP-158: 4.1463468 -10.9764226 10.881 1.390 1.380 6350.0 4.30 0.24
 WASP-158 b: 3.576 11.994 886.746 0.0517 3.65633 2457619.919500 1587.7 0
>WASP-159: 68.1364792 -38.9682973 11.017 2.110 1.410 6120.0 3.94 0.22
 WASP-159 b: 5.587 15.468 174.806 0.0538 3.84040 2457668.084900 1848.1 0
>WASP-16: 214.6830109 -20.2754374 9.589 1.140 1.780 5700.0 4.49 0.01
 WASP-16 b: 1.920 13.675 394.109 0.0505 3.11860 2454584.428780 1306.3 0
>WASP-160 B: 87.6795610 -27.6233218 11.055 0.868 0.870 5298.0 4.50 0.27
 WASP-160 B b: 2.844 12.218 88.357 0.0452 3.76850 2457383.654940 1119.5 0
>WASP-161: 126.3378248 -11.5009889 9.837 1.712 1.390 6400.0 4.11 0.16
 WASP-161 b: 5.129 12.812 791.397 0.0673 5.40604 2457416.528900 1556.5 0
>WASP-162: 168.2929079 -17.6577794 10.466 1.110 0.950 5300.0 4.33 0.28
 WASP-162 b: 4.258 11.209 1652.716 0.0871 9.62468 2457701.381600 912.4 0
>WASP-163: 256.5375549 -10.4130071 10.147 1.015 0.970 5500.0 4.41 -0.34
 WASP-163 b: 2.232 13.473 594.342 0.0266 1.60969 2457918.462000 1638.3 0
>WASP-164: 344.8735878 -60.4478194 10.959 0.932 0.946 5806.0 4.46 -0.01
 WASP-164 b: 1.604 12.644 676.978 0.0282 1.77713 2457203.853780 1610.1 0
>WASP-165: 357.5806472 -17.0775947 11.024 1.750 1.248 5599.0 3.93 0.33
 WASP-165 b: 4.176 14.123 209.132 0.0482 3.46551 2457649.711420 1626.3 0
>WASP-166: 144.8751047 -20.9824191 8.032 1.220 1.190 6050.0 4.34 0.19
 WASP-166 b: 3.600 7.062 32.101 0.0641 5.44354 2457664.328900 1272.7 0
>WASP-167: 196.0437932 -35.5495292 9.760 1.790 1.590 7000.0 4.13 0.10
 WASP-167 b: 2.724 17.710 2542.640 0.0365 2.02196 2456592.464300 2363.8 0
>WASP-168: 96.7446427 -46.8213635 10.443 1.120 1.080 6000.0 4.37 -0.01
 WASP-168 b: 1.913 16.814 133.489 0.0519 4.15366 2457424.527800 1344.0 0
>WASP-169: 127.3872297 -12.9447683 10.483 2.011 1.337 6110.0 3.96 0.06
 WASP-169 b: 6.053 14.617 178.303 0.0681 5.61141 2457697.017600 1601.1 0
>WASP-17: 239.9622479 -28.0617941 10.224 1.490 2.280 6550.0 4.20 -0.25
 WASP-17 b: 4.373 20.961 247.907 0.0622 3.73543 2454559.181020 1546.4 0
>WASP-170: 135.4163028 -20.7203686 10.724 0.938 0.930 5600.0 4.47 0.22
 WASP-170 b: 2.040 12.285 508.528 0.0337 2.34478 2457802.391500 1424.6 0
>WASP-171: 171.8450533 -44.0887035 11.104 1.637 1.171 5965.0 4.08 0.04
 WASP-171 b: 4.579 10.985 344.528 0.0504 3.81862 2458059.829500 1639.3 0
>WASP-172: 199.4337420 -47.2375748 10.130 1.910 1.490 6900.0 4.05 -0.10
 WASP-172 b: 5.294 17.598 149.380 0.0694 5.47743 2457032.261700 1745.5 0
>WASP-173 A: 354.1686959 -34.6113042 10.002 1.110 1.050 5800.0 4.37 0.16
 WASP-173 A b: 2.297 13.451 1172.793 0.0248 1.38665 2457288.858500 1871.1 0
>WASP-174: 195.7940145 -41.3848617 10.579 1.347 1.240 6399.0 4.27 0.06
 WASP-174 b: 2.094 16.107 104.883 0.0550 4.23370 2458545.526600 1526.6 0
>WASP-175: 166.3187996 -34.1227453 11.471 1.204 1.212 6229.0 4.36 0.15
 WASP-175 b: 2.676 13.540 314.652 0.0440 3.06529 2457143.788860 1570.7 0
>WASP-176: 313.6872928 9.1790688 10.648 1.925 1.345 5941.0 4.00 0.16
 WASP-176 b: 5.153 16.870 271.745 0.0535 3.89905 2458234.177100 1718.4 0
>WASP-177: 334.7969885 -1.8344301 10.163 0.885 0.876 5017.0 4.49 0.25
 WASP-177 b: 1.613 17.710 161.458 0.0396 3.07172 2457994.371400 1144.1 0
>WASP-178: 227.2703290 -42.7049658 9.703 1.670 2.070 9360.0 4.31 0.21
 WASP-178 b: 3.470 20.288 527.598 0.0558 3.34483 2456927.068390 2469.2 0
>WASP-18: 24.3544618 -45.6777937 8.131 1.319 1.294 6432.0 4.31 0.11
 WASP-18 b: 2.210 13.899 3241.850 0.0202 0.94145 2456740.805600 2503.8 0
>WASP-180 A: 123.3922465 -1.9827874 9.812 1.190 1.300 6600.0 4.42 0.10
 WASP-180 A b: 3.118 13.899 286.047 0.0480 3.40926 2457763.315000 1584.6 0
>WASP-181: 26.7932253 3.1329325 11.443 0.965 1.040 5839.0 4.49 0.09
 WASP-181 b: 3.065 13.271 95.031 0.0543 4.51951 2457747.666810 1187.3 0
>WASP-182: 311.6733450 -41.8209828 10.431 1.340 1.076 5638.0 4.22 0.27
 WASP-182 b: 2.597 9.528 47.039 0.0451 3.37698 2458018.660180 1481.9 0
>WASP-183: 163.7888521 -0.7370663 11.207 0.871 0.784 5313.0 4.45 -0.31
 WASP-183 b: 2.016 16.477 159.551 0.0463 4.11178 2457796.184500 1111.0 0
>WASP-184: 209.5170100 -30.3481530 11.262 1.650 1.230 6000.0 4.09 0.12
 WASP-184 b: 4.776 14.908 181.163 0.0627 5.18170 2457630.008000 1484.2 0
>WASP-185: 214.0595791 -19.5423062 9.505 1.500 1.120 5900.0 4.13 -0.02
 WASP-185 b: 4.608 14.011 311.473 0.0904 9.38755 2456935.982000 1158.9 0
>WASP-186: 18.9953122 21.6169065 9.532 1.470 1.220 6361.0 4.19 -0.08
 WASP-186 b: 2.704 12.442 1341.243 0.0600 5.02680 2456237.119500 1518.2 0
>WASP-187: 17.4747400 25.6816494 8.790 2.830 1.540 6150.0 3.72 0.00
 WASP-187 b: 5.820 18.383 254.264 0.0653 5.14788 2455197.352900 1952.3 0
>WASP-188: 278.7819771 36.6156327 11.042 1.830 1.500 6850.0 4.10 0.00
 WASP-188 b: 4.412 14.818 458.626 0.0720 5.74892 2457033.121410 1665.3 0
>WASP-189: 225.6867320 -3.0314874 6.060 2.360 2.030 8000.0 3.90 0.29
 WASP-189 b: 4.334 18.147 632.479 0.0505 2.72403 2458926.541696 2636.4 0
>WASP-19: 148.4167672 -45.6591078 10.481 1.006 0.965 5616.0 4.42 0.04
 WASP-19 b: 1.607 15.861 366.774 0.0165 0.78884 2456402.712800 2113.3 0
>WASP-190: 7.7095292 -40.5734613 10.650 1.600 1.350 6400.0 4.17 -0.02
 WASP-190 b: 4.464 12.890 317.830 0.0663 5.36775 2457799.125600 1516.1 0
>WASP-192: 223.6587187 -38.7445469 11.137 1.320 1.090 5910.0 4.24 0.14
 WASP-192 b: 2.314 13.787 731.009 0.0408 2.87868 2457271.333100 1621.0 0
>WASP-193: 164.3491401 -29.9971229 10.745 1.213 1.018 6080.0 4.28 -0.11
 WASP-193 b: 4.256 14.785 35.597 0.0668 6.24635 2459243.310800 1249.3 0
>WASP-194: 295.3877064 56.2178049 10.875 1.409 1.290 6405.0 4.27 0.00
 WASP-194 b: 2.017 15.480 373.131 0.0470 3.18339 2457449.051100 1691.1 0
>WASP-195: 247.5496427 49.8957910 10.679 1.578 1.300 6300.0 4.14 0.00
 WASP-195 b: 3.743 10.312 33.054 0.0630 5.05193 2457357.238550 1520.4 0
>WASP-197: 160.6307133 28.1986255 10.017 2.112 1.360 6050.0 3.90 0.00
 WASP-197 b: 5.976 14.448 403.324 0.0650 5.16723 2456885.104280 1662.9 0
>WASP-2: 307.7255587 6.4293305 9.632 0.866 0.895 5180.0 4.51 0.12
 WASP-2 b: 1.788 12.117 295.900 0.0314 2.15218 2458339.003420 1310.9 0
>WASP-20: 5.1605621 -23.9357894 9.390 1.242 1.200 5940.0 4.23 -0.01
 WASP-20 b: 3.403 15.468 98.841 0.0549 4.89963 2455715.665910 1362.7 0
>WASP-21: 347.4928024 18.3961597 9.982 1.136 1.004 5800.0 4.28 -0.46
 WASP-21 b: 3.355 11.990 95.345 0.0520 4.32248 2454743.041900 1307.2 0
>WASP-22: 52.8180374 -23.8197924 10.318 1.240 1.460 6000.0 4.50 -0.05
 WASP-22 b: 3.443 13.787 212.946 0.0516 3.53269 2458411.901592 1419.0 0
>WASP-23: 101.1275033 -42.7622296 10.450 0.765 0.780 5150.0 4.40 -0.05
 WASP-23 b: 2.394 10.783 280.950 0.0376 2.94443 2455320.123630 1120.2 0
>WASP-24: 227.2154975 2.3432860 10.148 1.420 1.430 6075.0 4.26 0.00
 WASP-24 b: 2.500 15.468 394.109 0.0390 2.34121 2459714.654156 1767.0 0
>WASP-25: 195.3597581 -27.5222273 10.174 0.884 0.962 5697.0 4.53 -0.20
 WASP-25 b: 2.760 13.809 179.255 0.0466 3.76483 2455274.996490 1196.8 0
>WASP-26: 4.6030424 -15.2674044 9.690 1.220 0.860 6034.0 4.44 0.16
 WASP-26 b: 2.383 13.563 270.156 0.0365 2.75660 2455228.388420 1682.6 0
>WASP-28: 353.6162694 -1.5799849 10.732 1.083 0.993 6150.0 4.37 -0.29
 WASP-28 b: 3.239 13.664 282.549 0.0442 3.40883 2457642.502126 1468.0 0
>WASP-29: 357.8791976 -39.9071215 8.783 0.790 0.770 4800.0 4.50 0.11
 WASP-29 b: 2.659 8.631 73.101 0.0447 3.92273 2455320.234100 972.5 0
>WASP-3: 278.6317411 35.6614312 9.361 1.440 1.620 6400.0 4.25 0.00
 WASP-3 b: 2.772 15.917 772.327 0.0347 1.84683 2454640.649930 1988.4 0
>WASP-31: 169.4388603 -19.0547781 10.650 1.252 1.163 6302.0 4.31 -0.20
 WASP-31 b: 2.647 17.363 151.916 0.0466 3.40591 2455192.688700 1575.3 0
>WASP-32: 3.9617073 1.2005122 10.161 0.950 0.720 6140.0 4.40 -0.13
 WASP-32 b: 2.424 10.761 835.893 0.0341 2.71866 2455151.054600 1562.6 0
>WASP-33: 36.7127375 37.5504441 7.468 1.444 1.495 7430.0 4.30 0.10
 WASP-33 b: 2.854 17.856 665.218 0.0239 1.21987 2459883.198788 2784.9 0
>WASP-34: 165.3993679 -23.8609457 8.792 0.910 0.960 5700.0 4.50 -0.02
 WASP-34 b: 1.822 11.209 177.985 0.0511 4.31768 2460031.706114 1160.1 0
>WASP-35: 76.0818912 -6.2297801 9.525 1.080 1.050 5990.0 4.40 -0.15
 WASP-35 b: 3.143 14.572 225.659 0.0428 3.16158 2459176.768453 1450.2 0
>WASP-36: 131.5803897 -8.0269855 11.294 0.985 1.081 5959.0 4.49 -0.26
 WASP-36 b: 1.816 14.874 750.397 0.0268 1.53737 2455569.837710 1743.0 0
>WASP-37: 221.9438866 1.0650227 11.093 1.003 0.925 5800.0 4.25 -0.40
 WASP-37 b: 3.130 13.002 572.070 0.0446 3.57747 2455338.618800 1326.3 0
>WASP-38: 243.9597194 10.0324103 7.998 1.520 1.760 6180.0 4.25 -0.02
 WASP-38 b: 4.807 13.787 1093.335 0.0856 6.87188 2459005.512410 1255.7 0
>WASP-39: 217.3266477 -3.4444994 10.202 0.939 0.913 5485.0 4.45 0.01
 WASP-39 b: 2.803 14.336 89.310 0.0483 4.05529 2455342.969130 1166.4 0
>WASP-4: 353.5629149 -42.0617794 10.746 0.912 0.899 5504.0 4.47 -0.01
 WASP-4 b: 2.166 15.121 381.394 0.0226 1.33823 2456139.073560 1685.6 0
>WASP-41: 190.6188034 -30.6398176 9.677 0.830 0.810 5545.0 4.53 0.06
 WASP-41 b: 2.638 12.330 270.156 0.0384 3.05240 2456014.993600 1242.4 0
 WASP-41 c: nan nan 1010.699 1.0700 421.00000 nan 241.1 1
>WASP-42: 192.9812030 -42.0736165 10.033 0.892 0.951 5315.0 4.51 0.29
 WASP-42 b: 2.890 12.576 167.496 0.0561 4.98168 2455650.567280 1022.0 0
>WASP-43: 154.9081869 -9.8064431 9.267 0.600 0.580 4400.0 4.65 -0.05
 WASP-43 b: 1.159 10.424 565.714 0.0142 0.81347 2455528.867740 1379.2 0
>WASP-44: 3.9032733 -11.9382645 11.341 0.906 0.935 5420.0 4.49 -0.00
 WASP-44 b: 2.237 12.330 276.512 0.0345 2.42380 2458338.102384 1338.7 0
>WASP-45: 5.2377567 -35.9984650 10.294 0.855 0.850 5150.0 4.50 -0.03
 WASP-45 b: 1.682 10.604 306.388 0.0396 3.12609 2458339.143039 1153.5 0
>WASP-46: 318.7370122 -55.8718634 11.401 0.858 0.828 5600.0 4.49 -0.30
 WASP-46 b: 1.674 13.159 607.055 0.0233 1.43037 2455392.316590 1636.9 0
>WASP-47: 331.2030920 -12.0190670 10.192 1.156 1.058 5552.0 4.34 0.38
 WASP-47 b: 3.578 12.860 374.000 0.0516 4.15915 2459407.761987 1267.5 0
 WASP-47 c: nan nan 447.000 1.4021 589.57000 2457763.100000 243.1 0
 WASP-47 d: 4.370 3.650 15.500 0.0865 9.03050 2457024.430107 978.8 0
 WASP-47 e: 1.880 1.830 9.000 0.0170 0.78961 2457012.136660 2205.3 0
>WASP-48: 291.1623865 55.4730273 10.372 1.580 0.880 5920.0 4.03 -0.12
 WASP-48 b: 3.185 16.814 254.264 0.0312 2.14363 2455364.550430 2030.5 0
>WASP-49: 91.0897193 -16.9653901 9.749 0.970 0.920 5600.0 4.50 -0.23
 WASP-49 b: 2.140 12.442 117.597 0.0378 2.78174 2456267.683890 1368.7 0
>WASP-5: 359.3490277 -41.2772202 10.598 1.029 0.960 5700.0 4.39 0.09
 WASP-5 b: 2.369 12.184 502.150 0.0267 1.62843 2454373.995980 1706.3 0
>WASP-50: 43.6880738 -10.8980242 9.969 0.843 0.892 5400.0 4.54 -0.12
 WASP-50 b: 1.834 13.070 466.829 0.0293 1.95510 2459169.669461 1396.7 0
>WASP-52: 348.4947931 8.7610793 10.086 0.790 0.870 5000.0 4.58 0.03
 WASP-52 b: 1.810 14.240 146.200 0.0272 1.74978 2455793.681430 1299.4 0
>WASP-53: 31.9091639 -20.6618430 10.390 0.798 0.839 4953.0 4.55 0.22
 WASP-53 b: 2.268 12.038 677.614 0.0410 3.30984 2455943.566950 1053.6 0
 WASP-53 c: nan nan 5196.520 3.7300 2840.00000 nan 110.5 1
>WASP-54: 205.4542456 -0.1281712 9.035 1.760 1.080 6100.0 4.00 -0.27
 WASP-54 b: 4.471 17.710 187.520 0.0481 3.69364 2455518.350870 1778.8 0
>WASP-55: 203.7581951 -17.5034961 10.396 1.090 1.071 6096.0 4.39 -0.03
 WASP-55 b: 3.533 14.729 186.247 0.0540 4.46563 2455737.939190 1320.2 0
>WASP-56: 183.3660401 23.0556870 10.532 0.960 0.710 5600.0 4.50 0.12
 WASP-56 b: 3.555 10.536 143.024 0.0486 4.61710 2459659.915254 1200.5 0
>WASP-57: 223.8199788 -2.0576866 11.244 0.927 0.886 5600.0 4.45 -0.25
 WASP-57 b: 2.304 11.769 204.683 0.0377 2.83892 2456058.549100 1339.2 0
>WASP-58: 274.7012534 45.1722194 10.285 1.220 1.060 5800.0 4.27 -0.45
 WASP-58 b: 3.797 16.029 308.295 0.0587 5.01718 2455183.933500 1274.8 0
>WASP-59: 349.6229547 24.8892770 9.723 0.613 0.719 4650.0 4.72 -0.15
 WASP-59 b: 2.448 8.687 274.276 0.0697 7.91958 2455830.955590 665.0 0
>WASP-6: 348.1571282 -22.6741248 10.325 0.790 0.854 5438.0 4.57 -0.15
 WASP-6 b: 2.569 12.543 148.426 0.0412 3.36100 2454596.432600 1148.5 0
>WASP-60: 356.6667136 31.1559115 10.585 1.170 1.190 5900.0 4.20 -0.04
 WASP-60 b: 3.336 9.864 174.806 0.0546 4.30500 2455747.029500 1316.6 0
>WASP-61: 75.2996637 -26.0541438 11.008 1.550 1.820 6250.0 4.26 -0.10
 WASP-61 b: 3.941 15.805 851.784 0.0587 3.85590 2455859.528250 1548.1 0
>WASP-62: 87.1398205 -63.9883286 8.944 1.230 1.110 6230.0 4.45 0.04
 WASP-62 b: 3.816 14.796 165.272 0.0546 4.41195 2455767.153300 1425.5 0
>WASP-63: 94.3363562 -38.3233826 9.393 1.860 1.280 5550.0 4.01 0.08
 WASP-63 b: 5.390 15.805 117.597 0.0570 4.37808 2458469.697072 1528.7 0
>WASP-64: 101.1149223 -32.8583878 10.956 1.058 1.004 5400.0 4.39 -0.08
 WASP-64 b: 2.400 14.247 403.945 0.0265 1.57329 2455582.601690 1645.9 0
>WASP-65: 133.3242982 8.5230171 10.346 1.010 0.930 5600.0 4.40 -0.07
 WASP-65 b: 2.735 12.464 492.620 0.0334 2.31142 2456110.687720 1484.9 0
>WASP-66: 158.2250301 -34.9899074 10.452 1.760 1.330 6600.0 4.30 -0.31
 WASP-66 b: 4.542 15.693 746.900 0.0551 4.08605 2458544.170492 1799.0 0
>WASP-67: 295.7438485 -19.9497314 10.129 0.880 0.910 5200.0 4.35 -0.07
 WASP-67 b: 1.896 12.890 136.667 0.0525 4.61442 2455824.374200 1026.5 0
>WASP-68: 305.0957239 -19.3147271 8.948 1.790 1.490 5910.0 4.17 0.22
 WASP-68 b: 5.136 14.796 343.256 0.0660 5.08430 2456064.863560 1484.0 0
>WASP-69: 315.0259661 -5.0948570 7.459 0.801 0.830 4792.0 4.57 0.35
 WASP-69 b: 2.187 11.210 82.580 0.0453 3.86814 2455748.834280 971.7 0
>WASP-7: 311.0427558 -39.2254856 8.396 1.432 1.276 6400.0 4.23 0.00
 WASP-7 b: 3.775 14.908 305.117 0.0617 4.95464 2455446.634930 1486.8 0
>WASP-70 A: 315.4771912 -13.4333821 9.580 1.215 1.106 5763.0 4.31 -0.01
 WASP-70 A b: 3.334 13.047 187.512 0.0485 3.71302 2455736.503480 1390.5 0
>WASP-71: 29.2634506 0.7588247 9.320 1.820 0.760 6050.0 3.90 0.15
 WASP-71 b: 5.018 13.227 441.784 0.0364 2.90367 2455738.849740 2063.0 0
>WASP-72: 41.0400779 -30.1690785 9.617 2.180 2.780 6250.0 4.09 -0.06
 WASP-72 b: 3.739 14.460 731.009 0.0467 2.21673 2455583.652900 2058.3 0
>WASP-73: 319.9496969 -58.1489328 9.028 2.550 2.520 6030.0 3.93 0.14
 WASP-73 b: 5.586 15.917 908.994 0.0682 4.08722 2460150.608677 1778.1 0
>WASP-74: 304.5388430 -1.0760033 8.221 1.420 0.980 5990.0 4.39 0.39
 WASP-74 b: 1.879 15.244 228.838 0.0321 2.13775 2460532.279247 1921.3 0
>WASP-75: 342.3858995 -10.6754686 10.062 1.260 1.140 6100.0 4.29 0.07
 WASP-75 b: 1.973 14.235 340.060 0.0375 2.48419 2456016.266900 1705.0 0
>WASP-76: 26.6329360 2.7003890 8.243 1.756 1.458 6329.0 4.20 0.37
 WASP-76 b: 3.800 20.781 284.139 0.0330 1.80988 2458080.626165 2226.2 0
>WASP-77 A: 37.1555223 -7.0606675 8.405 0.910 0.903 5617.0 4.48 -0.10
 WASP-77 A b: 2.160 11.616 529.311 0.0232 1.36003 2459957.337860 1695.1 0
>WASP-78: 63.7562662 -22.1163901 11.008 2.460 1.870 6100.0 4.10 -0.35
 WASP-78 b: 4.687 21.633 352.791 0.0405 2.17518 2455882.358780 2292.5 0
>WASP-79: 66.3709016 -30.6004362 9.056 1.510 1.390 6600.0 4.20 0.03
 WASP-79 b: 3.816 17.150 270.154 0.0519 3.66239 2456215.455600 1716.7 0
>WASP-8: 359.9008737 -35.0313349 8.086 1.030 1.340 5600.0 4.50 0.17
 WASP-8 b: 4.288 12.666 807.288 0.0876 8.15872 2460202.792714 926.2 0
 WASP-8 c: nan nan 3003.370 5.2800 4323.00000 nan 119.3 1
>WASP-80: 303.1667996 -2.1444369 8.351 0.586 0.577 4143.0 4.66 -0.13
 WASP-80 b: 2.131 11.198 170.993 0.0344 3.06785 2456487.425006 824.6 0
>WASP-81: 304.2079924 3.2939492 10.892 1.283 1.080 5870.0 4.26 -0.36
 WASP-81 b: 3.530 16.018 231.698 0.0391 2.71648 2456195.574620 1621.8 0
>WASP-82: 72.6605916 1.8938365 8.759 2.100 1.480 6480.0 3.96 0.12
 WASP-82 b: 4.992 18.159 371.861 0.0433 2.70579 2456931.844400 2177.0 0
>WASP-83: 190.1519558 -19.2843527 10.393 1.050 1.110 5510.0 4.44 0.29
 WASP-83 b: 3.365 11.657 95.349 0.0590 4.97125 2455928.885300 1120.9 0
>WASP-84: 131.1069959 1.8598933 8.855 0.768 0.853 5314.0 4.40 0.00
 WASP-84 b: 2.760 10.720 220.000 0.0778 8.52350 2457956.711940 805.1 0
 WASP-84 c: 1.111 1.950 15.200 0.0236 1.44688 2457952.454300 1462.1 0
>WASP-85 A: 175.9080328 6.5637842 8.733 0.935 1.090 6112.0 4.48 0.12
 WASP-85 A b: 2.596 13.899 402.055 0.0390 2.65568 2456847.472856 1443.1 0
>WASP-87: 185.3246821 -52.8408163 9.552 1.627 1.204 6450.0 4.08 nan
 WASP-87 b: 3.031 15.524 692.869 0.0295 1.68280 2457082.076560 2311.4 0
>WASP-88: 309.5112337 -48.4620833 10.322 1.800 0.940 6430.0 3.96 -0.08
 WASP-88 b: 5.957 16.365 133.489 0.0558 4.95400 2459040.905327 1760.5 0
>WASP-89: 313.9000261 -18.9714084 11.004 0.880 0.920 5130.0 4.51 0.15
 WASP-89 b: 2.460 11.657 1875.197 0.0427 3.35642 2456207.021140 1123.0 0
>WASP-90: 315.5319489 7.0562793 10.248 1.980 1.550 6430.0 4.03 0.11
 WASP-90 b: 3.355 18.271 200.233 0.0562 3.91624 2456235.563900 1840.4 0
>WASP-91: 357.8464340 -70.1528621 9.712 0.860 0.840 4920.0 4.30 0.19
 WASP-91 b: 2.342 11.545 425.892 0.0370 2.79858 2456297.719000 1143.8 0
>WASP-92: 246.6920395 51.0411328 11.519 1.341 1.190 6280.0 4.26 0.00
 WASP-92 b: 2.767 16.376 255.853 0.0348 2.17467 2456381.283400 1879.8 0
>WASP-93: 9.4587443 51.2887780 9.942 1.524 1.334 6700.0 4.20 0.07
 WASP-93 b: 2.234 17.901 467.210 0.0421 2.73253 2456079.564200 1943.6 0
>WASP-94 A: 313.7832393 -34.1357512 8.874 1.480 1.670 6170.0 4.27 0.26
 WASP-94 A b: 4.488 17.710 158.915 0.0581 3.95019 2456416.401380 1501.8 0
>WASP-94 B: 313.7882932 -34.1357240 9.188 1.350 1.240 6040.0 4.26 0.23
 WASP-94 B b: nan nan 196.411 0.0335 2.00839 nan 1848.9 1
>WASP-95: 337.4578243 -48.0030988 8.564 1.230 1.460 5830.0 4.36 0.14
 WASP-95 b: 2.784 13.787 457.675 0.0372 2.18467 2456338.458510 1615.7 0
>WASP-96: 1.0465696 -47.3606352 10.914 1.050 1.060 5540.0 4.42 0.14
 WASP-96 b: 2.426 13.450 152.550 0.0453 3.42526 2456258.062100 1286.1 0
>WASP-97: 24.6051389 -55.7720006 9.030 1.080 1.180 5640.0 4.45 0.23
 WASP-97 b: 2.582 12.778 432.249 0.0338 2.07276 2456438.186830 1538.4 0
>WASP-98: 58.4290113 -34.3282716 11.284 0.741 0.809 5473.0 4.61 -0.49
 WASP-98 b: 1.908 12.823 293.039 0.0376 2.96264 2456333.392075 1171.3 0
>WASP-99: 39.8976689 -50.0081934 8.088 1.640 1.210 6150.0 4.30 0.21
 WASP-99 b: 5.233 11.433 772.327 0.0669 5.75251 2460988.126499 1468.5 0
>WD 0806-661: 121.7275683 -66.3058835 13.781 nan 0.605 10393.0 nan nan
 WD 0806-661 b: nan 12.106 2224.799 2500.0000 nan nan nan 0
>WD 1856+534: 284.4156750 53.5090244 15.548 0.013 0.518 4710.0 7.92 nan
 WD 1856+534 b: 0.133 10.400 4386.054 0.0204 1.40794 2458779.375083 182.0 0
>WISE J033605.05-014350.4: 54.0210417 -1.7306944 nan nan 0.013 415.0 nan nan
 WISE J033605.05-014350.4 b: nan nan 2622.084 0.9700 2560.00000 nan nan 0
>WISEP J121756.91+162640.2 A: 184.4871250 16.4445000 nan 0.091 0.029 575.0 5.00 nan
 WISEP J121756.91+162640.2 A b: nan 10.468 6992.000 8.0000 nan nan 3.0 0
>WISPIT 1: 117.7985550 -50.1376852 10.121 nan nan 4670.0 nan nan
 WISPIT 1 b: nan nan 3305.415 338.0000 nan nan nan 0
 WISPIT 1 c: nan nan 1684.491 840.0000 nan nan nan 0
>WISPIT 2: 290.8209991 -7.6820823 8.577 1.418 1.080 4400.0 4.00 nan
 WISPIT 2 b: nan 17.934 1541.468 57.0000 nan nan 33.5 0
 WISPIT 2 c: nan 19.562 3178.284 14.0000 nan nan 66.6 0
>WTS-1: 293.9850284 36.2962939 15.271 1.150 1.200 6250.0 4.40 -0.50
 WTS-1 b: nan 16.700 1274.440 0.0470 3.35206 2454318.747200 1490.8 0
>WTS-2: 293.7327826 36.8154936 13.414 0.752 0.820 5000.0 4.60 0.20
 WTS-2 b: 1.495 15.278 355.970 0.0186 1.01871 2454317.813330 1535.1 0
>Wendelstein-1: 299.0506412 17.5699627 12.198 0.610 0.650 4251.0 4.55 nan
 Wendelstein-1 b: 1.843 11.561 188.155 0.0282 2.66342 2455367.738464 953.4 0
>Wendelstein-2: 297.7909214 16.9125679 13.332 0.660 0.730 4591.0 4.53 nan
 Wendelstein-2 b: 2.171 12.993 232.334 0.0234 1.75222 2455679.254400 1175.7 0
>Wolf 1061: 247.5748276 -12.6676866 5.075 0.307 0.294 3342.0 nan -0.09
 Wolf 1061 b: nan nan 1.910 0.0375 4.88690 nan 461.1 1
 Wolf 1061 c: nan nan 3.410 0.0890 17.87190 nan 299.3 1
 Wolf 1061 d: nan nan 7.700 0.4700 217.21000 nan 130.2 1
>Wolf 1069: 306.5242477 58.5753044 8.095 0.181 0.167 3158.0 4.93 0.07
 Wolf 1069 b: nan nan 1.260 0.0672 15.56400 nan 250.1 1
>Wolf 327: 148.3783199 35.5705480 8.435 0.406 0.405 3542.0 4.87 -0.17
 Wolf 327 b: 0.900 1.240 2.530 0.0100 0.57347 2459252.981100 1088.3 0
>Wolf 503: 206.8461979 -6.1393369 7.617 0.689 0.688 4716.0 4.62 -0.47
 Wolf 503 b: 1.330 2.043 6.260 0.0571 6.00127 2458191.361449 790.2 0
>XEST 17-036: 68.3592880 22.7580560 9.924 nan 0.260 3551.0 3.44 -0.15
 KOINTREAU-1 b: nan nan 3368.981 690.0000 nan nan nan 0
>XO-1: 240.5492745 28.1696248 9.527 0.880 0.880 5750.0 4.51 0.02
 XO-1 b: 2.992 12.778 263.799 0.0465 3.94153 2453808.917050 1205.8 0
>XO-2 N: 117.0267691 50.2251472 9.308 0.998 0.960 5290.0 4.43 0.37
 XO-2 N b: 2.684 11.217 188.790 0.0367 2.61586 2454508.738290 1330.9 1
>XO-2 S: 117.0309753 50.2169068 9.272 1.020 0.980 5325.0 4.42 0.32
 XO-2 S b: nan nan 82.635 0.1347 18.22000 nan 706.6 1
 XO-2 S c: nan nan 438.603 0.4737 120.05900 nan 376.8 1
 XO-2 S d: nan nan 1179.143 5.4600 4696.00000 nan 111.0 1
>XO-3: 65.4695814 57.8172095 8.791 1.523 1.449 6970.0 4.23 -0.16
 XO-3 b: 2.964 14.796 4217.583 0.0481 3.19152 2457424.987860 1890.2 0
>XO-4: 110.3880285 58.2681094 9.406 1.450 1.100 6397.0 4.18 -0.04
 XO-4 b: 4.454 14.011 451.319 0.0518 4.12508 2460339.400472 1632.2 0
>XO-5: 116.7163868 39.0944695 10.345 1.130 1.040 5430.0 4.35 0.05
 XO-5 b: 3.118 12.780 378.200 0.0515 4.18776 2456864.312900 1226.5 0
>XO-6: 94.7929552 73.8275672 9.246 1.930 1.470 6720.0 4.04 -0.07
 XO-6 b: 2.900 23.203 1398.452 0.0815 3.76500 2456652.712450 1576.9 0
>XO-7: 277.4780753 85.2333208 9.241 1.480 1.405 6250.0 4.25 0.43
 XO-7 b: 2.772 15.390 225.341 0.0442 2.86414 2457917.475030 1743.7 0
>YZ Cet: 18.1330792 -16.9962434 nan 0.157 0.142 3151.0 5.17 -0.18
 YZ Cet b: nan nan 0.700 0.0163 2.02087 nan 471.0 1
 YZ Cet c: nan nan 1.140 0.0216 3.05989 nan 410.0 1
 YZ Cet d: nan nan 1.090 0.0285 4.65626 nan 356.6 1
>ZTF J1230-2655: 187.5689308 -26.9309608 nan 0.012 0.646 10000.0 8.07 nan
 ZTF J1230-2655 b: 0.500 13.787 7024.008 0.0001 0.23598 2460432.547881 5976.1 0
>ZTF J1828+2308: 277.2031946 23.1439121 nan 0.013 0.610 15900.0 8.05 nan
 ZTF J1828+2308 b: nan 11.131 6356.568 0.0001 0.11201 2460431.649404 12281.7 0
>alf Ari: 31.7932860 23.4624210 -0.783 13.900 1.500 4553.0 2.33 -0.09
 alf Ari b: nan nan 572.070 1.2000 380.80000 nan 747.2 1
>alf Tau: 68.9801740 16.5092010 -3.044 45.100 1.130 4055.0 1.20 -0.27
 alf Tau b: nan nan 2056.360 1.4600 628.96000 nan 1086.8 1
>b Cen A: 220.4897992 -37.7936323 4.487 nan 5.500 nan nan nan
 b Cen AB b: nan nan 3464.330 556.0000 1790000.00000 nan nan 0
>bet Cnc: 124.1286379 9.1853306 0.190 47.200 1.700 4092.1 1.40 -0.29
 bet Cnc b: nan nan 2479.000 1.7000 605.20000 nan 1039.7 1
>bet Pic: 86.8212337 -51.0661480 3.526 1.544 1.789 8038.7 4.35 nan
 bet Pic b: nan 18.495 2765.107 10.0700 8682.00000 nan 151.8 0
 bet Pic c: nan nan 2765.107 2.7000 1202.00000 nan 293.1 0
 bet Pic d: nan 14.123 762.788 26.0000 33200.00000 nan 94.5 0
>bet UMi: 222.6764950 74.1555480 -1.287 38.300 1.400 4126.0 1.50 -0.27
 bet UMi b: nan nan 1938.700 1.4000 522.30000 nan 1040.6 1
>eps CrB: 239.3965057 26.8776171 1.349 21.000 1.700 4406.0 1.94 -0.09
 eps CrB b: nan nan 2129.461 1.3000 417.90000 nan 853.9 1
>eps Eri: 53.2284306 -9.4581715 1.776 0.759 0.820 5020.4 4.59 -0.04
 eps Eri b: nan nan 317.828 3.5300 2680.00000 2457405.000000 112.3 0
>eps Ind A: 330.8714021 -56.7969023 2.237 0.713 0.800 4700.0 5.25 -0.17
 eps Ind A b: nan nan 2065.885 15.7600 25450.00000 nan 48.2 0
>eps Tau: 67.1546573 19.1802782 1.422 12.350 2.570 4877.0 2.66 0.10
 eps Tau b: nan nan 2285.186 1.8780 585.82000 nan 603.1 1
>gam Cep: 354.8358233 77.6331009 1.038 4.740 1.270 4775.0 3.19 0.18
 gam Cep b: nan nan 2097.667 1.9946 913.00000 2453117.000000 355.0 0
>gam Lib: 233.8818636 -14.7895020 1.524 12.380 1.780 4879.0 2.50 -0.27
 gam Lib b: nan nan 357.875 1.3190 414.88000 nan 720.8 1
 gam Lib c: nan nan 1662.560 2.3180 966.49000 nan 543.7 1
>gam Psc: 349.2946794 3.2823664 1.393 11.200 0.990 4742.0 2.33 -0.62
 gam Psc b: nan nan 425.890 1.3200 555.10000 nan 666.1 1
>gam1 Leo: 154.9932080 19.8413890 -0.806 31.880 1.230 4330.0 1.59 -0.51
 gam1 Leo b: nan nan 2790.430 1.1900 428.50000 nan 1080.7 1
>iot Dra: 231.2323227 58.9661403 0.671 11.790 1.540 4504.0 2.48 0.03
 iot Dra b: nan nan 3756.732 1.4530 510.85440 nan 618.7 1
 iot Dra c: nan nan 4958.123 19.4000 25000.00000 nan 169.3 1
>kap And: 355.1025974 44.3338511 4.571 2.109 2.768 11327.0 4.17 0.00
 kap And b: nan 15.917 5498.431 55.0000 nan nan 107.0 0
>kap CrB: 237.8080012 35.6558818 2.423 4.680 1.330 4840.0 3.20 0.09
 kap CrB b: nan nan 483.735 2.5000 1253.68000 nan 319.3 1
>mu Leo: 148.1898673 26.0067142 1.364 11.400 1.500 4538.2 2.40 0.36
 mu Leo b: nan nan 762.800 1.1000 357.80000 nan 704.5 1
>mu2 Sco: 253.0838724 -38.0176339 4.292 5.600 9.100 21700.0 3.80 nan
 mu2 Sco b: nan nan 4576.729 242.4000 nan nan 159.0 0
>nu Oct A: 325.3702792 -77.3910853 1.458 5.040 1.570 4910.0 3.23 0.18
 nu Oct A b: nan nan 696.044 1.2400 402.40000 nan 477.3 0
>nu Oph: 269.7566013 -9.7741342 1.225 12.240 2.610 4887.0 2.64 0.10
 nu Oph b: nan nan 6848.567 1.7650 529.93000 nan 620.6 1
 nu Oph c: nan nan 7530.308 5.8290 3180.60000 nan 341.5 1
>ome Ser: 237.5732422 2.1963040 2.929 10.990 1.010 4724.0 2.37 -0.12
 ome Ser b: nan nan 233.922 0.8380 278.59000 nan 824.9 1
>omi CrB: 230.0350768 29.6160222 2.934 11.870 1.300 4769.0 2.36 -0.27
 omi CrB b: nan nan 355.968 0.6990 187.01000 nan 947.6 1
>omi UMa: 127.5649503 60.7177048 1.339 13.840 2.720 5075.0 2.58 -0.16
 omi UMa b: nan nan 1160.392 3.6910 1569.81000 nan 473.9 1
>psi1 Dra B: 265.4925754 72.1557114 4.527 nan 1.190 6212.0 4.20 0.01
 psi1 Dra B b: nan nan 486.280 4.4300 3117.00000 nan nan 1
>rho CrB: 240.2600639 33.3001861 3.857 1.340 1.000 5817.0 4.25 -0.20
 rho CrB b: nan nan 347.995 0.2283 39.84900 2455479.620000 679.5 1
 rho CrB c: nan nan 27.442 0.4273 102.03600 2455204.400000 496.7 1
 rho CrB e: nan nan 3.710 0.1077 12.90400 2455498.500000 989.6 1
>tau Boo: 206.8134593 17.4571647 3.507 1.426 1.320 6466.3 4.25 0.26
 tau Boo b: nan nan 1373.026 0.0490 3.31246 2453104.828000 1682.0 1
>tau Cet: 26.0093029 -15.9337987 1.794 nan 0.783 nan nan nan
 tau Cet f: nan nan 3.930 1.3340 636.13000 nan nan 1
 tau Cet g: nan nan 1.750 0.1330 20.00000 nan nan 1
 tau Cet h: nan nan 1.830 0.2430 49.41000 nan nan 1
>tau Gem: 107.7847232 30.2449545 1.681 26.800 2.300 4388.0 1.96 0.14
 tau Gem b: nan nan 6547.000 1.1700 305.50000 nan 1012.7 1
>ups And: 24.1983534 41.4038147 2.859 1.560 1.300 6105.5 4.07 0.10
 ups And b: nan nan 218.531 0.0592 4.61703 2454083.853000 1511.0 1
 ups And c: nan nan 629.595 0.8278 241.25800 2454652.200000 404.2 1
 ups And d: nan nan 1313.220 2.5133 1276.46000 2453360.600000 232.0 1
>ups Leo: 174.2372188 -0.8235643 2.184 11.220 1.480 4836.0 2.46 -0.20
 ups Leo b: nan nan 162.092 1.1800 385.20000 nan 719.1 1
>xi Aql: 298.5624491 8.4611051 2.171 10.860 1.740 4841.0 2.61 -0.11
 xi Aql b: nan nan 616.905 0.6250 136.97000 nan 973.1 1
