# > host: RA(deg) dec(deg) Ks_mag rstar(rsun) mstar(msun) teff(K) log_g metallicity(dex)
# planet: T14(h) rplanet(rearth) mplanet(mearth) semi-major_axis(AU) period(d) transit_epoch(BJD) t_eq(K) is_min_mass
>EPIC 201324549: 171.2359520 -2.0851600 10.890 1.760 nan 6380.0 nan nan
 EPIC 201324549.01: 1.113 7.657 nan nan 2.51940 2460284.250850 nan 0
>EPIC 201683540: 169.2148600 3.3638920 12.347 1.067 0.690 4427.0 4.22 nan
 EPIC 201683540.01: 1.632 15.866 nan 0.0271 1.96134 2459526.447465 1339.5 0
>EPIC 202126884: 96.6791950 25.2050010 10.884 2.369 1.260 6350.0 3.79 nan
 EPIC 202126884.01: 6.691 19.668 nan 0.0644 5.31938 2459550.580295 1857.1 0
>EPIC 205947161: 340.9597120 -16.4624630 9.864 1.630 1.112 6010.0 4.06 nan
 EPIC 205947161.01: 1.629 15.461 nan 0.1379 17.72568 2459470.788849 996.4 0
>EPIC 206061524: 335.0576160 -13.1147720 11.579 0.807 0.643 4111.0 4.43 nan
 EPIC 206061524.01: 2.474 8.021 nan 0.0550 5.87672 2460808.113722 759.3 0
>EPIC 208833261: 91.1082860 22.4994500 12.826 1.564 1.690 7407.0 4.28 nan
 EPIC 208833261.01: 4.373 16.659 nan 0.0535 3.47324 2459528.342430 1931.2 0
>EPIC 210463428: 64.2438240 14.7715620 10.654 0.490 0.488 3553.0 4.75 nan
 EPIC 210463428.01: 1.832 14.619 nan 0.0434 4.72049 2459177.194950 575.7 0
>EPIC 210550063: 61.1318620 16.2166470 9.626 1.306 1.188 6194.5 4.28 nan
 EPIC 210550063.01: 1.593 2.911 nan 0.0347 2.16595 2459449.712088 1832.5 0
>EPIC 210775710: 54.2743230 19.4995950 10.208 1.092 1.043 5765.3 4.38 nan
 EPIC 210775710.01: 4.370 11.756 nan 0.3037 59.84740 2459518.397405 527.2 0
>EPIC 211147528: 59.6471910 25.3885870 10.619 1.510 1.698 7418.5 4.31 nan
 EPIC 211147528.01: 2.014 14.655 nan 0.0413 2.34949 2460256.015853 2163.0 0
>EPIC 211309648: 133.8665990 10.0453100 12.194 1.520 1.013 5653.4 4.08 nan
 EPIC 211309648.01: 3.957 15.900 nan 0.0421 3.13937 2460282.514849 1638.0 0
>EPIC 211315836: 126.3882160 10.1705810 11.086 1.451 1.230 6294.0 4.20 nan
 EPIC 211315836.01: 0.763 6.527 nan 0.0261 1.38522 2459230.030899 2262.9 0
>EPIC 211319779: 127.1544880 10.2494880 10.710 0.710 0.860 5129.0 4.67 nan
 EPIC 211319779.01: 3.512 2.382 nan 0.1072 13.82401 2459554.641004 636.5 0
>EPIC 211335816: 126.6240430 10.5553710 10.669 1.630 1.192 6242.0 4.09 nan
 EPIC 211335816.01: 1.037 9.128 nan 0.0606 4.98987 2459570.084477 1561.0 0
>EPIC 211393988: 133.8179430 11.5488680 12.639 1.800 1.326 6504.4 4.05 nan
 EPIC 211393988.01: 4.125 14.319 nan 0.0618 4.87404 2460282.322925 1692.7 0
>EPIC 211546613: 136.2000470 13.7954460 12.881 0.490 0.489 3449.0 4.75 nan
 EPIC 211546613.01: 0.934 7.164 nan 0.0245 2.00745 2459502.148194 743.8 0
>EPIC 211642882: 138.9529160 15.1376830 11.668 0.770 0.766 4736.5 4.55 nan
 EPIC 211642882.01: 2.040 12.831 nan 0.1486 23.89960 2459534.758896 519.9 0
>EPIC 211705502: 124.4925980 15.9879160 11.853 1.400 1.133 6119.0 4.20 nan
 EPIC 211705502.01: 1.666 7.018 nan 0.0384 2.58408 2460280.266853 1781.6 0
>EPIC 211724246: 131.1913590 16.2436540 11.906 2.260 1.072 5890.5 3.76 nan
 EPIC 211724246.01: 2.408 10.321 nan 0.0566 4.74645 2459575.676862 1794.9 0
>EPIC 211812935: 133.1478990 17.4997630 11.091 1.890 nan 5308.3 nan nan
 EPIC 211812935.01: 2.991 15.382 nan nan 3.60799 2460284.323305 nan 0
>EPIC 211843564: 123.1521650 17.9301230 12.775 0.634 0.615 3739.0 4.62 nan
 EPIC 211843564.01: 0.577 7.917 nan 0.0098 0.45220 2459500.505423 1450.2 0
>EPIC 211929937: 129.1783950 19.1738010 12.351 0.841 0.890 5225.9 4.54 nan
 EPIC 211929937.01: 2.510 11.857 nan 0.0432 3.47702 2460260.963304 1111.9 0
>EPIC 211946007: 130.6641650 19.4143600 13.499 0.293 0.269 3213.0 4.93 nan
 EPIC 211946007.01: 1.114 10.891 nan 0.0199 1.98280 2459500.669114 594.5 0
>EPIC 212036875: 134.6902800 20.8689790 9.774 1.480 1.209 6283.4 4.18 nan
 EPIC 212036875.01: 1.972 9.236 nan 0.0623 5.16990 2460280.381301 1476.8 0
>EPIC 212040382: 136.1699010 20.9314480 11.286 2.110 1.260 6355.8 3.89 nan
 EPIC 212040382.01: 4.152 15.818 nan 0.0572 4.44554 2460277.666516 1861.4 0
>EPIC 212099230: 128.0731790 22.0057920 8.873 0.910 1.000 5595.7 4.52 nan
 EPIC 212099230.01: 2.644 1.859 nan 0.0724 7.11237 2460271.408598 956.6 0
>EPIC 212138198: 126.0234930 22.7832010 10.880 0.910 nan 5060.5 nan nan
 EPIC 212138198.01: 0.677 6.339 nan nan 3.20920 2460280.973096 nan 0
>EPIC 214888033: 280.8765310 -25.4110570 11.755 1.156 0.927 5357.0 4.28 nan
 EPIC 214888033.01: 1.043 11.930 nan 0.0729 7.46476 2460804.464998 1028.7 0
>EPIC 216231580: 295.1570140 -22.7217410 13.090 1.170 0.960 5500.0 4.28 nan
 EPIC 216231580.01: 3.221 15.342 nan 0.0479 3.90724 2460805.536432 1310.8 0
>EPIC 218621322: 285.4688320 -18.4681650 10.586 1.093 0.998 5631.0 4.36 nan
 EPIC 218621322.01: 3.461 5.499 nan 0.1001 11.58436 2460804.013419 897.2 0
>EPIC 219388192: 289.3917960 -16.8717270 10.666 1.037 0.979 5555.0 4.40 nan
 EPIC 219388192.01: 3.512 11.522 nan 0.0590 5.29136 2460807.717198 1123.0 0
>EPIC 220192485: 19.1306970 -0.2901030 9.947 0.780 0.891 5216.0 4.60 nan
 EPIC 220192485.01: 4.068 8.488 nan 0.2580 50.69399 2459436.979806 437.3 0
>EPIC 220198551: 19.6268780 -0.0563980 10.723 0.860 0.765 4785.0 4.45 nan
 EPIC 220198551.01: 0.831 4.007 nan 0.0154 0.79885 2459497.629903 1724.3 0
>EPIC 220209578: 19.4619980 0.3419520 12.850 1.004 1.060 5854.0 4.46 nan
 EPIC 220209578.01: 1.854 15.126 nan 0.0857 8.90003 2460208.636707 966.2 0
>EPIC 220228500: 18.5884330 1.0047960 11.697 0.920 0.911 5328.0 4.47 nan
 EPIC 220228500.01: 2.077 3.947 nan 0.0350 2.50482 2460230.919690 1317.2 0
>EPIC 220573228: 16.2769240 8.4445810 9.726 0.970 1.060 5816.0 4.49 nan
 EPIC 220573228.01: 5.271 5.939 nan 0.2959 57.10501 2460150.881510 507.8 0
>EPIC 228707509: 187.3576910 -10.9850680 13.134 0.943 0.940 5417.0 4.46 nan
 EPIC 228707509.01: 4.114 16.407 nan 0.1183 15.32812 2458584.385994 737.5 0
>EPIC 228720681: 188.6967880 -10.3197100 12.330 1.000 1.000 5780.0 4.44 nan
 EPIC 228720681.01: 3.912 10.817 nan 0.1231 15.78141 2458580.648059 794.4 0
>EPIC 245944983: 355.1288630 -11.0214950 10.478 0.710 0.623 4014.0 4.53 nan
 EPIC 245944983.01: 2.426 2.174 nan 0.0498 5.13928 2460230.688907 730.8 0
>EPIC 247047370: 74.7008150 18.1690500 9.040 0.878 0.849 5086.0 4.48 nan
 EPIC 247047370.01: 1.157 3.324 nan 0.0483 4.20507 2459477.465265 1045.6 0
>EPIC 247164043: 73.8415990 19.2809260 8.225 1.280 1.192 6213.0 4.30 nan
 EPIC 247164043.01: 3.386 2.351 nan 0.0625 5.22899 2459520.906327 1355.8 0
>EPIC 248527709: 153.3500150 3.9601290 10.391 0.840 0.646 4181.8 4.40 nan
 EPIC 248527709.01: 2.428 2.964 nan 0.0543 5.75195 2459577.648713 793.1 0
>EPIC 248639411: 154.2501530 6.8664780 11.011 0.870 0.743 4642.1 4.43 nan
 EPIC 248639411.01: 1.662 3.300 nan 0.0415 3.57750 2459546.601483 1024.9 0
>EPIC 251294036: 139.3244440 15.9798200 11.459 1.062 0.780 4797.5 4.28 nan
 EPIC 251294036.01: 1.523 15.655 nan 0.0650 6.85485 2459554.977553 935.1 0
>HD 104067: 179.7923540 -20.3556060 5.614 0.780 0.820 4952.0 4.56 0.11
 TOI-6713.01: 1.654 0.999 nan 0.0304 2.15380 2458571.522303 1209.6 0
>HD 110067: 189.8392240 20.0273380 6.492 0.788 0.798 5266.0 4.54 -0.20
 TOI-1835.01: 3.087 2.004 nan 0.0601 5.64196 2458932.763635 919.5 0
 TOI-1835.02: 3.945 2.559 nan nan nan 2458937.873023 nan 0
>HD 114082: 197.3171240 -60.3084350 7.163 1.490 1.470 6651.0 4.19 0.00
 TOI-6697.01: 14.647 8.330 nan nan nan 2459339.037269 nan 0
 TOI-6697.02: 12.967 12.918 nan nan nan 2460063.512098 nan 0
>HD 50554: 103.6782730 24.2451410 5.467 1.020 1.040 5987.0 4.33 -0.04
 TOI-6965.01: 3.441 1.143 nan 0.0667 5.96934 2459505.193695 1129.0 0
 TOI-6965.02: 6.039 1.382 nan 0.1872 28.06939 2459508.008646 673.9 0
>HIP 56998: 175.2563040 -44.4041490 5.101 0.630 0.653 4675.0 4.65 -0.34
 TOI-6276.03: 1.636 0.949 nan 0.0700 7.87087 2460018.572448 676.3 0
>K2-285: 349.3843460 1.3001520 9.971 0.787 0.830 4975.0 4.40 0.00
 TOI-4538.03: 2.376 2.758 nan 0.0890 10.45347 2459449.169230 713.4 0
>KOI-141: 288.0382000 50.6514760 11.986 1.000 1.000 5401.6 4.44 nan
 KOI-141.01: 1.475 7.962 nan 0.0372 2.62365 2460313.505947 1350.5 0
>KOI-21: 284.7385480 47.1695080 11.977 1.750 1.091 5937.5 3.99 nan
 KOI-21.01: 1.427 11.610 nan 0.0532 4.28850 2460367.077518 1642.1 0
>KOI-3689: 285.9717680 42.5456240 12.627 1.286 1.130 6064.0 4.27 nan
 KOI-3689.01: 3.011 12.423 nan 0.0615 5.24107 2459423.780179 1337.1 0
>KOI-3770: 290.9366600 40.1248510 12.835 1.000 1.000 5780.0 4.44 nan
 KOI-3770.01: 2.246 7.266 nan 0.0371 2.60683 2460314.772985 1447.0 0
>KOI-5: 289.7397300 44.6473470 10.213 2.339 1.050 5826.0 3.72 nan
 KOI-5.01: 1.459 7.613 nan 0.0564 4.78026 2459421.236112 1809.2 0
>KOI-76: 293.5419190 46.8221690 9.115 1.557 1.430 6718.0 4.21 nan
 KOI-76.01: 10.011 5.885 nan 0.4007 77.48050 2458706.738177 638.6 0
>KOI-883: 296.6830990 42.9678820 13.520 0.786 0.790 4844.0 4.55 nan
 KOI-883.01: 2.121 15.227 nan 0.0350 2.68907 2459420.963218 1106.9 0
>Kepler-1658: 294.3565560 38.9473420 10.195 3.912 1.050 5843.5 3.27 nan
 Kepler-1658 b: 2.691 16.809 nan 0.0489 3.84938 2459771.442186 2520.3 0
>Kepler-486: 284.8799790 49.2670200 12.288 0.795 0.780 4815.0 4.53 nan
 Kepler-486 b: 6.082 11.214 nan 0.1753 30.35998 2459413.718798 494.4 0
>Kepler-488: 282.9662150 48.3450550 13.410 1.099 1.100 5983.0 4.40 nan
 Kepler-488 b: 2.405 16.211 nan 0.0431 3.12084 2459422.767820 1456.8 0
>Kepler-492: 295.4967100 42.5379320 12.656 0.886 0.870 5165.0 4.48 nan
 Kepler-492 b: 3.513 11.534 nan 0.0964 11.71445 2460342.997110 755.1 0
>Kepler-494: 297.2140410 41.6640070 12.468 1.000 1.000 5780.0 4.44 nan
 Kepler-494 b: 5.041 5.985 nan 0.0784 8.02501 2460318.225747 995.4 0
>LHS 6343: 287.5598070 46.9572600 8.695 0.480 0.542 3678.9 4.81 nan
 KOI-959.01: 2.499 12.517 nan 0.0869 12.71379 2459394.331975 416.9 0
>NGTS-11: 23.5214500 -14.4191490 10.315 0.832 0.862 5050.0 4.50 0.22
 TOI-1847.02: 2.132 4.971 nan 0.1013 12.76458 2459130.150082 697.9 0
>TOI-1001: 122.5804650 -5.5138520 8.878 2.010 1.579 7070.0 4.03 nan
 TOI-1001.01: 3.166 11.215 nan 0.0353 1.93165 2459987.948873 2572.5 0
>TOI-1007: 112.7523930 -4.4633590 8.193 2.700 1.363 6596.0 3.71 nan
 TOI-1007.01: 3.953 14.775 nan 0.0794 6.99892 2459247.930695 1854.8 0
>TOI-1009: 111.6678450 -24.4621110 8.640 nan nan 8868.7 nan nan
 TOI-1009.01: 2.007 nan nan nan 1.96003 2459229.230924 nan 0
>TOI-1012: 117.0952850 6.7850640 7.933 2.720 2.244 8928.0 3.92 nan
 TOI-1012.01: 1.621 24.813 nan 0.0236 0.88418 2459252.509595 4621.9 0
>TOI-1019: 120.1479940 -54.8785520 10.017 1.562 1.775 7645.0 4.30 nan
 TOI-1019.01: 3.708 24.293 nan 0.0714 5.23410 2459232.446864 1724.3 0
>TOI-1027: 167.1332750 -29.6531350 8.432 0.680 0.671 4272.0 4.60 nan
 TOI-1027.01: 1.537 2.876 nan 0.0379 3.28346 2460037.869050 872.6 0
 TOI-1027.02: 2.715 2.766 nan 0.0849 11.02875 2460032.533250 583.0 0
 TOI-1027.03: 1.024 2.523 nan 0.0502 5.01133 2460032.573040 758.2 0
>TOI-1032: 159.2215060 -42.5416390 9.366 2.338 2.690 10395.0 4.13 nan
 TOI-1032.01: 3.809 14.774 nan 0.0865 5.66437 2459283.828685 2606.0 0
>TOI-1035: 144.1502730 -61.5831820 9.078 2.430 1.080 5964.0 3.70 nan
 TOI-1035.01: 2.495 30.949 nan 0.0668 6.07445 2459286.872605 1734.5 0
>TOI-1039: 149.6885450 -58.7604530 9.759 nan nan nan nan nan
 TOI-1039.01: 3.956 nan nan nan 4.42012 2460031.216600 nan 0
>TOI-1044: 153.8110230 -58.7663930 9.156 nan nan 5215.2 nan nan
 TOI-1044.01: 1.642 nan nan nan 1.00851 2460037.194672 nan 0
>TOI-1056: 339.2587030 -76.9176050 8.892 1.370 1.641 6124.3 4.38 nan
 TOI-1056.01: 3.216 3.049 nan 0.0702 5.30795 2458326.062424 1304.6 0
>TOI-1057: 127.9969170 -78.4075640 8.404 0.943 0.939 5599.0 4.46 nan
 TOI-1057.01: 6.664 2.937 nan 0.2641 51.17015 2458607.350901 510.2 0
>TOI-1059: 269.7145030 -60.9227270 8.568 0.940 0.805 5509.0 4.40 nan
 TOI-1059.01: 2.261 27.251 nan 0.0814 9.44965 2460852.860658 902.7 0
>TOI-1060: 299.2909950 -48.9344760 8.735 1.140 1.887 5687.9 4.60 nan
 TOI-1060.01: 0.373 3.897 nan 0.0393 2.06856 2460149.536226 1477.2 0
>TOI-1063: 230.5554930 -83.0562140 7.858 0.792 0.948 5552.0 4.62 nan
 TOI-1063.01: 2.021 2.180 nan 0.0896 10.06655 2460844.029249 796.0 0
>TOI-1071: 280.1841690 -58.4593880 10.526 1.115 1.067 5639.0 4.37 nan
 TOI-1071.01: 2.055 13.201 nan 0.0466 3.55440 2458655.394059 1330.1 0
>TOI-1074: 310.7610040 -72.0102670 9.285 0.742 0.858 5206.0 4.63 nan
 TOI-1074.01: 3.752 2.423 nan 0.1077 13.94287 2458662.652685 658.9 0
>TOI-1077: 173.8107980 -88.0962130 11.977 0.984 1.023 5192.0 4.46 nan
 TOI-1077.01: 1.956 12.644 nan 0.0270 1.60627 2458654.102739 1511.4 0
>TOI-1079: 283.1194920 -55.3879280 12.311 1.723 1.800 6519.0 4.22 nan
 TOI-1079.01: 2.058 14.881 nan 0.0513 3.16441 2458656.380357 1821.8 0
>TOI-1081: 282.1404090 -40.1117700 10.556 1.240 1.118 6027.0 4.30 nan
 TOI-1081.01: 2.905 12.512 nan 0.0421 2.98409 2460858.623432 1577.3 0
>TOI-1082: 83.2758090 -80.8154780 9.941 0.650 0.576 4310.0 4.57 nan
 TOI-1082.01: 3.587 3.506 nan 0.1049 16.34691 2458626.085696 517.3 0
>TOI-1083: 296.8221940 -87.3228100 9.889 0.491 0.572 3614.0 4.81 nan
 TOI-1083.01: 2.503 2.424 nan 0.0897 12.98030 2458627.915974 407.7 0
>TOI-1085: 77.6053990 -59.5356640 10.862 1.280 1.156 6102.0 4.29 nan
 TOI-1085.01: 4.341 14.948 nan 0.0451 3.25412 2460041.175097 1567.6 0
>TOI-1086: 305.5698200 -88.5684950 11.058 2.084 3.448 5818.0 4.34 nan
 TOI-1086.01: 5.528 14.699 nan 0.0710 3.71788 2458655.291499 1519.9 0
>TOI-1091: 222.1011340 -56.0259310 8.643 2.390 1.655 7348.0 3.90 nan
 TOI-1091.01: 3.674 15.002 nan 0.0333 1.72584 2459359.555210 3001.8 0
>TOI-1094: 230.4988270 -53.8196010 9.364 2.280 1.810 7710.0 3.98 nan
 TOI-1094.01: 0.468 9.084 nan 0.0169 0.59713 2459360.160536 4318.3 0
>TOI-1095: 133.9689650 -75.9261870 9.661 2.665 1.560 7066.0 3.78 nan
 TOI-1095.01: 2.187 13.734 nan 0.0295 1.48214 2460854.738016 3238.5 0
>TOI-1103: 310.0867430 -63.7899630 8.562 3.130 nan 4437.0 nan nan
 TOI-1103.01: 4.073 45.352 nan nan 2.94308 2459037.655526 nan 0
>TOI-1106: 253.1100330 -79.1351820 8.601 4.940 nan 5042.0 nan nan
 TOI-1106.01: 2.260 14.764 nan nan 11.11490 2458630.719370 nan 0
>TOI-1114: 302.1477280 -71.5524430 7.523 nan nan 8048.0 4.44 nan
 TOI-1114.01: 2.632 nan nan nan 2.48877 2460148.616195 nan 0
>TOI-1115: 283.3018430 -54.9108060 9.794 1.570 1.425 6708.3 4.20 nan
 TOI-1115.01: 2.109 15.886 nan 0.0596 4.45199 2458658.327470 1660.2 0
>TOI-1116: 27.6999720 -75.8487740 8.467 0.906 0.868 5551.0 4.46 nan
 TOI-1116.01: 2.064 2.311 nan 0.0547 5.01007 2458325.661906 1089.4 0
>TOI-1119: 292.6048150 -46.2780740 9.703 2.070 1.300 6456.0 3.92 nan
 TOI-1119.01: 3.588 23.973 nan 0.1054 10.95663 2458666.521990 1379.6 0
>TOI-1123: 292.3915050 -37.3040090 8.921 1.270 0.999 5159.8 4.23 nan
 TOI-1123.01: 1.886 15.176 nan 0.0222 1.20928 2458658.040870 1881.9 0
>TOI-1124: 300.2129280 -43.9825290 6.532 1.490 1.407 6690.0 4.24 nan
 TOI-1124.01: 2.408 14.006 nan 0.0507 3.51877 2460149.391758 1748.8 0
>TOI-1125: 298.2877080 -46.3699910 7.771 2.503 2.036 8271.0 3.95 nan
 TOI-1125.01: 1.374 4.162 nan 0.0209 0.77248 2459036.495091 4364.6 0
>TOI-1131: 248.4335450 61.7183340 8.170 2.398 0.981 5579.0 3.67 nan
 TOI-1131.01: 0.810 4.906 nan 0.0136 0.58604 2458711.595435 3572.3 0
>TOI-1137: 301.1776800 30.4099510 7.550 6.307 nan 4919.6 nan nan
 TOI-1137.01: 1.600 34.756 nan nan 1.32064 2459770.240602 nan 0
>TOI-1139: 304.0343360 31.9256870 8.539 1.830 1.936 7947.0 4.20 nan
 TOI-1139.01: 4.513 11.368 nan 0.0663 4.47808 2460549.445856 2013.3 0
>TOI-1149: 300.7740160 26.8920250 8.017 nan nan 8737.5 nan nan
 TOI-1149.01: 2.382 nan nan nan 2.32024 2459770.330784 nan 0
>TOI-1153: 182.6915620 85.7050760 7.738 1.690 1.689 6528.3 4.21 nan
 TOI-1153.01: 1.255 9.868 nan 0.0773 6.03608 2460472.256051 1471.9 0
>TOI-1154: 254.9240430 64.6992140 8.347 0.930 1.021 5704.0 4.51 nan
 TOI-1154.01: 4.196 2.102 nan 0.1535 21.74554 2460339.328709 677.0 0
>TOI-1162: 305.2893440 41.4623660 9.005 nan nan 8730.0 nan nan
 TOI-1162.01: 3.255 nan nan nan 7.31667 2460544.815606 nan 0
>TOI-1163: 294.0917570 19.6392550 9.082 nan nan 9311.3 nan nan
 TOI-1163.01: 2.691 nan nan nan 3.07716 2459441.801256 nan 0
>TOI-1169: 134.1200390 72.5332760 9.316 1.240 nan 6134.3 nan nan
 TOI-1169.01: 2.125 17.465 nan nan 6.70754 2460323.760513 nan 0
>TOI-1176: 247.3566800 71.5058730 9.521 1.574 1.368 6557.7 4.18 nan
 TOI-1176.01: 5.873 12.402 nan 0.1262 14.00777 2458695.361762 1116.8 0
>TOI-1179: 187.0558970 67.2400430 8.678 0.780 0.824 4927.9 4.57 nan
 TOI-1179.01: 1.039 8.674 nan 0.0214 1.26153 2460365.036662 1434.6 0
>TOI-1187: 162.8931760 81.3221740 9.084 1.400 1.301 6389.0 4.26 nan
 TOI-1187.01: 0.861 4.472 nan 0.0403 2.59420 2460310.089156 1815.8 0
>TOI-1189: 292.2232290 24.2011900 8.355 nan nan 5286.9 nan nan
 TOI-1189.01: 1.070 nan nan nan 3.96880 2459441.286476 nan 0
>TOI-119: 99.2384210 -58.0161530 8.032 0.820 0.899 5332.0 4.56 nan
 TOI-119.01: 2.414 1.969 nan 0.0591 5.54111 2460987.348604 957.7 0
 TOI-119.02: 3.053 1.811 nan 0.0917 10.69173 2460979.593803 768.9 0
>TOI-1190: 292.7341320 59.4038530 9.253 1.630 1.536 7106.7 4.20 nan
 TOI-1190.01: 4.515 14.129 nan 0.0540 3.69500 2460553.884666 1882.8 0
>TOI-1192: 286.5500560 44.0808000 9.702 1.280 nan 6479.3 nan nan
 TOI-1192.01: 3.768 28.331 nan nan 45.94033 2460524.905760 nan 0
>TOI-1196: 291.7076930 17.8087360 9.557 2.060 1.411 6689.0 3.96 nan
 TOI-1196.01: 2.517 15.656 nan 0.0687 5.53766 2459785.498161 1766.2 0
>TOI-1197: 293.2683200 15.7361360 9.517 2.120 1.797 7649.0 4.04 nan
 TOI-1197.01: 4.744 16.217 nan 0.0658 4.59604 2459787.132209 2093.6 0
>TOI-1204: 169.1191090 -60.5676750 7.108 1.776 1.331 6711.0 4.06 nan
 TOI-1204.01: 2.737 2.240 nan 0.0267 1.38121 2458569.940999 2639.3 0
>TOI-1205: 127.1280170 -74.9547280 7.568 4.196 1.277 6090.0 3.30 nan
 TOI-1205.01: 9.005 3.591 nan 0.0380 2.39227 2458383.241223 3085.9 0
>TOI-1207: 116.5943290 -64.0560090 8.263 1.107 1.068 6282.0 4.38 nan
 TOI-1207.01: 2.093 0.982 nan 0.0381 2.62826 2458325.539664 1632.8 0
>TOI-1208: 30.5087420 -83.2279620 9.449 0.823 0.901 5626.0 4.56 nan
 TOI-1208.01: 1.960 1.758 nan 0.0429 3.42394 2458327.476703 1188.2 0
 TOI-1208.02: 3.748 2.507 nan 0.0934 10.98304 2458331.120311 805.3 0
 TOI-1208.03: 3.440 2.262 nan 0.1285 17.72645 2458341.801726 686.6 0
>TOI-1209: 73.5419180 -70.3791090 8.786 1.560 0.847 5914.0 3.98 nan
 TOI-1209.01: 4.244 3.235 nan 0.2192 40.71994 2458337.088331 760.8 0
>TOI-121: 331.8675170 -41.8155110 9.095 1.230 1.136 6053.0 4.31 nan
 TOI-121.01: 5.504 15.394 nan 0.1229 14.77411 2459074.329110 923.4 0
>TOI-1211: 31.1789330 -73.1267590 8.874 1.140 0.320 5572.9 3.83 nan
 TOI-1211.01: 2.464 2.804 nan 0.0925 18.16636 2460180.146446 943.4 0
>TOI-1212: 87.8741570 -70.9918080 9.539 1.114 0.827 5909.6 4.26 nan
 TOI-1212.01: 11.607 2.503 nan 0.4103 105.58509 2458402.036518 469.6 0
>TOI-1214: 285.0495190 -84.4481870 8.858 0.938 0.306 5262.4 3.98 nan
 TOI-1214.01: 3.716 2.219 nan 0.0945 19.18066 2460821.147336 799.5 0
>TOI-1215: 146.8758500 -77.2968160 7.525 0.518 0.559 3751.0 4.76 nan
 TOI-1215.01: 1.034 0.838 nan 0.0183 1.21244 2460853.429879 962.3 0
>TOI-1216: 87.7148490 -75.6885630 9.655 0.636 0.603 4280.0 4.61 nan
 TOI-1216.01: 7.815 0.889 nan 0.0454 4.55418 2458325.424166 772.5 0
>TOI-1217: 193.2605480 -44.0993600 8.821 3.487 7.789 6354.0 4.24 nan
 TOI-1217.01: 6.690 12.512 nan 0.4649 41.48561 2458574.940733 839.1 0
>TOI-1218: 71.4841090 -68.7618050 9.310 1.018 1.109 5456.0 4.47 nan
 TOI-1218.01: 2.999 1.897 nan 0.1164 13.77393 2460953.672515 778.0 0
>TOI-1219: 72.3325620 -67.3687450 9.485 1.590 1.414 6734.0 4.19 nan
 TOI-1219.01: 3.256 2.044 nan 0.0339 1.91425 2460121.561055 2223.8 0
>TOI-1220: 71.6507790 -78.5616050 8.769 2.098 1.557 6308.0 3.99 nan
 TOI-1220.01: 1.033 8.281 nan 0.3866 70.36073 2458439.580138 708.6 0
>TOI-1222: 99.2247850 -63.0793840 9.395 1.327 1.381 6082.0 4.33 nan
 TOI-1222.01: 2.265 2.739 nan 0.1025 10.19450 2458329.466254 1055.2 0
>TOI-1225: 97.1663080 -64.5964320 10.677 0.888 1.350 5522.9 4.67 nan
 TOI-1225.01: 3.589 2.459 nan 0.1250 13.89640 2458414.082856 709.8 0
 TOI-1225.02: 3.104 2.316 nan 0.0874 8.12131 2458414.548052 848.9 0
>TOI-1229: 74.1303960 -74.9203330 9.784 1.989 1.322 6028.8 3.96 nan
 TOI-1229.01: 11.257 21.631 nan 0.2156 31.81323 2459970.491644 883.0 0
>TOI-1239: 158.0112860 84.0303770 9.490 0.789 0.888 5217.0 4.59 nan
 TOI-1239.01: 3.383 4.603 nan 0.1021 12.63970 2459604.095801 699.3 0
>TOI-124: 66.5826300 -67.8063540 9.799 4.090 18.491 5080.0 4.48 nan
 TOI-124.01: 1.449 21.270 nan 0.0778 1.84281 2460042.199513 1776.1 0
>TOI-1242: 248.5532950 60.1959270 9.772 0.710 0.662 4255.0 4.56 nan
 TOI-1242.01: 0.565 2.061 nan 0.0090 0.38148 2459664.126568 1822.4 0
>TOI-1245: 283.5355300 69.6335340 10.013 0.520 0.513 3692.0 4.72 nan
 TOI-1245.01: 1.756 2.367 nan 0.0447 4.82045 2459764.329317 607.2 0
>TOI-125: 23.5934250 -66.6763490 8.995 0.848 0.859 5320.0 4.52 -0.02
 TOI-125.04: 4.624 2.514 nan nan nan 2460188.729278 nan 0
>TOI-1251: 273.5292380 62.8582430 9.540 0.940 0.883 5273.0 4.44 nan
 TOI-1251.01: 2.951 10.086 nan 0.0618 5.96305 2459759.178675 991.7 0
>TOI-1252: 266.6860790 70.7845020 9.963 0.624 0.675 5780.0 4.68 nan
 TOI-1252.01: 0.823 3.997 nan 0.0185 1.12197 2459662.042876 1618.7 0
>TOI-1254: 239.2014660 65.8888380 9.558 1.093 0.952 5451.0 4.34 nan
 TOI-1254.01: 1.135 6.588 nan 0.0195 1.01801 2459716.011222 1967.9 0
>TOI-1258: 209.4843130 79.5833220 8.350 1.490 1.154 6124.0 4.15 nan
 TOI-1258.01: 4.855 3.604 nan 0.0969 10.26134 2460333.648786 1158.0 0
>TOI-126: 339.4892750 -35.1542030 11.822 1.072 0.939 5751.0 4.35 nan
 TOI-126.01: 2.881 14.133 nan 0.0402 3.03540 2458326.730861 1432.1 0
>TOI-1261: 268.0160640 53.7306990 9.602 1.010 1.071 5897.0 4.46 nan
 TOI-1261.01: 3.592 3.809 nan 0.1378 18.05740 2459628.771413 769.8 0
>TOI-1262: 180.7265020 74.0610090 8.392 0.900 0.944 5396.0 4.50 nan
 TOI-1262.01: 3.562 2.161 nan 0.1456 20.87744 2460322.358008 646.9 0
>TOI-1263: 309.3536410 22.6543660 7.102 0.820 0.864 5098.0 4.55 nan
 TOI-1263.01: 1.252 1.463 nan 0.0189 1.02146 2460557.928454 1619.2 0
>TOI-1264: 287.2420920 57.3441260 9.106 0.970 0.832 5040.0 4.38 nan
 TOI-1264.01: 1.418 7.843 nan 0.0361 2.74417 2459765.819264 1259.8 0
>TOI-1274: 254.8161540 65.7474380 10.322 0.800 0.738 4968.1 4.50 nan
 TOI-1274.01: 4.215 9.390 nan 0.1273 19.32035 2459736.340774 600.6 0
>TOI-1277: 172.7477990 66.7965290 8.725 0.860 0.981 5544.0 4.56 nan
 TOI-1277.02: 3.711 2.726 nan 0.1175 14.85597 2460319.121018 723.2 0
>TOI-1280: 291.4653220 61.7761530 9.107 0.746 0.740 4665.0 4.56 nan
 TOI-1280.01: 3.018 3.289 nan 0.0805 9.69264 2458691.302548 684.8 0
>TOI-1281: 199.4426450 71.7210510 8.872 1.320 1.184 6191.0 4.27 nan
 TOI-1281.01: 3.766 2.472 nan 0.0713 6.39089 2460351.314066 1284.5 0
>TOI-1286: 310.9536190 59.5766280 9.401 1.570 1.378 6588.0 4.19 nan
 TOI-1286.01: 0.712 10.485 nan 0.0158 0.61670 2460559.148579 3166.7 0
>TOI-1287: 308.7476210 63.4749380 7.659 1.210 1.070 5891.0 4.30 nan
 TOI-1287.01: 4.988 2.407 nan 0.0904 9.60011 2459828.256927 1039.3 0
>TOI-1293: 230.3100940 63.5652850 9.929 1.110 1.078 5923.0 4.38 nan
 TOI-1293.01: 0.916 3.767 nan 0.0284 1.68499 2459689.485255 1785.6 0
>TOI-1301: 275.8625430 71.5817480 9.044 0.732 0.770 4820.0 4.60 nan
 TOI-1301.02: 8.056 3.696 nan nan nan 2458999.462385 nan 0
>TOI-1302: 264.3789420 73.2611930 9.977 1.470 1.338 6530.0 4.23 nan
 TOI-1302.01: 3.604 14.859 nan 0.0685 5.66662 2459738.402777 1458.7 0
>TOI-1307: 283.6374890 59.7631930 9.418 nan nan 5009.6 nan nan
 TOI-1307.01: 1.978 nan nan nan 2.53461 2459764.134636 nan 0
>TOI-131: 353.8287130 -64.5619170 7.862 0.900 0.649 4174.0 4.34 nan
 TOI-131.01: 1.513 16.096 nan 0.0574 6.24078 2460173.338551 797.0 0
>TOI-1311: 294.7227340 41.5651540 10.302 1.875 1.986 8298.0 4.19 nan
 TOI-1311.01: 2.353 26.517 nan 0.0825 6.14064 2459392.644018 1907.6 0
>TOI-1318: 318.7246230 38.0942320 9.608 nan nan nan nan nan
 TOI-1318.01: 2.441 nan nan nan 4.98650 2460557.056579 nan 0
>TOI-1320: 319.3250100 38.1048550 9.613 nan nan nan nan nan
 TOI-1320.01: 3.653 nan nan nan 3.97294 2460556.464958 nan 0
>TOI-1322: 323.5273610 46.9317740 9.834 nan nan 8639.7 3.96 nan
 TOI-1322.01: 1.437 nan nan nan 3.37644 2458711.449690 nan 0
>TOI-1327: 303.2952230 36.7254850 8.101 4.120 2.196 8715.0 3.55 nan
 TOI-1327.01: 2.379 27.674 nan 0.0635 3.93922 2460553.891046 3385.0 0
>TOI-1345: 238.0318120 74.4067420 9.416 4.880 nan 5146.0 nan nan
 TOI-1345.01: 6.989 16.933 nan nan 8.47134 2458715.459480 nan 0
>TOI-1349: 231.1621290 67.4647510 8.367 1.270 1.022 5711.1 4.24 nan
 TOI-1349.01: 2.529 2.755 nan 0.1074 12.71672 2458693.574050 947.0 0
>TOI-1350: 305.3951610 56.4626560 9.475 3.390 1.295 6415.0 3.49 nan
 TOI-1350.01: 7.713 17.401 nan 0.0668 5.54024 2459851.288394 2203.6 0
>TOI-1351: 286.7465490 71.7121950 nan nan nan nan nan nan
 TOI-1351.01: 2.928 nan nan nan 5.92941 2460654.565650 nan 0
>TOI-1352: 334.7385590 61.1489880 9.361 1.930 nan 5958.7 nan nan
 TOI-1352.01: 2.882 13.362 nan nan 5.29588 2460604.777484 nan 0
>TOI-1355: 331.3076430 66.7752960 8.442 1.853 2.331 9218.0 4.27 nan
 TOI-1355.01: 2.142 15.259 nan 0.0435 2.17027 2459853.582179 2901.1 0
>TOI-1356: 311.1945800 54.5021610 8.726 nan nan 8381.3 nan nan
 TOI-1356.01: 17.486 nan nan nan 24.25447 2459849.242233 nan 0
>TOI-1361: 320.8295170 52.8147000 9.651 1.660 1.556 7050.0 4.19 nan
 TOI-1361.01: 2.991 10.226 nan 0.0388 2.23746 2460608.708763 2223.6 0
>TOI-1362: 335.3008450 59.5608140 8.780 7.390 nan 8129.0 nan nan
 TOI-1362.01: 1.466 17.508 nan nan 1.91738 2460422.958913 nan 0
>TOI-1364: 293.4435700 53.4645270 8.982 3.230 2.457 9598.0 3.81 nan
 TOI-1364.01: 2.034 9.494 nan 0.0387 1.77536 2460530.034744 4228.2 0
>TOI-1371: 331.1177050 31.0187670 9.290 1.750 1.439 6527.0 4.11 nan
 TOI-1371.01: 3.353 36.255 nan 0.0647 5.00956 2459848.525293 1636.9 0
>TOI-1379: 344.3597800 53.1408350 9.520 2.070 1.492 5984.0 3.98 nan
 TOI-1379.01: 4.119 30.696 nan 2.4292 1132.02447 2459871.438619 266.4 0
>TOI-138: 328.9260180 -61.6732570 8.610 1.110 1.019 5722.0 4.36 nan
 TOI-138.01: 1.912 7.846 nan 0.0665 6.19827 2460175.142380 1127.3 0
>TOI-1381: 318.7849610 44.8996790 9.985 2.620 2.562 9976.0 4.01 nan
 TOI-1381.01: 4.058 28.267 nan 0.0938 6.56018 2460552.174345 2542.4 0
>TOI-1389: 333.1319440 31.3646670 8.524 nan nan 5086.8 nan nan
 TOI-1389.01: 1.767 nan nan nan 3.06262 2459851.063533 nan 0
>TOI-1398: 341.3862980 48.1615560 8.510 4.580 2.475 8918.0 3.51 nan
 TOI-1398.01: 2.703 13.146 nan 0.0927 6.55606 2460420.937502 3022.7 0
>TOI-140: 330.3017770 -49.0600770 8.992 2.355 3.802 6174.0 4.27 nan
 TOI-140.01: 1.160 12.739 nan 0.0529 2.28134 2458327.399828 1986.4 0
>TOI-1404: 292.1960870 58.6147640 10.115 1.030 1.168 6051.5 4.48 nan
 TOI-1404.01: 3.488 2.402 nan 0.0745 6.86741 2459908.512546 1085.0 0
 TOI-1404.02: 3.265 3.733 nan 0.1222 14.43189 2459908.522961 847.2 0
>TOI-1406: 82.1279630 -48.4090670 10.675 1.270 1.347 6519.0 4.36 nan
 TOI-1406.01: 4.040 9.439 nan 0.1041 10.57398 2459218.231402 1098.0 0
>TOI-1409: 339.8159150 33.8894590 7.451 2.740 nan 6112.0 nan nan
 TOI-1409.01: 4.046 15.276 nan nan 4.71829 2459844.125039 nan 0
>TOI-1412: 233.0658330 47.8607460 9.152 0.660 0.658 4223.4 4.62 nan
 TOI-1412.01: 0.361 6.974 nan 0.0480 4.73198 2459714.075511 755.2 0
>TOI-1413: 333.2531710 37.6275740 8.960 0.890 0.945 5427.0 4.51 nan
 TOI-1413.01: 0.667 6.158 nan 0.0642 6.11821 2459829.698976 974.4 0
>TOI-1414: 351.5797210 38.5529400 10.398 1.588 1.590 7128.0 4.24 nan
 TOI-1414.01: 3.590 17.918 nan 0.0477 3.01978 2459853.583682 1983.2 0
>TOI-1415: 219.0370470 42.3784580 7.710 1.410 1.276 6383.0 4.25 nan
 TOI-1415.01: 5.174 4.791 nan 0.1258 14.42049 2458745.710132 1030.5 0
>TOI-1417: 335.8253030 35.0349200 7.991 1.558 1.599 7164.0 4.26 nan
 TOI-1417.01: 2.260 19.920 nan 0.0484 3.07264 2459827.001700 1960.0 0
>TOI-142: 4.6058600 -62.8478750 12.546 0.608 0.370 3658.0 4.44 nan
 TOI-142.01: 1.202 12.601 nan 0.0126 0.85335 2458325.485901 1225.3 0
>TOI-1425: 329.0913580 68.9980350 8.226 1.490 1.092 5810.6 4.13 nan
 TOI-1425.01: 1.599 28.291 nan 0.0206 1.03182 2460448.862780 2382.9 0
>TOI-143: 328.7677390 -22.6126000 9.076 1.954 1.236 6371.0 3.95 nan
 TOI-143.01: 3.430 17.304 nan 0.0367 2.31097 2460155.870810 2241.7 0
>TOI-1432: 329.4017920 36.3214040 8.438 0.910 0.977 5587.0 4.51 nan
 TOI-1432.01: 2.441 2.200 nan 0.0649 6.10958 2459851.690817 1008.8 0
>TOI-1433: 305.5382570 36.0647840 9.949 0.477 0.475 3275.0 4.76 nan
 TOI-1433.01: 1.714 24.648 nan 0.0820 12.43797 2458695.011233 380.9 0
>TOI-1434: 176.3805910 65.5413140 6.896 0.736 0.940 5393.9 4.68 nan
 TOI-1434.01: 4.696 2.408 nan 0.1846 29.87185 2458703.408327 519.3 0
>TOI-1435: 203.5379460 67.6212300 8.714 0.824 0.870 5142.0 4.55 nan
 TOI-1435.01: 1.394 1.000 nan 0.0145 0.68582 2458683.431524 1869.2 0
>TOI-1436: 215.6021550 55.3342590 9.719 0.745 0.832 5011.2 4.61 nan
 TOI-1436.01: 1.381 1.430 nan 0.0167 0.86759 2459690.565813 1614.0 0
>TOI-1440: 283.7945620 64.5313700 8.630 1.340 1.795 5780.0 4.44 nan
 TOI-1440.01: 5.322 2.436 nan 0.1480 15.51745 2459956.401035 838.7 0
 TOI-1440.02: 4.658 1.433 nan 0.0661 4.62742 2459656.057163 1254.9 0
>TOI-1441: 305.4129060 58.1408280 8.544 1.240 1.063 5885.0 4.28 nan
 TOI-1441.01: 5.813 2.335 nan 0.1573 22.09297 2460418.661942 796.8 0
>TOI-1445: 292.7677400 71.4973580 9.753 1.060 1.198 6240.0 4.47 nan
 TOI-1445.01: 3.910 2.674 nan 0.0953 9.81307 2459767.018169 1003.5 0
 TOI-1445.02: 2.947 2.144 nan 0.0590 4.78421 2459740.829189 1275.4 0
>TOI-1446: 302.0014570 51.3617960 9.490 0.830 0.878 5180.0 4.54 nan
 TOI-1446.01: 2.447 2.472 nan 0.0640 6.31707 2458689.364498 899.5 0
 TOI-1446.02: 1.886 1.713 nan 0.0511 4.50574 2458685.433408 1006.7 0
>TOI-1449: 300.7086640 39.6683710 8.710 0.604 0.592 5780.0 4.65 nan
 TOI-1449.02: 1.684 1.614 nan 0.0292 2.36918 2458683.580594 1267.6 0
>TOI-145: 333.1747160 -55.9788030 10.610 1.580 2.287 5430.7 4.40 nan
 TOI-145.01: 4.780 8.864 nan 0.0767 5.13002 2459060.642400 1188.6 0
>TOI-1454: 300.8423070 53.2941810 10.291 1.144 1.145 6075.0 4.38 nan
 TOI-1454.01: 2.989 13.693 nan 0.0395 2.67942 2459422.312812 1576.5 0
>TOI-1455: 308.6702880 66.4403840 9.474 1.350 1.389 6458.8 4.32 nan
 TOI-1455.01: 2.385 18.492 nan 0.0515 3.62314 2460656.395911 1594.6 0
>TOI-1457: 354.8366510 45.7198510 6.027 nan nan 6393.0 nan nan
 TOI-1457.01: 2.752 nan nan nan 6.37682 2460602.885963 nan 0
>TOI-1461: 22.2363940 35.8648540 10.481 1.285 1.120 6046.0 4.27 nan
 TOI-1461.01: 2.581 20.250 nan 0.0475 3.56868 2458767.317052 1516.4 0
>TOI-1464: 288.3849690 62.2031240 9.467 0.855 0.909 5290.0 4.53 nan
 TOI-1464.01: 2.594 2.686 nan 0.0955 11.31253 2459643.724417 763.3 0
>TOI-1475: 357.0012750 49.7905330 8.687 1.880 2.565 10012.0 4.30 nan
 TOI-1475.01: 0.906 5.296 nan 0.1115 8.49535 2458767.618296 1982.4 0
>TOI-148: 338.3208030 -38.1598280 10.881 1.150 1.055 5814.3 4.34 nan
 TOI-148.01: 3.188 8.220 nan 0.0572 4.86708 2459062.261122 1257.1 0
>TOI-1482: 345.9948810 52.5626950 9.349 1.790 1.438 6720.0 4.09 nan
 TOI-1482.01: 4.775 15.458 nan 0.0706 5.71219 2459872.298444 1631.6 0
>TOI-149: 76.6351760 -80.7680090 9.346 nan nan 5095.6 nan nan
 TOI-149.01: 4.253 nan nan nan 3.33994 2458597.939863 nan 0
>TOI-1490: 13.0176760 36.3930130 6.862 5.110 nan 4939.0 nan nan
 TOI-1490.01: 4.876 11.977 nan nan 3.99430 2458765.914350 nan 0
>TOI-1491: 14.6529470 34.1480420 9.354 1.230 1.076 5899.0 4.29 nan
 TOI-1491.01: 2.758 5.570 nan 0.0546 4.49027 2459873.774209 1350.1 0
>TOI-1527: 5.9654610 51.4682930 9.194 2.760 1.794 7664.0 3.81 nan
 TOI-1527.01: 3.690 15.234 nan 0.0701 5.06258 2460600.889284 2318.9 0
>TOI-1528: 13.2220220 60.8916850 9.386 nan nan nan nan nan
 TOI-1528.01: 3.933 nan nan nan 9.93854 2460441.842967 nan 0
>TOI-153: 68.0737850 -66.9162990 10.939 1.490 1.170 6338.3 4.16 nan
 TOI-153.01: 2.054 12.443 nan 0.0799 7.63164 2460069.867358 1319.9 0
>TOI-1531: 13.5973430 54.5280090 6.763 nan nan 5095.6 nan nan
 TOI-1531.01: 1.043 nan nan nan 0.51752 2459882.497022 nan 0
>TOI-1532: 4.7362380 57.2006290 9.505 1.410 1.414 6659.0 4.29 nan
 TOI-1532.01: 2.710 12.360 nan 0.0944 8.90541 2460446.002489 1241.0 0
>TOI-1537: 348.5814500 44.5087590 9.490 0.960 1.113 5999.0 4.52 nan
 TOI-1537.01: 2.545 3.241 nan 0.0706 6.49026 2459874.874599 1066.7 0
>TOI-1538: 356.9956930 47.6556010 9.058 1.120 1.123 6034.0 4.39 nan
 TOI-1538.01: 4.589 5.629 nan 0.0712 6.54692 2458768.847070 1154.0 0
>TOI-1544: 346.3473610 46.9031170 8.688 nan nan 4630.4 nan nan
 TOI-1544.01: 1.429 nan nan nan 1.29183 2460609.881650 nan 0
>TOI-1546: 1.1968250 41.5938800 8.942 1.400 1.214 6223.0 4.23 nan
 TOI-1546.01: 1.894 3.034 nan 0.0227 1.13345 2458764.833240 2356.6 0
>TOI-155: 321.1149800 -37.8501810 8.281 1.790 1.142 6220.5 3.99 nan
 TOI-155.01: 4.319 5.288 nan 0.0633 5.44998 2460168.813769 1595.1 0
>TOI-1551: 19.7003870 41.5061120 9.303 1.780 1.422 6745.5 4.09 nan
 TOI-1551.01: 1.202 6.449 nan 0.0310 1.67546 2458765.111380 2464.8 0
>TOI-1553: 24.6905030 42.6777390 9.698 2.090 1.487 6775.5 3.97 nan
 TOI-1553.01: 2.244 18.510 nan 0.0732 5.93822 2460633.005956 1745.8 0
>TOI-1559: 20.7173980 48.9553640 10.030 2.540 2.097 8455.3 3.95 nan
 TOI-1559.01: 1.046 9.727 nan 0.0574 3.46490 2459904.889359 2712.2 0
>TOI-1560: 29.0328560 52.5854820 9.850 2.087 2.296 9035.0 4.16 nan
 TOI-1560.01: 0.535 6.278 nan 0.0105 0.25800 2459882.378835 6142.3 0
>TOI-1563: 38.8102030 48.2737630 7.864 0.740 0.709 4582.0 4.55 nan
 TOI-1563.01: 6.121 5.139 nan 1.8572 1098.22586 2458805.455547 139.5 0
>TOI-1564: 33.5052380 53.1215080 9.898 2.300 nan 8368.0 nan nan
 TOI-1564.01: 1.478 24.415 nan nan 0.55967 2460635.870170 nan 0
>TOI-1565: 44.7202410 58.7352450 8.552 2.180 nan 8494.0 nan nan
 TOI-1565.01: 5.661 23.866 nan nan 1099.25604 2459907.730268 nan 0
>TOI-1586: 11.2341540 58.7120580 8.489 8.610 nan 4628.0 nan nan
 TOI-1586.01: 2.170 20.927 nan nan 1.80794 2458765.678890 nan 0
>TOI-1588: 39.8911020 62.4333060 8.475 5.960 nan 9503.0 nan nan
 TOI-1588.01: 3.454 17.102 nan nan 3.58108 2459932.266567 nan 0
>TOI-1598: 28.6603150 37.0050420 7.742 1.730 1.197 6011.0 4.04 nan
 TOI-1598.01: 0.864 4.331 nan 0.0222 1.10207 2459908.034555 2558.7 0
>TOI-1605: 54.4808900 33.0798970 8.439 1.590 0.988 5597.0 4.03 nan
 TOI-1605.01: 3.027 20.962 nan 0.0825 8.70946 2459896.132645 1184.8 0
>TOI-1606: 56.6602820 27.4715230 7.662 1.550 nan 5626.5 nan nan
 TOI-1606.01: 1.061 6.976 nan nan 4.71267 2460228.527139 nan 0
>TOI-161: 46.6865530 -82.3163710 10.517 0.980 nan 5388.0 nan nan
 TOI-161.01: 4.223 4.619 nan nan 2.76843 2459388.787312 nan 0
>TOI-1610: 263.5434170 61.1214720 9.467 1.190 1.030 5740.2 4.30 nan
 TOI-1610.01: 1.286 2.300 nan 0.0367 2.52880 2460556.667508 1576.2 0
>TOI-1616: 323.8701700 68.9873070 9.755 1.450 1.428 6713.0 4.27 nan
 TOI-1616.01: 0.662 4.722 nan 0.0268 1.34330 2460449.288190 2381.0 0
>TOI-162: 317.6399080 -23.3058170 10.543 0.990 0.898 5404.7 4.40 nan
 TOI-162.01: 3.185 15.607 nan 0.0740 7.76469 2459078.393053 953.2 0
>TOI-1620: 358.2136360 61.3602600 8.893 1.490 1.375 6594.0 4.23 nan
 TOI-1620.01: 2.254 2.288 nan 0.0297 1.59820 2460422.251100 2252.1 0
>TOI-1621: 309.3488240 70.9540880 9.114 1.020 1.656 7257.0 4.64 nan
 TOI-1621.01: 3.582 1.358 nan 0.0803 6.45362 2459659.579362 1247.2 0
>TOI-1631: 50.9164510 25.0479350 9.211 0.949 0.958 5473.0 4.46 nan
 TOI-1631.01: 1.346 2.835 nan 0.1187 15.25219 2458795.511502 746.2 0
>TOI-1638: 15.3215450 55.6980100 10.039 0.701 0.664 3810.0 4.57 nan
 TOI-1638.01: 0.666 5.387 nan 0.0161 0.91506 2459908.441050 1212.3 0
>TOI-1641: 40.2455880 42.8712480 9.571 3.400 2.531 9898.0 3.78 nan
 TOI-1641.01: 1.028 12.835 nan 0.0404 1.86467 2459906.863602 4378.5 0
>TOI-1642: 288.0495190 63.6570610 10.090 1.500 1.029 5730.0 4.10 nan
 TOI-1642.01: 2.863 20.356 nan 0.2212 37.45901 2459747.914171 719.5 0
>TOI-1643: 272.2642410 53.2177290 6.910 0.778 0.770 4763.0 4.54 nan
 TOI-1643.01: 1.219 2.717 nan 0.1325 20.07952 2459815.953155 556.5 0
>TOI-1653: 72.0318220 39.9669360 8.826 2.500 nan 7106.5 nan nan
 TOI-1653.01: 3.469 21.704 nan nan 10.95687 2460658.881015 nan 0
>TOI-1654: 287.6665590 66.7680820 9.043 nan nan 5286.9 nan nan
 TOI-1654.01: 2.414 nan nan nan 1.83479 2460556.910025 nan 0
>TOI-1655: 61.1722340 52.2569920 9.228 1.150 0.940 5411.0 4.29 nan
 TOI-1655.01: 2.631 3.612 nan 0.0423 3.27866 2460662.313228 1360.5 0
>TOI-1656: 63.2300180 53.6870500 7.660 1.260 1.267 6324.0 4.34 nan
 TOI-1656.01: 9.386 20.062 nan 2.2738 1112.75629 2459935.313412 227.0 0
>TOI-1659: 277.9251940 82.3059490 8.702 1.006 1.100 5977.0 4.47 nan
 TOI-1659.02: 2.197 1.435 nan 0.0456 3.39857 2459907.339882 1353.7 0
>TOI-166: 323.1960860 -44.0180360 9.609 1.002 1.032 5254.0 4.45 nan
 TOI-166.01: 1.556 9.148 nan 0.0583 5.06113 2459065.316593 1050.3 0
>TOI-1664: 276.9378850 55.7557530 8.365 1.340 7.532 6225.0 5.06 nan
 TOI-1664.01: 2.094 2.535 nan 0.1992 11.83508 2460653.815299 778.5 0
>TOI-167: 90.6624820 -64.8194840 10.541 nan nan 5766.0 nan nan
 TOI-167.01: 1.687 nan nan nan 4.45318 2459387.893848 nan 0
>TOI-1670: 259.0172520 72.1611810 8.724 1.316 1.210 6170.0 4.29 0.09
 TOI-1670.03: 9.732 3.162 nan 1.0415 123.05860 2458822.898380 334.4 0
>TOI-1675: 47.8066350 61.7623850 9.374 2.060 1.736 7478.0 4.05 nan
 TOI-1675.01: 1.237 10.374 nan 0.0504 3.13308 2459935.218205 2305.4 0
>TOI-1677: 58.4865860 58.9683000 9.042 1.493 1.072 5919.7 4.12 nan
 TOI-1677.01: 0.666 4.845 nan 0.0149 0.64358 2459910.373493 2857.4 0
>TOI-168: 311.6435900 -37.9043990 9.934 0.730 nan 4801.5 nan nan
 TOI-168.01: 1.347 3.407 nan nan 2.31446 2458326.492800 nan 0
>TOI-1681: 81.6710490 56.9636150 9.416 0.930 1.021 5672.5 4.51 nan
 TOI-1681.01: 0.766 8.740 nan 0.0263 1.53792 2460309.854007 1626.6 0
>TOI-1684: 65.3460850 62.2452060 5.859 2.990 nan 4815.0 nan nan
 TOI-1684.01: 0.911 9.151 nan nan 1.15499 2460662.089606 nan 0
>TOI-1686: 61.7311420 66.1195990 9.042 1.459 1.164 6141.0 4.18 nan
 TOI-1686.01: 3.846 3.708 nan 0.0732 6.70539 2458818.598730 1322.0 0
>TOI-1687: 66.8349930 73.0236890 8.867 0.978 1.024 5734.0 4.47 nan
 TOI-1687.01: 1.823 3.913 nan 0.0931 10.25963 2458816.843505 896.2 0
>TOI-1692: 279.4643600 78.6111100 10.005 1.458 1.357 6554.0 4.24 nan
 TOI-1692.01: 6.443 4.957 nan 0.1473 17.72866 2459725.018258 994.3 0
 TOI-1692.02: 7.520 7.318 nan 0.2193 32.20797 2459717.485849 814.9 0
>TOI-1697: 290.1088600 61.0854470 9.036 0.650 0.494 4067.0 4.51 nan
 TOI-1697.01: 3.075 2.342 nan 0.0752 10.71652 2459755.174741 576.6 0
>TOI-1698: 98.5029710 41.9007820 10.264 nan nan 7697.2 nan nan
 TOI-1698.01: 1.578 nan nan nan 17.04198 2458847.697260 nan 0
>TOI-1699: 125.1887450 46.2036040 9.852 1.039 1.012 5654.4 4.41 nan
 TOI-1699.01: 2.383 3.007 nan 0.0539 4.54701 2459606.910667 1197.1 0
>TOI-170: 54.9895950 -83.0885180 11.029 1.220 1.108 5973.0 4.31 nan
 TOI-170.01: 2.685 13.941 nan 0.0485 3.71151 2459387.008657 1444.6 0
>TOI-1701: 99.8981890 42.1313390 9.437 0.879 0.741 4685.1 4.42 nan
 TOI-1701.01: 1.347 4.507 nan 0.0215 1.33417 2459937.389746 1444.5 0
>TOI-1703: 113.8743670 49.4780680 9.627 1.075 1.035 5747.6 4.39 nan
 TOI-1703.01: 0.650 5.321 nan 0.0224 1.20161 2459605.526737 1920.0 0
>TOI-1706: 285.2056020 60.2336710 9.468 0.970 1.013 5617.0 4.47 nan
 TOI-1706.01: 2.628 2.072 nan 0.0537 4.51561 2460654.274794 1151.2 0
 TOI-1706.02: 2.778 1.677 nan 0.0747 7.40578 2460660.042173 976.0 0
>TOI-1708: 116.1072910 43.0090790 9.562 1.240 1.227 6259.0 4.34 nan
 TOI-1708.01: 3.841 9.642 nan 0.1064 11.44192 2458853.121100 1030.3 0
>TOI-1709: 118.6298310 45.8078410 9.256 1.600 1.175 6157.0 4.10 nan
 TOI-1709.01: 3.311 18.026 nan 0.0800 7.62884 2459597.198308 1327.8 0
>TOI-171: 124.2694280 -63.2134030 10.187 1.107 0.782 5237.0 4.24 nan
 TOI-171.01: 1.905 12.190 nan 0.0208 1.23860 2458570.408133 1842.3 0
>TOI-1713: 100.5205950 39.8429040 9.207 0.946 0.858 5097.6 4.42 nan
 TOI-1713.01: 0.567 3.276 nan 0.0126 0.55726 2458842.709690 2129.9 0
>TOI-1717: 104.6285460 67.6773360 8.737 1.360 1.377 6578.0 4.31 nan
 TOI-1717.01: 2.169 13.110 nan 0.0553 4.05239 2460310.509106 1573.0 0
>TOI-1719: 135.2974620 55.8599400 6.913 4.170 1.154 6096.4 3.26 nan
 TOI-1719.01: 1.170 9.659 nan 0.0403 2.75526 2460337.550728 2990.4 0
>TOI-1727: 93.5585490 53.1359250 8.706 0.989 0.982 5566.0 4.44 nan
 TOI-1727.01: 1.576 2.199 nan 0.0291 1.83088 2458842.784934 1564.7 0
>TOI-173: 33.4588530 -80.5827110 8.242 1.469 1.249 6409.0 4.20 nan
 TOI-173.01: 8.078 11.987 nan 0.2024 29.75375 2458333.410136 832.6 0
 TOI-173.02: 5.686 2.632 nan 0.0923 9.17023 2458329.295582 1232.9 0
>TOI-1734: 254.5032890 57.3052630 9.309 0.989 1.034 5773.0 4.46 nan
 TOI-1734.01: 4.485 2.712 nan 0.1863 28.87451 2458688.866362 641.4 0
>TOI-1735: 313.3391570 64.2291660 7.615 1.260 1.300 6439.0 4.35 nan
 TOI-1735.01: 3.101 2.374 nan 0.1017 10.38576 2460395.941454 1092.9 0
>TOI-1737: 248.2532330 72.9255340 7.914 1.950 1.419 6669.0 4.01 nan
 TOI-1737.01: 6.353 2.795 nan 0.1305 14.44798 2460653.042568 1243.1 0
>TOI-1738: 54.5021630 50.9551150 10.457 0.669 0.641 3948.0 4.59 nan
 TOI-1738.01: 1.547 4.382 nan 0.0404 3.69858 2458792.656633 774.7 0
>TOI-1740: 351.0179920 43.3766700 9.110 0.835 0.929 5366.0 4.56 nan
 TOI-1740.01: 3.573 2.462 nan 0.1380 19.42842 2458741.058614 636.5 0
>TOI-1741: 247.0434550 63.4990980 8.754 0.610 0.675 4324.0 4.70 nan
 TOI-1741.01: 2.175 1.365 nan 0.0846 10.94066 2459852.091929 559.9 0
>TOI-1745: 281.1362900 54.9498990 10.756 0.424 0.419 3759.0 4.80 nan
 TOI-1745.01: 2.270 3.444 nan 0.0483 5.98487 2459653.478364 537.1 0
>TOI-1746: 281.7677090 54.9106820 9.501 0.410 0.403 3340.0 4.82 nan
 TOI-1746.01: 0.990 1.476 nan 0.0268 2.52533 2458684.784378 629.9 0
 TOI-1746.02: 1.030 1.366 nan 0.0357 3.87768 2459660.640991 545.8 0
>TOI-1747: 270.8060500 60.6751920 8.718 0.700 0.694 4435.0 4.59 nan
 TOI-1747.01: 0.561 2.081 nan 0.0341 2.75465 2460657.306569 968.9 0
>TOI-1748: 270.7393100 60.4176380 9.156 0.768 0.707 4837.0 4.52 nan
 TOI-1748.01: 1.421 1.530 nan 0.0261 1.83186 2459662.449114 1265.2 0
>TOI-1754: 265.5943100 57.4477710 9.657 0.593 0.583 3849.0 4.66 nan
 TOI-1754.01: 3.840 2.824 nan 0.1047 16.21432 2459662.802223 441.7 0
>TOI-1755: 273.7817070 56.8781020 9.115 1.270 1.328 6499.0 4.35 nan
 TOI-1755.01: 3.546 11.005 nan 0.3304 60.18489 2460644.817094 614.4 0
>TOI-1757: 255.4007140 79.0671260 9.602 0.707 0.693 4428.0 4.58 nan
 TOI-1757.01: 1.465 1.678 nan 0.0286 2.12569 2459633.261116 1061.6 0
 TOI-1757.02: 0.946 1.632 nan 0.0507 5.00971 2458685.759866 797.3 0
>TOI-1761: 281.5776450 75.3033670 9.742 1.194 1.242 6311.0 4.38 nan
 TOI-1761.01: 3.487 2.423 nan 0.1078 11.59225 2459714.913736 1012.8 0
>TOI-1762: 17.9150040 79.1654920 9.598 0.948 1.171 6156.0 4.55 nan
 TOI-1762.01: 3.070 4.077 nan 0.1723 24.14123 2458810.921261 696.3 0
>TOI-1763: 259.5641640 74.3027210 10.538 0.473 0.471 3520.0 4.76 nan
 TOI-1763.01: 1.064 1.930 nan 0.0371 3.79787 2458684.788007 606.1 0
>TOI-1764: 277.2930100 55.3131070 nan 0.620 0.700 4415.0 4.70 nan
 TOI-1764.01: 1.810 9.774 nan 0.2275 47.38608 2459744.020242 351.5 0
>TOI-1765: 234.2417910 67.4525790 10.470 0.900 0.872 5203.4 4.47 nan
 TOI-1765.01: 1.961 5.660 nan 0.0430 3.49396 2459690.102516 1147.9 0
>TOI-1769: 144.0003440 51.6077840 8.383 0.890 0.957 5493.0 4.52 nan
 TOI-1769.01: 0.416 3.577 nan 0.0139 0.60976 2460338.470141 2119.5 0
>TOI-1772: 156.8377040 34.3909500 8.354 0.995 0.990 5583.0 4.44 nan
 TOI-1772.02: 5.349 5.047 nan nan nan 2459618.707643 nan 0
>TOI-1782: 213.0787720 74.4117910 9.552 0.669 0.680 4336.0 4.62 nan
 TOI-1782.03: 2.555 2.833 nan 0.1215 18.75598 2459625.059505 490.6 0
>TOI-1783: 287.6810170 64.1536620 7.990 0.985 0.940 5406.0 4.42 nan
 TOI-1783.01: 1.306 2.282 nan 0.0242 1.41987 2458871.091166 1663.1 0
>TOI-1784: 153.5496830 29.0855240 8.920 1.230 1.311 6435.7 4.38 nan
 TOI-1784.01: 0.433 6.756 nan 0.0351 2.09376 2459633.759040 1837.1 0
>TOI-1785: 285.7285230 63.9488490 8.867 2.870 5.454 6264.0 4.26 nan
 TOI-1785.01: 5.305 4.259 nan 0.1704 11.00231 2459944.890087 1239.6 0
>TOI-1787: 152.3304600 39.1624110 9.566 1.670 1.310 6427.0 4.11 nan
 TOI-1787.01: 2.580 28.846 nan 0.0906 8.70467 2459627.995561 1330.6 0
>TOI-1792: 151.7200290 45.8833280 7.521 0.990 0.962 5502.5 4.43 nan
 TOI-1792.01: 3.895 1.289 nan 0.0825 8.81649 2459629.386516 919.1 0
>TOI-180: 14.2986390 -67.4961890 8.689 2.070 0.934 6082.0 3.78 nan
 TOI-180.01: 1.039 10.051 nan 0.0170 0.83539 2458325.896392 3236.2 0
>TOI-1802: 164.2553130 24.8823380 9.076 0.582 0.573 3859.0 4.67 nan
 TOI-1802.01: 3.499 2.507 nan 0.1066 16.79611 2458904.154502 434.8 0
>TOI-1804: 172.1711220 46.4804640 9.092 1.060 0.945 5428.8 4.36 nan
 TOI-1804.01: 2.756 2.745 nan 0.0556 4.92464 2460364.133409 1143.0 0
>TOI-1805: 232.1404920 55.1853200 9.584 0.855 0.893 5232.4 4.52 nan
 TOI-1805.01: 3.369 2.982 nan 0.1570 24.05105 2458757.207853 588.8 0
>TOI-1806: 166.1181470 30.4585760 10.016 0.402 0.393 3272.0 4.83 nan
 TOI-1806.02: 1.488 3.006 nan 0.0583 8.19608 2458905.228249 414.3 0
 TOI-1806.03: 0.947 1.719 nan 0.0091 0.50190 2458899.698659 1048.7 0
>TOI-1812: 242.7478850 58.2945530 10.312 0.739 0.840 5059.4 4.63 nan
 TOI-1812.01: 7.303 7.043 nan nan nan 2458924.593048 nan 0
 TOI-1812.02: 3.562 2.737 nan 0.0947 11.60982 2458902.482870 681.5 0
 TOI-1812.03: 5.374 5.092 nan 0.2450 48.33202 2458909.510365 423.7 0
>TOI-1817: 186.5818740 46.4708240 9.747 1.452 1.164 6131.3 4.18 nan
 TOI-1817.01: 2.230 6.063 nan 0.1161 13.39837 2459645.227114 1045.6 0
>TOI-1818: 193.1311750 34.9010280 10.187 1.633 1.197 6236.9 4.09 nan
 TOI-1818.01: 4.738 10.033 nan 0.0648 5.51151 2459639.827662 1509.8 0
>TOI-182: 353.2939980 -35.4639920 8.541 0.960 0.703 5569.0 4.32 nan
 TOI-182.01: 1.825 10.919 nan 0.0255 1.76917 2458355.082741 1647.7 0
>TOI-1822: 167.7778480 39.5266730 9.707 1.710 0.995 5637.7 3.97 nan
 TOI-1822.01: 5.292 14.570 nan 0.0883 9.61366 2459623.129601 1196.3 0
>TOI-1825: 280.6791680 66.3031120 10.513 1.010 0.978 5450.0 4.42 nan
 TOI-1825.01: 2.788 10.772 nan 0.0913 10.18243 2459752.123396 874.1 0
>TOI-1828: 241.5622480 69.6218020 10.173 1.560 1.043 5759.8 4.07 nan
 TOI-1828.01: 4.389 8.098 nan 0.0865 9.09412 2459918.438376 1179.5 0
>TOI-1829: 290.8774260 78.7542170 11.730 1.020 0.988 5565.0 4.42 nan
 TOI-1829.01: 3.044 15.990 nan 0.0664 6.28958 2459775.884516 1051.8 0
>TOI-1831: 200.4527350 17.7654350 6.792 2.268 1.488 6864.0 3.90 nan
 TOI-1831.01: 0.834 4.403 nan 0.0151 0.55532 2459665.464633 4056.4 0
>TOI-1832: 256.6622660 63.7786350 11.353 0.780 0.741 4652.0 4.52 nan
 TOI-1832.01: 2.190 7.612 nan 0.0457 4.15086 2459765.040315 926.7 0
>TOI-1834: 202.2942510 31.4019160 10.280 1.020 0.998 5610.0 4.42 nan
 TOI-1834.01: 1.847 16.024 nan 0.0223 1.21644 2459689.763585 1829.5 0
>TOI-1845: 237.3170860 71.4429440 11.705 0.943 0.894 5271.0 4.44 nan
 TOI-1845.01: 2.605 13.348 nan 0.0448 3.66100 2459666.132177 1166.1 0
>TOI-1849: 208.0996470 37.7486120 9.382 1.140 0.990 5595.0 4.32 nan
 TOI-1849.01: 2.323 8.408 nan 0.0897 9.86276 2460412.030494 961.8 0
>TOI-1850: 195.7618840 21.9230720 9.357 1.140 0.903 5224.6 4.28 nan
 TOI-1850.01: 1.252 16.464 nan 0.0718 7.39143 2458931.035590 1003.9 0
>TOI-1851: 197.7486350 6.6865640 11.352 0.760 0.714 4567.0 4.53 nan
 TOI-1851.01: 1.278 10.034 nan 0.0579 6.01797 2459688.751118 797.9 0
>TOI-1852: 197.0720250 23.1209370 12.364 0.900 0.913 5356.0 4.49 nan
 TOI-1852.01: 2.455 13.465 nan 0.0337 2.36019 2459690.342687 1334.7 0
>TOI-1854: 206.8454280 19.7584540 11.615 0.872 0.781 4836.0 4.45 nan
 TOI-1854.01: 2.265 12.698 nan 0.0334 2.52674 2459667.101712 1191.5 0
>TOI-1857: 199.6073440 35.9539830 8.739 2.260 1.622 7218.0 3.94 nan
 TOI-1857.01: 1.135 10.424 nan 0.0194 0.77599 2459663.219189 3756.7 0
>TOI-1858: 199.4125920 22.8501010 11.065 0.770 0.668 4220.9 4.49 nan
 TOI-1858.01: 1.144 18.369 nan 0.0280 2.09121 2459691.122281 1067.3 0
>TOI-1861: 130.8001300 -83.0612580 8.894 1.061 1.157 5490.0 4.45 nan
 TOI-1861.01: 6.504 11.252 nan 1.6848 742.51266 2460782.962341 210.1 0
>TOI-1865: 242.9193580 58.4770010 11.035 1.920 1.314 6618.5 3.99 nan
 TOI-1865.01: 1.037 7.388 nan 0.0245 1.22391 2459742.663844 2825.3 0
>TOI-1866: 295.3822190 57.3256640 12.013 1.922 1.443 6728.0 4.03 nan
 TOI-1866.01: 3.958 10.979 nan 0.0373 2.18631 2459797.900124 2328.9 0
>TOI-1868: 247.1256270 69.0309750 11.664 1.560 1.118 6016.0 4.10 nan
 TOI-1868.01: 3.432 12.178 nan 0.0867 8.82636 2459940.409366 1230.5 0
>TOI-1869: 37.5303280 -79.7565600 9.963 1.393 1.121 5435.9 4.20 nan
 TOI-1869.01: 1.009 5.564 nan 0.0278 1.60244 2459362.742783 1855.5 0
>TOI-1870: 285.0206680 63.4298300 12.011 1.431 1.328 6511.0 4.25 nan
 TOI-1870.01: 3.506 16.410 nan 0.0424 2.76339 2459694.209214 1824.0 0
>TOI-1872: 296.2573030 64.7919040 11.198 1.570 nan 6305.2 nan nan
 TOI-1872.01: 2.016 11.180 nan nan 2.23497 2459765.196316 nan 0
>TOI-1873: 212.5684760 84.3718580 9.693 0.972 0.780 5598.0 4.48 nan
 TOI-1873.01: 4.964 3.953 nan 0.1677 24.93419 2459753.685026 649.9 0
 TOI-1873.02: 6.396 3.888 nan 1.8344 900.19310 2458848.638767 196.5 0
>TOI-1874: 281.4492100 56.3817010 11.006 1.636 1.546 7013.0 4.20 nan
 TOI-1874.01: 5.639 19.384 nan 0.1547 17.86840 2459756.864289 1099.7 0
>TOI-1875: 268.6609000 60.3564110 11.894 1.250 1.061 5817.0 4.27 nan
 TOI-1875.01: 1.713 15.436 nan 0.1006 11.30918 2459857.086857 988.8 0
>TOI-1876: 271.6118890 62.1767510 12.104 1.730 1.439 6748.0 4.12 nan
 TOI-1876.01: 2.293 11.487 nan 0.0768 6.48276 2459945.349797 1544.4 0
>TOI-1878: 262.6052710 63.1230140 11.976 1.064 1.112 5976.0 4.43 nan
 TOI-1878.01: 0.965 6.971 nan 0.0444 3.23510 2459911.907728 1410.7 0
>TOI-1879: 289.8616030 59.6701120 12.244 1.496 1.355 6531.0 4.22 nan
 TOI-1879.01: 5.854 17.044 nan 0.1240 13.70460 2459703.289921 1093.9 0
>TOI-1880: 182.7261870 -75.1319300 10.366 0.556 0.552 3631.4 4.69 nan
 TOI-1880.01: 1.787 8.054 nan 0.0231 1.72638 2459333.898275 859.1 0
>TOI-1882: 212.8392010 -75.8332020 10.942 1.631 2.382 8828.7 4.39 nan
 TOI-1882.01: 1.790 18.446 nan 0.0554 3.08988 2459334.446718 2309.9 0
>TOI-1884: 261.1294560 67.9891210 11.399 0.882 0.898 5225.0 4.50 nan
 TOI-1884.01: 2.646 9.051 nan 0.0676 6.78228 2458928.339600 910.1 0
>TOI-1885: 304.6652230 66.1559540 10.932 1.760 1.210 6232.0 4.03 nan
 TOI-1885.01: 3.777 14.151 nan 0.0730 6.54407 2459736.999544 1475.6 0
>TOI-1886: 333.5596960 -55.3733380 12.106 0.924 1.030 5744.0 4.52 nan
 TOI-1886.01: 2.554 12.834 nan 0.0365 2.51285 2459062.639615 1393.6 0
>TOI-1887: 271.3685240 75.1456280 10.338 0.706 0.691 4250.0 4.58 nan
 TOI-1887.01: 1.756 2.501 nan 0.0293 2.20016 2459884.269522 1006.0 0
>TOI-1889: 324.1282360 -52.5131010 10.837 0.772 nan 4791.0 nan nan
 TOI-1889.01: 0.967 5.410 nan nan 0.91345 2459036.732943 nan 0
>TOI-1890: 279.7445020 79.2383500 10.638 1.269 1.069 5857.0 4.26 nan
 TOI-1890.01: 6.280 10.014 nan 0.1473 19.96769 2459884.073661 829.0 0
>TOI-1891: 345.6309860 -46.0851950 8.520 1.220 1.102 5984.0 4.31 nan
 TOI-1891.01: 1.745 14.714 nan 0.1249 15.36177 2460176.504188 901.8 0
>TOI-1892: 5.1653230 -33.9844760 8.814 0.795 0.823 5256.0 4.55 nan
 TOI-1892.01: 5.123 2.232 nan 2.7520 1837.88973 2458364.629487 136.2 0
>TOI-1893: 326.4383920 79.6139390 7.943 1.462 1.538 6996.0 4.30 nan
 TOI-1893.01: 16.200 3.965 nan nan nan 2458824.861486 nan 0
>TOI-1894: 100.7985910 -78.2810940 9.068 1.069 0.994 5611.0 4.38 nan
 TOI-1894.01: 19.126 6.288 nan 1.5966 739.23898 2458387.072971 221.4 0
>TOI-1895: 243.7134590 -81.6805970 9.072 1.374 1.691 6762.0 4.39 nan
 TOI-1895.01: 5.065 9.571 nan 1.9214 748.07394 2459362.934319 275.7 0
>TOI-1896: 352.1786100 47.3495210 8.251 1.606 1.442 6750.0 4.19 nan
 TOI-1896.01: 16.105 8.956 nan nan nan 2458743.727014 nan 0
>TOI-1938: 219.3893770 -42.0294000 9.870 1.106 0.953 6200.5 4.33 nan
 TOI-1938.01: 2.478 11.446 nan 0.1049 12.70609 2459346.073496 970.8 0
>TOI-1940: 212.6478190 -27.9930720 8.587 2.191 0.800 5986.0 3.66 nan
 TOI-1940.01: 1.920 19.338 nan 0.0412 3.41587 2459335.645193 2105.0 0
>TOI-1943: 183.7041170 -63.0867180 9.010 0.950 nan 5309.7 nan nan
 TOI-1943.01: 1.962 3.246 nan nan 1.74257 2460091.697304 nan 0
>TOI-1949: 182.7721170 -52.6721960 8.829 1.450 1.495 6531.7 4.29 nan
 TOI-1949.01: 3.882 15.438 nan 0.0621 4.62110 2459331.900044 1521.9 0
>TOI-1951: 172.1562260 -78.8015870 9.019 1.956 2.111 5877.5 4.18 nan
 TOI-1951.01: 2.676 19.910 nan 0.0717 4.82941 2459362.084735 1480.3 0
>TOI-1954: 165.0332970 -59.9784090 8.415 1.981 1.975 7119.5 4.14 nan
 TOI-1954.01: 6.542 9.755 nan 0.0709 4.90642 2460015.194354 1814.7 0
>TOI-1958: 175.3356200 -78.1630080 8.370 5.420 nan 4851.6 nan nan
 TOI-1958.01: 1.759 17.533 nan nan 14.64838 2460830.632824 nan 0
>TOI-196: 14.5516890 -64.7615410 7.403 4.060 1.257 6495.0 3.32 nan
 TOI-196.01: 1.457 8.424 nan 0.0234 1.16304 2458354.303731 4125.4 0
>TOI-1960: 173.3141490 -60.0759950 8.534 3.280 1.966 6466.2 3.70 nan
 TOI-1960.01: 4.990 5.739 nan 0.0749 5.34182 2459330.051424 2063.4 0
>TOI-1961: 211.5934230 -40.5239090 9.249 1.520 1.366 6231.8 4.21 nan
 TOI-1961.01: 1.874 5.022 nan 0.0772 6.70190 2459352.079496 1333.4 0
>TOI-1966: 209.9825250 -43.3273160 8.314 2.308 1.314 6390.7 3.83 nan
 TOI-1966.01: 1.011 6.316 nan 0.0156 0.62273 2459334.476080 3748.3 0
>TOI-1967: 174.8450280 -65.1762990 8.815 1.499 1.032 5343.0 4.10 nan
 TOI-1967.01: 0.511 4.388 nan 0.0112 0.42622 2459307.334625 2980.6 0
>TOI-1968: 212.1932470 -56.3223410 9.685 1.550 1.389 6535.3 4.20 nan
 TOI-1968.01: 4.297 13.856 nan 0.0548 3.97195 2458601.956960 1676.0 0
>TOI-1970: 190.7203650 -53.6883040 10.274 1.570 1.158 6432.2 4.11 nan
 TOI-1970.01: 2.970 17.504 nan 0.0385 2.55997 2459308.323706 1980.7 0
>TOI-1972: 176.0702550 -59.9118530 8.809 1.480 1.053 6105.1 4.12 nan
 TOI-1972.01: 1.838 4.064 nan 0.0564 4.76310 2458571.461580 1508.1 0
>TOI-1973: 220.4268000 -33.8261330 9.660 nan nan 5149.0 4.35 nan
 TOI-1973.01: 2.346 nan nan nan 3.91949 2459335.074889 nan 0
>TOI-1974: 171.3783870 -67.7785750 9.397 1.490 0.996 5342.0 4.09 nan
 TOI-1974.01: 1.675 14.780 nan 0.0604 5.43822 2459354.324182 1279.4 0
>TOI-1976: 212.8466110 -50.0699770 7.231 nan nan 4956.8 nan nan
 TOI-1976.01: 8.903 nan nan nan 7.69431 2459360.021406 nan 0
>TOI-1981: 155.5906200 -63.6546200 9.783 2.140 nan 8749.3 nan nan
 TOI-1981.01: 3.593 4.727 nan nan 2.47635 2460063.136243 nan 0
>TOI-1982: 207.5848240 -23.3833790 9.540 1.410 1.176 6617.0 4.21 nan
 TOI-1982.01: 5.016 9.890 nan 0.1375 17.17250 2459323.825798 1021.8 0
>TOI-1985: 148.3905620 -58.3760770 9.196 2.050 nan 6101.8 nan nan
 TOI-1985.01: 3.466 23.812 nan nan 30.78647 2460027.634922 nan 0
>TOI-1986: 144.0237580 -51.7446480 8.071 nan nan 8613.8 nan nan
 TOI-1986.01: 4.897 nan nan nan 7.50438 2459256.974533 nan 0
>TOI-1987: 185.3318550 -14.0623790 8.665 2.330 1.015 5635.4 3.71 nan
 TOI-1987.01: 1.830 13.519 nan 0.0371 2.58616 2459283.073540 2153.5 0
>TOI-1995: 143.4663870 -53.5616430 9.371 4.440 4.332 7804.8 3.78 nan
 TOI-1995.01: 1.772 13.228 nan 0.0679 3.10565 2459327.827796 3043.3 0
>TOI-1997: 181.6325050 -31.6457130 9.104 1.610 1.398 6311.5 4.17 nan
 TOI-1997.01: 1.062 5.116 nan 0.0328 1.83598 2460038.146530 2132.3 0
>TOI-1999: 156.9951080 -48.4285470 9.399 1.160 1.049 5843.0 4.33 nan
 TOI-1999.01: 2.345 21.223 nan 0.0742 7.21336 2460033.285881 1114.0 0
>TOI-2001: 128.1813550 -58.5755110 8.425 3.961 2.278 7896.3 3.60 nan
 TOI-2001.01: 1.805 22.050 nan 0.0505 2.74352 2459256.141134 3372.2 0
>TOI-2003: 201.5271270 -27.4125600 9.094 2.460 2.108 7043.2 3.98 nan
 TOI-2003.01: 3.529 15.717 nan nan nan 2458579.365320 nan 0
>TOI-2007: 209.8584150 74.1512280 9.017 0.895 0.897 5249.0 4.49 nan
 TOI-2007.01: 9.165 3.156 nan nan nan 2458872.689910 nan 0
>TOI-2009: 16.9082920 22.9528680 5.763 0.701 0.760 4755.3 4.63 nan
 TOI-2009.01: 2.173 2.241 nan 1.8696 1071.08984 2458783.768755 140.4 0
>TOI-2016: 246.7972670 42.6877670 9.188 0.840 0.892 5175.0 4.54 nan
 TOI-2016.01: 2.718 2.985 nan 0.0677 6.81611 2460470.798919 879.0 0
 TOI-2016.02: 1.862 2.747 nan 0.0343 2.45904 2460477.432216 1234.9 0
 TOI-2016.03: 3.214 3.236 nan 0.1625 25.33698 2459735.445738 567.4 0
>TOI-202: 15.5250400 -59.0877240 13.098 0.820 0.827 4746.0 4.53 nan
 TOI-202.01: 1.190 9.456 nan 0.0266 1.73867 2458326.110175 1270.7 0
>TOI-2023: 232.8633450 33.9025160 7.105 0.696 0.820 4958.0 4.67 nan
 TOI-2023.01: 2.974 1.661 nan 0.0916 11.19005 2458964.128568 659.0 0
>TOI-2026: 5.4695340 66.1681190 9.253 0.770 0.841 5050.0 4.59 nan
 TOI-2026.01: 2.551 2.572 nan 0.0688 7.19253 2459904.708769 814.7 0
>TOI-2030: 349.6720860 68.2992170 9.491 2.290 1.051 5778.0 3.74 nan
 TOI-2030.01: 0.975 14.408 nan 0.0240 1.32546 2459880.870498 2721.6 0
>TOI-2032: 333.3117320 81.7397290 9.758 1.500 nan 6542.0 nan nan
 TOI-2032.01: 2.228 13.529 nan nan 17.00967 2459737.544901 nan 0
>TOI-2033: 17.6800980 65.2496480 8.942 1.950 1.556 7014.0 4.05 nan
 TOI-2033.01: 4.397 8.514 nan 0.1605 18.82431 2459886.489100 1178.9 0
>TOI-2035: 17.7367100 61.0921070 8.701 2.350 nan 9387.0 nan nan
 TOI-2035.01: 3.068 5.901 nan nan 8.51226 2458793.504850 nan 0
>TOI-2036: 233.0149230 24.0850160 8.296 2.180 1.345 6549.0 3.89 nan
 TOI-2036.01: 1.246 4.246 nan 0.0252 1.26104 2460449.232339 2937.2 0
>TOI-2037: 234.8612930 55.1534980 9.905 1.190 1.239 6319.0 4.38 nan
 TOI-2037.01: 4.623 2.918 nan 0.1049 11.15167 2459639.813076 1026.3 0
 TOI-2037.02: 3.435 2.872 nan 0.0659 5.54709 2459637.780899 1294.8 0
>TOI-2038: 293.9146010 81.5547910 9.808 2.800 1.368 6570.0 3.68 nan
 TOI-2038.01: 5.738 19.158 nan 0.0523 3.73212 2459913.435645 2318.1 0
>TOI-2039: 307.0227460 61.8714110 9.599 1.480 1.237 6308.0 4.19 nan
 TOI-2039.01: 3.142 4.967 nan 0.1055 11.24799 2460539.786844 1139.3 0
>TOI-204: 12.9760100 -59.3436470 8.171 1.037 0.984 5605.0 4.40 nan
 TOI-204.01: 4.301 2.824 nan 0.2419 43.82979 2458328.034407 559.6 0
>TOI-2043: 0.9775570 59.3346810 9.339 1.230 1.180 6178.0 4.33 nan
 TOI-2043.01: 4.274 3.731 nan 0.1085 12.01358 2460428.035206 1003.0 0
>TOI-2045: 1.1192480 54.9344970 9.845 1.720 1.156 6125.9 4.03 nan
 TOI-2045.01: 5.928 12.684 nan 0.0894 9.07763 2459873.067934 1295.7 0
>TOI-2050: 323.9082970 65.4375360 8.802 0.880 1.099 5985.0 4.59 nan
 TOI-2050.01: 2.781 2.036 nan 0.1150 13.59702 2460427.434017 798.3 0
>TOI-2051: 336.2950390 67.9711680 10.189 2.617 2.935 11265.0 4.07 nan
 TOI-2051.01: 1.780 5.572 nan 0.0310 1.16333 2459854.289501 4991.0 0
>TOI-2055: 324.2388570 69.2839460 9.987 1.610 nan 6782.0 nan nan
 TOI-2055.01: 2.360 31.434 nan nan 4.69817 2459876.086576 nan 0
>TOI-2056: 2.5995670 58.4894390 6.686 1.720 1.455 6748.7 4.13 nan
 TOI-2056.01: 3.848 2.956 nan 0.1045 10.22070 2458771.677300 1320.3 0
>TOI-2057: 226.1165130 28.2157150 9.827 1.837 nan 6081.3 nan nan
 TOI-2057.01: 5.389 9.982 nan nan 5.59863 2459668.434278 nan 0
>TOI-2063: 331.7017700 63.5990440 9.644 2.460 1.753 7577.0 3.90 nan
 TOI-2063.01: 2.124 11.650 nan 0.1801 21.07626 2458743.997640 1350.3 0
>TOI-2067: 167.8652990 71.5407540 9.391 0.880 0.970 5491.0 4.54 nan
 TOI-2067.01: 2.325 2.332 nan 0.0827 8.81281 2460366.210960 863.7 0
>TOI-2069: 245.7289680 61.6948360 6.786 0.823 0.900 5268.0 4.56 nan
 TOI-2069.01: 2.461 1.047 nan 0.0618 5.92142 2458688.473496 927.0 0
>TOI-2070: 219.0433740 68.9406950 8.849 1.164 1.056 5849.0 4.33 nan
 TOI-2070.01: 1.581 2.284 nan 0.0686 6.38392 2458684.428217 1161.8 0
>TOI-2072: 173.9865460 75.5466290 8.826 nan nan 3546.0 4.94 nan
 TOI-2072.01: 1.352 nan nan nan 3.16798 2459635.550895 nan 0
>TOI-2073: 209.8823260 58.9329100 8.507 1.156 1.023 5729.0 4.32 nan
 TOI-2073.01: 6.202 2.840 nan 0.2789 53.19914 2458745.519019 562.4 0
>TOI-2074: 218.1843950 43.7564280 7.711 1.600 1.375 6594.0 4.17 nan
 TOI-2074.01: 4.790 3.595 nan 0.6875 177.58305 2458754.149159 485.1 0
>TOI-2075: 210.0446150 38.7056410 9.155 0.668 0.640 4065.0 4.59 nan
 TOI-2075.01: 2.143 2.313 nan 0.0480 4.79817 2459690.292318 731.2 0
>TOI-2077: 244.3769540 68.8946640 8.631 0.850 0.919 5284.0 4.54 nan
 TOI-2077.01: 1.941 1.562 nan 0.0636 6.11558 2460348.122110 931.5 0
>TOI-2079: 185.3381930 57.7523640 8.610 0.481 0.478 3577.0 4.75 nan
 TOI-2079.01: 1.156 1.261 nan 0.0200 1.49232 2458711.967129 845.9 0
 TOI-2079.02: 1.701 2.062 nan 0.0678 9.31741 2458720.556268 459.4 0
>TOI-208: 53.2815800 -72.7440510 9.282 0.978 0.940 5493.0 4.43 nan
 TOI-208.01: 7.199 2.123 nan 0.1526 22.45862 2458335.989204 670.6 0
>TOI-2080: 250.3829810 80.0458800 9.991 0.723 0.793 4868.0 4.62 nan
 TOI-2080.01: 3.656 3.060 nan 0.2886 63.58094 2458689.532084 371.5 0
>TOI-2081: 264.3022630 53.0255670 9.523 0.534 0.540 3800.0 4.50 -0.50
 TOI-2081.02: 1.635 1.354 nan 0.0465 5.10972 2458686.965949 621.0 0
>TOI-2082: 241.5812030 53.5146410 6.920 1.150 1.111 6004.0 4.36 nan
 TOI-2082.01: 4.517 2.606 nan 0.1966 30.20048 2460444.153514 700.2 0
>TOI-2083: 284.7677330 60.1544550 10.172 0.767 0.690 4410.0 4.51 nan
 TOI-2083.01: 4.239 3.057 nan 0.1186 17.96964 2458695.867578 540.8 0
>TOI-2085: 152.2234730 70.3945570 8.575 0.799 0.870 5134.0 4.57 nan
 TOI-2085.01: 6.794 3.461 nan nan nan 2458850.320850 nan 0
>TOI-2086: 285.9216850 65.7856720 10.156 0.910 0.913 5337.0 4.48 nan
 TOI-2086.01: 4.491 2.753 nan 0.2285 41.75400 2459772.489982 513.6 0
 TOI-2086.02: 2.969 2.421 nan 0.1415 20.26166 2459662.482575 652.6 0
>TOI-2087: 208.0529550 75.1652610 9.051 0.954 1.002 5647.0 4.48 nan
 TOI-2087.01: 16.096 2.266 nan nan nan 2458709.129054 nan 0
>TOI-2089: 267.3071630 54.4159320 10.295 0.780 0.905 5274.3 4.61 nan
 TOI-2089.01: 5.109 2.653 nan 0.2569 49.99500 2459790.282263 443.2 0
>TOI-2090: 276.3940480 64.6368810 8.094 2.120 1.282 6395.0 3.89 nan
 TOI-2090.01: 15.860 3.679 nan 0.8002 230.92212 2458715.333688 501.9 0
>TOI-2091: 263.8520710 64.3801320 7.201 1.150 1.040 5809.0 4.33 nan
 TOI-2091.01: 5.559 2.032 nan 0.6256 177.21889 2458742.874740 379.8 0
>TOI-2098: 254.4556490 68.6995810 7.866 1.546 1.845 7788.0 4.33 nan
 TOI-2098.01: 12.413 2.466 nan nan nan 2458756.674319 nan 0
>TOI-210: 88.9618400 -73.9852880 9.995 0.330 0.109 3275.0 4.44 nan
 TOI-210.01: 1.844 2.151 nan 0.0405 9.01054 2459338.993120 450.8 0
>TOI-2100: 205.5934700 76.6479810 9.763 0.847 0.974 5535.0 4.57 nan
 TOI-2100.01: 2.309 3.068 nan 0.1599 23.65740 2459605.640236 614.3 0
>TOI-2101: 266.1337100 54.0909710 9.615 0.998 1.000 5619.0 4.44 nan
 TOI-2101.01: 3.616 2.583 nan 0.0851 9.07533 2458690.416800 927.9 0
>TOI-2102: 253.4427930 65.2939610 10.201 0.808 0.909 5292.0 4.58 nan
 TOI-2102.01: 1.678 2.126 nan 0.0674 6.70602 2458687.583784 883.5 0
 TOI-2102.02: 3.339 3.219 nan nan nan 2459958.470839 nan 0
>TOI-2103: 239.0169180 73.0739200 8.924 0.800 0.809 4884.0 4.54 nan
 TOI-2103.01: 1.724 1.217 nan 0.0350 2.66207 2459663.746739 1126.0 0
 TOI-2103.02: 3.740 1.700 nan 0.1357 20.29265 2458697.682402 571.8 0
>TOI-2104: 151.6122150 83.0878400 8.652 0.724 0.541 4856.1 4.57 nan
 TOI-2104.01: 1.815 1.701 nan 0.0398 3.27231 2460336.160755 998.7 0
 TOI-2104.03: 2.808 2.073 nan 0.1108 15.18087 2460335.884786 598.6 0
 TOI-2104.04: 1.660 1.381 nan 0.0285 1.98031 2460336.943627 1180.2 0
 TOI-2104.05: 3.013 1.543 nan 0.0817 9.56111 2458687.794321 697.1 0
>TOI-2105: 181.0644380 83.4380340 8.366 0.821 0.760 4718.0 4.49 nan
 TOI-2105.01: 1.139 2.228 nan 0.1130 15.91527 2459422.272665 613.2 0
>TOI-2108: 247.4816010 21.4951620 9.242 1.423 1.225 6300.0 4.22 nan
 TOI-2108.01: 2.912 29.315 nan 0.0752 6.80196 2459719.380198 1321.5 0
>TOI-211: 110.2797070 -68.5783660 8.518 1.089 0.972 5874.0 4.35 nan
 TOI-211.01: 1.352 5.926 nan 0.0680 6.56387 2460981.057077 1133.5 0
>TOI-2112: 343.8543350 70.2972900 6.711 1.580 1.620 7184.0 4.25 nan
 TOI-2112.01: 5.935 4.484 nan 0.1336 14.01206 2459729.804553 1191.3 0
 TOI-2112.02: 10.642 5.552 nan 0.6656 155.82370 2459856.006624 533.7 0
>TOI-2119: 244.4298820 26.3042110 8.139 0.500 0.501 3606.0 4.74 nan
 TOI-2119.01: 2.030 12.063 nan 0.0580 7.20086 2460442.055186 510.5 0
>TOI-212: 22.5500240 -59.5832460 9.697 0.300 0.292 3332.0 4.95 nan
 TOI-212.01: 0.719 4.469 nan 0.0063 0.33527 2458325.490344 1108.7 0
>TOI-2121: 263.9443660 36.1964920 9.999 0.628 0.395 4325.7 4.44 nan
 TOI-2121.01: 2.026 12.403 nan 0.0252 2.31957 2459718.987440 1041.3 0
>TOI-2123: 243.9408830 17.0239040 8.440 0.844 0.950 5432.0 4.56 nan
 TOI-2123.01: 3.801 4.022 nan 0.0911 10.30885 2458990.815776 797.3 0
>TOI-213: 38.8872910 -71.6242470 8.119 0.670 1.393 4566.4 4.93 nan
 TOI-213.01: 3.222 2.305 nan 0.1794 23.51990 2460177.887219 425.5 0
 TOI-213.02: 2.434 1.136 nan 0.0858 7.75655 2458328.442759 615.3 0
>TOI-2137: 274.1439560 34.1730120 10.823 0.874 0.797 4882.0 4.46 nan
 TOI-2137.01: 3.826 18.632 nan 0.1062 14.15023 2459393.084770 675.3 0
>TOI-214: 99.4587410 -70.9313270 6.862 0.800 0.929 5346.2 4.60 nan
 TOI-214.01: 3.436 1.556 nan 0.1338 18.55368 2460971.306620 630.4 0
 TOI-214.02: 2.734 0.776 nan 0.0868 9.69598 2460678.903484 782.6 0
>TOI-2142: 267.0466240 15.9801090 8.787 0.364 0.350 3472.0 4.86 nan
 TOI-2142.01: 2.351 1.555 nan 0.0610 9.30044 2459014.835542 409.0 0
>TOI-2143: 62.5729820 75.1709310 9.513 1.950 1.706 7437.0 4.09 nan
 TOI-2143.01: 5.032 12.120 nan 0.0737 5.58994 2460470.992666 1844.7 0
>TOI-2144: 350.2531400 79.4417820 8.786 0.880 0.962 5452.0 4.53 nan
 TOI-2144.01: 5.351 2.142 nan 0.2158 37.34159 2460584.029269 530.9 0
>TOI-2149: 285.5965080 42.5074140 9.116 1.340 0.991 6020.0 4.18 nan
 TOI-2149.01: 0.559 5.508 nan 0.0136 0.58425 2460367.227586 2881.5 0
>TOI-215: 7.3180080 -63.7906230 9.534 0.964 0.936 5821.0 4.44 nan
 TOI-215.01: 2.769 3.083 nan 0.1693 26.28514 2458334.396978 669.8 0
>TOI-2155: 5.8002690 84.4528390 10.097 1.740 1.156 6144.0 4.02 nan
 TOI-2155.01: 3.078 10.881 nan 0.0494 3.72469 2459913.983994 1758.3 0
>TOI-2159: 264.4540400 47.2302890 9.820 1.410 1.048 5844.0 4.16 nan
 TOI-2159.01: 6.129 13.594 nan 0.0926 10.05097 2459755.898401 1099.6 0
>TOI-2160: 291.1259740 56.8812960 9.725 1.250 1.111 6021.0 4.29 nan
 TOI-2160.01: 1.640 2.732 nan 0.0347 2.23905 2459688.464287 1742.6 0
>TOI-2163: 261.4409530 23.0570310 9.475 1.470 1.249 6318.0 4.20 nan
 TOI-2163.01: 3.765 3.729 nan 0.0634 5.21325 2460474.956612 1467.0 0
>TOI-2165: 281.4057540 16.4153670 10.131 2.160 1.701 7421.0 4.00 nan
 TOI-2165.01: 2.544 14.034 nan 0.0226 0.95000 2459417.644616 3498.4 0
>TOI-2166: 260.3030600 63.2392820 9.393 1.990 1.348 6515.0 3.97 nan
 TOI-2166.01: 3.716 3.341 nan 0.0643 5.13546 2460555.594031 1747.7 0
>TOI-2170: 164.3138560 89.0869230 9.579 1.120 1.123 6018.0 4.39 nan
 TOI-2170.01: 4.577 2.232 nan 0.0898 9.27867 2460469.244400 1024.8 0
>TOI-2174: 268.8239550 40.1674750 9.598 1.330 1.121 6069.0 4.24 nan
 TOI-2174.01: 2.014 4.211 nan 0.0419 2.96018 2459765.959460 1648.8 0
>TOI-218: 58.4220010 -68.7386280 10.826 0.285 0.081 3146.0 4.44 nan
 TOI-218.01: 0.519 0.651 nan 0.0049 0.43848 2458325.547997 1157.0 0
 TOI-218.02: 1.664 1.802 nan 0.0349 8.35221 2458328.408317 433.5 0
>TOI-2181: 270.5580910 63.5496300 11.106 0.910 0.977 5574.0 4.51 nan
 TOI-2181.01: 2.899 4.970 nan 0.0801 8.37906 2459843.189547 906.0 0
>TOI-2183: 283.4896970 37.3808250 nan nan nan 5485.0 nan nan
 TOI-2183.01: 5.442 nan nan nan 6.50113 2459789.284328 nan 0
>TOI-2185: 314.5766650 -40.2686330 11.669 1.086 1.081 5440.3 4.40 nan
 TOI-2185.01: 4.015 10.124 nan 0.0750 7.21477 2459036.889768 998.3 0
>TOI-2186: 357.0023360 -68.4876980 12.049 1.371 1.723 5772.2 4.40 nan
 TOI-2186.01: 2.972 14.396 nan 0.0637 4.47692 2459040.677411 1291.3 0
>TOI-2187: 96.9408060 -79.4097790 11.901 1.140 1.190 5344.0 4.40 nan
 TOI-2187.01: 1.688 12.683 nan 0.0407 2.74923 2460016.915327 1363.8 0
>TOI-2188: 347.9439400 -69.8541700 12.145 1.368 1.362 5829.0 4.30 nan
 TOI-2188.01: 2.429 14.269 nan 0.0522 3.73505 2459037.586804 1438.9 0
>TOI-2189: 34.0854190 -78.7007100 12.166 1.003 nan 4979.4 nan nan
 TOI-2189.01: 2.896 11.875 nan nan 4.43433 2459037.695286 nan 0
>TOI-2190: 311.7511710 -38.6706560 11.573 1.552 2.207 5477.0 4.40 nan
 TOI-2190.01: 4.353 19.501 nan 0.0776 5.31607 2459041.219803 1181.1 0
>TOI-2191: 313.4029200 -36.8215470 11.913 1.139 0.944 5741.0 4.30 nan
 TOI-2191.01: 2.269 15.349 nan 0.0485 4.01154 2459037.349685 1341.6 0
>TOI-2192: 353.2817130 -76.8191550 11.368 1.129 1.168 5262.0 4.40 nan
 TOI-2192.01: 3.820 11.626 nan 0.0700 6.26434 2459039.462278 1019.0 0
>TOI-2195: 34.8400970 -72.7088940 9.800 0.933 nan 5101.7 nan nan
 TOI-2195.01: 2.058 8.960 nan nan 4.16451 2459039.461004 nan 0
>TOI-2201: 316.6697100 -57.5779780 9.363 1.470 1.221 6252.0 4.19 nan
 TOI-2201.01: 1.112 6.615 nan 0.0255 1.34776 2460150.788041 2289.0 0
>TOI-2203: 325.1045720 -54.0342260 11.527 1.446 1.260 6344.0 4.22 nan
 TOI-2203.01: 3.071 20.073 nan 0.0445 3.05631 2459038.655122 1743.8 0
>TOI-2209: 111.4423560 -77.7766590 12.008 1.214 1.351 4955.0 4.40 nan
 TOI-2209.01: 3.362 13.635 nan 0.0493 3.43912 2459362.843930 1185.7 0
>TOI-2210: 347.4629450 -79.6999980 12.237 0.836 0.641 5077.7 4.40 nan
 TOI-2210.01: 4.853 11.799 nan 0.0922 12.78468 2459042.902673 737.3 0
>TOI-2212: 44.5292450 -66.9492850 11.190 0.921 0.871 5116.3 4.45 nan
 TOI-2212.01: 2.894 8.911 nan 0.0556 5.12939 2459039.726913 1004.1 0
>TOI-2213: 326.5827290 -61.1078370 12.293 1.212 1.068 5784.0 4.30 nan
 TOI-2213.01: 2.632 9.373 nan 0.0599 5.17928 2459036.458970 1254.6 0
>TOI-2214: 117.8675650 -72.2850460 11.648 nan nan 5727.0 4.30 nan
 TOI-2214.01: 2.837 nan nan nan 2.41565 2460041.314701 nan 0
>TOI-2215: 286.0731210 -32.3542790 8.544 0.730 0.773 4882.7 4.60 nan
 TOI-2215.01: 2.563 2.869 nan 0.0578 5.77721 2459040.866320 836.7 0
>TOI-2216: 12.0749960 -68.4392970 11.238 1.386 1.398 6295.0 4.30 nan
 TOI-2216.01: 4.109 6.284 nan 0.0697 5.68074 2459037.730148 1353.6 0
>TOI-2217: 35.7504180 -71.4579450 11.911 1.313 1.254 5916.0 4.30 nan
 TOI-2217.01: 4.174 11.728 nan 0.0517 3.83004 2459039.604534 1437.6 0
>TOI-2218: 107.1557040 -64.2328010 10.574 1.050 0.802 6282.0 4.30 nan
 TOI-2218.01: 0.648 10.193 nan 0.0090 0.34569 2460014.455131 3271.9 0
>TOI-2219: 107.8195780 -78.2384640 11.731 1.399 1.423 5161.7 4.30 nan
 TOI-2219.01: 4.388 12.842 nan 0.1033 10.16887 2460074.804023 916.0 0
>TOI-2220: 97.3205010 -65.3377810 10.426 1.209 1.310 5615.0 4.39 nan
 TOI-2220.01: 2.001 13.364 nan 0.0267 1.39265 2459363.006828 1822.0 0
>TOI-2222: 119.1851920 -67.0719310 11.894 1.500 1.300 6381.0 4.20 nan
 TOI-2222.01: 3.333 17.384 nan 0.0366 2.24569 2460933.697820 1969.8 0
>TOI-2223: 18.6898930 -81.9821650 11.120 1.591 1.843 5847.0 4.30 nan
 TOI-2223.01: 5.292 13.514 nan 0.0872 6.93097 2459365.146877 1204.3 0
>TOI-2224: 61.2429690 -78.3746810 10.541 1.015 1.188 4996.3 4.50 nan
 TOI-2224.01: 0.648 4.971 nan 0.0132 0.50551 2459988.772614 2112.7 0
>TOI-2225: 112.7674710 -72.6674470 12.157 nan nan 5823.3 4.30 nan
 TOI-2225.01: 3.531 nan nan nan 3.57756 2460015.034505 nan 0
>TOI-2226: 333.5595980 -59.5683250 8.765 1.360 0.536 5828.0 3.90 nan
 TOI-2226.01: 0.743 5.485 nan 0.0148 0.90177 2460906.366341 2694.0 0
>TOI-2227: 337.5177560 -67.8501460 9.174 1.208 1.657 5889.5 4.34 nan
 TOI-2227.02: 1.033 3.394 nan 0.0809 11.54720 2458335.051334 1097.4 0
>TOI-2229: 294.5721810 -46.3980780 9.754 1.640 1.126 6046.0 4.06 nan
 TOI-2229.01: 2.267 5.515 nan 0.0594 4.98668 2458660.256090 1531.9 0
>TOI-2232: 301.5401220 -33.6674840 8.925 nan nan nan nan nan
 TOI-2232.01: 0.956 nan nan nan 11.45959 2459046.542480 nan 0
>TOI-2233: 296.9196590 -32.5759660 9.625 1.134 0.894 5226.0 4.28 nan
 TOI-2233.01: 1.252 11.593 nan 0.0348 2.50876 2460127.292119 1438.5 0
>TOI-2234: 299.2298270 -35.3971790 9.837 2.690 1.152 6103.0 3.64 nan
 TOI-2234.01: 1.481 13.479 nan 0.0419 2.91615 2459036.730410 2358.0 0
>TOI-2235: 41.0915240 -74.7898170 10.095 1.670 1.280 6378.0 4.10 nan
 TOI-2235.01: 1.176 8.143 nan 0.1413 17.14012 2460108.680976 1057.3 0
>TOI-2238: 67.6578080 -70.3549100 9.836 1.430 1.155 6113.8 4.19 nan
 TOI-2238.01: 2.878 2.407 nan 0.0463 3.39049 2459965.350360 1638.4 0
>TOI-224: 1.9779690 -29.9796030 8.727 0.487 0.522 3689.0 4.78 nan
 TOI-224.01: 1.919 17.180 nan 1.2492 705.58447 2458365.843684 111.1 0
>TOI-2241: 295.2564950 -27.8592750 8.468 5.760 nan 4779.7 nan nan
 TOI-2241.01: 2.337 21.725 nan nan 3.32430 2458657.362520 nan 0
>TOI-2242: 315.1717740 -35.8710990 9.159 2.580 1.110 6037.2 3.66 nan
 TOI-2242.01: 5.713 6.776 nan 0.0708 6.53144 2459041.758770 1757.4 0
>TOI-2243: 310.4836150 -38.8780090 10.033 nan nan 6664.0 nan nan
 TOI-2243.01: 4.428 nan nan nan 5.41418 2459040.094000 nan 0
>TOI-2244: 308.5635020 -48.2748410 nan 1.950 nan 5286.9 nan nan
 TOI-2244.01: 1.036 12.894 nan nan 5.46377 2459039.627780 nan 0
>TOI-2245: 117.2810110 -80.8938860 9.511 1.510 0.912 5042.0 4.04 nan
 TOI-2245.01: 3.914 4.135 nan 0.0462 3.79811 2459389.180943 1390.0 0
>TOI-2248: 80.6240170 -70.2543290 9.866 1.660 1.746 7546.0 4.24 nan
 TOI-2248.01: 4.319 10.341 nan 0.3698 62.16245 2460077.706461 770.9 0
>TOI-225: 343.8803900 -24.4097330 9.564 0.711 0.626 4658.0 4.53 nan
 TOI-225.01: 4.812 5.524 nan nan nan 2458355.118626 nan 0
>TOI-2251: 278.9895270 70.1607570 11.756 1.458 1.045 5776.0 4.13 nan
 TOI-2251.01: 6.049 18.131 nan 0.1016 11.57436 2459945.371277 1055.1 0
>TOI-2252: 270.2776090 61.3471530 10.174 2.784 1.384 6582.0 3.69 nan
 TOI-2252.01: 3.331 8.699 nan 0.1167 12.37965 2458844.736633 1550.2 0
>TOI-2254: 275.3935880 62.3690020 8.348 1.370 4.782 5706.0 4.84 nan
 TOI-2254.01: 3.372 2.910 nan 0.2928 26.45798 2460539.925232 595.2 0
>TOI-2255: 316.8926980 74.3832520 10.728 1.250 1.562 6049.0 4.44 nan
 TOI-2255.01: 2.740 11.401 nan 0.1187 11.95261 2459727.117395 946.6 0
>TOI-2256: 225.3156830 40.9468270 9.125 0.814 0.662 5270.9 4.44 nan
 TOI-2256.01: 4.525 2.312 nan 0.0989 13.96319 2458938.822446 729.2 0
>TOI-2259: 244.5642000 42.6270600 7.360 1.745 1.417 6690.0 4.11 nan
 TOI-2259.01: 2.157 5.443 nan 0.1430 16.58993 2458961.789439 1126.9 0
>TOI-2261: 284.0226790 70.2541200 11.248 0.986 nan 5392.0 nan nan
 TOI-2261.01: 1.613 5.765 nan nan 1.90115 2458983.867200 nan 0
>TOI-2262: 266.4064550 59.5141990 9.672 1.280 1.252 6328.0 4.32 nan
 TOI-2262.01: 2.120 1.936 nan 0.0276 1.49373 2458684.016321 2078.0 0
>TOI-2263: 237.9611310 83.1108880 8.649 0.853 0.990 5599.0 4.57 nan
 TOI-2263.01: 14.924 1.633 nan nan nan 2458708.384365 nan 0
>TOI-2264: 295.9277460 78.7259190 9.682 0.957 1.164 6140.0 4.54 nan
 TOI-2264.01: 6.186 4.177 nan 0.5046 121.33429 2458827.026520 407.7 0
>TOI-2265: 239.7877680 32.3959730 8.015 1.524 2.323 5951.7 4.44 nan
 TOI-2265.01: 0.558 2.480 nan 0.0229 0.82941 2458956.331721 2341.3 0
>TOI-2268: 226.4696400 39.6365530 9.266 1.135 1.075 5910.4 4.36 nan
 TOI-2268.01: 1.219 3.126 nan 0.0745 7.15660 2458932.627916 1112.4 0
>TOI-2269: 264.1478960 77.1262160 9.928 0.550 0.547 3872.0 4.70 nan
 TOI-2269.02: 1.174 1.422 nan 0.0321 2.84114 2459849.641958 772.9 0
 TOI-2269.03: 1.372 1.847 nan 0.0761 10.40291 2458686.456214 501.9 0
>TOI-2270: 244.3822650 61.3682460 6.999 1.611 1.270 6380.4 4.13 nan
 TOI-2270.01: 4.629 2.760 nan nan nan 2458962.984125 nan 0
>TOI-2271: 296.7102890 70.0719430 10.795 1.680 1.182 6180.0 4.06 nan
 TOI-2271.01: 2.582 29.170 nan 0.1841 26.54567 2459753.691039 900.2 0
>TOI-2272: 359.8531010 68.3841190 7.355 2.630 1.217 6258.0 3.68 nan
 TOI-2272.01: 15.237 5.152 nan 0.2142 32.82368 2458773.807867 1057.4 0
>TOI-2273: 81.2402210 79.7493400 8.014 1.151 1.329 6495.0 4.44 nan
 TOI-2273.01: 6.183 2.131 nan 0.2785 46.57110 2458845.707797 636.7 0
>TOI-2274: 277.4593110 40.5414120 8.342 0.631 0.612 3943.0 4.50 nan
 TOI-2274.02: 1.119 1.422 nan 0.0179 1.11880 2460337.873035 1128.9 0
>TOI-2275: 234.5122990 69.0175310 9.948 0.712 0.792 4863.0 4.63 nan
 TOI-2275.01: 1.324 2.324 nan 0.1341 20.15469 2458684.152198 540.3 0
>TOI-2276: 261.8367630 58.2143520 7.828 0.877 0.960 5482.0 4.53 nan
 TOI-2276.01: 6.775 1.925 nan 0.3490 76.86640 2458725.707722 419.0 0
>TOI-2277: 273.4973110 80.6584620 7.202 2.437 1.264 6358.0 3.77 nan
 TOI-2277.01: 12.404 3.379 nan nan nan 2458998.981604 nan 0
>TOI-2278: 289.5133380 56.2367790 10.095 0.320 0.298 3412.0 4.90 nan
 TOI-2278.01: 0.447 1.871 nan 0.0169 1.46633 2459690.583683 715.9 0
>TOI-2279: 255.2457950 45.3862830 8.875 0.790 0.810 4962.0 4.55 nan
 TOI-2279.01: 1.501 2.341 nan 0.0391 3.14345 2460473.945213 1075.5 0
>TOI-2280: 254.5885070 45.9364450 7.679 3.701 1.179 6175.0 3.37 nan
 TOI-2280.01: 2.369 9.130 nan 0.1451 18.60168 2458959.940081 1503.8 0
>TOI-2281: 294.3901640 66.9714320 8.469 1.526 1.414 6683.0 4.22 nan
 TOI-2281.01: 10.387 2.896 nan 0.7777 210.66836 2458765.860515 451.4 0
>TOI-2282: 294.3760520 74.7823100 8.694 1.845 1.546 7020.0 4.10 nan
 TOI-2282.01: 6.827 2.823 nan 0.1222 12.55208 2458691.469822 1315.3 0
>TOI-2286: 292.8233150 72.5383170 9.142 1.465 1.487 6863.0 4.28 nan
 TOI-2286.01: 10.757 3.747 nan 0.7105 179.40317 2458811.504844 475.2 0
>TOI-2287: 222.7507900 85.8953910 7.726 1.201 1.120 6037.0 4.33 nan
 TOI-2287.01: 3.332 1.748 nan 0.1054 11.81207 2458688.985794 982.7 0
>TOI-2288: 251.1191800 60.0860430 10.708 0.605 0.636 4066.0 4.68 nan
 TOI-2288.01: 2.643 2.793 nan 0.0724 8.91722 2458740.424190 566.8 0
>TOI-2289: 255.0975570 39.7302500 8.999 1.015 1.020 5717.0 4.43 nan
 TOI-2289.01: 5.130 3.351 nan 0.3132 63.39545 2458964.279078 496.3 0
>TOI-2290: 321.5995820 68.6405310 9.072 0.566 0.560 3863.0 4.68 nan
 TOI-2290.01: 0.912 1.199 nan 0.0086 0.38622 2458764.986586 1511.2 0
>TOI-2291: 304.2990530 65.8715590 10.002 0.476 0.474 3869.0 4.76 nan
 TOI-2291.01: 1.556 1.978 nan 0.0680 9.40588 2459620.204224 493.6 0
>TOI-2292: 304.2666360 65.1538440 9.836 1.000 1.044 5781.0 4.46 nan
 TOI-2292.01: 2.444 2.442 nan 0.0732 7.07673 2459704.906266 1030.3 0
>TOI-2293: 115.5933770 70.4040760 9.636 0.499 0.497 3668.0 4.74 nan
 TOI-2293.01: 1.983 2.120 nan 0.0516 6.06833 2459600.314533 550.0 0
>TOI-2294: 288.1085670 54.6404270 9.057 1.278 1.295 6424.0 4.34 nan
 TOI-2294.01: 9.232 3.689 nan 1.0399 340.38773 2458691.694075 343.4 0
>TOI-2296: 266.9315760 55.8728140 9.295 0.907 0.931 5373.0 4.49 nan
 TOI-2296.01: 15.565 1.839 nan 0.5134 139.26323 2458720.261652 344.4 0
>TOI-2297: 250.7398920 76.4495870 10.226 0.794 0.785 4836.0 4.53 nan
 TOI-2297.01: 3.809 1.951 nan 0.1420 22.04877 2459623.756729 551.4 0
>TOI-2298: 274.5120580 74.4665350 9.342 0.660 0.660 4239.0 4.62 nan
 TOI-2298.01: 7.641 2.895 nan nan nan 2458960.029434 nan 0
>TOI-2300: 297.4161870 68.8833540 10.611 0.797 0.992 5607.0 4.63 nan
 TOI-2300.01: 2.586 3.299 nan 0.0560 4.85667 2459445.193065 1020.0 0
 TOI-2300.02: 3.849 5.706 nan 0.1210 15.44327 2459646.961969 693.9 0
 TOI-2300.03: 17.071 7.671 nan nan nan 2459398.739519 nan 0
>TOI-2301: 228.5686220 51.4688460 7.527 1.610 1.180 6187.0 4.10 nan
 TOI-2301.01: 4.592 4.016 nan 0.0687 6.05416 2460414.841007 1444.3 0
>TOI-2302: 336.2791860 -52.5366710 9.751 0.929 0.890 5228.0 4.45 nan
 TOI-2302.01: 1.624 9.860 nan 0.0225 1.31038 2459063.140785 1619.9 0
>TOI-2304: 339.4362610 -30.6082820 9.430 1.233 1.200 6223.0 4.34 nan
 TOI-2304.01: 2.672 3.994 nan 0.0927 9.40705 2459063.308262 1094.4 0
>TOI-2305: 29.6080560 -66.3391550 11.694 1.166 1.245 5382.0 4.40 nan
 TOI-2305.01: 1.782 15.211 nan 0.0199 0.91890 2459062.290253 1986.6 0
>TOI-2306: 324.8007750 -44.3752710 12.181 1.103 1.115 5535.6 4.40 nan
 TOI-2306.01: 2.094 13.234 nan 0.0421 2.99057 2459064.314222 1366.3 0
>TOI-2307: 330.1359440 -29.1485890 11.185 1.285 1.513 5465.0 4.40 nan
 TOI-2307.01: 1.824 14.199 nan 0.0434 2.68201 2459062.612091 1433.9 0
>TOI-2308: 8.9805050 -64.7224420 11.510 1.334 1.028 6373.5 4.20 nan
 TOI-2308.01: 2.310 13.978 nan 0.0487 3.86866 2459063.021340 1608.5 0
>TOI-2309: 2.9448220 -68.5701200 9.325 1.376 1.230 6276.1 4.25 nan
 TOI-2309.01: 6.417 4.030 nan 0.1559 20.26564 2459044.333033 899.1 0
>TOI-2310: 61.5240050 -60.4672520 11.583 1.180 nan 5266.7 nan nan
 TOI-2310.01: 2.501 13.653 nan nan 2.94321 2459357.895903 nan 0
>TOI-2311: 326.2727470 -20.0325140 10.782 0.885 0.903 5289.4 4.50 nan
 TOI-2311.01: 1.773 9.013 nan 0.0258 1.59338 2459062.770201 1493.8 0
>TOI-2312: 327.6176570 -46.2952570 11.549 nan nan 5590.5 4.40 nan
 TOI-2312.01: 3.105 nan nan nan 3.18569 2459063.375330 nan 0
>TOI-2313: 354.8168670 -78.7465290 10.472 nan nan 5816.0 4.30 nan
 TOI-2313.01: 1.235 nan nan nan 1.89053 2459063.002235 nan 0
>TOI-2314: 350.8697450 -52.1759420 10.910 1.550 1.103 6093.1 4.10 nan
 TOI-2314.01: 4.540 11.922 nan 0.1281 15.93755 2459063.240033 1022.0 0
>TOI-2315: 320.5240830 -27.5544090 10.101 1.165 0.987 5941.2 4.30 nan
 TOI-2315.01: 1.809 9.984 nan 0.0249 1.44071 2459062.373149 1959.6 0
>TOI-2318: 262.5893320 40.3694650 7.193 0.845 0.713 4968.0 4.44 nan
 TOI-2318.01: 4.683 6.507 nan nan nan 2459026.647613 nan 0
>TOI-2321: 196.7364090 16.5493400 8.855 0.970 0.993 5645.8 4.46 nan
 TOI-2321.01: 3.612 2.908 nan 1.5632 716.34974 2458954.324139 214.5 0
>TOI-2324: 337.8870710 -23.1650500 8.327 1.500 1.300 6413.0 4.20 nan
 TOI-2324.01: 2.898 2.303 nan 0.0219 1.03717 2460933.032738 2559.3 0
>TOI-2325: 343.5446320 -36.2877770 8.754 1.620 1.383 6580.0 4.16 nan
 TOI-2325.01: 1.509 8.956 nan 0.0574 4.26991 2460155.146047 1685.6 0
>TOI-2326: 350.4913130 -40.1743520 8.747 nan nan nan nan nan
 TOI-2326.01: 5.722 nan nan nan 58.99709 2460201.334015 nan 0
>TOI-2327: 103.4221490 -73.0757130 8.414 0.958 1.219 6115.0 4.56 nan
 TOI-2327.01: 5.848 3.137 nan 0.3971 82.78998 2458396.537731 458.0 0
>TOI-2329: 94.2786910 -52.3385020 10.716 1.330 0.144 5424.0 3.35 nan
 TOI-2329.01: 3.304 10.777 nan 0.0359 6.53467 2459966.265304 1592.0 0
>TOI-233: 343.7086120 -18.9124450 9.091 0.380 0.332 3644.0 4.80 nan
 TOI-233.01: 2.053 2.021 nan 0.0697 11.67003 2458365.261451 410.3 0
 TOI-233.02: 2.144 1.706 nan 0.0505 7.20114 2458359.471437 482.0 0
>TOI-2330: 172.8586450 -41.6895180 10.942 1.260 1.078 5960.4 4.27 nan
 TOI-2330.01: 2.544 11.666 nan 0.0340 2.20882 2459329.308010 1749.7 0
>TOI-2331: 62.6715350 -32.9924400 11.281 0.570 0.554 3798.0 4.67 nan
 TOI-2331.01: 2.436 7.489 nan 0.0452 4.71509 2459167.334911 650.4 0
>TOI-2332: 139.7415480 -15.3080800 11.123 1.000 0.982 5596.2 4.43 nan
 TOI-2332.01: 3.589 11.914 nan 0.0745 7.49723 2459273.759320 988.7 0
>TOI-2333: 54.2213830 -60.0614760 11.466 1.830 1.140 6115.0 3.97 nan
 TOI-2333.01: 6.416 8.787 nan 0.1200 14.21976 2459169.298095 1151.5 0
>TOI-2334: 49.1541930 -48.1079180 11.036 1.700 0.984 5556.0 3.97 nan
 TOI-2334.01: 3.047 10.940 nan 0.0778 7.99808 2459169.124450 1252.4 0
>TOI-2335: 50.8266230 -40.4535180 11.280 1.120 1.123 6004.9 4.39 nan
 TOI-2335.01: 1.104 6.157 nan 0.0261 1.44921 2459169.502915 1896.8 0
>TOI-2336: 230.2304160 -33.6924600 9.283 1.830 1.309 6458.0 4.03 nan
 TOI-2336.01: 4.058 10.719 nan 0.0836 7.71198 2460083.976548 1457.0 0
>TOI-2339: 105.7620260 -55.3682850 10.858 2.437 0.990 5636.8 3.66 nan
 TOI-2339.01: 7.491 12.023 nan 0.0892 9.77284 2459964.335411 1420.7 0
>TOI-234: 2.5688520 -26.2824080 12.333 0.549 0.302 3642.0 4.44 nan
 TOI-234.01: 1.401 10.476 nan 0.0263 2.83928 2458356.087715 802.4 0
>TOI-2343: 58.6161730 -31.3448950 11.281 1.250 1.086 5927.0 4.28 nan
 TOI-2343.01: 2.061 6.729 nan 0.0442 3.25532 2459169.676986 1519.9 0
>TOI-2344: 257.7150330 -75.7299920 11.265 2.030 1.089 5929.0 3.86 nan
 TOI-2344.01: 4.171 10.707 nan 0.0826 8.31298 2459380.743164 1417.3 0
>TOI-2347: 52.4876050 -0.9042170 10.523 1.930 1.130 6033.7 3.92 nan
 TOI-2347.01: 1.397 8.115 nan 0.0227 1.17363 2459169.738716 2682.8 0
>TOI-2348: 86.2546780 -13.3266170 10.843 1.380 1.386 6595.0 4.30 nan
 TOI-2348.01: 1.047 4.985 nan 0.0247 1.20438 2459225.439688 2377.1 0
>TOI-2349: 143.2593390 -13.8306340 10.891 1.610 1.036 5782.0 4.04 nan
 TOI-2349.01: 6.656 22.404 nan 0.1013 11.57385 2459997.913355 1111.5 0
>TOI-235: 46.1979140 -73.3963740 8.453 nan nan 5454.4 3.44 nan
 TOI-235.01: 1.750 nan nan nan 10.09026 2458357.283835 nan 0
>TOI-2350: 97.4081220 -21.9943850 9.557 1.080 0.952 5484.0 4.35 nan
 TOI-2350.01: 2.704 7.554 nan 0.0810 8.62518 2458476.588785 965.6 0
 TOI-2350.02: 2.643 3.839 nan 0.0553 4.87141 2458480.358848 1168.6 0
>TOI-2351: 192.6616320 -14.5650990 11.082 1.270 1.022 5728.0 4.24 nan
 TOI-2351.01: 2.061 26.113 nan 0.0596 5.25248 2459552.675285 1275.0 0
>TOI-2352: 87.3732850 -25.3756130 10.013 1.040 1.014 5695.0 4.41 nan
 TOI-2352.01: 1.099 5.370 nan 0.0278 1.68045 2459226.279737 1679.7 0
>TOI-2353: 103.2453940 -67.5392600 11.114 1.976 1.329 6510.3 3.97 nan
 TOI-2353.01: 3.049 6.230 nan 0.0691 5.75180 2458544.487802 1678.8 0
>TOI-2355: 199.0210290 -33.7639600 10.974 1.170 1.225 6296.0 4.39 nan
 TOI-2355.01: 2.335 4.108 nan 0.0246 1.27098 2459332.174614 2093.7 0
>TOI-2356: 79.6178900 -28.0059300 10.890 1.220 1.160 6150.0 4.33 nan
 TOI-2356.01: 3.096 3.528 nan 0.0489 3.66275 2458489.405040 1481.3 0
>TOI-2357: 197.2005360 -31.4994640 10.639 1.580 1.347 6493.0 4.17 nan
 TOI-2357.01: 2.869 12.261 nan 0.0798 7.09249 2459329.732281 1393.2 0
>TOI-2359: 83.8186640 6.5877080 9.944 2.700 1.160 6130.0 3.64 nan
 TOI-2359.01: 7.191 18.512 nan 0.0616 5.18580 2458486.392660 1957.0 0
>TOI-2361: 184.9825510 -27.2848370 10.795 1.060 0.939 5395.0 4.36 nan
 TOI-2361.01: 3.934 12.139 nan 0.0812 8.71546 2458595.208910 939.9 0
>TOI-2362: 34.9542620 -62.5038170 11.388 1.419 1.138 6104.5 4.19 nan
 TOI-2362.01: 2.706 13.471 nan 0.0744 6.94440 2460157.921115 1285.5 0
>TOI-2363: 112.8753660 -52.9858870 11.184 1.810 1.341 6510.0 4.05 nan
 TOI-2363.01: 3.879 13.566 nan 0.0676 5.54363 2459968.015542 1624.4 0
>TOI-2366: 88.5050220 -3.6399070 10.706 2.050 1.136 6049.7 3.87 nan
 TOI-2366.01: 3.845 12.931 nan 0.1360 17.18699 2459224.966718 1132.6 0
>TOI-2367: 333.1113470 -26.9263700 11.412 1.080 1.119 6046.0 4.42 nan
 TOI-2367.01: 3.734 14.489 nan 0.0652 5.74984 2459084.786760 1186.6 0
>TOI-2369: 83.9138070 4.8279700 11.002 1.270 1.022 5713.3 4.24 nan
 TOI-2369.01: 3.559 11.739 nan 0.0443 3.36516 2460989.763421 1475.1 0
>TOI-2370: 132.8988220 -16.3862770 10.547 1.040 1.062 5851.0 4.43 nan
 TOI-2370.01: 3.827 5.250 nan 0.1086 12.68267 2459262.512418 873.1 0
>TOI-2371: 137.3117100 -19.7780210 11.143 1.290 1.031 5774.0 4.23 nan
 TOI-2371.01: 3.752 12.907 nan 0.0570 4.89842 2459275.495126 1324.5 0
>TOI-2375: 335.7421100 30.5732680 11.552 1.190 1.007 5669.0 4.29 nan
 TOI-2375.01: 1.808 17.727 nan 0.0659 6.16008 2459850.541356 1161.6 0
>TOI-2376: 344.7439890 -23.1480280 11.723 1.395 1.784 5672.5 4.40 nan
 TOI-2376.01: 3.068 9.371 nan 0.0513 3.18220 2459091.168424 1426.4 0
>TOI-2377: 341.8717730 -15.5729470 12.204 0.623 0.650 4155.0 4.66 nan
 TOI-2377.01: 1.119 11.404 nan 0.0239 1.67667 2459088.787600 1022.9 0
>TOI-2378: 31.6175230 -56.1988800 11.922 0.808 0.807 4940.0 4.53 nan
 TOI-2378.01: 2.099 11.584 nan 0.0420 3.49728 2459090.745961 1044.8 0
>TOI-2381: 13.6435880 -67.9151590 11.138 1.166 1.569 5337.0 4.50 nan
 TOI-2381.01: 1.855 18.023 nan 0.0669 5.04512 2459039.751951 1074.4 0
>TOI-2383: 1.4848360 -20.6539550 9.405 1.060 1.029 5503.0 4.40 nan
 TOI-2383.01: 1.223 11.125 nan 0.0423 3.13536 2460927.102808 1328.4 0
>TOI-2385: 26.9650780 -61.6867580 11.747 1.024 nan 4367.6 nan nan
 TOI-2385.01: 2.395 13.573 nan nan 3.15813 2459063.974699 nan 0
>TOI-2387: 20.4103820 -64.8757100 10.834 1.187 1.291 5859.8 4.40 nan
 TOI-2387.01: 1.538 12.382 nan 0.0677 5.66011 2459063.229447 1183.2 0
>TOI-2388: 118.3883570 -63.7698120 7.838 nan nan nan nan nan
 TOI-2388.01: 4.678 nan nan nan 1.34427 2458355.267785 nan 0
>TOI-2389: 357.9623010 -19.1784800 12.170 0.910 0.956 5335.0 4.50 nan
 TOI-2389.01: 1.449 10.510 nan 0.0340 2.33724 2459089.046683 1330.9 0
>TOI-239: 358.4084790 -10.1181180 10.199 1.388 2.735 6362.5 4.59 nan
 TOI-239.01: 3.941 9.852 nan 0.0708 4.15678 2458356.962228 1358.4 0
>TOI-2390: 5.1286020 -61.3861740 10.634 1.998 2.306 7022.0 4.20 nan
 TOI-2390.01: 1.506 8.497 nan 0.0427 2.11929 2459063.928335 2316.2 0
>TOI-2391: 10.1620560 -60.8804240 11.825 1.758 2.832 5774.8 4.40 nan
 TOI-2391.01: 6.808 21.472 nan 0.1092 7.83698 2459064.337666 1117.3 0
>TOI-2392: 83.7837030 -64.1166200 9.591 1.760 0.837 6187.3 3.87 nan
 TOI-2392.01: 4.783 3.439 nan 0.0603 5.91236 2460977.121495 1611.9 0
 TOI-2392.02: 3.858 2.747 nan 0.0418 3.40722 2460984.946786 1936.0 0
 TOI-2392.03: 4.923 2.463 nan 0.0809 9.16965 2459038.613755 1391.6 0
>TOI-2393: 32.9433520 -56.7562260 11.021 1.100 0.988 5603.0 4.35 nan
 TOI-2393.01: 3.184 9.053 nan 0.1380 18.84184 2459128.429660 762.8 0
>TOI-2394: 178.8907690 -10.0291020 10.725 0.810 0.931 5356.0 4.59 nan
 TOI-2394.01: 2.139 3.694 nan 0.0440 3.49780 2459551.890828 1108.1 0
>TOI-2395: 175.8793690 -7.2960910 11.004 1.136 1.266 6394.0 4.43 nan
 TOI-2395.01: 4.023 11.828 nan 0.0838 7.86868 2460014.603848 1135.2 0
>TOI-2396: 170.1500820 -26.1531360 10.429 1.760 1.030 5735.0 3.96 nan
 TOI-2396.01: 1.329 8.891 nan 0.0260 1.50993 2459303.511289 2275.3 0
>TOI-2397: 18.4967440 -6.8268420 10.935 1.060 0.961 5527.0 4.37 nan
 TOI-2397.01: 3.947 7.594 nan 0.0638 6.00327 2459136.966860 1086.3 0
>TOI-2398: 173.7032850 -25.6047170 10.291 0.820 0.870 5099.0 4.55 nan
 TOI-2398.01: 1.961 8.754 nan 0.1349 19.40614 2459285.441427 606.2 0
>TOI-2399: 175.4728370 -21.7967630 11.025 1.610 1.366 6597.0 4.16 nan
 TOI-2399.01: 1.814 11.246 nan 0.0674 5.46819 2459302.317644 1554.8 0
>TOI-240: 14.7549100 -44.1608690 8.852 0.703 0.584 4333.0 4.51 nan
 TOI-240.01: 4.289 3.612 nan 0.1184 19.47230 2458360.114761 509.1 0
>TOI-2401: 146.4472600 -25.4577370 8.308 3.100 1.243 6294.0 3.55 nan
 TOI-2401.01: 3.651 18.116 nan 0.0685 5.86820 2460012.073961 2041.7 0
>TOI-2402: 156.5277120 -17.2628140 11.129 0.970 0.967 5519.0 4.45 nan
 TOI-2402.01: 2.892 8.558 nan 0.0604 5.50950 2459276.117338 1066.5 0
>TOI-2404: 98.4421490 -74.1900980 10.212 1.180 1.160 6142.0 4.36 nan
 TOI-2404.01: 4.589 4.252 nan 0.1533 20.36274 2458509.255951 821.7 0
>TOI-2405: 45.1440660 -51.7935990 10.531 0.757 0.620 4001.0 4.47 nan
 TOI-2405.01: 1.687 4.193 nan 0.0263 1.97926 2459117.319524 1035.1 0
>TOI-2408: 18.2424100 -32.9660160 10.481 0.750 0.813 4935.0 4.60 nan
 TOI-2408.01: 3.061 5.455 nan 0.0817 9.46361 2459128.296253 721.0 0
>TOI-2411: 20.9224570 -8.7017940 8.532 0.680 0.650 4099.0 4.59 nan
 TOI-2411.02: 2.786 2.877 nan 0.0935 13.05121 2460968.503799 533.0 0
 TOI-2411.03: 3.345 3.259 nan 0.1238 19.88899 2460972.243371 463.2 0
>TOI-2419: 53.2703750 -56.5884360 9.542 1.350 0.917 5924.0 4.14 nan
 TOI-2419.01: 5.943 3.611 nan 0.1348 18.88130 2460169.793147 904.0 0
>TOI-2422: 24.8845120 -7.3947290 8.229 0.880 nan 6159.7 nan nan
 TOI-2422.01: 4.910 10.018 nan nan 18.23603 2459131.393960 nan 0
>TOI-2423: 53.4672450 -57.6212950 8.649 1.100 1.134 6057.0 4.41 nan
 TOI-2423.01: 4.208 14.284 nan nan nan 2459097.062000 nan 0
>TOI-2426: 43.8116980 -20.7812900 8.971 1.020 0.998 5716.0 4.42 nan
 TOI-2426.01: 2.691 2.382 nan 0.0500 4.08165 2459168.009140 1244.9 0
>TOI-2428: 53.8314680 3.0286390 15.318 nan nan nan nan nan
 TOI-2428.01: 0.916 nan nan nan 7.57017 2459168.033670 nan 0
>TOI-2429: 36.3639020 1.0575290 8.343 0.843 0.962 5517.8 4.57 nan
 TOI-2429.01: 3.102 2.195 nan 0.0713 7.08465 2458410.991988 914.9 0
>TOI-243: 3.3941150 -31.3344030 10.879 1.949 2.742 6046.0 4.30 nan
 TOI-243.01: 4.311 25.668 nan 0.0624 3.43731 2458356.617596 1629.4 0
>TOI-2430: 46.5587770 -9.8100510 9.329 1.590 1.273 6409.0 4.14 nan
 TOI-2430.01: 0.909 4.675 nan 0.0226 1.10071 2459168.875900 2592.2 0
>TOI-2432: 45.1127790 0.3808420 9.206 2.890 1.158 6130.5 3.58 nan
 TOI-2432.01: 1.491 8.968 nan 0.0307 1.82738 2459168.252050 2868.2 0
>TOI-2433: 299.4402440 56.9710910 9.582 0.309 0.287 3323.0 4.92 nan
 TOI-2433.01: 2.869 1.810 nan nan nan 2458746.356236 nan 0
>TOI-2434: 345.1554150 46.0325360 8.800 3.838 2.397 9431.0 3.65 nan
 TOI-2434.01: 0.913 7.553 nan 0.0325 1.38081 2458739.678081 4942.0 0
>TOI-2435: 219.3384110 56.6661840 9.518 0.875 1.003 5650.1 4.56 nan
 TOI-2435.01: 5.048 3.776 nan nan nan 2458743.374055 nan 0
>TOI-2436: 191.2978990 72.1230840 7.782 1.234 1.232 6291.0 4.35 nan
 TOI-2436.01: 8.730 2.410 nan nan nan 2458722.393707 nan 0
>TOI-2437: 37.9385740 -5.5149870 10.367 1.115 1.080 5927.0 4.38 nan
 TOI-2437.01: 3.020 4.106 nan 0.0600 5.16601 2459147.885503 1232.1 0
>TOI-2439: 54.0283950 1.9338150 10.084 0.946 0.895 5283.0 4.44 nan
 TOI-2439.01: 4.096 5.051 nan 0.1114 14.36148 2459152.817497 742.4 0
>TOI-2440: 55.2700240 -36.9437310 10.026 1.150 0.900 5256.8 4.27 nan
 TOI-2440.01: 1.196 15.357 nan 0.0141 0.64616 2459144.977997 2289.3 0
>TOI-2441: 91.4101520 -51.6796140 10.482 0.468 0.465 3478.0 4.77 nan
 TOI-2441.01: 2.541 2.970 nan 0.0834 12.89009 2458335.504214 397.3 0
 TOI-2441.02: 2.019 2.032 nan 0.0475 5.55149 2458325.908591 526.4 0
>TOI-2444: 42.2637840 -16.5592800 11.498 0.594 0.583 3556.0 4.66 nan
 TOI-2444.01: 1.324 15.736 nan 0.0228 1.64739 2459145.041127 875.2 0
>TOI-2446: 50.9427450 -31.2651870 9.323 0.987 1.080 5926.0 4.48 nan
 TOI-2446.01: 5.484 4.208 nan 0.1414 18.68586 2458418.914650 755.0 0
>TOI-2448: 80.7402270 -53.7645900 9.950 1.780 2.470 9671.0 4.33 nan
 TOI-2448.02: 3.226 3.834 nan 0.1934 19.75792 2460966.234013 1414.8 0
>TOI-245: 345.7791760 -33.5004730 7.588 1.460 2.131 6208.0 4.44 nan
 TOI-245.01: 0.926 12.505 nan 0.1071 8.77090 2460203.438659 1105.3 0
>TOI-2450: 77.9525250 6.7957450 10.296 0.777 0.945 5426.0 4.63 nan
 TOI-2450.01: 4.342 6.417 nan 0.1313 17.88324 2459179.177363 636.5 0
>TOI-2454: 64.3226500 -7.7660090 9.100 0.821 0.693 4431.2 4.45 nan
 TOI-2454.01: 2.829 2.505 nan 0.0722 8.50637 2459174.855266 720.5 0
>TOI-2456: 80.5798700 10.5750490 8.254 0.788 0.820 4968.0 4.56 nan
 TOI-2456.01: 1.852 2.840 nan nan nan 2459178.894556 nan 0
>TOI-2457: 70.1673220 -12.8907260 8.929 0.632 0.630 4045.0 4.64 nan
 TOI-2457.01: 2.563 2.759 nan 0.0984 14.19935 2459175.255066 494.3 0
>TOI-2460: 79.5281740 2.5636750 10.409 1.038 1.104 5994.0 4.45 nan
 TOI-2460.01: 0.850 6.569 nan 0.0130 0.51546 2459174.385712 2582.7 0
>TOI-2462: 77.3144650 -5.5574090 10.610 1.827 3.130 5365.0 4.41 nan
 TOI-2462.01: 4.778 17.445 nan 0.1572 12.86432 2459183.651187 882.0 0
>TOI-2463: 88.0902450 -48.0908600 8.286 3.213 1.320 6481.0 3.54 nan
 TOI-2463.01: 12.703 11.661 nan 0.1036 10.60794 2459179.182044 1740.4 0
>TOI-2465: 76.7370310 -18.9046210 9.520 1.015 1.462 6808.4 4.59 nan
 TOI-2465.01: 2.996 3.156 nan 0.0537 3.75921 2459174.839411 1427.3 0
>TOI-2467: 65.7176390 -12.6770350 8.907 0.809 0.800 4909.0 4.53 nan
 TOI-2467.01: 1.349 1.774 nan 0.0264 1.75566 2458438.600908 1310.4 0
>TOI-2470: 70.4285480 -0.6000030 8.466 0.740 0.725 4562.0 4.56 nan
 TOI-2470.01: 2.347 2.124 nan 0.0655 7.18531 2459199.511667 739.4 0
 TOI-2470.02: 3.576 2.463 nan 0.1093 15.50584 2460998.074621 572.4 0
>TOI-2471: 66.5148050 -12.5116800 9.631 2.880 1.073 5908.4 3.55 nan
 TOI-2471.01: 2.777 13.248 nan 0.0704 6.58570 2459194.286421 1822.3 0
>TOI-2472: 67.0427330 -3.1456530 7.977 1.690 1.042 5824.0 4.00 nan
 TOI-2472.01: 6.710 3.356 nan nan nan 2459198.852539 nan 0
>TOI-2473: 74.3749790 10.4167370 9.572 1.530 1.385 6589.1 4.21 nan
 TOI-2473.01: 2.756 17.567 nan 0.0251 1.23118 2459199.202773 2480.7 0
>TOI-2474: 79.8442070 3.1226750 6.359 3.500 nan 4971.0 nan nan
 TOI-2474.01: 4.110 5.333 nan nan 4.27875 2459197.576453 nan 0
>TOI-2476: 78.1088770 -7.2579240 8.532 5.670 nan 4731.6 nan nan
 TOI-2476.01: 2.909 14.030 nan nan 3.88660 2459196.637234 nan 0
>TOI-2477: 79.7424570 15.2030620 9.635 1.960 1.724 7505.2 4.09 nan
 TOI-2477.01: 5.598 12.958 nan 0.2500 34.77693 2460218.772868 1013.3 0
>TOI-2478: 73.5543540 1.2336230 9.701 1.129 1.016 5748.0 4.34 nan
 TOI-2478.01: 2.860 2.738 nan 0.0377 2.64739 2459174.685986 1516.8 0
>TOI-2479: 79.7093480 -36.0376940 8.412 1.210 0.642 5363.1 4.08 nan
 TOI-2479.01: 4.946 3.786 nan 0.1869 36.83824 2458442.074601 658.0 0
>TOI-248: 34.6842830 -54.8597250 7.586 1.121 0.317 5711.7 3.84 nan
 TOI-248.01: 3.171 2.063 nan 0.0440 5.99108 2460978.928981 1390.2 0
>TOI-2481: 77.8044060 2.4273610 9.608 0.860 0.979 5567.0 4.56 nan
 TOI-2481.01: 3.374 3.111 nan 0.1018 11.99483 2459193.255797 780.2 0
>TOI-2482: 71.5182460 -15.3434310 7.954 0.610 nan 4779.1 nan nan
 TOI-2482.01: 4.729 1.583 nan nan 14.93156 2459187.828181 nan 0
>TOI-2484: 219.7342150 37.0267400 9.865 0.890 1.002 5632.0 4.54 nan
 TOI-2484.01: 2.517 5.183 nan 0.0804 8.32729 2459686.111638 903.6 0
>TOI-2486: 59.8521700 -36.4760260 9.364 0.770 nan 4307.3 nan nan
 TOI-2486.01: 1.535 3.173 nan nan 1.54118 2459167.655279 nan 0
>TOI-2487: 42.8883220 -81.0069920 11.883 1.210 1.065 5822.0 4.30 nan
 TOI-2487.01: 3.141 15.364 nan 0.0452 3.40247 2459382.603668 1452.5 0
>TOI-2488: 347.1361740 -45.0264930 9.550 2.320 4.929 5394.0 4.40 nan
 TOI-2488.01: 4.244 10.503 nan 0.1624 10.76684 2459066.143390 983.1 0
>TOI-2489: 332.5530920 -45.0496140 10.054 1.023 1.521 5421.0 4.60 nan
 TOI-2489.01: 1.337 8.828 nan 0.0285 1.42695 2459062.945311 1566.1 0
>TOI-249: 14.0800260 -38.9492340 9.326 0.603 0.520 4157.0 4.59 nan
 TOI-249.01: 2.335 2.270 nan 0.0554 6.61532 2458359.541515 661.3 0
>TOI-2490: 73.1245090 -36.2570980 10.203 1.171 0.950 5459.0 4.28 nan
 TOI-2490.01: 7.475 7.894 nan nan nan 2459180.691467 nan 0
>TOI-2491: 87.2833910 9.6275150 10.517 1.558 2.060 8343.0 4.37 nan
 TOI-2491.01: 2.560 20.407 nan 0.0816 5.92777 2459205.124526 1757.9 0
>TOI-2493: 89.7462480 -21.5750940 9.600 0.652 0.660 4242.0 4.63 nan
 TOI-2493.01: 2.094 2.660 nan nan nan 2459225.823327 nan 0
>TOI-2494: 90.1595290 0.1314820 9.602 0.900 0.931 5376.0 4.50 nan
 TOI-2494.01: 1.976 9.537 nan 0.0788 8.37613 2459210.732023 876.1 0
 TOI-2494.02: 1.881 2.236 nan 0.0343 2.40876 2459224.849091 1327.9 0
>TOI-2495: 104.8270070 -4.8282740 9.827 0.353 0.338 3356.0 4.87 nan
 TOI-2495.01: 1.694 1.894 nan 0.0536 7.79538 2459208.384505 415.3 0
>TOI-2496: 91.1961550 -32.5801970 11.643 0.580 0.571 3273.0 4.67 nan
 TOI-2496.01: 1.929 22.958 nan 0.0220 1.57468 2459175.520632 810.4 0
>TOI-2499: 89.4566480 -11.4182030 9.674 1.130 0.996 5844.0 4.33 nan
 TOI-2499.01: 1.053 17.788 nan 0.0365 2.55748 2459226.410197 1568.0 0
>TOI-2500: 96.6989700 8.2009790 11.177 1.580 1.864 7837.0 4.31 nan
 TOI-2500.01: 3.031 13.160 nan 0.0496 2.95531 2459225.954047 2132.9 0
>TOI-2501: 108.0665930 -44.0275440 9.705 0.659 0.640 4066.0 4.61 nan
 TOI-2501.01: 2.259 2.635 nan 0.0514 5.32629 2459203.653227 702.0 0
>TOI-2504: 97.2148620 11.5318900 10.315 1.695 2.080 8389.0 4.30 nan
 TOI-2504.01: 4.704 15.256 nan 0.1422 13.58535 2459212.614454 1396.6 0
>TOI-2505: 95.4865350 -11.5413940 9.605 1.550 1.078 5879.0 4.09 nan
 TOI-2505.01: 1.958 4.096 nan 0.0408 2.89720 2459222.132135 1747.3 0
>TOI-2506: 92.0109740 -39.0108090 9.141 1.460 nan 6456.0 nan nan
 TOI-2506.01: 5.832 3.048 nan nan 14.96959 2459211.074562 nan 0
>TOI-2507: 82.5598260 -43.7984590 8.562 0.923 1.053 5824.0 4.53 nan
 TOI-2507.01: 3.498 2.766 nan 0.1332 17.30515 2458444.789020 739.3 0
>TOI-2508: 104.8179650 -14.4445110 9.511 1.610 nan 6796.0 nan nan
 TOI-2508.01: 3.238 3.114 nan nan 1.69511 2459226.246477 nan 0
>TOI-2509: 94.4097380 -9.6310720 9.940 1.920 1.408 6694.0 4.02 nan
 TOI-2509.01: 2.128 4.289 nan 0.0292 1.53397 2459224.689855 2617.4 0
>TOI-2512: 93.5097150 -20.9977140 8.490 1.720 1.297 6393.0 4.08 nan
 TOI-2512.01: 5.507 2.032 nan 0.0382 2.39331 2459226.885867 2068.6 0
>TOI-2513: 94.0277090 -21.2794770 9.158 1.700 1.129 6039.0 4.03 nan
 TOI-2513.01: 2.577 3.959 nan 0.0381 2.55770 2459225.861283 1945.2 0
>TOI-2514: 86.7195340 -17.0290890 9.606 0.980 0.987 5563.0 4.45 nan
 TOI-2514.01: 4.047 2.100 nan 0.0671 6.39514 2459215.084143 1025.2 0
>TOI-2516: 109.0444000 -17.4530650 9.669 2.370 2.463 9623.0 4.08 nan
 TOI-2516.01: 7.906 18.590 nan 0.0823 5.49272 2459252.875826 2490.1 0
>TOI-2519: 97.8917170 -23.9515980 8.827 0.750 0.762 4742.0 4.57 nan
 TOI-2519.01: 1.917 2.247 nan 0.0651 6.95512 2460687.147019 776.1 0
>TOI-252: 57.5536530 -63.0539190 10.271 0.875 0.849 5071.0 4.48 nan
 TOI-252.01: 0.500 5.016 nan 0.0186 1.00219 2460041.401591 1677.2 0
>TOI-2520: 106.8414630 -11.4367730 8.661 0.770 0.901 5298.0 4.62 nan
 TOI-2520.01: 4.133 1.398 nan 0.0309 2.09441 2459225.974236 1275.3 0
>TOI-2521: 93.5291440 -8.0623090 9.743 1.720 0.764 5491.4 3.85 nan
 TOI-2521.01: 4.533 9.041 nan 0.0562 5.56309 2459227.249446 1464.9 0
>TOI-2522: 107.1185130 -12.1478660 8.114 0.970 0.967 5531.0 4.45 nan
 TOI-2522.01: 4.365 1.666 nan 0.0317 2.09885 2459223.890954 1475.3 0
>TOI-2523: 95.8098710 -11.3486170 9.136 1.120 1.048 5809.0 4.36 nan
 TOI-2523.01: 2.849 2.864 nan 0.0553 4.64108 2459225.084837 1260.6 0
>TOI-2526: 270.1348490 -65.6138080 10.093 1.290 1.079 5923.0 4.25 nan
 TOI-2526.01: 5.197 11.784 nan 0.0804 8.01139 2459381.868340 1144.0 0
>TOI-2527: 136.6533010 -50.4804500 9.945 3.450 1.505 6919.0 3.54 nan
 TOI-2527.01: 3.706 12.146 nan 0.0391 2.30189 2459989.812252 3134.0 0
>TOI-2528: 188.8345970 -18.0294790 11.955 0.910 1.096 5980.0 4.56 nan
 TOI-2528.01: 5.928 8.726 nan 0.1042 11.72489 2459331.446700 852.2 0
>TOI-253: 14.3185030 -51.5852510 7.338 0.639 0.409 4020.0 4.44 nan
 TOI-253.01: 2.000 1.329 nan 0.0335 3.51041 2458355.622789 846.6 0
>TOI-2531: 52.5312180 -60.8756230 11.246 0.873 0.921 5320.0 4.52 nan
 TOI-2531.01: 3.169 10.141 nan 0.0771 8.14841 2460158.314900 863.2 0
>TOI-2532: 201.1676530 -19.8961600 11.445 0.880 0.979 5560.0 4.54 nan
 TOI-2532.01: 4.223 9.468 nan 0.1271 16.72245 2459311.204445 705.5 0
>TOI-2533: 212.6387970 26.4234300 10.800 1.130 1.170 6144.3 4.40 nan
 TOI-2533.01: 2.896 9.654 nan 0.0732 6.68579 2459682.185785 1164.1 0
>TOI-2534: 338.6446130 -57.5704250 10.128 1.640 1.293 6421.5 4.12 nan
 TOI-2534.01: 8.475 12.096 nan nan nan 2458346.575296 nan 0
>TOI-2535: 185.5294630 -24.9431870 11.381 0.880 0.914 5278.0 4.51 nan
 TOI-2535.01: 3.038 9.855 nan 0.1228 16.44527 2458576.764481 681.3 0
>TOI-2536: 90.9639360 -39.5464480 11.805 nan nan 5780.0 4.44 nan
 TOI-2536.01: 8.824 nan nan nan 31.99196 2459191.600297 nan 0
>TOI-2538: 95.2263180 -7.2989400 10.000 3.500 5.496 7340.8 4.09 nan
 TOI-2538.01: 3.606 12.260 nan 0.0704 2.91038 2459226.242240 2495.9 0
>TOI-2539: 93.0384420 -30.7879310 10.511 1.380 0.895 5799.4 4.11 nan
 TOI-2539.01: 1.529 5.201 nan 0.0187 0.98559 2459202.613025 2402.3 0
>TOI-2540: 82.5585480 -42.6979460 6.269 0.661 0.712 4036.3 4.65 nan
 TOI-2540.01: 3.158 2.592 nan 0.0952 12.71873 2458480.943804 512.9 0
 TOI-2540.02: 3.073 2.287 nan 0.1374 22.08200 2459223.145597 426.9 0
>TOI-2541: 80.5088240 -25.7223550 9.568 3.520 6.095 7839.6 4.13 nan
 TOI-2541.01: 2.702 8.149 nan 0.0450 1.41184 2459199.006353 3343.4 0
>TOI-2542: 120.5569130 -23.5233740 14.446 nan nan 5780.0 4.44 nan
 TOI-2542.01: 2.767 nan nan nan 4.11339 2459963.882685 nan 0
>TOI-2543: 136.5969170 3.5676700 10.010 1.866 1.636 6349.8 4.11 nan
 TOI-2543.01: 6.448 10.810 nan 0.0887 7.54275 2459233.347042 1404.4 0
>TOI-2546: 120.9692210 11.1354620 10.953 1.460 1.161 6126.0 4.17 nan
 TOI-2546.01: 0.428 18.716 nan 0.0346 2.18120 2459578.592429 1918.9 0
>TOI-2549: 121.9826900 -44.6669110 11.180 nan nan 8303.0 4.44 nan
 TOI-2549.01: 5.741 nan nan nan 4.85805 2459230.288533 nan 0
>TOI-2551: 112.5156040 -11.7904800 11.308 1.490 1.928 7980.0 4.38 nan
 TOI-2551.01: 2.335 7.799 nan 0.0753 5.43684 2459244.805720 1711.7 0
>TOI-2552: 115.9187020 -10.2570810 9.828 0.685 0.626 4007.0 4.56 nan
 TOI-2552.01: 1.822 3.079 nan 0.0298 2.37011 2459230.693395 926.4 0
>TOI-2553: 121.8523190 -49.6029390 10.848 1.023 0.744 5757.5 4.29 nan
 TOI-2553.01: 4.518 11.595 nan 0.0732 8.38481 2459232.131956 1037.9 0
>TOI-2556: 128.7028710 8.5694830 9.869 1.330 1.148 5886.2 4.25 nan
 TOI-2556.01: 4.620 9.502 nan 0.0821 8.01493 2459966.962573 1142.4 0
>TOI-2557: 119.2459480 -49.4735630 10.556 2.865 nan 6683.6 nan nan
 TOI-2557.01: 4.016 27.561 nan nan 9.83023 2459238.558507 nan 0
>TOI-2558: 128.2457900 -25.2562450 10.724 1.384 1.242 5834.0 4.25 nan
 TOI-2558.01: 4.252 12.008 nan 0.1433 17.78592 2459233.127609 874.3 0
>TOI-2559: 312.0116890 -35.8426050 12.080 0.910 1.023 5709.9 4.53 nan
 TOI-2559.01: 2.627 14.992 nan 0.0513 4.20025 2459060.081876 1159.6 0
>TOI-2560: 332.7592050 -27.2957190 12.357 0.980 0.921 5321.0 4.42 nan
 TOI-2560.01: 2.634 13.838 nan 0.0443 3.55112 2458348.918997 1206.8 0
>TOI-2561: 318.6004710 66.4048030 11.116 1.620 1.074 5905.0 4.05 nan
 TOI-2561.01: 3.142 15.278 nan 0.0396 2.77540 2459852.046181 1821.2 0
>TOI-2562: 292.0189750 77.3786080 11.628 1.240 1.119 6054.0 4.30 nan
 TOI-2562.01: 2.896 13.766 nan 0.0516 4.04837 2459770.738717 1431.1 0
>TOI-2563: 310.7432760 70.2757920 11.996 1.020 0.975 5487.0 4.41 nan
 TOI-2563.01: 2.301 13.248 nan 0.0569 5.01823 2459828.802298 1120.2 0
>TOI-2564: 123.2729010 9.4476840 11.480 1.143 1.019 5698.0 4.33 nan
 TOI-2564.01: 2.382 11.579 nan 0.0473 3.72572 2459501.939674 1350.7 0
>TOI-2565: 117.0475140 2.1236850 11.425 1.897 1.043 5840.0 3.90 nan
 TOI-2565.01: 3.779 11.722 nan 0.0498 3.97045 2459966.257472 1738.1 0
>TOI-2566: 195.3126750 58.4190670 11.618 0.817 0.805 4927.6 4.52 nan
 TOI-2566.01: 2.957 8.426 nan 0.0475 4.21024 2459609.378383 985.4 0
>TOI-2568: 115.6804230 1.3612990 11.463 1.570 1.636 7250.0 4.26 nan
 TOI-2568.01: 3.522 15.978 nan 0.0530 3.48433 2459251.583946 1902.8 0
>TOI-2569: 67.2788450 -1.9095320 10.250 1.540 0.948 5496.1 4.04 nan
 TOI-2569.01: 4.318 9.791 nan 0.1069 13.11477 2459174.659675 1005.9 0
>TOI-2572: 114.2636880 6.7167730 12.413 1.450 1.244 6303.0 4.21 nan
 TOI-2572.01: 4.015 11.811 nan 0.0494 3.59859 2459247.433122 1646.6 0
>TOI-2573: 336.7094760 -39.7893580 12.135 1.070 0.979 5525.0 4.37 nan
 TOI-2573.01: 3.367 15.189 nan 0.0536 4.58154 2459080.877819 1190.4 0
>TOI-2574: 232.8095270 79.2672270 12.195 1.250 1.465 6734.0 4.41 nan
 TOI-2574.01: 2.186 19.020 nan 0.0604 4.48177 2459760.398697 1477.2 0
>TOI-2575: 153.7996420 72.0102360 12.238 1.456 1.170 6140.0 4.18 nan
 TOI-2575.01: 3.628 13.925 nan 0.0445 3.17112 2459603.650328 1693.6 0
>TOI-2576: 83.6539610 30.4063740 10.915 1.210 1.168 6166.4 4.34 nan
 TOI-2576.01: 3.171 13.531 nan 0.0504 3.82291 2459544.238408 1456.9 0
>TOI-2577: 112.0229790 -34.3431120 11.110 1.890 1.883 7899.0 4.16 nan
 TOI-2577.01: 2.452 13.254 nan 0.0583 3.74944 2459252.521548 2168.7 0
>TOI-2581: 65.8548720 -10.4717790 11.797 1.080 0.952 5450.0 4.35 nan
 TOI-2581.01: 3.085 12.414 nan 0.0451 3.58385 2459192.543648 1286.0 0
>TOI-2582: 277.2917910 48.0599380 11.233 0.930 nan 5238.0 nan nan
 TOI-2582.01: 2.780 9.109 nan nan 3.01831 2459772.286216 nan 0
>TOI-2584: 125.1087960 7.5889130 12.013 1.430 1.326 6502.7 4.25 nan
 TOI-2584.01: 3.056 16.259 nan 0.0603 4.69656 2459245.294800 1527.0 0
>TOI-2586: 125.4214680 6.3349450 9.497 1.910 1.033 5781.0 3.89 nan
 TOI-2586.01: 2.405 12.623 nan 0.0893 9.58356 2459242.410211 1289.2 0
>TOI-2588: 109.0500500 -45.2148510 10.006 1.750 2.032 6495.7 4.26 nan
 TOI-2588.01: 1.230 10.010 nan 0.0581 3.58716 2459962.850922 1719.1 0
>TOI-2590: 97.8004080 3.4704860 8.675 1.130 1.170 6162.0 4.40 nan
 TOI-2590.01: 1.754 1.777 nan 0.0170 0.74606 2459226.458235 2422.5 0
>TOI-2592: 108.4945670 1.9642810 10.114 nan nan 9290.0 4.08 nan
 TOI-2592.01: 4.210 nan nan nan 3.45594 2459226.215173 nan 0
>TOI-2593: 105.2235610 8.0956710 9.610 2.190 1.327 6514.0 3.88 nan
 TOI-2593.01: 1.677 6.702 nan 0.0278 1.47114 2459226.380017 2787.9 0
>TOI-2594: 91.2163910 8.3651730 9.637 5.280 nan 8528.0 nan nan
 TOI-2594.01: 0.987 23.520 nan nan 2.68281 2459227.018066 nan 0
>TOI-2595: 91.3999690 14.3569150 9.825 1.020 1.120 6033.7 4.47 nan
 TOI-2595.01: 2.470 3.325 nan 0.0496 3.81742 2459547.608503 1319.4 0
>TOI-2596: 98.0119400 -5.4797940 9.448 0.870 0.778 4811.0 4.45 nan
 TOI-2596.01: 1.835 6.816 nan 0.1156 16.27098 2459220.286778 636.4 0
>TOI-2597: 99.0210220 8.4302020 8.973 3.050 1.587 7080.0 3.67 nan
 TOI-2597.01: 3.737 9.204 nan 0.0537 3.60393 2459221.281298 2572.9 0
>TOI-2599: 103.3571510 7.2666110 10.088 3.530 1.252 6352.0 3.44 nan
 TOI-2599.01: 6.088 11.192 nan 0.0545 4.15544 2459219.625683 2465.1 0
>TOI-2600: 101.4083310 0.6685530 8.563 3.500 nan 4825.0 nan nan
 TOI-2600.01: 2.143 16.132 nan nan 5.33763 2459216.749879 nan 0
>TOI-2601: 113.4076190 -21.4681520 10.503 1.930 nan 7668.0 nan nan
 TOI-2601.01: 2.211 18.884 nan nan 6.02103 2459246.208780 nan 0
>TOI-2602: 136.5075360 -39.5482240 10.863 1.738 1.450 6770.0 4.12 nan
 TOI-2602.01: 6.021 18.523 nan 0.0829 7.23406 2459991.062533 1494.8 0
>TOI-2605: 124.3565880 -34.4668520 8.476 0.495 0.493 3821.0 4.74 nan
 TOI-2605.01: 1.472 8.178 nan 0.1162 20.60062 2459978.593736 380.3 0
>TOI-2606: 132.3013910 -60.3349820 10.919 1.240 1.326 6472.0 4.37 nan
 TOI-2606.01: 1.123 20.542 nan 0.0276 1.45092 2459330.683649 2091.8 0
>TOI-2608: 69.4273670 -80.5078460 12.116 1.573 2.266 5385.7 4.40 nan
 TOI-2608.01: 4.308 12.534 nan 0.0724 4.72466 2459965.829329 1210.5 0
>TOI-2609: 152.4922310 -12.1786760 10.423 1.234 1.099 5979.0 4.30 nan
 TOI-2609.01: 1.648 6.351 nan 0.0224 1.16451 2459988.534200 2139.9 0
>TOI-2612: 86.4417170 -61.6600230 12.179 1.120 nan 6636.1 nan nan
 TOI-2612.01: 4.947 19.298 nan nan 13.35721 2459379.018087 nan 0
>TOI-2613: 22.9105640 -67.6099090 12.177 1.069 1.121 6042.0 4.43 nan
 TOI-2613.01: 8.247 21.112 nan 0.1248 15.20109 2460155.218217 852.7 0
>TOI-2614: 17.1952910 -78.1731200 10.346 nan nan 5860.3 4.30 nan
 TOI-2614.01: 3.200 nan nan nan 4.81032 2459037.589401 nan 0
>TOI-2615: 11.4777330 -66.8334970 12.195 1.079 1.018 5690.0 4.38 nan
 TOI-2615.01: 2.835 12.498 nan 0.0340 2.26876 2460156.176169 1545.7 0
>TOI-2616: 34.5622280 -64.8068370 12.213 0.680 0.486 5355.0 4.46 nan
 TOI-2616.01: 2.019 13.595 nan 0.0232 1.85316 2460154.915572 1398.0 0
>TOI-2617: 96.9535820 -58.0515750 11.862 0.980 0.943 4961.0 4.43 nan
 TOI-2617.01: 3.504 16.868 nan 0.0656 6.31874 2460935.687846 924.6 0
>TOI-2619: 54.4083870 -70.3306570 11.899 0.790 nan 4966.0 nan nan
 TOI-2619.01: 3.649 12.110 nan nan 12.47247 2459331.034865 nan 0
>TOI-2620: 42.9199090 -80.6754670 11.920 1.260 1.078 5896.0 4.27 nan
 TOI-2620.01: 3.548 17.640 nan 0.0953 10.35586 2459370.156605 1033.8 0
>TOI-2621: 62.2223290 -83.9519140 12.441 1.220 1.187 6190.0 4.34 nan
 TOI-2621.01: 1.209 13.794 nan 0.0373 2.41250 2459387.772477 1707.1 0
>TOI-2622: 82.5516800 -57.4116800 12.562 1.060 1.103 5991.0 4.43 nan
 TOI-2622.01: 2.186 17.466 nan 0.0231 1.22070 2459199.804071 1956.9 0
>TOI-2624: 110.3587540 -61.3180590 11.996 0.780 0.883 5141.0 4.60 nan
 TOI-2624.01: 2.333 12.523 nan 0.0393 3.02354 2459964.874737 1104.4 0
>TOI-2626: 113.5595950 -67.7483690 10.869 0.752 0.683 4404.0 4.52 nan
 TOI-2626.01: 2.361 10.561 nan 0.0394 3.45628 2459963.894598 927.8 0
>TOI-2627: 349.3811130 -54.2700630 12.388 0.970 0.967 5427.0 4.45 nan
 TOI-2627.01: 1.510 13.699 nan 0.0202 1.06498 2460882.402484 1813.4 0
>TOI-2628: 97.0802400 -56.9651420 12.126 1.210 1.090 5969.0 4.31 nan
 TOI-2628.01: 1.271 10.553 nan 0.0184 0.87160 2459387.884973 2334.1 0
>TOI-2629: 41.5186700 -68.9576240 12.182 1.422 1.066 5893.0 4.16 nan
 TOI-2629.01: 4.632 16.377 nan 0.1018 11.48568 2460134.412089 1062.1 0
>TOI-263: 37.1082770 -25.0973290 13.246 0.440 0.810 3116.0 5.06 nan
 TOI-263.01: 0.914 9.300 nan 0.0123 0.55682 2460934.124059 898.7 0
>TOI-2630: 115.6886700 -68.8645130 10.872 1.880 1.289 6125.1 4.00 nan
 TOI-2630.01: 1.661 12.320 nan 0.0970 9.71306 2460070.810197 1300.3 0
>TOI-2631: 330.1031410 -48.7106400 11.411 1.079 1.066 5752.2 4.40 nan
 TOI-2631.01: 2.543 13.189 nan 0.0706 6.63144 2459065.405366 1084.4 0
>TOI-2633: 111.5904010 -13.9256370 11.174 1.670 1.850 7811.0 4.26 nan
 TOI-2633.01: 4.860 8.830 nan 0.1662 18.19605 2459229.361575 1193.9 0
>TOI-2634: 41.0365510 3.9102320 9.634 0.955 0.912 5349.2 4.44 nan
 TOI-2634.01: 4.890 5.842 nan nan nan 2459147.133574 nan 0
>TOI-2635: 151.1487320 -42.9050580 10.390 2.833 1.330 6502.0 3.66 nan
 TOI-2635.01: 7.168 14.525 nan 0.0821 7.45478 2459287.993926 1841.8 0
>TOI-2636: 162.4127300 -50.5992820 10.345 1.902 1.780 7176.0 4.13 nan
 TOI-2636.01: 4.808 15.752 nan 0.0505 3.10549 2459280.998023 2123.6 0
>TOI-2637: 110.4261750 -64.0141450 14.704 nan nan 5780.0 4.44 nan
 TOI-2637.01: 0.500 nan nan nan 0.15208 2460014.399459 nan 0
>TOI-2638: 159.8425580 -55.4918070 10.893 nan nan 5780.0 4.44 nan
 TOI-2638.01: 1.263 nan nan nan 3.92993 2459282.149063 nan 0
>TOI-2640: 150.2732020 -52.4357960 12.915 0.275 0.248 2999.0 4.95 nan
 TOI-2640.01: 2.003 7.393 nan 0.0116 0.91122 2459307.401020 704.1 0
>TOI-2644: 181.6929820 -16.5102940 9.921 0.983 0.966 5383.0 4.44 nan
 TOI-2644.01: 1.976 9.531 nan 0.0883 9.74397 2459300.317115 866.1 0
>TOI-2645: 67.1368230 -56.5156440 11.279 0.940 0.951 5465.0 4.47 nan
 TOI-2645.01: 2.134 20.671 nan 0.0246 1.44367 2460014.422616 1629.0 0
>TOI-2646: 114.4370400 -63.5514820 11.763 0.840 0.872 5202.0 4.53 nan
 TOI-2646.01: 0.526 8.098 nan 0.0086 0.31257 2460933.755183 2479.1 0
>TOI-2647: 16.3179560 -65.0489310 12.176 1.332 0.893 5270.0 4.14 nan
 TOI-2647.01: 0.787 7.424 nan 0.0121 0.51361 2460155.040725 2666.3 0
>TOI-2648: 24.1744880 -64.8760850 12.447 1.241 1.071 5904.3 4.28 nan
 TOI-2648.01: 1.711 14.861 nan 0.0568 4.77375 2460157.433427 1330.8 0
>TOI-2649: 24.0093410 -55.7937850 11.653 1.220 1.302 6408.0 4.38 nan
 TOI-2649.01: 3.489 13.236 nan 0.0481 3.37559 2458377.753706 1556.2 0
>TOI-2650: 115.9541600 -68.5825650 12.337 1.375 1.092 5913.0 4.20 nan
 TOI-2650.01: 2.044 12.781 nan 0.0344 2.22973 2459964.818691 1802.7 0
>TOI-2652: 98.0358600 -64.3957610 12.416 nan nan 6240.8 nan nan
 TOI-2652.01: 1.686 nan nan nan 2.48491 2459963.693795 nan 0
>TOI-2653: 84.2753680 -64.4643250 11.341 nan nan 6317.3 4.31 nan
 TOI-2653.01: 1.011 nan nan nan 0.92705 2460934.300658 nan 0
>TOI-2655: 40.3579320 -52.3628410 12.241 1.050 0.987 5601.0 4.39 nan
 TOI-2655.01: 2.500 6.455 nan 0.0549 4.72772 2459132.354491 1181.2 0
>TOI-2656: 31.9000210 -56.1406100 12.203 0.850 0.796 5091.5 4.48 nan
 TOI-2656.01: 3.095 9.368 nan 0.0713 7.78984 2458392.685508 847.7 0
>TOI-2657: 50.9028820 -40.2112080 12.380 1.090 0.926 5416.0 4.33 nan
 TOI-2657.01: 2.459 12.374 nan 0.0379 2.79855 2459164.312459 1400.6 0
>TOI-2658: 45.3747360 -68.9452470 12.415 1.023 0.916 5528.3 4.38 nan
 TOI-2658.01: 3.837 16.578 nan 0.0815 8.87592 2460135.330861 944.5 0
>TOI-2659: 41.0607930 -40.1969490 11.364 0.910 0.813 4926.0 4.43 nan
 TOI-2659.01: 1.795 14.105 nan 0.0213 1.25588 2459140.202044 1552.6 0
>TOI-2660: 66.8855960 -54.1849980 10.839 2.150 5.209 5011.2 4.49 nan
 TOI-2660.01: 2.999 11.413 nan 0.0994 5.01838 2460936.704349 1123.8 0
>TOI-2661: 59.9099950 -46.9884130 12.026 1.170 0.996 5606.0 4.30 nan
 TOI-2661.01: 2.814 12.206 nan 0.0461 3.62576 2459168.639577 1361.8 0
>TOI-2662: 21.4982360 -14.8186580 12.304 1.020 0.975 5542.0 4.41 nan
 TOI-2662.01: 2.958 12.960 nan 0.0472 3.79069 2458401.914156 1242.3 0
>TOI-2663: 9.2897580 -13.9412270 11.771 1.320 1.239 6288.0 4.29 nan
 TOI-2663.01: 0.691 7.802 nan 0.0147 0.58228 2459140.932852 2873.3 0
>TOI-2665: 134.1589600 -34.6284750 9.452 1.300 1.148 6112.0 4.27 nan
 TOI-2665.01: 2.556 6.497 nan 0.0411 2.84565 2460009.765012 1657.6 0
>TOI-2666: 139.4808650 -3.3875250 5.718 1.110 0.897 5212.0 4.30 nan
 TOI-2666.01: 1.445 16.655 nan nan nan 2459259.141383 nan 0
>TOI-2668: 137.0286420 -39.3509040 9.470 1.680 1.488 6859.0 4.16 nan
 TOI-2668.01: 1.013 6.173 nan 0.0240 1.11593 2459279.678391 2767.2 0
>TOI-2670: 133.7550050 -37.3412450 8.778 1.393 nan 6332.0 nan nan
 TOI-2670.01: 3.985 9.974 nan nan 12.92812 2459994.198115 nan 0
>TOI-2672: 118.8974920 -25.8654600 10.248 2.072 1.839 7830.0 4.07 nan
 TOI-2672.01: 3.927 22.450 nan 0.1166 10.71896 2460698.460263 1591.6 0
>TOI-2673: 130.9321850 -26.9808240 7.728 1.240 0.974 5601.4 4.24 nan
 TOI-2673.01: 2.178 2.247 nan 0.0299 1.91266 2460011.626285 1739.4 0
>TOI-2674: 173.0249570 -20.6326350 9.333 2.100 1.307 6433.0 3.91 nan
 TOI-2674.01: 0.827 13.240 nan 0.0805 7.29724 2459291.690613 1584.4 0
>TOI-2676: 35.4197660 0.5136210 11.846 1.590 1.188 6231.4 4.11 nan
 TOI-2676.01: 3.901 16.788 nan 0.0469 3.40822 2459168.078836 1749.6 0
>TOI-2677: 35.2423570 -10.3854680 9.529 1.530 nan 5186.9 nan nan
 TOI-2677.01: 1.800 19.590 nan nan 6.49675 2458429.573362 nan 0
>TOI-2678: 79.6715160 -44.4664940 12.208 0.940 0.996 5614.0 4.49 nan
 TOI-2678.01: 1.624 10.267 nan 0.0446 3.45240 2459221.389847 1242.8 0
>TOI-2679: 52.7339810 -39.6135720 11.473 0.930 1.044 5805.0 4.52 nan
 TOI-2679.01: 2.906 11.881 nan 0.0488 3.85390 2459169.162947 1222.0 0
>TOI-268: 65.9155280 -53.8511020 8.563 2.170 0.643 5868.0 3.57 nan
 TOI-268.01: 5.713 8.541 nan 0.0498 5.06618 2460979.011377 1867.8 0
>TOI-2681: 45.0196290 -32.7446200 11.331 1.320 1.130 6078.0 4.25 nan
 TOI-2681.01: 1.545 12.042 nan 0.0436 3.12929 2459164.002226 1612.6 0
>TOI-2682: 52.7056220 -49.7154960 11.599 0.930 0.975 5516.0 4.49 nan
 TOI-2682.01: 1.412 11.540 nan 0.0367 2.59820 2459139.377363 1339.0 0
>TOI-2683: 76.3141560 -42.1286680 11.500 2.210 nan 6295.5 nan nan
 TOI-2683.01: 1.167 12.688 nan nan 1.52929 2459197.662315 nan 0
>TOI-2684: 74.4317690 -47.0214340 11.752 0.800 0.738 4633.0 4.50 nan
 TOI-2684.01: 2.461 5.259 nan 0.0324 2.47565 2459195.183880 1110.1 0
>TOI-2685: 73.3690610 -45.0347390 12.294 1.050 0.987 5593.0 4.39 nan
 TOI-2685.01: 1.606 11.176 nan 0.0447 3.47115 2459197.748783 1307.1 0
>TOI-2686: 50.6544190 -36.7518860 12.107 1.370 1.217 6257.0 4.25 nan
 TOI-2686.01: 1.153 11.697 nan 0.0489 3.57461 2459169.865852 1597.0 0
>TOI-2687: 56.1100970 -13.1087090 11.375 1.600 1.000 5650.0 4.03 nan
 TOI-2687.01: 4.233 12.801 nan 0.0501 4.09445 2459164.974049 1539.7 0
>TOI-2688: 44.1738610 -15.0555860 10.323 1.480 0.960 5530.0 4.08 nan
 TOI-2688.01: 2.989 4.723 nan 0.0321 2.14155 2459165.769957 1810.7 0
>TOI-2689: 52.6804900 -22.0038460 11.312 0.890 0.833 5001.0 4.46 nan
 TOI-2689.01: 2.242 6.582 nan 0.0418 3.41804 2459164.871015 1112.7 0
>TOI-2690: 52.2310390 -19.9746660 9.589 nan nan nan nan nan
 TOI-2690.01: 2.873 nan nan nan 4.15500 2459167.712302 nan 0
>TOI-2691: 45.1155850 -21.2691600 11.376 0.950 nan 5283.0 nan nan
 TOI-2691.01: 3.126 5.571 nan nan 3.88219 2459167.794838 nan 0
>TOI-2692: 54.0952840 -9.3744730 12.156 0.840 0.913 5343.0 4.55 nan
 TOI-2692.01: 2.790 12.165 nan 0.0450 3.65068 2459163.769215 1113.1 0
>TOI-2693: 42.9612200 -15.6327230 12.193 0.970 0.945 5388.0 4.44 nan
 TOI-2693.01: 1.683 11.580 nan 0.0231 1.32256 2459167.861473 1683.6 0
>TOI-2694: 76.0831350 -20.7257620 11.425 nan nan 5095.6 nan nan
 TOI-2694.01: 1.665 nan nan nan 1.63753 2459198.068832 nan 0
>TOI-2695: 85.3143190 -34.8321980 11.739 1.700 nan 5200.0 nan nan
 TOI-2695.01: 0.473 13.243 nan nan 0.55668 2459226.435976 nan 0
>TOI-2696: 80.6744250 -20.4277900 11.619 1.120 1.176 6191.0 4.41 nan
 TOI-2696.01: 1.707 12.125 nan 0.0713 6.40937 2459199.897242 1183.2 0
>TOI-2697: 80.6581080 -20.6541140 12.123 1.610 1.013 5683.0 4.03 nan
 TOI-2697.01: 4.523 10.928 nan 0.0521 4.31698 2459199.867115 1523.4 0
>TOI-2698: 87.6247870 -32.7778060 11.936 nan nan 5219.5 nan nan
 TOI-2698.01: 1.682 nan nan nan 3.27056 2459223.847344 nan 0
>TOI-2699: 79.4897580 -33.3994180 11.625 1.200 0.813 4964.0 4.19 nan
 TOI-2699.01: 2.442 14.016 nan 0.0591 5.82599 2459198.336939 1078.6 0
>TOI-2700: 70.1276980 -9.8904820 11.089 1.160 1.025 5720.0 4.32 nan
 TOI-2700.01: 2.604 12.512 nan 0.0551 4.66369 2459196.570296 1265.6 0
>TOI-2701: 61.8369470 -27.2697400 11.487 1.350 1.053 5823.0 4.20 nan
 TOI-2701.01: 1.653 5.812 nan 0.0334 2.16947 2459166.358806 1785.1 0
>TOI-2702: 75.4757960 -7.6602360 12.219 1.600 1.514 6950.0 4.21 nan
 TOI-2702.01: 2.768 15.118 nan 0.0350 1.94228 2459196.429516 2265.9 0
>TOI-2703: 74.8257390 -7.3836840 12.228 0.960 0.947 5435.0 4.45 nan
 TOI-2703.01: 3.163 11.268 nan 0.0647 6.17353 2459193.235438 1009.5 0
>TOI-2704: 85.7045920 -25.9965450 11.873 1.230 1.354 6552.0 4.39 nan
 TOI-2704.01: 3.509 16.431 nan 0.0512 3.63650 2459225.757456 1548.5 0
>TOI-2705: 77.4810630 -12.6296840 11.398 1.850 1.015 5740.0 3.91 nan
 TOI-2705.01: 4.952 12.565 nan 0.1351 18.01065 2459165.598824 1024.2 0
>TOI-2706: 72.2107850 2.4759490 12.156 1.250 1.037 5807.0 4.26 nan
 TOI-2706.01: 1.428 17.037 nan 0.0302 1.88518 2458461.885377 1801.5 0
>TOI-2709: 72.6681570 5.3861630 12.123 1.480 1.155 6124.0 4.16 nan
 TOI-2709.01: 2.416 15.158 nan 0.0363 2.35402 2459197.356321 1885.6 0
>TOI-271: 70.7755110 -50.2194780 7.602 1.330 1.384 6025.0 4.33 nan
 TOI-271.01: 0.879 3.203 nan 0.0399 2.47599 2460984.491087 1677.4 0
>TOI-2710: 82.3492350 -23.7618490 11.779 0.630 0.760 4701.0 4.72 nan
 TOI-2710.01: 3.298 11.977 nan 0.0870 10.74484 2459196.318036 610.0 0
>TOI-2711: 62.5946920 3.7628230 11.647 1.120 0.978 5530.3 4.33 nan
 TOI-2711.01: 3.080 14.092 nan 0.0624 5.76049 2459190.700563 1129.8 0
>TOI-2712: 66.1472820 2.5752750 11.852 nan nan 5140.1 nan nan
 TOI-2712.01: 2.424 nan nan nan 3.07848 2459195.831917 nan 0
>TOI-2715: 75.9459730 14.3056110 11.828 1.950 1.236 6323.0 3.95 nan
 TOI-2715.01: 4.908 13.693 nan 0.0611 4.96406 2459515.126171 1722.5 0
>TOI-2716: 76.9891710 5.9691230 11.379 1.070 1.098 5949.0 4.42 nan
 TOI-2716.01: 3.854 9.552 nan 0.0777 7.54204 2459194.254825 1064.5 0
>TOI-2718: 67.2882110 -3.1896690 11.983 0.830 0.759 4694.0 4.48 nan
 TOI-2718.01: 2.037 10.814 nan 0.0351 2.76251 2459196.564554 1100.7 0
>TOI-2720: 77.2771490 -12.6353050 11.285 2.120 1.058 5834.0 3.81 nan
 TOI-2720.01: 2.706 10.089 nan 0.0332 2.14736 2459199.697082 2248.0 0
>TOI-2722: 66.4130970 -43.7202700 10.099 1.520 1.013 5678.0 4.08 nan
 TOI-2722.01: 0.845 4.667 nan 0.0156 0.70855 2459199.496171 2702.6 0
>TOI-2723: 62.7242670 -43.2472640 12.278 1.520 1.061 5848.0 4.10 nan
 TOI-2723.01: 3.845 16.224 nan 0.0450 3.38439 2459165.376298 1638.9 0
>TOI-2724: 96.6107740 -41.4166690 11.909 0.830 0.871 5142.0 4.54 nan
 TOI-2724.01: 1.874 18.308 nan 0.0244 1.48751 2459227.337401 1446.1 0
>TOI-2725: 88.6511710 -31.8596180 11.053 0.900 1.097 5958.8 4.57 nan
 TOI-2725.01: 0.386 4.106 nan 0.0065 0.18469 2459227.295588 3381.1 0
>TOI-2726: 86.4539740 -32.9475190 12.622 1.370 1.246 6351.0 4.26 nan
 TOI-2726.01: 1.993 18.754 nan 0.0526 3.94715 2459221.101893 1562.9 0
>TOI-2727: 97.8957280 -34.8828690 11.791 2.430 1.007 5632.0 3.67 nan
 TOI-2727.01: 1.168 12.243 nan 0.0150 0.67116 2459227.430602 3456.6 0
>TOI-2729: 90.0958140 -3.7573260 10.984 0.750 0.895 5240.2 4.64 nan
 TOI-2729.01: 2.108 12.527 nan 0.0478 4.03502 2459211.895505 1000.9 0
>TOI-2730: 98.2677850 -3.1671410 12.272 1.510 1.071 5909.0 4.11 nan
 TOI-2730.01: 1.393 20.607 nan 0.0370 2.50825 2459212.952234 1820.3 0
>TOI-2731: 96.0697590 -17.0532310 8.857 0.840 1.024 5697.0 4.60 nan
 TOI-2731.01: 2.238 1.353 nan 0.0197 0.99539 2459227.225976 1793.8 0
>TOI-2733: 94.8477070 -12.7623320 12.124 1.900 1.147 6065.0 3.94 nan
 TOI-2733.01: 3.751 15.999 nan 0.0492 3.71705 2459222.295382 1817.4 0
>TOI-2734: 85.8266190 -40.3835320 11.709 1.250 1.037 5785.0 4.26 nan
 TOI-2734.01: 3.464 5.595 nan 0.0547 4.58791 2459219.306520 1333.5 0
>TOI-2735: 88.7850640 -38.3889890 11.368 0.740 0.759 4687.0 4.58 nan
 TOI-2735.01: 1.637 13.227 nan 0.0280 1.96637 2459226.437460 1161.9 0
>TOI-2737: 102.1936830 12.2824710 11.600 2.910 1.229 6272.0 3.60 nan
 TOI-2737.01: 6.488 13.267 nan 0.0468 3.33285 2459549.813277 2384.9 0
>TOI-2738: 100.7811080 -17.9585000 11.798 nan nan nan nan nan
 TOI-2738.01: 1.635 nan nan nan 1.51740 2458487.027945 nan 0
>TOI-2739: 100.5694520 -50.1441650 10.424 0.700 0.855 5102.2 4.68 nan
 TOI-2739.01: 0.913 12.749 nan 0.0399 3.14748 2459965.536406 1030.5 0
>TOI-2740: 100.2605620 2.3492790 12.043 0.580 0.931 5414.2 4.88 nan
 TOI-2740.01: 0.504 5.991 nan 0.0126 0.53490 2459212.462934 1771.3 0
>TOI-2741: 104.0059570 -0.4425880 11.014 1.400 1.394 6636.0 4.29 nan
 TOI-2741.01: 3.575 16.301 nan 0.0454 2.98842 2459210.246781 1777.0 0
>TOI-2742: 103.0182820 -2.0328640 11.952 nan nan 4882.0 nan nan
 TOI-2742.01: 2.294 nan nan nan 1.25417 2458489.737849 nan 0
>TOI-2745: 104.3777460 3.9940350 11.204 1.740 nan 7122.0 nan nan
 TOI-2745.01: 3.299 22.767 nan nan 1.79329 2459211.945554 nan 0
>TOI-2746: 104.0750970 3.8362100 11.666 1.650 2.437 9668.0 4.39 nan
 TOI-2746.01: 3.888 12.444 nan 0.0762 4.92088 2459209.392384 2169.4 0
>TOI-2747: 103.5035780 4.2935830 11.755 2.010 1.144 6116.2 3.89 nan
 TOI-2747.01: 1.101 18.451 nan 0.0133 0.52099 2459212.781596 3625.7 0
>TOI-2748: 103.0544350 3.3578310 11.764 1.100 1.011 5688.0 4.36 nan
 TOI-2748.01: 2.035 11.571 nan 0.0558 4.78382 2459205.662435 1217.8 0
>TOI-2749: 104.0556480 6.7317950 10.932 2.160 1.782 7616.0 4.02 nan
 TOI-2749.01: 5.156 18.968 nan 0.0866 6.97248 2459225.835075 1834.1 0
>TOI-275: 81.5166460 -67.2327720 9.567 0.820 0.583 5616.0 4.38 nan
 TOI-275.01: 1.153 8.699 nan 0.0155 0.91956 2460041.964660 1969.7 0
>TOI-2750: 103.2850330 10.6559100 10.601 nan nan nan nan nan
 TOI-2750.01: 3.723 nan nan nan 6.82043 2459223.251021 nan 0
>TOI-2751: 100.6133620 6.8167150 12.190 0.810 0.889 5262.0 4.57 nan
 TOI-2751.01: 2.511 12.810 nan 0.0719 7.47108 2459219.086064 851.7 0
>TOI-2752: 103.2040810 -44.5508240 12.091 1.210 1.065 5822.0 4.30 nan
 TOI-2752.01: 3.023 12.645 nan 0.0578 4.91975 2459248.958026 1284.5 0
>TOI-2753: 101.5784580 -3.7215900 12.403 1.350 1.103 6020.0 4.22 nan
 TOI-2753.01: 2.128 15.338 nan 0.0280 1.62817 2459224.244649 2015.7 0
>TOI-2755: 100.1360010 -37.0562430 12.230 1.210 1.017 5709.0 4.28 nan
 TOI-2755.01: 1.960 9.772 nan 0.0438 3.31875 2459225.436514 1446.9 0
>TOI-2756: 104.9062020 -17.4047910 10.551 3.080 nan 4801.0 nan nan
 TOI-2756.01: 1.676 18.047 nan nan 1.56224 2459224.754225 nan 0
>TOI-2757: 104.3355120 -14.1099620 11.917 1.400 1.426 6704.0 4.30 nan
 TOI-2757.01: 2.694 20.913 nan 0.0506 3.48140 2459221.438070 1700.4 0
>TOI-2758: 104.2404850 -16.7464690 11.607 0.810 0.757 4693.0 4.50 nan
 TOI-2758.01: 2.713 12.392 nan 0.0488 4.53029 2459222.921639 922.0 0
>TOI-2761: 104.8238190 -31.3874700 12.326 1.240 1.255 6356.0 4.35 nan
 TOI-2761.01: 3.861 17.633 nan 0.0706 6.12148 2459219.398202 1284.5 0
>TOI-2762: 104.2443750 -19.6836690 11.495 1.130 1.225 6294.0 4.42 nan
 TOI-2762.01: 3.366 13.905 nan 0.0519 3.90724 2459220.661425 1416.2 0
>TOI-2763: 102.4980070 -20.9067800 11.118 nan nan nan nan nan
 TOI-2763.01: 3.793 nan nan nan 3.99802 2459221.156105 nan 0
>TOI-2764: 102.7516560 -34.7388470 11.714 1.780 1.327 6494.0 4.06 nan
 TOI-2764.01: 1.832 10.861 nan 0.0372 2.27673 2459224.720840 2166.1 0
>TOI-2765: 102.3396120 -32.2824800 11.407 1.530 1.484 6865.0 4.24 nan
 TOI-2765.01: 1.228 7.103 nan 0.0226 1.01910 2459226.689311 2723.7 0
>TOI-2766: 106.6311850 -53.5346810 10.856 1.400 1.242 6792.7 4.24 nan
 TOI-2766.01: 3.779 17.432 nan 0.0790 7.27481 2459301.369040 1378.9 0
>TOI-2767: 100.6425730 -20.2415200 9.619 5.190 nan 5023.0 nan nan
 TOI-2767.01: 1.318 13.454 nan nan 0.93406 2459227.247759 nan 0
>TOI-2769: 99.1130310 -15.7246130 12.314 nan nan 5381.0 nan nan
 TOI-2769.01: 2.214 nan nan nan 3.08858 2459224.451567 nan 0
>TOI-2770: 95.1826550 14.7835760 11.794 1.700 nan 4976.0 nan nan
 TOI-2770.01: 3.369 17.154 nan nan 4.56977 2459541.317500 nan 0
>TOI-2772: 83.4798210 10.2764060 11.973 nan nan 6293.8 nan nan
 TOI-2772.01: 3.768 nan nan nan 2.85043 2459199.304330 nan 0
>TOI-2773: 82.0831900 -19.6214970 12.061 2.810 1.200 6232.0 3.62 nan
 TOI-2773.01: 1.024 14.337 nan 0.0148 0.59934 2459199.858678 4140.8 0
>TOI-2774: 83.9928300 -7.6883720 11.026 1.540 nan 4926.5 nan nan
 TOI-2774.01: 1.787 21.148 nan nan 4.44309 2459192.072276 nan 0
>TOI-2776: 102.2191970 -16.7805030 12.462 1.830 1.892 7911.0 4.19 nan
 TOI-2776.01: 3.001 17.100 nan 0.0554 3.45906 2459224.383812 2192.5 0
>TOI-2777: 101.9689080 -17.7248630 11.936 1.140 nan 4856.0 nan nan
 TOI-2777.01: 1.701 7.582 nan nan 1.92978 2459225.172300 nan 0
>TOI-2778: 84.6260680 -9.8375300 11.065 1.140 1.247 6288.0 4.42 nan
 TOI-2778.01: 2.737 14.689 nan 0.0569 4.44451 2459198.536737 1357.2 0
>TOI-278: 4.8835620 -5.9115610 10.324 0.301 0.450 2955.0 5.14 nan
 TOI-278.01: 0.722 2.515 nan 0.0067 0.29904 2458381.910527 955.1 0
>TOI-2780: 88.2441570 -16.2862130 12.182 1.920 1.616 7169.0 4.08 nan
 TOI-2780.01: 1.671 17.782 nan 0.0663 4.90621 2459217.923867 1860.3 0
>TOI-2781: 87.8204160 -13.3810440 10.911 0.700 0.664 3868.0 4.57 nan
 TOI-2781.01: 1.279 5.942 nan 0.0336 2.76367 2459226.428052 851.3 0
>TOI-2782: 98.0045240 16.5854170 12.233 nan nan 5250.0 nan nan
 TOI-2782.01: 4.763 nan nan nan 4.86808 2460234.255467 nan 0
>TOI-2783: 83.4505940 16.8106670 11.183 1.550 nan nan nan nan
 TOI-2783.01: 3.102 22.823 nan nan 2.30441 2459547.674708 nan 0
>TOI-2785: 92.8150980 -41.7219450 11.821 nan nan 5251.2 nan nan
 TOI-2785.01: 2.459 nan nan nan 11.50544 2459221.348058 nan 0
>TOI-2786: 88.9086280 1.1679670 11.526 1.890 0.988 5605.0 3.88 nan
 TOI-2786.01: 4.483 16.056 nan 0.0471 3.75762 2459219.995187 1712.1 0
>TOI-2787: 87.5547420 -53.3307420 11.973 2.500 nan 5139.0 nan nan
 TOI-2787.01: 5.515 12.729 nan nan 4.32177 2460042.218733 nan 0
>TOI-2788: 99.6311070 -49.4449460 12.315 0.930 0.997 5647.0 4.50 nan
 TOI-2788.01: 2.813 8.306 nan 0.0498 4.06466 2459251.646067 1176.7 0
>TOI-279: 41.1884500 -32.2110430 8.831 0.730 0.565 4140.0 4.46 nan
 TOI-279.01: 3.698 1.866 nan 0.0823 11.47078 2459168.429762 594.6 0
>TOI-2790: 85.9672160 16.3600630 11.375 1.930 1.489 6901.0 4.04 nan
 TOI-2790.01: 3.553 20.094 nan 0.0393 2.33416 2459547.210084 2332.0 0
>TOI-2791: 96.1729150 -36.9292280 11.983 2.020 1.296 6425.0 3.94 nan
 TOI-2791.01: 4.989 14.007 nan 0.0515 3.74828 2458515.618118 1940.3 0
>TOI-2792: 95.1106930 -38.1729500 11.346 1.900 1.095 5945.0 3.92 nan
 TOI-2792.01: 1.734 12.541 nan 0.0746 7.11857 2459213.998862 1446.7 0
>TOI-2793: 86.4738050 -46.9436100 12.112 1.080 0.974 5562.0 4.36 nan
 TOI-2793.01: 0.523 6.233 nan 0.0097 0.35597 2459227.071677 2830.0 0
>TOI-2794: 90.6271380 4.1503270 11.582 1.850 1.165 6151.0 3.97 nan
 TOI-2794.01: 4.430 14.441 nan 0.0583 4.76549 2459222.329758 1670.8 0
>TOI-2795: 97.3679710 -46.1771850 12.199 0.880 0.914 5325.0 4.51 nan
 TOI-2795.01: 1.763 11.456 nan 0.0449 3.63372 2459225.009211 1136.8 0
>TOI-2797: 97.1878290 7.6992120 12.144 1.130 1.042 5798.0 4.35 nan
 TOI-2797.01: 3.385 13.021 nan 0.0520 4.23806 2459225.127962 1303.3 0
>TOI-2798: 91.4374080 -33.1875160 11.877 1.610 1.085 5931.0 4.06 nan
 TOI-2798.01: 4.436 18.996 nan 0.0506 3.99447 2459221.167853 1613.2 0
>TOI-2799: 99.0113370 -45.2805830 12.187 1.070 1.049 5873.0 4.40 nan
 TOI-2799.01: 2.178 16.927 nan 0.0253 1.43679 2459227.328418 1841.7 0
>TOI-280: 24.1683880 -36.4140110 8.895 0.783 0.871 5454.0 4.59 nan
 TOI-280.01: 1.729 2.450 nan 0.0878 10.18431 2458383.488609 785.4 0
>TOI-2800: 98.6178560 -41.1477310 10.950 1.170 nan 5504.0 nan nan
 TOI-2800.01: 3.454 9.781 nan nan 7.75383 2459218.177975 nan 0
>TOI-2801: 85.5000780 -31.8731860 12.307 1.710 nan 5425.0 nan nan
 TOI-2801.01: 2.952 15.525 nan nan 5.41397 2459221.426139 nan 0
>TOI-2802: 80.7311860 -21.9556870 10.501 1.580 2.038 5668.0 4.35 nan
 TOI-2802.01: 2.105 5.795 nan 0.0575 3.52666 2459195.405441 1432.7 0
>TOI-2804: 146.4188890 -38.8873610 8.061 1.506 1.091 5913.9 4.12 nan
 TOI-2804.01: 0.906 4.490 nan 0.0574 4.80340 2459991.190122 1460.7 0
>TOI-2806: 157.9214390 -24.2248320 9.319 1.470 1.249 6334.6 4.20 nan
 TOI-2806.01: 3.947 4.096 nan 0.1068 11.40451 2459298.619279 1133.2 0
>TOI-2807: 146.1145580 -35.1045890 8.665 1.140 0.990 5645.0 4.32 nan
 TOI-2807.01: 2.938 2.460 nan 0.0491 3.99192 2460009.045650 1311.6 0
>TOI-2808: 155.3160190 -25.1093340 8.425 0.660 0.778 4853.0 4.69 nan
 TOI-2808.01: 2.659 1.775 nan 0.0804 9.44538 2460000.058846 670.5 0
>TOI-2809: 149.0347080 -38.0888340 10.009 1.338 nan 6225.0 nan nan
 TOI-2809.01: 2.692 10.333 nan nan 3.16608 2459989.988650 nan 0
>TOI-281: 66.1362520 -60.1299320 9.680 1.520 1.120 6002.2 4.12 nan
 TOI-281.01: 2.314 4.561 nan 0.0639 5.57654 2458381.883169 1411.6 0
>TOI-2810: 165.9551170 -50.8871520 8.147 1.050 1.058 5910.0 4.42 nan
 TOI-2810.01: 3.906 2.056 nan 0.0824 8.40357 2460024.286607 1017.3 0
>TOI-2813: 120.8507830 -38.7152810 11.822 1.397 2.304 9162.0 4.51 nan
 TOI-2813.01: 2.303 14.651 nan 0.0711 4.56549 2459965.212727 1958.3 0
>TOI-2814: 116.2493540 -48.7505260 10.327 1.531 1.354 6332.7 4.20 nan
 TOI-2814.01: 4.701 15.185 nan 0.0673 5.47933 2459964.943920 1456.5 0
>TOI-2815: 107.7086480 -12.8330570 12.062 1.750 1.143 6097.0 4.01 nan
 TOI-2815.01: 1.895 15.412 nan 0.0463 3.40444 2459220.937894 1807.5 0
>TOI-2817: 120.0318870 -42.1720670 10.995 0.980 1.058 5900.0 4.48 nan
 TOI-2817.01: 3.263 9.968 nan 0.0679 6.28044 2459247.298936 1080.8 0
>TOI-2819: 109.7838710 12.7768610 10.810 1.967 1.860 5796.0 4.12 nan
 TOI-2819.01: 2.379 25.854 nan 0.0645 4.39060 2460236.732778 1543.4 0
>TOI-2820: 117.1129360 -41.8516430 11.933 0.720 0.948 5448.0 4.70 nan
 TOI-2820.01: 3.135 12.027 nan 0.1082 13.34548 2459970.526577 677.7 0
>TOI-2821: 110.8629950 -50.2434100 11.591 2.040 0.980 5606.0 3.81 nan
 TOI-2821.01: 0.297 13.695 nan 0.0084 0.28567 2459251.944079 4212.7 0
>TOI-2822: 120.0037280 -28.6334460 11.900 1.690 1.142 6086.0 4.04 nan
 TOI-2822.01: 4.111 11.529 nan 0.0414 2.87986 2459248.445126 1875.0 0
>TOI-2823: 125.1798230 -25.6914660 11.656 nan nan 8083.5 nan nan
 TOI-2823.01: 3.328 nan nan nan 4.79621 2459244.237438 nan 0
>TOI-2824: 117.6801620 -28.3216620 12.072 1.300 1.047 5827.0 4.23 nan
 TOI-2824.01: 4.045 13.792 nan 0.0337 2.20879 2459963.598280 1745.2 0
>TOI-2825: 117.0152310 -48.1829780 11.936 1.360 1.119 6041.0 4.22 nan
 TOI-2825.01: 4.304 11.620 nan 0.0667 5.94926 2459245.075624 1315.4 0
>TOI-2826: 102.8326550 -11.5862430 12.106 nan nan 9168.0 nan nan
 TOI-2826.01: 2.621 nan nan nan 1.92756 2459224.572139 nan 0
>TOI-2827: 108.7219450 11.9893950 10.242 1.490 0.705 5857.2 3.94 nan
 TOI-2827.01: 2.965 7.701 nan 0.0532 5.33930 2459572.199906 1494.7 0
>TOI-2830: 124.3467760 -17.4937540 10.940 1.680 1.522 6053.1 4.17 nan
 TOI-2830.01: 5.058 8.014 nan 0.0591 4.25554 2459251.243306 1556.2 0
>TOI-2831: 113.5193720 -15.9339920 11.815 2.110 2.457 9669.0 4.18 nan
 TOI-2831.01: 3.101 13.909 nan 0.0511 2.69267 2459251.166320 2996.0 0
>TOI-2832: 110.9106590 -26.7113110 12.261 1.250 1.431 6685.0 4.40 nan
 TOI-2832.01: 2.677 13.086 nan 0.0426 2.68897 2459251.837973 1746.2 0
>TOI-2833: 120.6623630 -49.5932380 11.661 nan nan nan nan nan
 TOI-2833.01: 3.234 nan nan nan 4.38973 2459967.203114 nan 0
 TOI-2833.02: 2.109 6.724 nan nan 1.89476 2459964.103479 nan 0
>TOI-2834: 124.3859820 -28.0461330 10.412 1.150 1.751 5928.2 4.56 nan
 TOI-2834.01: 3.239 13.824 nan 0.0656 4.63915 2459245.466695 1196.9 0
>TOI-2836: 121.4823290 -30.9384900 10.715 1.190 1.489 6434.3 4.46 nan
 TOI-2836.01: 3.112 11.163 nan 0.0489 3.23793 2459251.668032 1530.6 0
>TOI-2837: 103.0013800 -49.5616840 11.817 nan nan 4841.5 nan nan
 TOI-2837.01: 1.531 nan nan nan 0.86025 2459963.650509 nan 0
>TOI-2840: 108.6492350 -6.8352970 11.820 1.110 1.103 5957.0 4.39 nan
 TOI-2840.01: 2.351 19.476 nan 0.0269 1.53243 2459212.235792 1845.2 0
>TOI-2841: 120.8206070 -42.4110540 11.981 1.920 2.391 9394.0 4.25 nan
 TOI-2841.01: 4.258 14.456 nan 0.0438 2.16635 2459964.500359 2999.1 0
>TOI-2843: 103.6395720 -20.2888530 12.577 1.270 1.287 6436.0 4.34 nan
 TOI-2843.01: 2.714 17.622 nan 0.0325 1.88829 2459224.597973 1940.0 0
>TOI-2844: 110.2032280 13.0186900 10.927 1.820 nan 6843.0 nan nan
 TOI-2844.01: 2.784 8.529 nan nan 3.55241 2459574.316350 nan 0
>TOI-2846: 108.9052660 -28.0592930 12.712 1.340 1.433 6718.0 4.34 nan
 TOI-2846.01: 2.560 13.998 nan 0.0426 2.67927 2459248.642948 1816.9 0
>TOI-2847: 116.6894330 -39.1315360 10.891 0.870 0.914 5329.0 4.52 nan
 TOI-2847.01: 2.131 11.660 nan 0.0364 2.64885 2459250.187809 1256.3 0
>TOI-2849: 109.4121820 -6.3729740 12.428 1.390 1.282 6370.0 4.26 nan
 TOI-2849.01: 3.404 13.623 nan 0.0437 2.95106 2459208.275086 1732.4 0
>TOI-285: 74.6971710 -56.3938140 10.146 0.615 0.603 3891.0 4.64 nan
 TOI-285.01: 3.460 3.029 nan nan nan 2458393.996453 nan 0
>TOI-2850: 91.4110500 -41.2882630 9.055 0.880 0.632 4608.0 4.35 nan
 TOI-2850.01: 0.598 7.473 nan 0.0593 6.63292 2459222.134753 856.0 0
>TOI-2851: 113.8542500 -40.8775090 11.971 1.660 1.593 7141.0 4.20 nan
 TOI-2851.01: 4.145 14.792 nan 0.0653 4.82572 2459247.745314 1736.2 0
>TOI-2852: 102.1139870 -32.4576960 12.197 2.070 1.009 5635.0 3.81 nan
 TOI-2852.01: 0.886 10.062 nan 0.0107 0.40078 2459253.167438 3779.4 0
>TOI-2853: 112.9190320 -38.3105260 12.253 1.240 1.255 6300.0 4.35 nan
 TOI-2853.01: 1.427 21.082 nan 0.0467 3.29239 2459966.276658 1565.4 0
>TOI-2854: 109.1008340 -4.7306640 12.251 2.460 2.365 9267.0 4.03 nan
 TOI-2854.01: 1.419 13.107 nan 0.0243 0.90086 2459227.231333 4496.1 0
>TOI-2857: 120.6145220 -35.4857080 11.572 1.508 1.945 8038.0 4.37 nan
 TOI-2857.01: 1.157 8.644 nan 0.0178 0.62160 2459962.905816 3567.6 0
>TOI-2858: 100.6658500 -26.0840360 12.039 nan nan 5118.6 nan nan
 TOI-2858.01: 1.814 nan nan nan 2.41820 2459225.080496 nan 0
>TOI-2859: 107.2744600 -39.1643770 12.036 1.730 1.374 6551.0 4.10 nan
 TOI-2859.01: 3.500 20.250 nan 0.0545 3.95899 2459253.079498 1779.8 0
>TOI-2860: 120.5048440 -30.6222330 12.440 nan nan 5722.4 nan nan
 TOI-2860.01: 2.233 nan nan nan 4.18496 2459245.824803 nan 0
>TOI-2861: 106.9397940 -38.4337200 11.994 1.489 1.091 5940.0 4.13 nan
 TOI-2861.01: 3.937 11.134 nan 0.0711 6.62700 2459967.674019 1310.8 0
>TOI-2862: 93.5777630 -42.8836750 12.046 1.220 1.083 5958.0 4.30 nan
 TOI-2862.01: 4.063 15.518 nan 0.1023 11.48748 2459243.086190 992.1 0
>TOI-2864: 100.1492350 -44.6616550 11.731 nan nan 5286.9 nan nan
 TOI-2864.01: 1.039 nan nan nan 0.47779 2459963.053193 nan 0
>TOI-2865: 97.0156460 -35.3985360 11.807 1.100 1.273 6353.0 4.46 nan
 TOI-2865.01: 0.262 9.829 nan 0.0125 0.45169 2459226.716429 2873.8 0
>TOI-2866: 126.8983810 -14.1254330 11.883 0.870 0.914 5288.0 4.52 nan
 TOI-2866.01: 1.947 12.746 nan 0.0257 1.57284 2459251.030100 1483.6 0
>TOI-2867: 104.3453230 -40.5789980 12.278 1.650 1.064 5904.0 4.03 nan
 TOI-2867.01: 4.436 14.200 nan 0.0633 5.63926 2459965.827646 1453.5 0
>TOI-2868: 98.9656210 -41.5603300 11.998 1.270 1.046 5817.0 4.25 nan
 TOI-2868.01: 4.508 12.148 nan 0.0884 9.38032 2459222.277749 1063.2 0
>TOI-2869: 109.6571190 -13.0647810 12.053 nan nan 8531.0 nan nan
 TOI-2869.01: 1.861 nan nan nan 1.71981 2459249.109041 nan 0
>TOI-2870: 111.7975580 14.9578710 11.274 2.000 nan 5409.0 nan nan
 TOI-2870.01: 1.757 19.734 nan nan 5.76559 2459577.909729 nan 0
>TOI-2873: 97.7901660 -39.2104260 11.032 nan nan 5000.0 nan nan
 TOI-2873.01: 0.816 nan nan nan 1.25202 2459252.913566 nan 0
>TOI-2875: 110.7787130 -11.9905250 12.032 2.720 2.143 8573.0 3.90 nan
 TOI-2875.01: 4.212 15.923 nan 0.0572 3.41421 2459245.620362 2850.7 0
>TOI-2877: 121.3113210 -16.5953090 12.157 1.240 1.199 6237.0 4.33 nan
 TOI-2877.01: 3.111 17.104 nan 0.0471 3.40742 2459248.400362 1543.2 0
>TOI-288: 340.3076930 -28.0326570 8.330 2.021 1.358 6530.0 3.96 nan
 TOI-288.01: 6.708 9.065 nan 1.7278 711.74740 2458364.461822 340.6 0
>TOI-2880: 108.4124150 -48.6962160 12.407 1.790 1.373 6605.0 4.07 nan
 TOI-2880.01: 4.976 13.189 nan 0.0617 4.77997 2459988.872071 1715.5 0
>TOI-2881: 109.2975900 1.1146360 12.210 1.650 1.114 6032.0 4.05 nan
 TOI-2881.01: 4.218 13.199 nan 0.0415 2.93018 2459225.476690 1834.1 0
>TOI-2882: 103.0399920 -12.6897100 12.264 1.280 1.401 6656.0 4.37 nan
 TOI-2882.01: 4.370 4.995 nan 0.0349 2.00833 2459224.056067 1943.7 0
>TOI-2883: 109.5591670 -32.9576100 11.434 nan nan 6016.0 nan nan
 TOI-2883.01: 2.056 nan nan nan 3.70640 2459249.371429 nan 0
>TOI-2884: 109.6403380 -9.7019400 12.328 1.770 1.066 5896.0 3.97 nan
 TOI-2884.01: 2.930 14.309 nan 0.0410 2.93589 2459226.630661 1868.0 0
>TOI-2885: 115.5177840 -18.8899880 11.519 2.280 2.442 9608.0 4.11 nan
 TOI-2885.01: 2.370 15.343 nan 0.0902 6.33507 2459241.058065 2329.3 0
>TOI-2887: 121.9855080 -39.0145220 12.309 1.150 1.597 7185.0 4.52 nan
 TOI-2887.01: 3.793 17.008 nan 0.0662 4.91828 2459966.387883 1444.0 0
>TOI-2888: 121.9574110 -45.3770440 11.100 nan nan 9307.0 nan nan
 TOI-2888.01: 1.786 nan nan nan 4.21865 2459966.507331 nan 0
>TOI-2889: 132.2255840 -61.9049970 12.033 nan nan 5765.0 nan nan
 TOI-2889.01: 4.330 nan nan nan 3.65791 2459325.238907 nan 0
>TOI-289: 2.9007160 -56.5996790 10.419 1.690 1.018 5728.0 3.99 nan
 TOI-289.01: 6.463 16.065 nan nan nan 2458326.645860 nan 0
>TOI-2890: 137.6996040 -50.9220000 11.699 1.390 nan 6496.3 nan nan
 TOI-2890.01: 1.548 16.457 nan nan 3.19589 2459299.679583 nan 0
>TOI-2891: 122.8905730 -57.3152370 10.843 1.810 1.404 6693.0 4.07 nan
 TOI-2891.01: 4.843 17.421 nan 0.1466 17.30766 2460015.954935 1134.0 0
>TOI-2892: 116.2136240 -59.5511530 11.410 0.790 0.865 5068.0 4.58 nan
 TOI-2892.01: 4.464 15.165 nan 0.1132 14.95027 2460045.077222 645.6 0
>TOI-2893: 113.5777600 -56.5817940 12.064 0.960 0.947 5467.0 4.45 nan
 TOI-2893.01: 4.109 8.801 nan 0.0914 10.36294 2459969.534332 854.4 0
>TOI-2894: 145.4289580 -24.7853500 12.141 1.020 1.120 6004.0 4.47 nan
 TOI-2894.01: 2.472 11.480 nan 0.0773 7.41903 2459265.559680 1051.7 0
>TOI-2895: 145.3294750 -28.3546580 12.541 1.630 1.433 6749.0 4.17 nan
 TOI-2895.01: 5.908 10.331 nan 0.0939 8.78590 2459275.535658 1355.9 0
>TOI-2896: 128.9160620 -62.1149760 11.410 3.360 nan 5434.0 nan nan
 TOI-2896.01: 1.589 18.094 nan nan 1.34757 2460042.380749 nan 0
>TOI-2897: 122.9602370 -61.7332790 12.259 0.980 1.034 5777.0 4.47 nan
 TOI-2897.01: 3.950 7.954 nan 0.1037 12.00405 2459310.429548 856.4 0
>TOI-2898: 121.4870480 -61.6671990 12.656 1.714 1.621 7186.0 4.18 nan
 TOI-2898.01: 3.729 17.575 nan 0.0541 3.61282 2459990.915460 1950.4 0
>TOI-2899: 125.6869600 -67.7235220 11.923 1.830 1.064 5881.0 3.94 nan
 TOI-2899.01: 2.061 17.279 nan 0.0511 4.08741 2459386.403025 1697.1 0
>TOI-2900: 142.7310400 -51.1410430 11.888 nan nan 4649.5 nan nan
 TOI-2900.01: 2.581 nan nan nan 1.31717 2459303.692092 nan 0
>TOI-2901: 140.6095030 -52.0436220 11.367 1.720 1.963 8097.0 4.26 nan
 TOI-2901.01: 4.283 20.372 nan 0.0679 4.60868 2459303.994531 1965.1 0
>TOI-2903: 116.0653650 -51.8748450 11.435 0.930 0.997 5594.0 4.50 nan
 TOI-2903.01: 1.810 5.102 nan 0.0459 3.59476 2459964.220375 1214.2 0
>TOI-2904: 114.1848390 -53.2045840 11.336 1.310 1.015 5673.0 4.21 nan
 TOI-2904.01: 3.977 7.051 nan 0.0754 7.50100 2459292.343100 1140.2 0
>TOI-2905: 130.9616410 -45.9720210 11.177 nan nan 5163.2 nan nan
 TOI-2905.01: 3.716 nan nan nan 11.87907 2459998.015443 nan 0
>TOI-2906: 137.3907230 -37.7968420 11.860 1.090 1.339 6524.0 4.49 nan
 TOI-2906.01: 3.008 13.415 nan 0.0517 3.70628 2459277.553272 1444.5 0
>TOI-2907: 136.7553570 -36.5600640 11.431 nan nan 6020.0 nan nan
 TOI-2907.01: 2.329 nan nan nan 3.16863 2459274.761390 nan 0
>TOI-2908: 135.9438500 -39.2170800 11.716 1.060 1.454 6788.0 4.55 nan
 TOI-2908.01: 4.067 5.858 nan 0.0688 5.46310 2459275.142570 1284.8 0
>TOI-2909: 135.6685680 -37.0168220 10.771 1.640 nan 7776.7 nan nan
 TOI-2909.01: 3.950 9.433 nan nan 3.06883 2459275.206618 nan 0
>TOI-2910: 129.6298170 -42.1418810 11.968 nan nan 4989.6 nan nan
 TOI-2910.01: 4.095 nan nan nan 3.30807 2459965.450862 nan 0
>TOI-2911: 129.0805570 -46.3655340 11.366 0.770 nan 4430.1 nan nan
 TOI-2911.01: 1.663 10.955 nan nan 1.77013 2459963.857775 nan 0
>TOI-2912: 128.8269910 -56.6402860 10.484 1.830 1.370 6614.0 4.05 nan
 TOI-2912.01: 3.301 11.807 nan 0.0924 8.76148 2460019.659941 1419.3 0
>TOI-2913: 150.4808020 -31.7385730 11.496 0.780 0.670 4269.0 4.48 nan
 TOI-2913.01: 2.962 10.955 nan 0.0629 7.03179 2459304.456496 724.9 0
>TOI-2914: 127.6237840 -48.8206120 12.194 1.943 1.900 7902.0 4.14 nan
 TOI-2914.01: 3.264 15.532 nan 0.0510 3.05159 2459964.763408 2351.9 0
>TOI-2915: 127.4140730 -55.5607090 11.186 nan nan 5003.8 nan nan
 TOI-2915.01: 2.399 nan nan nan 5.13044 2459297.972286 nan 0
>TOI-2916: 140.6831210 -45.0923940 12.129 0.960 1.434 6706.0 4.63 nan
 TOI-2916.01: 2.075 13.175 nan 0.0549 3.92168 2459303.128643 1352.2 0
>TOI-2917: 139.3366010 -46.1147220 11.631 nan nan 4976.0 nan nan
 TOI-2917.01: 3.180 nan nan nan 7.90187 2459294.120029 nan 0
>TOI-2918: 138.1382170 -46.4007030 12.207 0.990 1.328 6511.0 4.57 nan
 TOI-2918.01: 3.982 9.540 nan 0.0970 9.56806 2459288.040612 1003.0 0
>TOI-2919: 137.2615310 -44.6944600 11.331 0.890 0.979 5475.0 4.53 nan
 TOI-2919.01: 2.633 10.543 nan 0.0545 4.69571 2459298.680353 1066.9 0
>TOI-292: 14.7141890 -36.6884740 11.570 0.790 0.702 4463.0 4.49 nan
 TOI-292.01: 2.489 9.658 nan 0.0827 10.36887 2459088.963421 665.2 0
>TOI-2920: 148.0435610 -34.6377810 11.732 1.400 1.133 6060.0 4.20 nan
 TOI-2920.01: 2.847 18.204 nan 0.0443 3.20031 2459300.972897 1642.7 0
>TOI-2921: 131.4982160 -57.9706330 11.994 1.250 1.247 6302.0 4.34 nan
 TOI-2921.01: 3.190 13.455 nan 0.0439 3.00448 2459331.505693 1621.6 0
>TOI-2922: 148.5303780 -36.5333310 10.798 1.150 1.080 5924.0 4.35 nan
 TOI-2922.01: 0.715 5.143 nan 0.0247 1.36052 2459303.736827 1949.2 0
>TOI-2923: 130.3128670 -59.0033120 11.901 1.250 1.163 6153.0 4.31 nan
 TOI-2923.01: 2.908 12.223 nan 0.0546 4.32263 2460015.622952 1419.6 0
>TOI-2924: 129.5659890 -54.0870960 11.250 1.347 1.351 6571.0 4.31 nan
 TOI-2924.01: 4.030 10.947 nan 0.0818 7.34983 2459966.861078 1285.8 0
>TOI-2925: 145.4706040 -41.4836000 10.593 1.510 1.584 7164.0 4.28 nan
 TOI-2925.01: 1.257 8.257 nan 0.0308 1.57201 2459302.564351 2418.8 0
>TOI-2926: 146.8943520 -44.9389230 12.306 1.920 1.376 6632.0 4.01 nan
 TOI-2926.01: 4.225 13.925 nan 0.0393 2.42490 2459303.198309 2235.3 0
>TOI-2927: 145.5560490 -43.0042080 12.468 1.220 1.565 7019.0 4.46 nan
 TOI-2927.01: 2.413 14.717 nan 0.0283 1.38683 2459304.991277 2222.3 0
>TOI-2928: 144.6848640 -43.0272840 11.945 1.300 1.513 6910.0 4.39 nan
 TOI-2928.01: 3.189 10.811 nan 0.0451 2.84571 2459302.165051 1788.9 0
>TOI-2929: 137.0578030 -43.5844600 12.000 0.890 1.025 5773.0 4.55 nan
 TOI-2929.01: 2.100 11.862 nan 0.0317 2.03914 2459302.035110 1475.0 0
>TOI-293: 358.1545310 -54.4689380 10.044 1.400 0.964 5905.0 4.13 nan
 TOI-293.01: 1.060 8.062 nan 0.0167 0.80544 2459109.911388 2607.1 0
>TOI-2930: 133.9168680 -43.3992020 10.771 2.340 1.623 7176.0 3.91 nan
 TOI-2930.01: 3.527 10.884 nan 0.0858 7.20415 2459297.414276 1807.1 0
>TOI-2931: 133.2029950 -43.3537890 11.150 1.770 1.169 6133.0 4.01 nan
 TOI-2931.01: 5.864 11.083 nan 0.0870 8.66820 2459996.684641 1333.9 0
>TOI-2932: 133.0354770 -46.0121690 11.672 2.100 1.646 7320.0 4.01 nan
 TOI-2932.01: 3.689 15.970 nan 0.0508 3.25691 2459990.683405 2269.5 0
>TOI-2934: 132.4645370 -43.2858170 11.719 0.950 1.195 6220.0 4.56 nan
 TOI-2934.01: 1.011 5.180 nan 0.0225 1.12397 2459278.683684 1948.9 0
>TOI-2935: 142.2712340 -34.7647750 12.429 1.220 1.034 5751.6 4.28 nan
 TOI-2935.01: 2.234 13.163 nan 0.0622 5.56983 2459278.943232 1228.3 0
>TOI-2937: 138.0552200 -33.8319970 12.282 1.560 1.143 6074.0 4.11 nan
 TOI-2937.01: 1.554 23.993 nan 0.0326 2.01395 2459990.422761 2026.1 0
>TOI-2938: 145.9358510 -25.5444120 10.392 0.920 0.954 5516.0 4.49 nan
 TOI-2938.01: 2.504 12.151 nan 0.0559 4.94246 2459272.923559 1079.1 0
>TOI-2939: 149.7594850 -22.9467600 11.952 1.440 1.376 6567.0 4.26 nan
 TOI-2939.01: 4.240 14.442 nan 0.0622 4.83067 2459273.922515 1523.7 0
>TOI-2940: 142.3300010 -37.4715670 12.483 nan nan 5262.9 nan nan
 TOI-2940.01: 3.113 nan nan nan 4.59915 2459301.079391 nan 0
>TOI-2941: 141.4247530 -41.7628180 11.520 0.980 nan 5625.4 nan nan
 TOI-2941.01: 1.154 16.358 nan nan 0.71278 2459988.563332 nan 0
>TOI-2942: 139.8198230 -39.6882400 11.881 1.850 1.307 6442.0 4.02 nan
 TOI-2942.01: 4.582 12.678 nan 0.0496 3.52572 2459303.833626 1897.1 0
>TOI-2943: 138.8296970 -37.4104880 11.436 0.980 0.766 4728.0 4.34 nan
 TOI-2943.01: 0.752 13.790 nan 0.0143 0.71233 2459279.092125 1887.4 0
>TOI-2945: 123.9586250 -51.1309410 11.808 2.090 1.707 7438.0 4.03 nan
 TOI-2945.01: 4.195 15.365 nan 0.0508 3.20067 2459299.330191 2300.5 0
>TOI-2946: 135.5969250 -70.9475870 10.628 0.720 0.686 4394.0 4.56 nan
 TOI-2946.01: 1.849 10.544 nan 0.0499 4.91864 2459331.564160 804.8 0
>TOI-2948: 138.3577680 -62.4464320 12.846 1.180 nan nan nan nan
 TOI-2948.01: 1.889 14.791 nan nan 2.75577 2460042.540975 nan 0
>TOI-2949: 136.9256150 -65.6418990 12.122 1.060 1.078 5945.0 4.42 nan
 TOI-2949.01: 1.785 13.210 nan 0.0405 2.86523 2459359.146320 1466.6 0
>TOI-295: 359.0918580 -13.2716380 11.137 1.271 1.072 5864.0 4.26 nan
 TOI-295.01: 2.415 14.404 nan 0.0453 3.39694 2459090.143839 1497.8 0
>TOI-2950: 133.7890470 -65.5726670 11.640 1.550 1.266 6368.0 4.16 nan
 TOI-2950.01: 3.666 12.349 nan 0.0466 3.26905 2459358.147763 1771.0 0
>TOI-2952: 134.1926640 -68.5104530 10.326 0.510 0.509 3558.0 4.73 nan
 TOI-2952.01: 2.021 6.260 nan 0.0763 10.78449 2459351.667704 443.6 0
>TOI-2954: 155.8412980 -55.6789860 11.819 nan nan 12745.0 nan nan
 TOI-2954.01: 3.546 nan nan nan 4.84019 2459323.567576 nan 0
>TOI-2955: 155.8621440 -55.9357560 12.006 2.430 1.672 7366.0 3.89 nan
 TOI-2955.01: 1.366 16.318 nan 0.0157 0.55423 2459331.663991 4418.9 0
>TOI-2956: 154.0668940 -55.7126170 11.342 0.900 1.048 5820.0 4.55 nan
 TOI-2956.01: 1.411 11.010 nan 0.0512 4.12773 2459332.120551 1176.6 0
>TOI-2957: 153.7795870 -54.9372820 12.402 1.271 1.413 6650.0 4.38 nan
 TOI-2957.01: 2.482 24.933 nan 0.0292 1.53149 2460014.569549 2115.6 0
>TOI-296: 353.1051430 -45.9095680 11.920 0.946 0.920 5290.0 4.45 nan
 TOI-296.01: 3.710 8.703 nan 0.1639 25.25801 2459062.764146 612.8 0
>TOI-2960: 150.4395380 -54.1136510 12.045 2.360 1.373 6600.0 3.83 nan
 TOI-2960.01: 3.274 22.241 nan 0.0356 2.09166 2459332.140887 2591.2 0
>TOI-2961: 156.1296400 -49.7658760 11.608 1.440 1.654 7388.0 4.34 nan
 TOI-2961.01: 2.910 14.942 nan 0.0643 4.62591 2459325.992412 1685.9 0
>TOI-2962: 147.5102430 -55.4516030 11.578 2.790 nan 4881.0 nan nan
 TOI-2962.01: 4.198 16.429 nan nan 4.02118 2459326.444536 nan 0
>TOI-2964: 143.6263720 -56.5927380 11.686 1.240 2.083 8408.0 4.57 nan
 TOI-2964.01: 2.906 12.951 nan 0.0612 3.83313 2459329.670307 1825.0 0
>TOI-2965: 160.9080550 -47.7904650 11.673 1.790 1.342 6548.0 4.06 nan
 TOI-2965.01: 3.108 18.785 nan 0.0568 4.26730 2459324.019017 1772.5 0
>TOI-2966: 150.7313600 -48.6283910 11.171 2.440 1.016 5698.0 3.67 nan
 TOI-2966.01: 2.343 9.598 nan 0.0261 1.52525 2459304.992295 2656.6 0
>TOI-2968: 156.5331670 -46.6219810 12.283 nan nan 5195.1 nan nan
 TOI-2968.01: 1.306 nan nan nan 0.73278 2459304.350950 nan 0
>TOI-2970: 165.5006720 -25.6905990 10.587 nan nan nan nan nan
 TOI-2970.01: 4.083 nan nan nan 4.42098 2459299.827995 nan 0
>TOI-2971: 169.6481720 -11.9770970 12.038 1.080 1.068 5875.0 4.40 nan
 TOI-2971.01: 2.139 8.961 nan 0.0573 4.84054 2459301.075311 1229.9 0
>TOI-2972: 166.0008940 -30.1719450 12.226 1.200 0.913 5301.0 4.24 nan
 TOI-2972.01: 2.102 13.184 nan 0.0380 2.83712 2458563.518154 1436.4 0
>TOI-2973: 170.1876310 -20.7858610 11.991 nan nan nan nan nan
 TOI-2973.01: 2.411 nan nan nan 2.75193 2458563.638612 nan 0
>TOI-2974: 169.9216780 -21.2497630 11.847 2.600 nan 5270.0 nan nan
 TOI-2974.01: 1.233 16.313 nan nan 0.68942 2458567.861660 nan 0
>TOI-2975: 157.2702870 -20.9292690 11.865 0.960 0.905 5333.5 4.43 nan
 TOI-2975.01: 0.406 11.587 nan 0.0107 0.42699 2459304.548340 2436.1 0
>TOI-2976: 160.9368510 -21.5407810 12.227 1.180 1.086 5941.0 4.33 nan
 TOI-2976.01: 1.532 14.101 nan 0.0462 3.48594 2459300.513933 1447.8 0
>TOI-2978: 145.1609520 -26.6420330 10.595 1.880 2.886 5667.3 4.35 nan
 TOI-2978.01: 3.704 7.824 nan 0.0742 4.34976 2459275.540633 1375.6 0
>TOI-2979: 151.8856650 -43.6294080 12.579 nan nan 6364.0 nan nan
 TOI-2979.01: 5.371 nan nan nan 5.49133 2459993.758177 nan 0
>TOI-298: 344.0607210 -34.3611060 11.960 1.676 1.232 6273.0 4.08 nan
 TOI-298.01: 1.702 21.996 nan 0.0254 1.32872 2459062.561712 2457.1 0
>TOI-2980: 176.2584420 -12.4116720 12.288 1.090 1.039 5736.0 4.38 nan
 TOI-2980.01: 2.891 18.800 nan 0.0465 3.59107 2459302.235646 1339.1 0
>TOI-2982: 165.8022380 -9.9634700 12.109 0.550 0.918 5268.0 4.92 nan
 TOI-2982.01: 2.623 6.134 nan 0.0546 4.87016 2459296.191341 806.2 0
>TOI-2983: 166.8410160 -27.2183650 12.236 0.910 0.891 5231.0 4.47 nan
 TOI-2983.01: 2.300 16.958 nan 0.0428 3.42873 2458567.831511 1163.1 0
>TOI-2984: 166.5348880 -25.0148270 10.403 0.750 0.798 4935.8 4.59 nan
 TOI-2984.01: 2.067 11.811 nan 0.0795 9.16227 2459303.209992 731.0 0
>TOI-2985: 166.4798770 -27.7683380 12.119 2.010 1.283 6382.0 3.94 nan
 TOI-2985.01: 4.668 12.142 nan 0.0527 3.89968 2458563.068798 1900.6 0
>TOI-2988: 156.3878910 -37.4076550 11.340 1.360 nan 5564.2 nan nan
 TOI-2988.01: 1.699 7.715 nan nan 1.88656 2459303.174166 nan 0
>TOI-299: 10.5946210 -48.2936220 11.263 1.193 0.989 5541.0 4.28 nan
 TOI-299.01: 3.773 9.101 nan 0.0624 5.72171 2459092.786742 1168.3 0
>TOI-2990: 154.7113140 -41.1940070 11.096 1.950 1.294 6439.0 3.97 nan
 TOI-2990.01: 2.396 15.906 nan 0.0815 7.46597 2459298.339468 1518.8 0
>TOI-2991: 164.3593120 -34.6903360 11.021 0.760 0.714 4455.0 4.53 nan
 TOI-2991.01: 2.545 8.102 nan 0.0550 5.58093 2459304.800483 798.6 0
>TOI-2993: 162.2268410 -32.4199510 12.204 nan nan nan nan nan
 TOI-2993.01: 2.307 nan nan nan 2.33781 2458564.219716 nan 0
>TOI-2994: 150.7569190 -43.7999040 12.220 nan nan 9045.0 nan nan
 TOI-2994.01: 1.945 nan nan nan 4.02580 2459303.302287 nan 0
>TOI-2995: 150.0614730 -44.0163240 11.887 1.380 1.323 6504.0 4.28 nan
 TOI-2995.01: 2.847 15.725 nan 0.0301 1.65662 2460015.453891 2123.6 0
>TOI-2996: 149.0798890 -46.6245300 10.692 1.180 1.061 5939.0 4.32 nan
 TOI-2996.01: 3.095 5.155 nan 0.0354 2.36274 2459300.796358 1653.4 0
>TOI-2997: 148.7250500 -43.6884710 11.391 2.090 1.236 6313.0 3.89 nan
 TOI-2997.01: 4.130 18.003 nan 0.0356 2.20604 2459989.323590 2332.5 0
>TOI-2998: 147.1745660 -46.0805750 11.685 2.050 1.398 6683.0 3.96 nan
 TOI-2998.01: 2.297 9.918 nan 0.0291 1.52971 2459303.240519 2704.8 0
>TOI-3000: 168.1961960 -32.8526930 11.769 0.940 1.043 5836.5 4.51 nan
 TOI-3000.01: 3.249 16.319 nan 0.0596 5.20807 2459296.646475 1117.7 0
>TOI-3002: 136.3917680 -50.6661020 11.868 1.470 nan 4978.0 nan nan
 TOI-3002.01: 1.873 22.982 nan nan 7.79711 2459303.577592 nan 0
>TOI-3003: 134.5789320 -50.2383230 10.874 1.980 1.719 7517.0 4.08 nan
 TOI-3003.01: 2.013 7.128 nan 0.0324 1.62243 2460015.392125 2833.6 0
>TOI-3006: 139.2043480 -54.0470810 10.888 1.600 1.381 6595.0 4.17 nan
 TOI-3006.01: 2.349 20.681 nan 0.0916 8.61346 2459989.197536 1329.1 0
>TOI-3007: 135.6398600 -56.0128010 11.918 1.730 0.995 5691.0 3.96 nan
 TOI-3007.01: 4.586 12.027 nan 0.0515 4.27685 2459331.090728 1590.5 0
>TOI-3009: 137.9487020 -60.6247040 12.592 1.830 2.437 9582.0 4.30 nan
 TOI-3009.01: 3.352 16.717 nan 0.0591 3.36534 2459332.074941 2571.1 0
>TOI-301: 354.2974020 -42.0103210 11.217 1.705 1.135 6048.0 4.03 nan
 TOI-301.01: 2.995 7.289 nan 0.0492 3.74401 2459090.755451 1716.8 0
>TOI-3010: 136.9438890 -61.0115290 10.889 1.270 1.046 5816.0 4.25 nan
 TOI-3010.01: 3.414 18.044 nan 0.0894 9.55377 2459318.200838 1057.0 0
>TOI-3012: 141.4166110 -54.8412350 12.703 nan nan 5804.0 nan nan
 TOI-3012.01: 4.027 nan nan nan 3.09203 2459991.459725 nan 0
>TOI-3013: 135.5761000 -57.5270880 11.440 2.800 1.062 5847.0 3.57 nan
 TOI-3013.01: 6.366 11.575 nan 0.0620 5.47226 2459322.275501 1894.7 0
>TOI-3014: 135.2385550 -56.5569310 12.185 1.680 1.266 6351.0 4.09 nan
 TOI-3014.01: 3.306 8.710 nan 0.0313 1.79468 2459330.933872 2243.7 0
>TOI-3015: 138.0068780 -61.4636140 12.228 1.790 1.281 6375.0 4.04 nan
 TOI-3015.01: 4.288 10.745 nan 0.0560 4.27458 2460015.034186 1738.0 0
>TOI-3016: 133.3947210 -62.7834510 12.121 1.490 1.313 6451.0 4.21 nan
 TOI-3016.01: 2.240 12.991 nan 0.0636 5.11396 2459325.929305 1505.7 0
>TOI-3017: 133.7021940 -55.4795250 11.706 1.380 1.451 6802.0 4.32 nan
 TOI-3017.01: 3.333 16.917 nan 0.0466 3.05253 2459300.699564 1784.9 0
>TOI-3019: 130.0976400 -58.9776790 12.441 1.000 1.076 5950.0 4.47 nan
 TOI-3019.01: 2.201 12.804 nan 0.0659 5.95949 2459329.129650 1117.7 0
>TOI-302: 17.4812780 -52.2394860 11.020 0.740 0.646 4130.0 4.51 nan
 TOI-302.01: 1.579 8.152 nan 0.0601 6.70145 2458356.682370 698.8 0
>TOI-3020: 130.1552240 -57.2238390 12.648 1.790 1.576 7124.0 4.13 nan
 TOI-3020.01: 2.548 19.686 nan 0.0477 3.03274 2459332.145560 2104.4 0
>TOI-3021: 129.7780310 -56.2616490 12.603 nan nan 5869.8 nan nan
 TOI-3021.01: 5.778 nan nan nan 11.26452 2459998.898100 nan 0
>TOI-3022: 126.3687850 -73.2589720 10.443 1.070 0.935 5354.0 4.35 nan
 TOI-3022.01: 1.780 10.402 nan 0.0827 8.99090 2459375.196367 928.6 0
>TOI-3024: 142.5312130 -76.2206010 12.377 1.163 1.103 5996.0 4.35 nan
 TOI-3024.01: 3.062 14.774 nan 0.0373 2.50718 2460042.964459 1614.5 0
>TOI-3025: 139.0449060 -76.5058130 12.259 1.420 1.039 5823.0 4.15 nan
 TOI-3025.01: 4.130 11.400 nan 0.0472 3.67947 2460044.692878 1540.1 0
>TOI-3026: 160.7111590 -71.8905590 11.758 1.130 1.117 6002.0 4.38 nan
 TOI-3026.01: 4.468 15.025 nan 0.0579 4.82066 2459323.785149 1278.6 0
>TOI-3027: 135.3004220 -75.0881160 11.237 1.670 1.115 6072.0 4.04 nan
 TOI-3027.01: 3.332 10.089 nan 0.0457 3.37940 2459384.399471 1770.0 0
>TOI-3028: 169.8811850 -64.9016400 11.577 nan nan 4817.8 nan nan
 TOI-3028.01: 4.811 nan nan nan 3.05257 2459359.563809 nan 0
>TOI-3029: 163.6754740 -60.3477870 7.630 nan nan 3600.5 nan nan
 TOI-3029.01: 5.210 nan nan nan 2.02523 2460014.567621 nan 0
>TOI-3030: 163.1115820 -64.5234430 11.781 nan nan 5769.0 nan nan
 TOI-3030.01: 2.355 nan nan nan 2.15108 2459360.048392 nan 0
>TOI-3031: 158.3892330 -61.7166920 11.046 0.940 1.019 5709.0 4.50 nan
 TOI-3031.01: 2.846 21.242 nan 0.0496 3.99359 2459330.952451 1198.4 0
>TOI-3032: 188.1201050 -50.3141680 12.118 1.180 0.990 5645.0 4.29 nan
 TOI-3032.01: 2.234 12.365 nan 0.0447 3.46771 2458622.183163 1398.6 0
>TOI-3033: 161.9530930 -68.1509370 12.350 0.880 0.957 5509.0 4.53 nan
 TOI-3033.01: 2.867 20.460 nan 0.0486 3.99824 2458622.814434 1130.4 0
>TOI-3034: 161.8071100 -60.7502860 12.108 nan nan 5649.5 nan nan
 TOI-3034.01: 2.534 nan nan nan 1.40329 2459329.792314 nan 0
>TOI-3035: 160.7691100 -63.8784620 12.032 nan nan nan nan nan
 TOI-3035.01: 2.752 nan nan nan 5.28030 2459353.344487 nan 0
>TOI-3037: 179.1846680 -56.7566230 12.365 1.520 1.681 7428.0 4.30 nan
 TOI-3037.01: 3.272 18.017 nan 0.0386 2.13577 2459328.686851 2247.7 0
>TOI-3038: 152.7453900 -64.1172540 12.464 1.586 1.181 6185.0 4.11 nan
 TOI-3038.01: 3.540 24.197 nan 0.0427 2.96779 2460014.515582 1817.7 0
>TOI-3039: 153.1207440 -67.2555420 11.398 1.130 0.996 5691.0 4.33 nan
 TOI-3039.01: 2.600 14.530 nan 0.0443 3.41289 2459357.446143 1386.0 0
>TOI-3040: 151.5016270 -66.8980020 11.161 1.190 1.130 6026.0 4.34 nan
 TOI-3040.01: 2.587 13.821 nan 0.0473 3.53661 2459359.718789 1457.5 0
>TOI-3041: 149.3247480 -68.7791050 10.345 1.840 1.235 6267.7 4.00 nan
 TOI-3041.01: 3.523 15.964 nan 0.0433 2.95995 2459359.135206 1970.2 0
>TOI-3042: 143.9208430 -64.8761110 11.856 nan nan 6277.0 nan nan
 TOI-3042.01: 3.255 nan nan nan 2.75595 2459356.477444 nan 0
>TOI-3043: 142.5848620 -65.2177340 12.158 2.080 1.117 6019.0 3.85 nan
 TOI-3043.01: 1.543 14.830 nan 0.0361 2.37255 2459357.129097 2203.1 0
>TOI-3045: 156.2170540 -69.2901300 11.284 1.770 1.853 7763.0 4.21 nan
 TOI-3045.01: 3.528 17.676 nan 0.0423 2.33044 2459356.117814 2421.5 0
>TOI-3046: 176.9281720 -60.0688720 12.020 1.350 1.238 6320.0 4.27 nan
 TOI-3046.01: 3.051 18.546 nan 0.0541 4.13440 2459357.033335 1522.4 0
>TOI-3047: 171.9564400 -61.5312210 12.573 1.570 1.835 7798.0 4.31 nan
 TOI-3047.01: 3.116 15.606 nan 0.0465 2.70209 2459355.467947 2184.9 0
>TOI-3048: 177.7961450 -65.3168290 11.642 nan nan nan nan nan
 TOI-3048.01: 4.173 nan nan nan 5.76727 2459358.750411 nan 0
>TOI-305: 15.8447040 -44.7058260 11.353 1.650 1.064 5852.0 4.03 nan
 TOI-305.01: 3.968 24.599 nan 0.0924 9.94915 2458364.100830 1192.5 0
>TOI-3050: 131.4756580 -67.4117080 11.589 1.550 0.983 5568.0 4.05 nan
 TOI-3050.01: 1.481 14.439 nan 0.0638 5.93973 2459991.651287 1323.4 0
>TOI-3051: 187.3151310 -51.0039200 11.147 2.150 1.339 6506.0 3.90 nan
 TOI-3051.01: 2.278 11.333 nan 0.0444 2.94896 2459327.160731 2183.1 0
>TOI-3052: 184.6127590 -56.0021270 11.656 2.010 1.653 7300.0 4.05 nan
 TOI-3052.01: 3.185 12.620 nan 0.0404 2.30980 2459330.914728 2482.9 0
>TOI-3053: 148.5732220 -64.2969040 11.131 1.010 0.913 5247.0 4.39 nan
 TOI-3053.01: 2.614 13.662 nan 0.0394 2.99200 2459358.507515 1281.0 0
>TOI-3054: 176.2915710 -55.4987870 12.055 1.160 nan 6412.2 nan nan
 TOI-3054.01: 3.150 17.640 nan nan 2.82817 2459330.029630 nan 0
>TOI-3055: 189.4737020 -49.1151850 11.380 0.960 1.088 5958.0 4.51 nan
 TOI-3055.01: 1.108 11.166 nan 0.0241 1.30716 2458621.988687 1813.3 0
>TOI-3056: 185.6645010 -58.4291080 12.288 1.770 1.506 6905.0 4.12 nan
 TOI-3056.01: 1.983 23.231 nan 0.0333 1.80929 2459357.557317 2427.5 0
>TOI-3057: 182.2638180 -55.3945390 12.540 1.330 1.512 6875.0 4.37 nan
 TOI-3057.01: 1.338 16.438 nan 0.0156 0.58007 2459332.096631 3061.0 0
>TOI-3058: 156.9434890 -56.7604330 11.458 1.820 1.154 6155.0 3.98 nan
 TOI-3058.01: 2.375 19.561 nan 0.0363 2.34839 2460042.046040 2101.6 0
>TOI-3061: 154.3282330 -58.2771130 12.158 nan nan 6040.0 nan nan
 TOI-3061.01: 1.748 nan nan nan 1.31858 2460015.416594 nan 0
>TOI-3062: 153.6736190 -55.3793540 12.201 1.212 1.172 6137.0 4.34 nan
 TOI-3062.01: 5.324 15.178 nan 0.0593 4.86593 2460015.137099 1337.9 0
>TOI-3063: 153.1147180 -58.0811930 11.842 nan nan nan nan nan
 TOI-3063.01: 4.789 nan nan nan 1.95129 2460014.401537 nan 0
>TOI-3064: 152.9921070 -59.7537080 6.248 nan nan 3194.0 nan nan
 TOI-3064.01: 1.400 nan nan nan 0.67717 2460067.257704 nan 0
>TOI-3065: 150.3877400 -59.3394790 12.332 1.350 2.413 9626.0 4.56 nan
 TOI-3065.01: 2.305 11.155 nan 0.0374 1.69958 2459330.553847 2788.8 0
>TOI-3066: 149.9414060 -56.0778730 10.509 1.130 1.312 6454.0 4.45 nan
 TOI-3066.01: 2.428 9.748 nan 0.1136 12.20279 2459310.392373 981.5 0
>TOI-3067: 161.9493450 -59.0331820 11.442 2.290 2.353 9230.0 4.09 nan
 TOI-3067.01: 2.774 17.505 nan 0.0992 7.43657 2459317.659383 2138.4 0
>TOI-3068: 161.4128430 -58.1333770 12.026 nan nan 6809.2 nan nan
 TOI-3068.01: 1.539 nan nan nan 1.59592 2459331.451714 nan 0
>TOI-3069: 158.9418090 -50.4986370 10.682 1.180 1.399 6610.0 4.44 nan
 TOI-3069.01: 0.899 7.980 nan 0.0536 3.82771 2459303.646732 1495.5 0
>TOI-3070: 173.3991400 -56.7024050 12.392 2.410 1.336 6520.0 3.80 nan
 TOI-3070.01: 1.576 20.241 nan 0.0163 0.65872 2459332.070023 3822.9 0
>TOI-3072: 170.5552900 -55.5289090 12.292 1.810 1.470 6879.0 4.09 nan
 TOI-3072.01: 4.280 15.428 nan 0.0461 2.98281 2459329.822031 2078.5 0
>TOI-3073: 182.3393270 -32.8866810 11.821 1.050 0.943 5417.4 4.37 nan
 TOI-3073.01: 1.884 12.613 nan 0.0412 3.14209 2459328.306157 1318.8 0
>TOI-3074: 157.9135930 -48.9940780 11.621 nan nan nan nan nan
 TOI-3074.01: 4.916 nan nan nan 5.35837 2459327.920394 nan 0
>TOI-3075: 157.9903100 -52.1791420 11.805 1.720 1.104 5982.0 4.01 nan
 TOI-3075.01: 2.300 8.899 nan 0.0300 1.80306 2459331.553005 2184.2 0
>TOI-3076: 157.3992340 -53.6588680 11.573 nan nan 14677.0 nan nan
 TOI-3076.01: 1.902 nan nan nan 7.85959 2459331.762318 nan 0
>TOI-3077: 146.9242520 -56.9897600 11.336 2.070 1.794 7689.0 4.06 nan
 TOI-3077.01: 5.479 13.668 nan 0.0816 6.35996 2459325.080291 1867.4 0
>TOI-3079: 145.3063010 -54.3491300 12.159 nan nan nan nan nan
 TOI-3079.01: 3.879 nan nan nan 1.98925 2459989.066665 nan 0
>TOI-308: 11.4847240 -55.9226620 10.013 0.850 nan 4801.3 nan nan
 TOI-308.01: 2.201 14.274 nan nan 8.30930 2459108.717597 nan 0
>TOI-3080: 143.8452100 -57.8648520 12.176 1.700 1.523 6993.0 4.16 nan
 TOI-3080.01: 4.534 16.872 nan 0.0621 4.57449 2459331.477920 1764.3 0
>TOI-3081: 146.5397670 -49.5773220 11.857 2.630 nan 5438.0 nan nan
 TOI-3081.01: 3.353 17.737 nan nan 3.43651 2459301.966886 nan 0
>TOI-3083: 191.1116350 -14.2581790 12.092 1.680 1.103 5997.0 4.03 nan
 TOI-3083.01: 2.072 25.853 nan 0.0337 2.15322 2459576.125706 2041.8 0
>TOI-3084: 178.0544730 -27.5176790 12.107 1.010 0.956 5495.2 4.41 nan
 TOI-3084.01: 2.616 10.921 nan 0.0572 5.10576 2459300.597866 1113.5 0
>TOI-3086: 159.9101450 -48.5381120 9.744 0.730 0.706 4530.0 4.56 nan
 TOI-3086.01: 2.635 3.173 nan 0.0859 10.95063 2459320.535229 636.8 0
>TOI-3087: 161.2805950 -48.6492730 11.637 nan nan 6920.0 nan nan
 TOI-3087.01: 2.573 nan nan nan 4.14149 2459327.066570 nan 0
>TOI-3088: 145.3864600 -50.9395040 10.548 nan nan 3946.9 nan nan
 TOI-3088.01: 2.591 nan nan nan 2.63380 2459990.863723 nan 0
>TOI-3089: 182.8504440 -11.9975690 11.101 0.930 nan 5229.0 nan nan
 TOI-3089.01: 2.171 9.990 nan nan 9.30961 2459564.484168 nan 0
>TOI-309: 358.0395790 -15.8010500 11.219 nan nan 5329.0 nan nan
 TOI-309.01: 2.707 nan nan nan 6.15733 2459092.738679 nan 0
>TOI-3090: 152.0749590 -53.2870480 11.332 nan nan 4580.9 nan nan
 TOI-3090.01: 3.667 nan nan nan 6.32722 2459331.296092 nan 0
>TOI-3091: 166.6242640 -56.0558300 11.654 1.770 2.617 10146.0 4.36 nan
 TOI-3091.01: 3.840 22.921 nan 0.0529 2.74999 2459331.050205 2830.0 0
>TOI-3092: 149.5736670 -58.9265690 11.685 0.930 1.227 6273.0 4.59 nan
 TOI-3092.01: 1.810 7.896 nan 0.0564 4.41640 2459331.270289 1228.3 0
>TOI-3093: 161.7016420 -49.0482280 12.083 1.570 1.562 7109.0 4.24 nan
 TOI-3093.01: 3.456 14.068 nan 0.0607 4.36533 2459325.460586 1743.4 0
>TOI-3094: 161.4334930 -52.5381480 11.617 1.160 nan 5915.3 nan nan
 TOI-3094.01: 2.391 12.199 nan nan 2.83962 2459327.804479 nan 0
>TOI-3095: 149.0626660 -60.0034700 11.928 1.030 1.116 6022.0 4.46 nan
 TOI-3095.01: 3.080 9.779 nan 0.0535 4.28399 2459326.634102 1274.1 0
>TOI-3096: 197.1876670 -28.2344660 11.427 nan nan nan nan nan
 TOI-3096.01: 2.577 nan nan nan 4.42823 2459325.615815 nan 0
>TOI-3097: 173.0747020 -47.4963950 11.557 0.890 nan 5000.0 nan nan
 TOI-3097.01: 1.357 8.792 nan nan 1.36839 2460041.535060 nan 0
>TOI-3098: 173.1377720 -46.3152670 10.542 1.353 1.301 6438.0 4.29 nan
 TOI-3098.01: 4.104 17.341 nan 0.0602 4.73234 2460015.103725 1471.8 0
>TOI-3099: 172.1083890 -45.0164270 11.589 0.950 1.115 5990.0 4.53 nan
 TOI-3099.01: 2.239 13.554 nan 0.0379 2.55431 2459330.064618 1446.1 0
>TOI-310: 351.1058140 -36.9759980 11.434 1.304 1.030 5798.0 4.22 nan
 TOI-310.01: 3.700 12.234 nan 0.0520 4.26957 2459090.953132 1400.1 0
>TOI-3100: 170.3300280 -44.3080200 12.231 1.080 1.199 6229.0 4.45 nan
 TOI-3100.01: 2.309 14.057 nan 0.0460 3.29075 2459330.083468 1455.4 0
>TOI-3101: 175.8162780 -30.0731640 12.201 1.790 1.066 5933.0 3.96 nan
 TOI-3101.01: 3.979 12.847 nan 0.0508 4.04679 2459301.392172 1698.3 0
>TOI-3102: 161.9452060 -47.0249430 11.728 nan nan 5569.2 nan nan
 TOI-3102.01: 4.526 nan nan nan 3.87698 2459329.105771 nan 0
>TOI-3103: 149.4097550 -51.3355340 11.839 1.320 1.328 6513.0 4.32 nan
 TOI-3103.01: 2.774 11.831 nan 0.0573 4.34378 2459303.206061 1507.4 0
>TOI-3104: 149.2636330 -49.7504760 10.821 nan nan 4445.0 nan nan
 TOI-3104.01: 2.599 nan nan nan 10.30695 2458588.299206 nan 0
>TOI-3105: 198.8038350 -31.3687510 10.754 1.100 1.134 6068.0 4.41 nan
 TOI-3105.01: 3.102 5.823 nan 0.0623 5.33326 2459329.829974 1229.5 0
>TOI-3106: 198.6486850 -30.7227260 10.589 1.280 nan 5506.2 nan nan
 TOI-3106.01: 1.789 8.994 nan nan 1.48516 2459331.915405 nan 0
>TOI-3107: 196.7263520 -31.7163910 11.420 1.600 1.047 5776.0 4.05 nan
 TOI-3107.01: 4.468 18.053 nan 0.0560 4.73439 2459330.174264 1488.8 0
>TOI-3108: 196.4722180 -31.7915550 11.845 0.850 0.893 5205.8 4.53 nan
 TOI-3108.01: 2.452 8.865 nan 0.0683 6.90035 2459331.223545 885.6 0
>TOI-311: 354.3357730 -13.4557950 10.899 0.950 1.341 4062.7 4.61 nan
 TOI-311.01: 1.194 14.735 nan 0.0185 0.79632 2459448.318374 1403.9 0
>TOI-3111: 194.7608590 -35.9729170 12.908 1.020 0.707 4539.0 4.27 nan
 TOI-3111.01: 2.984 13.130 nan 0.0485 4.64064 2458591.975750 1003.7 0
>TOI-3112: 185.7274470 -11.5995850 11.055 1.190 0.800 4911.0 4.19 nan
 TOI-3112.01: 1.497 14.046 nan 0.0479 4.28423 2459576.216590 1180.3 0
>TOI-3113: 177.1046520 -52.4834060 12.324 nan nan 5980.5 nan nan
 TOI-3113.01: 4.029 nan nan nan 3.13392 2458591.779066 nan 0
>TOI-3114: 176.3683900 -50.8884430 10.483 1.180 0.946 5478.0 4.27 nan
 TOI-3114.01: 2.134 11.706 nan 0.0516 4.40711 2459331.607960 1263.2 0
>TOI-3115: 174.6991840 -52.4003360 11.652 1.060 1.326 6455.0 4.51 nan
 TOI-3115.01: 1.604 7.749 nan 0.0427 2.79611 2459327.015901 1550.8 0
>TOI-3116: 165.9512630 -48.5263070 11.368 1.576 1.251 6316.0 4.14 nan
 TOI-3116.01: 2.082 9.610 nan 0.0294 1.64849 2460014.721588 2229.9 0
>TOI-3117: 189.6677980 -45.4165560 12.252 1.320 0.984 5552.0 4.19 nan
 TOI-3117.01: 2.931 17.133 nan 0.0429 3.26900 2459332.173033 1485.0 0
>TOI-3118: 201.3768670 -28.4136420 10.224 1.780 0.939 5406.0 3.91 nan
 TOI-3118.01: 3.881 10.391 nan 0.0468 3.80983 2458594.480161 1607.7 0
>TOI-3119: 174.7593540 -32.1905840 12.237 1.490 1.283 6407.0 4.20 nan
 TOI-3119.01: 3.522 14.373 nan 0.0914 8.90752 2459289.297783 1247.4 0
>TOI-312: 14.5233320 -37.9425580 11.256 1.283 1.019 5755.0 4.23 nan
 TOI-312.01: 2.485 10.662 nan 0.0458 3.54123 2459090.600097 1468.8 0
>TOI-3120: 184.0371250 -45.4263420 12.197 nan nan 6276.0 nan nan
 TOI-3120.01: 4.739 nan nan nan 7.02360 2458588.106211 nan 0
>TOI-3121: 174.7522580 -29.8420710 12.329 1.810 1.223 6296.0 4.01 nan
 TOI-3121.01: 4.288 21.082 nan 0.0653 5.51675 2459304.265389 1598.4 0
>TOI-3123: 211.2177390 -29.9477580 10.264 1.700 1.267 6368.0 4.08 nan
 TOI-3123.01: 2.134 18.663 nan 0.0321 1.87034 2459359.165583 2234.6 0
>TOI-3124: 178.1471390 -77.4172490 11.300 1.250 0.968 5567.0 4.23 nan
 TOI-3124.01: 0.977 11.350 nan 0.0333 2.25459 2459388.230262 1644.7 0
>TOI-3125: 223.7184400 -29.1520930 11.748 1.640 1.101 5972.0 4.05 nan
 TOI-3125.01: 3.442 12.759 nan 0.0722 6.75655 2459358.443291 1372.5 0
>TOI-3126: 177.8405490 -76.8783700 12.011 1.390 0.995 5655.0 4.15 nan
 TOI-3126.01: 1.835 18.013 nan 0.0292 1.82461 2459386.793853 1881.4 0
>TOI-3127: 219.3362330 -24.9585220 10.420 1.260 1.030 5775.3 4.25 nan
 TOI-3127.01: 1.878 13.251 nan 0.0465 3.60656 2459357.945764 1449.7 0
>TOI-3128: 157.2613620 -75.2149920 10.717 1.450 1.108 6011.0 4.16 nan
 TOI-3128.01: 0.649 7.005 nan 0.0354 2.31551 2459386.588498 1855.1 0
>TOI-3129: 218.9188120 -26.1793370 9.948 1.510 1.096 5949.1 4.12 nan
 TOI-3129.01: 1.861 11.466 nan 0.0355 2.33482 2459358.079233 1870.9 0
>TOI-3130: 150.7847000 -72.2677920 12.046 2.922 nan 5117.0 nan nan
 TOI-3130.01: 1.722 31.508 nan nan 0.44152 2460041.173091 nan 0
>TOI-3131: 218.8203210 -25.0559770 12.215 1.230 1.180 6148.0 4.33 nan
 TOI-3131.01: 2.310 18.509 nan 0.0394 2.62746 2459357.047021 1656.4 0
>TOI-3132: 214.4266370 -70.3643600 11.996 1.270 1.147 6107.0 4.29 nan
 TOI-3132.01: 2.630 13.416 nan 0.0353 2.26641 2459385.110624 1766.3 0
>TOI-3133: 213.3703420 -68.0109330 10.816 1.950 1.153 6130.0 3.92 nan
 TOI-3133.01: 3.584 13.976 nan 0.0525 4.09028 2459388.723127 1801.5 0
>TOI-3134: 212.6755390 -66.4576710 12.092 2.140 1.267 6386.0 3.88 nan
 TOI-3134.01: 2.969 22.616 nan 0.0362 2.23084 2458649.589138 2367.6 0
>TOI-3136: 205.3325770 -79.4099500 11.706 1.170 1.067 5914.0 4.33 nan
 TOI-3136.01: 2.836 21.160 nan 0.0386 2.68419 2459388.272114 1570.1 0
>TOI-3138: 215.5228350 -30.5125240 11.607 0.740 0.742 4270.3 4.57 nan
 TOI-3138.01: 1.592 12.226 nan 0.0358 2.87400 2458623.063561 936.2 0
>TOI-3139: 229.7407510 -28.4104910 10.863 1.430 1.296 5449.0 4.24 nan
 TOI-3139.01: 2.844 9.642 nan 0.0534 3.96285 2459354.840766 1359.7 0
>TOI-314: 354.6682840 -32.8607450 9.751 0.780 0.787 4822.0 4.55 nan
 TOI-314.01: 3.674 2.660 nan 0.0849 10.18108 2458355.595030 704.8 0
>TOI-3140: 203.1708330 -72.9262730 11.705 nan nan nan nan nan
 TOI-3140.01: 2.937 nan nan nan 3.09327 2459386.579249 nan 0
>TOI-3141: 200.2186900 -73.7748510 11.633 1.370 1.430 6695.0 4.32 nan
 TOI-3141.01: 3.930 13.610 nan 0.0595 4.43388 2459382.058438 1549.1 0
>TOI-3142: 217.3018610 -62.0538310 11.806 nan nan nan nan nan
 TOI-3142.01: 2.510 nan nan nan 1.15366 2459360.085141 nan 0
>TOI-3143: 216.5687230 -63.0504730 9.794 17.340 nan nan nan nan
 TOI-3143.01: 3.042 140.194 nan nan 2.99024 2459354.834136 nan 0
>TOI-3144: 192.6215740 -75.6518480 12.139 1.330 1.379 6623.0 4.33 nan
 TOI-3144.01: 2.199 13.549 nan 0.0528 3.77249 2459383.264338 1602.9 0
>TOI-3145: 190.9502630 -76.6961100 10.368 1.340 0.769 4803.0 4.07 nan
 TOI-3145.01: 2.713 17.941 nan 0.0417 3.55059 2459382.328839 1312.9 0
>TOI-3147: 183.8201580 -75.5680530 11.823 nan nan 5230.5 nan nan
 TOI-3147.01: 1.925 nan nan nan 1.52566 2459386.392509 nan 0
>TOI-3148: 146.0868480 -79.5451670 10.528 1.360 nan 5097.8 nan nan
 TOI-3148.01: 0.868 10.682 nan nan 4.28144 2459387.985248 nan 0
>TOI-3149: 223.9778710 -61.0630840 10.515 nan nan 4136.6 nan nan
 TOI-3149.01: 3.377 nan nan nan 1.15424 2459359.710881 nan 0
>TOI-3150: 222.6830910 -57.7612310 11.094 2.150 1.848 7822.0 4.04 nan
 TOI-3150.01: 5.101 21.035 nan 0.0734 5.34307 2459357.831310 2041.4 0
>TOI-3151: 225.5247730 -55.2882050 11.716 1.270 1.620 7235.0 4.44 nan
 TOI-3151.01: 1.375 15.219 nan 0.0331 1.72576 2459358.412233 2161.0 0
>TOI-3152: 168.6135210 -61.5591100 12.537 1.370 1.800 7691.0 4.42 nan
 TOI-3152.01: 1.353 11.977 nan 0.0202 0.78151 2459359.018335 3054.2 0
>TOI-3154: 162.6630870 -60.8470190 12.073 1.730 nan 6347.3 nan nan
 TOI-3154.01: 4.415 13.120 nan nan 4.03338 2460014.877238 nan 0
>TOI-3155: 203.5314870 -59.5756070 10.160 0.930 0.869 5110.0 4.44 nan
 TOI-3155.01: 1.143 8.960 nan 0.0520 4.64922 2459355.282092 1042.1 0
>TOI-3156: 202.9227790 -58.9981170 11.572 1.040 0.863 5132.0 4.34 nan
 TOI-3156.01: 1.490 19.742 nan 0.0153 0.74632 2459359.101067 2040.3 0
>TOI-3157: 201.4731800 -59.1812600 12.139 nan nan 5068.9 nan nan
 TOI-3157.01: 3.663 nan nan nan 2.88232 2460043.138080 nan 0
>TOI-3158: 171.0153860 -57.5436380 11.564 2.010 1.225 6282.0 3.92 nan
 TOI-3158.01: 4.320 14.369 nan 0.0756 6.85616 2459329.466826 1562.0 0
>TOI-316: 354.7591570 -9.8820220 11.197 0.840 1.001 4312.0 4.59 nan
 TOI-316.01: 2.561 28.740 nan 0.1100 13.32379 2458365.987590 574.6 0
>TOI-3161: 201.7605710 -53.4481290 12.119 1.520 1.533 7014.0 4.26 nan
 TOI-3161.01: 2.220 18.144 nan 0.0283 1.40103 2460041.774002 2478.7 0
>TOI-3162: 190.4028720 -65.7973050 10.668 2.197 1.366 6560.0 3.89 nan
 TOI-3162.01: 3.587 21.728 nan 0.0294 1.57553 2460041.729716 2734.5 0
>TOI-3163: 191.0887920 -55.0133130 10.959 1.600 1.480 6782.0 4.20 nan
 TOI-3163.01: 2.670 15.276 nan 0.0472 3.07492 2459357.894877 1904.1 0
>TOI-3166: 190.7458170 -59.7956820 12.036 nan nan 6263.0 nan nan
 TOI-3166.01: 2.664 nan nan nan 1.87502 2459358.687433 nan 0
>TOI-3167: 219.1687730 -57.0098620 11.539 1.470 1.502 6918.0 4.28 nan
 TOI-3167.01: 2.545 17.844 nan 0.0476 3.09593 2459355.198773 1853.8 0
>TOI-3168: 214.2255960 -55.0132450 10.377 1.360 0.931 5340.0 4.14 nan
 TOI-3168.01: 2.441 13.926 nan 0.0572 5.17452 2459354.567870 1255.6 0
>TOI-3169: 188.4587250 -50.5974570 11.683 1.370 1.217 6232.0 4.25 nan
 TOI-3169.01: 1.689 13.805 nan 0.0568 4.48140 2459325.552168 1475.9 0
>TOI-317: 353.5402350 -14.8600390 11.781 0.948 0.944 5391.0 4.46 nan
 TOI-317.01: 2.944 14.773 nan 0.0428 3.32630 2459090.203596 1223.4 0
>TOI-3170: 167.0951170 -71.2342310 11.676 nan nan 6898.3 nan nan
 TOI-3170.01: 1.956 nan nan nan 1.89230 2459356.723854 nan 0
>TOI-3171: 162.9965040 -69.5901150 12.443 nan nan 5164.3 nan nan
 TOI-3171.01: 3.375 nan nan nan 1.57067 2460041.247652 nan 0
>TOI-3172: 161.3212030 -68.4605900 12.451 1.913 1.189 6212.0 3.95 nan
 TOI-3172.01: 3.487 16.529 nan 0.0432 3.00311 2460043.480963 1993.3 0
>TOI-3173: 179.9444120 -59.1736600 10.667 1.900 nan 6057.7 nan nan
 TOI-3173.01: 4.920 13.727 nan nan 8.77200 2459347.157497 nan 0
>TOI-3175: 161.5246580 -61.8698470 13.030 nan nan 7910.0 nan nan
 TOI-3175.01: 3.321 nan nan nan 1.65463 2460014.685722 nan 0
>TOI-3177: 183.9511700 -64.5674850 11.349 0.890 0.893 5254.0 4.49 nan
 TOI-3177.01: 1.945 14.274 nan 0.0310 2.11465 2459359.633994 1357.5 0
>TOI-3178: 208.7008570 -62.6851540 12.338 nan nan nan nan nan
 TOI-3178.01: 3.911 nan nan nan 2.93311 2459359.115509 nan 0
>TOI-3179: 155.1425660 -62.6509520 10.736 1.180 nan 5904.0 nan nan
 TOI-3179.01: 1.834 15.377 nan nan 4.70766 2459327.565755 nan 0
>TOI-318: 355.0157320 -53.0390170 11.703 0.776 0.744 4696.0 4.53 nan
 TOI-318.01: 1.956 10.633 nan 0.0428 3.74638 2459065.374875 964.2 0
>TOI-3180: 152.6388460 -67.5779250 11.640 1.560 1.043 5809.0 4.07 nan
 TOI-3180.01: 1.217 12.906 nan 0.0325 2.09633 2459359.742247 1940.7 0
>TOI-3182: 151.3117530 -65.9419820 11.734 0.960 0.992 5641.0 4.47 nan
 TOI-3182.01: 2.763 5.545 nan 0.0576 5.07010 2459357.042103 1110.5 0
>TOI-3183: 225.9915090 -51.1823940 11.663 2.200 1.502 6841.0 3.93 nan
 TOI-3183.01: 4.045 18.227 nan 0.0585 4.21743 2459360.251174 2023.0 0
>TOI-3184: 226.6488690 -47.2250340 11.208 1.680 1.129 6071.0 4.04 nan
 TOI-3184.01: 3.947 11.595 nan 0.0479 3.60716 2459358.969705 1733.7 0
>TOI-3185: 200.0035630 -47.7075630 10.427 1.930 1.456 6762.0 4.03 nan
 TOI-3185.01: 2.824 14.150 nan 0.0517 3.56014 2459355.303805 1992.2 0
>TOI-3186: 147.8996430 -62.7860040 12.700 1.636 1.737 7520.0 4.25 nan
 TOI-3186.01: 1.715 23.348 nan 0.0554 3.61309 2460014.449976 1970.6 0
>TOI-3187: 197.5799390 -48.9088850 9.879 4.540 14.998 5438.8 4.30 nan
 TOI-3187.01: 2.600 16.531 nan 0.0768 2.00843 2459359.079526 2016.4 0
>TOI-3188: 147.1490050 -64.5646470 12.366 1.600 1.259 6356.0 4.13 nan
 TOI-3188.01: 1.169 18.742 nan 0.0285 1.56591 2459359.272700 2296.4 0
>TOI-319: 351.2907520 -47.9455960 10.837 0.740 0.759 4349.7 4.58 nan
 TOI-319.01: 0.892 16.159 nan 0.0143 0.71354 2459086.530897 1508.8 0
>TOI-3190: 156.6806920 -66.5048940 12.491 2.000 1.836 7833.0 4.10 nan
 TOI-3190.01: 3.559 16.192 nan 0.0461 2.66986 2460070.208572 2487.9 0
>TOI-3191: 204.3855940 -66.2510490 11.026 2.420 1.287 6426.0 3.78 nan
 TOI-3191.01: 2.042 16.912 nan 0.0575 4.43679 2459355.803726 2010.2 0
>TOI-3192: 196.3739890 -66.3851630 11.951 1.510 1.548 7057.0 4.27 nan
 TOI-3192.01: 3.102 22.585 nan 0.0387 2.23503 2459356.690900 2125.6 0
>TOI-3193: 213.9642790 -60.8368440 12.401 nan nan 5322.0 nan nan
 TOI-3193.01: 2.527 nan nan nan 2.30193 2458623.315569 nan 0
>TOI-3194: 213.3208990 -60.3309540 11.242 0.870 0.693 4460.0 4.40 nan
 TOI-3194.01: 4.394 11.142 nan 0.0408 3.61794 2459353.903239 993.1 0
>TOI-3195: 216.2714350 -53.5049850 11.403 2.820 1.487 6842.0 3.71 nan
 TOI-3195.01: 1.117 17.245 nan 0.0171 0.66767 2459360.096224 4236.8 0
>TOI-3196: 212.5965150 -60.1383260 11.057 0.910 1.000 5670.0 4.52 nan
 TOI-3196.01: 2.587 9.906 nan 0.0571 4.98168 2459351.787159 1091.5 0
>TOI-3197: 212.2825310 -62.2686930 12.424 nan nan 5146.9 nan nan
 TOI-3197.01: 2.348 nan nan nan 2.19725 2458623.463783 nan 0
>TOI-3198: 225.7607110 -37.3032810 11.586 1.080 0.974 5483.2 4.36 nan
 TOI-3198.01: 2.386 13.683 nan 0.0321 2.12712 2459359.016777 1533.7 0
>TOI-3199: 213.9599700 -50.5387250 11.794 0.920 0.932 5411.0 4.48 nan
 TOI-3199.01: 1.028 6.277 nan 0.0147 0.67561 2459359.835275 2064.2 0
>TOI-3200: 213.0823850 -53.7048650 10.596 nan nan 5267.2 nan nan
 TOI-3200.01: 1.535 nan nan nan 6.30878 2459356.723741 nan 0
>TOI-3201: 192.3284520 -68.7505300 10.323 nan nan 4883.2 nan nan
 TOI-3201.01: 2.838 nan nan nan 2.36319 2460042.549876 nan 0
>TOI-3202: 212.5475100 -51.4530350 11.145 1.020 1.045 5828.0 4.44 nan
 TOI-3202.01: 1.241 6.643 nan 0.0262 1.51698 2459358.004096 1753.5 0
>TOI-3203: 212.5694480 -50.1049770 11.693 1.520 1.498 6915.0 4.25 nan
 TOI-3203.01: 4.273 13.165 nan 0.0587 4.24429 2459358.542026 1696.8 0
>TOI-3204: 188.6015630 -69.7580950 12.152 nan nan 5172.7 nan nan
 TOI-3204.01: 4.735 nan nan nan 4.04465 2459353.157913 nan 0
>TOI-3206: 206.1032860 -64.4966010 11.817 1.940 1.984 8213.0 4.16 nan
 TOI-3206.01: 3.344 15.035 nan 0.0383 1.94052 2459357.915255 2818.6 0
>TOI-3207: 175.2041090 -65.0269030 11.912 nan nan nan nan nan
 TOI-3207.01: 4.806 nan nan nan 4.09969 2460070.130593 nan 0
>TOI-3208: 174.3893450 -65.3079370 12.302 1.390 1.853 7822.0 4.42 nan
 TOI-3208.01: 3.357 11.659 nan 0.0426 2.35770 2459356.016126 2154.5 0
>TOI-3209: 174.4957360 -61.4710590 9.027 nan nan 4297.6 nan nan
 TOI-3209.01: 2.636 nan nan nan 1.35094 2459358.066273 nan 0
>TOI-3210: 173.3403530 -63.3418970 11.543 1.510 1.513 6905.0 4.26 nan
 TOI-3210.01: 2.490 24.526 nan 0.0384 2.23645 2459359.908764 2087.9 0
>TOI-3211: 125.6847340 -79.9678920 11.547 1.360 1.172 6131.0 4.24 nan
 TOI-3211.01: 2.153 11.737 nan 0.0484 3.59495 2459384.246737 1567.2 0
>TOI-3212: 171.8941250 -65.1444220 11.428 0.760 0.714 4515.0 4.53 nan
 TOI-3212.01: 2.977 13.287 nan 0.0455 4.19439 2459353.453378 889.8 0
>TOI-3213: 184.0442950 -66.0550790 12.073 nan nan 3931.6 nan nan
 TOI-3213.01: 3.082 nan nan nan 2.53956 2459357.529536 nan 0
>TOI-3214: 210.6785250 -52.8632460 10.686 1.310 1.088 5992.0 4.24 nan
 TOI-3214.01: 3.594 11.563 nan 0.0648 5.77600 2459355.374217 1299.1 0
>TOI-3215: 180.0500680 -61.6561570 11.850 nan nan nan nan nan
 TOI-3215.01: 1.584 nan nan nan 1.20083 2459359.494759 nan 0
>TOI-3219: 178.5754150 -62.3751500 12.224 1.830 1.573 7108.0 4.11 nan
 TOI-3219.01: 3.856 17.145 nan 0.0504 3.29700 2459358.273636 2065.3 0
>TOI-322: 63.8252030 -56.2536740 9.877 2.764 nan 5868.2 nan nan
 TOI-322.01: 3.454 16.077 nan nan 3.99053 2459089.946422 nan 0
>TOI-3222: 139.5997940 -66.6460950 11.907 2.000 1.300 6409.0 3.95 nan
 TOI-3222.01: 4.728 11.896 nan 0.0676 5.63208 2459359.939605 1681.0 0
>TOI-3223: 180.6064250 -66.5291630 12.750 nan nan 3905.6 nan nan
 TOI-3223.01: 5.755 nan nan nan 4.63373 2459358.775725 nan 0
>TOI-3224: 180.2420960 -69.9458170 12.083 1.480 1.128 6084.0 4.15 nan
 TOI-3224.01: 2.607 17.033 nan 0.0408 2.83177 2459358.053478 1766.9 0
>TOI-3225: 220.3266300 -61.6117970 8.783 nan nan 4474.0 nan nan
 TOI-3225.01: 3.522 nan nan nan 9.15095 2459357.363999 nan 0
>TOI-3226: 170.3103520 -66.1723410 11.673 1.110 0.746 4668.0 4.22 nan
 TOI-3226.01: 3.366 7.051 nan 0.0316 2.37206 2460069.345358 1334.1 0
>TOI-3227: 168.9981940 -69.3182910 11.537 nan nan 5317.7 nan nan
 TOI-3227.01: 4.508 nan nan nan 8.95228 2459342.945180 nan 0
>TOI-3228: 168.8648660 -66.8373950 10.906 2.250 1.192 6222.0 3.81 nan
 TOI-3228.01: 1.368 18.079 nan 0.0308 1.81187 2459358.150133 2564.4 0
>TOI-3229: 173.7083180 -64.7316900 12.048 2.060 2.136 8532.0 4.14 nan
 TOI-3229.01: 3.863 19.351 nan 0.0758 5.21228 2459355.167116 2144.8 0
>TOI-323: 8.2027300 -32.0594180 11.747 0.776 0.726 4558.0 4.52 nan
 TOI-323.01: 1.822 6.370 nan 0.0347 2.77239 2458355.574590 1039.4 0
>TOI-3230: 219.3210960 -48.0515960 10.823 0.910 0.813 4994.0 4.43 nan
 TOI-3230.01: 2.059 11.799 nan 0.0272 1.82001 2459357.488406 1392.9 0
>TOI-3231: 173.3224300 -67.4492830 10.891 3.280 1.753 7588.0 3.65 nan
 TOI-3231.01: 2.081 17.309 nan 0.0396 2.17383 2460042.803664 3330.0 0
>TOI-3232: 148.0004300 -63.0751910 10.372 3.130 1.130 6096.0 3.50 nan
 TOI-3232.01: 1.587 14.988 nan 0.0460 3.38982 2458621.030220 2424.8 0
>TOI-3233: 174.5697750 -56.9626120 12.004 2.090 1.521 6959.0 3.98 nan
 TOI-3233.01: 1.754 17.804 nan 0.0222 0.97879 2459331.769405 3255.9 0
>TOI-3234: 189.1823450 -52.0570290 11.500 1.170 nan 5853.2 nan nan
 TOI-3234.01: 4.428 19.110 nan nan 10.70128 2459321.376877 nan 0
>TOI-3237: 213.4993110 -44.3665400 12.287 1.490 1.407 6678.0 4.24 nan
 TOI-3237.01: 3.700 22.466 nan 0.0459 3.02714 2459357.130531 1834.7 0
>TOI-3238: 208.8893340 -52.5245110 11.617 nan nan 5032.0 nan nan
 TOI-3238.01: 3.621 nan nan nan 3.22475 2458619.089332 nan 0
>TOI-3239: 206.9811050 -49.7219150 12.451 1.427 1.073 5905.0 4.16 nan
 TOI-3239.01: 3.319 16.196 nan 0.0342 2.23108 2460043.084473 1839.3 0
>TOI-324: 8.4819960 -50.7294340 12.527 1.273 1.152 6113.0 4.29 nan
 TOI-324.01: 4.773 21.377 nan 0.0623 5.28487 2459092.324667 1332.5 0
>TOI-3240: 206.3271230 -50.4805210 11.411 0.770 0.841 5096.5 4.59 nan
 TOI-3240.01: 1.930 10.539 nan 0.0455 3.86007 2459357.914411 1011.0 0
>TOI-3241: 204.1381700 -51.0443430 10.742 0.960 1.088 5912.0 4.51 nan
 TOI-3241.01: 2.445 17.499 nan 0.0725 6.83809 2459351.726265 1037.4 0
>TOI-3242: 211.1810280 -55.4476980 11.451 1.450 1.428 6695.0 4.27 nan
 TOI-3242.01: 2.892 15.066 nan 0.0458 3.00016 2459356.230477 1816.5 0
>TOI-3243: 210.8842680 -55.4431100 10.890 1.420 nan 6386.3 nan nan
 TOI-3243.01: 1.778 14.747 nan nan 2.05191 2459359.347516 nan 0
>TOI-3244: 207.8925940 -59.7627370 11.423 2.600 2.147 8608.0 3.94 nan
 TOI-3244.01: 2.863 21.536 nan 0.0704 4.66069 2458620.951574 2522.5 0
>TOI-3245: 217.8018510 -23.0548050 11.756 1.670 1.280 6397.0 4.10 nan
 TOI-3245.01: 4.148 17.057 nan 0.0432 2.89770 2459354.766143 1917.9 0
>TOI-3246: 213.5386570 -37.5583840 11.261 1.250 1.037 5783.0 4.26 nan
 TOI-3246.01: 2.780 13.154 nan 0.0525 4.31975 2459351.899577 1360.7 0
>TOI-3247: 216.2194160 -38.0143610 11.867 2.010 1.144 6076.0 3.89 nan
 TOI-3247.01: 2.887 15.543 nan 0.0625 5.33057 2459350.579902 1661.5 0
>TOI-3248: 203.8467420 -38.2839800 11.603 1.320 0.984 5544.0 4.19 nan
 TOI-3248.01: 3.380 12.111 nan 0.0430 3.27830 2459329.066407 1481.2 0
>TOI-3249: 219.5683880 -40.7510810 12.223 1.210 0.972 5570.7 4.26 nan
 TOI-3249.01: 2.535 12.445 nan 0.0425 3.24207 2459360.094698 1433.3 0
>TOI-325: 13.8770980 -33.5123050 10.211 0.900 0.677 4391.0 4.36 nan
 TOI-325.01: 1.308 5.947 nan 0.0459 4.36907 2458357.721260 937.6 0
>TOI-3250: 210.0962620 -22.3423400 10.781 1.180 1.013 5717.0 4.30 nan
 TOI-3250.01: 2.930 11.545 nan 0.0434 3.28066 2459330.610153 1437.5 0
>TOI-3251: 224.7878700 -40.8706450 11.557 nan nan nan nan nan
 TOI-3251.01: 1.768 nan nan nan 2.06941 2459357.470311 nan 0
>TOI-3252: 209.1854790 -35.2888540 11.083 0.870 0.834 5042.0 4.48 nan
 TOI-3252.01: 2.407 9.056 nan 0.0492 4.36363 2459352.703569 1022.4 0
>TOI-3254: 212.7313060 -31.2400720 11.958 nan nan 5286.9 nan nan
 TOI-3254.01: 2.356 nan nan nan 1.68328 2459357.815759 nan 0
>TOI-3255: 214.9671100 -28.9210920 11.442 0.760 0.682 4377.0 4.51 nan
 TOI-3255.01: 1.462 8.199 nan 0.0295 2.24583 2459359.363260 1071.3 0
>TOI-3256: 124.3213020 -78.0149450 11.532 0.960 1.063 5829.0 4.50 nan
 TOI-3256.01: 2.761 6.463 nan 0.0682 6.30963 2459379.229157 1054.6 0
>TOI-3258: 157.0144550 -85.5291180 10.870 nan nan 4508.0 nan nan
 TOI-3258.01: 1.690 nan nan nan 1.22796 2459360.104827 nan 0
>TOI-3259: 202.7928280 -58.2890620 11.644 0.900 1.001 5629.0 4.53 nan
 TOI-3259.01: 2.677 11.255 nan 0.0447 3.44703 2459359.440143 1218.0 0
>TOI-326: 356.1148200 -46.8666010 10.899 1.744 0.624 6316.0 3.75 nan
 TOI-326.01: 0.914 10.772 nan 0.0066 0.24732 2459061.896703 4950.8 0
>TOI-3260: 48.7859780 -75.7220700 11.170 1.520 1.190 6193.0 4.15 nan
 TOI-3260.01: 3.017 9.645 nan 0.1054 11.45201 2459365.448337 1134.1 0
>TOI-3262: 46.3602580 -74.4727780 11.031 1.108 1.098 5953.0 4.39 nan
 TOI-3262.01: 1.942 10.834 nan 0.1109 12.87708 2460018.710113 907.3 0
>TOI-3263: 300.6250980 -74.3445040 10.811 1.510 1.122 5998.0 4.13 nan
 TOI-3263.01: 4.495 7.879 nan 0.0642 5.61558 2460101.903547 1402.7 0
>TOI-3264: 286.4818640 -35.8157740 11.877 1.560 1.439 6690.0 4.21 nan
 TOI-3264.01: 3.881 14.747 nan 0.0491 3.31335 2459057.259668 1818.4 0
>TOI-3265: 299.0892310 -60.1771640 11.722 nan nan 6125.1 nan nan
 TOI-3265.01: 1.196 nan nan nan 3.37930 2459060.244413 nan 0
>TOI-3266: 270.9504190 -86.3092360 10.775 1.120 nan 5737.0 nan nan
 TOI-3266.01: 2.078 17.531 nan nan 3.74628 2459383.430313 nan 0
>TOI-3267: 290.9134800 -70.6095250 11.777 1.410 1.072 5890.0 4.17 nan
 TOI-3267.01: 2.997 11.051 nan 0.0395 2.76747 2460098.317233 1696.9 0
>TOI-3268: 60.0575450 -87.9119430 10.449 1.020 0.910 5293.0 4.38 nan
 TOI-3268.01: 1.420 6.953 nan 0.0287 1.86413 2459387.334771 1521.6 0
>TOI-3269: 37.6135850 -84.0533830 11.575 0.530 nan 5657.6 nan nan
 TOI-3269.01: 1.354 3.738 nan nan 4.13203 2459385.660727 nan 0
>TOI-327: 343.6330090 -34.5027250 12.475 1.320 1.079 5960.0 4.23 nan
 TOI-327.01: 3.389 20.593 nan 0.0935 10.05508 2459066.816650 1079.8 0
>TOI-3270: 290.6766490 -76.3223320 10.708 nan nan 4899.8 nan nan
 TOI-3270.01: 2.217 nan nan nan 6.47513 2459384.723497 nan 0
>TOI-3271: 292.9688780 -52.6456520 10.270 1.960 nan 6014.9 nan nan
 TOI-3271.01: 2.940 12.776 nan nan 4.13945 2459052.565337 nan 0
>TOI-3272: 126.2569240 -85.1578000 11.868 1.370 0.882 5197.0 4.11 nan
 TOI-3272.01: 2.106 12.179 nan 0.0403 3.14671 2459387.057454 1461.1 0
>TOI-3273: 318.3608270 -66.4815940 11.350 0.950 1.065 5875.0 4.51 nan
 TOI-3273.01: 2.874 13.670 nan 0.0528 4.29552 2459052.958371 1201.7 0
>TOI-3274: 304.2331880 -55.8746950 11.894 1.180 1.013 5709.0 4.30 nan
 TOI-3274.01: 2.920 12.031 nan 0.0400 2.90751 2459056.460855 1495.2 0
>TOI-3275: 318.3562230 -73.0641860 11.716 0.780 0.718 4511.0 4.51 nan
 TOI-3275.01: 7.382 11.714 nan 0.1313 20.50208 2459027.740647 530.2 0
>TOI-3276: 295.5086680 -59.3563500 11.329 0.830 0.832 5021.0 4.52 nan
 TOI-3276.01: 3.044 11.415 nan 0.0676 7.03274 2459048.053516 848.4 0
>TOI-3277: 290.8569660 -54.3306490 11.122 0.770 0.803 4887.0 4.57 nan
 TOI-3277.01: 1.688 12.361 nan 0.0241 1.52659 2459058.439281 1332.0 0
>TOI-3278: 291.8668610 -62.0948770 12.492 1.350 1.029 5729.0 4.19 nan
 TOI-3278.01: 2.082 12.709 nan 0.0433 3.24643 2458680.814641 1542.5 0
>TOI-3279: 11.0920030 -75.6298050 11.595 1.395 1.784 5430.0 4.40 nan
 TOI-3279.01: 0.977 6.177 nan 0.0133 0.41915 2460126.929466 2681.6 0
>TOI-328: 349.4877430 -43.9255290 11.870 1.203 1.129 6074.0 4.33 nan
 TOI-328.01: 1.577 9.297 nan 0.0554 4.47816 2459063.354100 1364.9 0
>TOI-3280: 328.2778860 -77.1981030 11.517 1.560 1.067 5849.3 4.08 nan
 TOI-3280.01: 3.138 10.506 nan 0.0490 3.83490 2459054.049655 1591.5 0
>TOI-3281: 286.5288340 -38.9905240 10.167 1.890 1.216 6243.0 3.97 nan
 TOI-3281.01: 5.270 10.181 nan 0.0924 9.31081 2459052.424376 1361.5 0
>TOI-3282: 298.5229380 -53.3812140 10.883 1.350 1.238 6296.0 4.27 nan
 TOI-3282.01: 2.205 18.927 nan 0.0432 2.94783 2459056.306599 1697.2 0
>TOI-3283: 288.9512720 -56.3542960 11.435 1.210 1.090 5983.0 4.31 nan
 TOI-3283.01: 2.911 14.135 nan 0.0465 3.50222 2459055.629482 1471.7 0
>TOI-3284: 295.1919840 -49.4203780 10.175 2.030 1.250 6329.0 3.92 nan
 TOI-3284.01: 0.737 7.015 nan 0.0183 0.81022 2459059.423389 3214.3 0
>TOI-3285: 295.3152330 -35.2469270 11.462 1.430 1.103 5969.0 4.17 nan
 TOI-3285.01: 2.856 15.356 nan 0.0392 2.70228 2459058.994886 1738.4 0
>TOI-3286: 293.8568950 -38.4322900 11.442 0.850 0.814 4950.0 4.49 nan
 TOI-3286.01: 1.312 11.846 nan 0.0293 2.03257 2459060.316071 1285.6 0
>TOI-3287: 292.7576110 -31.6339620 12.253 1.520 1.366 6567.0 4.21 nan
 TOI-3287.01: 3.285 17.227 nan 0.0423 2.71764 2459055.335990 1898.2 0
>TOI-3289: 289.3433490 -33.0547840 11.820 1.750 1.091 5955.0 3.99 nan
 TOI-3289.01: 1.434 12.637 nan 0.0255 1.42599 2459059.527698 2378.8 0
>TOI-3291: 286.9671160 -63.9915990 11.455 0.950 nan 5302.0 nan nan
 TOI-3291.01: 2.062 9.039 nan nan 9.06538 2458672.602312 nan 0
>TOI-3292: 284.2113640 -61.7175880 12.359 1.435 1.014 5674.0 4.13 nan
 TOI-3292.01: 4.376 13.853 nan 0.0516 4.25452 2460099.805391 1442.9 0
>TOI-3293: 282.5107800 -62.0941560 12.464 1.750 1.406 6650.0 4.10 nan
 TOI-3293.01: 3.385 14.982 nan 0.0413 2.58966 2458679.954272 2087.4 0
>TOI-3294: 279.6404070 -62.3017980 10.108 1.390 nan 5003.0 nan nan
 TOI-3294.01: 2.425 14.480 nan nan 2.56587 2458680.360821 nan 0
>TOI-3295: 282.0113530 -57.5453860 12.333 1.440 1.198 6193.0 4.20 nan
 TOI-3295.01: 3.855 13.317 nan 0.0474 3.43800 2458676.059685 1646.0 0
>TOI-3296: 281.5588900 -57.6943630 11.269 1.150 0.985 5590.0 4.31 nan
 TOI-3296.01: 3.678 11.884 nan 0.0639 5.94937 2458678.204613 1143.5 0
>TOI-3297: 264.8254760 -87.2994450 11.995 1.610 1.190 6200.0 4.10 nan
 TOI-3297.01: 4.189 14.316 nan 0.0517 3.93491 2459382.028030 1668.4 0
>TOI-3298: 274.8049970 -71.7939020 11.277 1.460 1.150 6103.0 4.17 nan
 TOI-3298.01: 1.731 17.945 nan 0.0432 3.05379 2459388.724951 1710.8 0
>TOI-3299: 281.3114170 -47.0863820 12.056 0.800 0.867 5121.0 4.57 nan
 TOI-3299.01: 3.182 6.984 nan 0.0382 2.92643 2458676.816169 1130.1 0
>TOI-330: 358.7516820 -22.5389080 10.962 0.703 0.670 4314.0 4.57 nan
 TOI-330.01: 2.464 9.010 nan 0.0451 4.27947 2459091.763748 821.3 0
>TOI-3300: 246.0347340 -82.5507720 11.608 1.750 1.067 5918.0 3.98 nan
 TOI-3300.01: 5.960 9.621 nan 0.0710 6.69268 2459381.701217 1416.8 0
>TOI-3301: 240.4704030 -78.6025610 11.478 1.870 1.037 5773.0 3.91 nan
 TOI-3301.01: 3.628 11.197 nan 0.0614 5.45159 2459380.942313 1536.3 0
>TOI-3302: 185.1306990 -84.9166730 11.642 1.500 0.986 5590.0 4.08 nan
 TOI-3302.01: 1.431 10.935 nan 0.0262 1.55703 2460069.672142 2039.6 0
>TOI-3303: 284.0489010 -70.2494250 10.088 2.370 1.704 7400.0 3.92 nan
 TOI-3303.01: 1.692 15.665 nan 0.0983 8.61875 2459384.919206 1752.1 0
>TOI-3304: 270.1322390 -52.6830100 10.996 1.420 1.088 5986.0 4.17 nan
 TOI-3304.01: 2.985 13.102 nan 0.0463 3.49305 2459384.958497 1598.5 0
>TOI-3305: 269.5460560 -62.4774320 11.690 0.860 0.893 5297.4 4.52 nan
 TOI-3305.01: 2.257 12.341 nan 0.0302 2.02529 2459388.229040 1363.1 0
>TOI-3307: 161.0368010 -86.3164210 11.886 1.140 0.990 5636.0 4.32 nan
 TOI-3307.01: 2.677 11.881 nan 0.0482 3.87844 2458681.293828 1321.7 0
>TOI-3308: 274.0463820 -65.6080830 12.276 nan nan 5813.0 nan nan
 TOI-3308.01: 1.059 nan nan nan 0.76147 2459388.727307 nan 0
>TOI-3309: 271.9919490 -49.5550970 10.658 1.060 0.917 5306.0 4.35 nan
 TOI-3309.01: 3.802 12.264 nan 0.0728 7.48328 2459382.076495 976.3 0
>TOI-3310: 267.4457260 -53.4075560 12.151 1.450 1.272 6362.0 4.22 nan
 TOI-3310.01: 1.336 15.706 nan 0.0263 1.38282 2459387.229823 2277.9 0
>TOI-3312: 272.9056340 -36.7820230 11.033 nan nan 3930.3 nan nan
 TOI-3312.01: 3.794 nan nan nan 5.38903 2458672.498932 nan 0
>TOI-3314: 279.6106870 -40.8022540 11.150 1.370 nan 5355.0 nan nan
 TOI-3314.01: 1.363 11.144 nan nan 1.36776 2458679.635160 nan 0
>TOI-3315: 264.9342490 -73.3776300 11.096 1.490 1.283 6375.0 4.20 nan
 TOI-3315.01: 4.617 12.724 nan 0.0641 5.23308 2459386.216984 1482.1 0
>TOI-3316: 260.7069650 -73.4348850 12.327 0.980 1.034 5789.0 4.47 nan
 TOI-3316.01: 2.373 10.232 nan 0.0504 4.06680 2459385.088530 1230.9 0
>TOI-3317: 258.4022530 -74.3031760 11.907 1.730 1.170 6136.0 4.03 nan
 TOI-3317.01: 3.518 15.696 nan 0.0424 2.95200 2459385.043204 1890.0 0
>TOI-3318: 255.2711590 -75.4302010 12.248 nan nan 5281.8 nan nan
 TOI-3318.01: 4.209 nan nan nan 12.87772 2459374.800402 nan 0
>TOI-3320: 267.8959640 -63.0059470 11.734 1.890 1.428 6693.0 4.04 nan
 TOI-3320.01: 3.529 12.460 nan 0.0419 2.62575 2459387.964411 2167.6 0
>TOI-3322: 265.0875980 -63.2518850 10.682 2.530 1.225 6307.0 3.72 nan
 TOI-3322.01: 1.235 12.007 nan 0.0217 1.05717 2459387.911246 3283.9 0
>TOI-3324: 278.4749930 -70.9462620 11.957 1.520 1.061 5852.0 4.10 nan
 TOI-3324.01: 3.240 12.083 nan 0.0397 2.80906 2459386.640201 1746.1 0
>TOI-3325: 272.2054690 -59.8916790 11.690 nan nan 5332.0 nan nan
 TOI-3325.01: 3.047 nan nan nan 4.27321 2459382.585819 nan 0
>TOI-3326: 256.4303200 -70.9096310 12.154 1.180 1.086 5897.0 4.33 nan
 TOI-3326.01: 2.106 14.342 nan 0.0210 1.06642 2459387.102253 2131.6 0
>TOI-3327: 281.6021740 -68.1260950 11.480 1.960 1.165 6151.0 3.92 nan
 TOI-3327.01: 3.921 13.316 nan 0.0534 4.17945 2459382.156519 1797.0 0
>TOI-3328: 266.1236770 -79.5946160 10.962 1.280 1.015 5767.0 4.23 nan
 TOI-3328.01: 6.168 5.403 nan 0.0924 10.19233 2459369.723020 1035.0 0
>TOI-3329: 266.8809850 -79.4666790 10.721 1.340 1.277 6411.0 4.29 nan
 TOI-3329.01: 4.321 13.631 nan 0.0626 5.06483 2459386.788351 1430.3 0
>TOI-3330: 268.6932690 -53.3929230 11.601 1.780 1.210 6260.0 4.02 nan
 TOI-3330.01: 1.317 17.378 nan 0.0220 1.08152 2459387.736148 2715.2 0
>TOI-3333: 270.8814860 -35.4472850 12.096 nan nan 3986.0 nan nan
 TOI-3333.01: 4.463 nan nan nan 3.98235 2458674.781485 nan 0
>TOI-3334: 276.0417540 -51.0366490 12.116 1.480 1.237 6324.3 4.19 nan
 TOI-3334.01: 3.075 16.982 nan 0.0325 1.92430 2458680.862806 2058.0 0
>TOI-3335: 279.1093480 -57.4523960 11.403 1.860 0.979 5568.0 3.89 nan
 TOI-3335.01: 3.478 12.688 nan 0.0335 2.26539 2458682.073691 2000.6 0
>TOI-3336: 278.7468020 -55.6634210 11.500 nan nan nan nan nan
 TOI-3336.01: 2.424 nan nan nan 10.18227 2458681.503016 nan 0
>TOI-3337: 275.1479020 -58.2531550 12.186 1.180 1.137 6070.0 4.35 nan
 TOI-3337.01: 1.215 11.139 nan 0.0236 1.24365 2459388.953701 2069.7 0
>TOI-3338: 271.9234080 -42.5431780 11.620 1.110 1.182 6208.0 4.42 nan
 TOI-3338.01: 1.286 12.542 nan 0.0270 1.48936 2459385.193619 1919.4 0
>TOI-3339: 271.6111360 -44.1172220 11.254 nan nan 5766.6 nan nan
 TOI-3339.01: 2.623 nan nan nan 3.74655 2459386.458653 nan 0
>TOI-334: 36.4987180 -63.6476070 8.736 1.570 1.158 6090.2 4.11 nan
 TOI-334.01: 1.889 18.267 nan 0.1407 17.91601 2460188.713023 981.0 0
>TOI-3340: 270.7266790 -55.8418070 10.181 1.570 nan 6701.0 nan nan
 TOI-3340.01: 3.925 32.692 nan nan 11.96803 2459376.818774 nan 0
>TOI-3341: 268.3997330 -59.6539380 11.824 1.040 1.112 6040.0 4.45 nan
 TOI-3341.01: 4.910 13.086 nan 0.0853 8.63696 2459386.224917 1017.0 0
>TOI-3342: 266.3589660 -56.8829510 10.790 1.090 1.039 5748.0 4.38 nan
 TOI-3342.01: 3.145 12.337 nan 0.0652 5.97093 2459383.417373 1133.3 0
>TOI-3344: 272.4509770 -31.8915450 9.680 1.290 0.962 5488.0 4.20 nan
 TOI-3344.01: 3.793 14.580 nan 0.0422 3.22298 2458678.653544 1463.1 0
>TOI-3345: 268.0523200 -45.1783000 12.410 1.840 1.628 7222.0 4.12 nan
 TOI-3345.01: 3.145 20.186 nan 0.0388 2.19177 2459386.770681 2398.2 0
>TOI-3346: 283.6649450 -47.9942440 10.148 0.700 0.679 4323.0 4.58 nan
 TOI-3346.01: 2.538 6.324 nan 0.0494 4.86926 2458681.381272 784.7 0
>TOI-3348: 117.9245890 -37.1713370 10.719 0.830 nan 7002.0 nan nan
 TOI-3348.01: 2.101 4.053 nan nan 2.61562 2459250.961281 nan 0
>TOI-3349: 108.9678110 -4.2465200 10.627 1.810 nan 6505.5 nan nan
 TOI-3349.01: 0.977 13.445 nan nan 2.02726 2459225.652172 nan 0
>TOI-3350: 141.6996990 -38.6268190 9.279 0.900 0.777 4793.8 4.42 nan
 TOI-3350.01: 1.588 3.288 nan 0.0308 2.23590 2459988.846054 1249.6 0
>TOI-3351: 162.9164110 -44.9855510 9.384 1.570 1.753 6777.0 4.29 nan
 TOI-3351.01: 2.699 15.968 nan 0.0625 4.31153 2459327.235650 1637.9 0
>TOI-3352: 64.8414620 -74.5859730 9.172 1.960 0.992 5598.0 3.85 nan
 TOI-3352.01: 5.229 3.241 nan 0.1124 13.81990 2460952.992272 1127.2 0
>TOI-3353: 106.5298150 -75.8195590 7.779 1.021 1.332 6365.0 4.55 nan
 TOI-3353.02: 3.500 3.035 nan 0.0919 8.81764 2460837.930259 1023.0 0
>TOI-3354: 95.1518820 -59.7546720 10.219 1.696 1.233 6307.9 4.07 nan
 TOI-3354.01: 6.135 5.753 nan 0.2709 46.38101 2459983.752735 761.1 0
>TOI-3355: 79.3236730 -59.0683910 9.981 1.130 1.225 6257.0 4.42 nan
 TOI-3355.01: 4.785 2.143 nan 0.1311 15.66009 2459362.149050 885.8 0
>TOI-3356: 25.7196710 -48.7884300 11.100 1.460 0.677 5466.0 3.94 nan
 TOI-3356.01: 3.269 5.083 nan 0.0350 2.91225 2459136.464144 1702.3 0
>TOI-3359: 142.9197760 -63.3673970 8.674 1.010 1.001 5746.7 4.43 nan
 TOI-3359.01: 4.449 2.243 nan 0.1233 15.81183 2460013.996804 793.1 0
>TOI-3360: 123.6766780 -55.6427350 9.621 2.970 1.341 6549.0 3.62 nan
 TOI-3360.01: 1.319 16.011 nan 0.1412 16.73750 2459296.799590 1448.3 0
>TOI-3361: 144.4560310 -59.1150860 9.353 0.990 0.764 4688.0 4.33 nan
 TOI-3361.01: 1.011 12.155 nan 0.0861 10.56343 2459293.124687 766.5 0
>TOI-3363: 138.7590170 -54.3142610 9.861 nan nan 8582.0 4.09 nan
 TOI-3363.01: 3.747 nan nan nan 9.74337 2460007.793273 nan 0
>TOI-3365: 146.4971120 -46.2676410 9.888 1.318 1.101 5970.0 4.24 nan
 TOI-3365.01: 3.846 12.014 nan 0.0621 5.39289 2459992.694528 1326.2 0
>TOI-3366: 155.3320760 -50.0814620 9.674 1.300 nan 6144.0 nan nan
 TOI-3366.01: 4.338 17.309 nan nan 8.45627 2459328.322330 nan 0
>TOI-3367: 147.7930340 -49.4105630 10.345 nan nan nan nan nan
 TOI-3367.01: 2.274 nan nan nan 3.74932 2459991.794306 nan 0
>TOI-3368: 118.0865050 -37.7208460 11.666 1.820 1.419 6702.0 4.07 nan
 TOI-3368.01: 3.389 15.436 nan 0.0825 7.26120 2459276.067282 1517.9 0
>TOI-3370: 117.7818280 -41.5784020 11.049 1.470 1.369 6589.0 4.24 nan
 TOI-3370.01: 2.743 6.396 nan 0.0384 2.35068 2459990.539613 1965.8 0
>TOI-3371: 132.6991630 -35.0069010 10.916 1.858 nan 7462.0 nan nan
 TOI-3371.01: 3.383 11.242 nan nan 3.50718 2459963.843356 nan 0
>TOI-3373: 132.6279580 -31.9821730 11.751 1.410 1.048 5826.0 4.16 nan
 TOI-3373.01: 2.957 12.251 nan 0.0695 6.53460 2459968.501117 1265.4 0
>TOI-3374: 117.2655880 -36.6778120 12.141 1.710 1.729 7517.0 4.21 nan
 TOI-3374.01: 3.275 23.745 nan 0.0450 2.65433 2459251.491473 2234.4 0
>TOI-3376: 117.0917270 -38.0189850 12.380 1.550 1.631 7311.0 4.27 nan
 TOI-3376.01: 4.275 14.793 nan 0.0649 4.72608 2459271.005292 1722.9 0
>TOI-3378: 121.2898840 -41.1876170 10.885 2.693 4.288 5320.0 4.21 nan
 TOI-3378.01: 4.365 15.945 nan 0.0603 2.61015 2459964.540864 1714.4 0
>TOI-3380: 121.5857370 -22.0940730 11.333 2.190 nan 8516.0 nan nan
 TOI-3380.01: 1.903 7.755 nan nan 2.00868 2459249.847236 nan 0
>TOI-3382: 133.7557720 -9.1652000 10.798 2.160 3.026 6289.3 4.25 nan
 TOI-3382.01: 5.319 12.606 nan 0.0767 4.45753 2459252.368103 1609.4 0
>TOI-3383: 152.0439870 -1.2179470 11.879 1.373 1.251 6300.4 4.26 nan
 TOI-3383.01: 1.655 14.878 nan 0.0961 9.73258 2459988.840025 1148.4 0
>TOI-3384: 130.2234680 -19.8512330 11.580 2.820 1.631 7257.0 3.75 nan
 TOI-3384.01: 2.212 16.406 nan 0.0348 1.85921 2459277.023695 3150.1 0
>TOI-3386: 114.3176250 -36.2731600 11.441 1.130 1.312 6446.0 4.45 nan
 TOI-3386.01: 1.034 5.052 nan 0.0198 0.88555 2458540.326890 2348.2 0
>TOI-3387: 128.7799890 -18.2445060 12.014 nan nan 5908.7 nan nan
 TOI-3387.01: 2.225 nan nan nan 2.76784 2459962.824938 nan 0
>TOI-3390: 146.6413400 -8.6047970 11.833 1.490 nan 4977.7 nan nan
 TOI-3390.01: 1.421 18.988 nan nan 5.40334 2459278.561159 nan 0
>TOI-3391: 113.1535120 -41.7254030 12.325 1.881 1.448 6785.0 4.05 nan
 TOI-3391.01: 5.529 19.763 nan 0.0622 4.71311 2459963.254463 1799.2 0
>TOI-3393: 111.5986730 -40.7655920 12.443 1.130 1.197 6210.0 4.41 nan
 TOI-3393.01: 2.803 11.125 nan 0.0624 5.20597 2458538.389463 1274.3 0
>TOI-3394: 109.1323220 -44.1682030 11.365 1.430 1.421 6715.0 4.28 nan
 TOI-3394.01: 3.273 7.620 nan 0.0868 7.83740 2459966.083830 1314.3 0
>TOI-3395: 103.6448590 -45.0642750 11.462 nan nan 5769.7 nan nan
 TOI-3395.01: 1.551 nan nan nan 3.27302 2459248.380542 nan 0
>TOI-3396: 127.1401490 -34.6302250 11.671 1.768 1.468 6819.0 4.11 nan
 TOI-3396.01: 5.602 22.095 nan 0.0772 6.47000 2459968.456564 1573.6 0
>TOI-3397: 122.2170930 -28.9378240 11.195 0.630 0.617 3811.0 4.63 nan
 TOI-3397.01: 2.209 6.807 nan 0.0393 3.62502 2459248.508703 735.8 0
>TOI-3398: 143.5408730 -7.4334440 10.490 0.662 0.746 4655.8 4.67 nan
 TOI-3398.01: 2.724 3.569 nan 0.0600 6.20884 2459993.668188 745.7 0
>TOI-340: 11.7473290 -44.3699510 11.674 nan nan 5829.0 nan nan
 TOI-340.01: 5.989 nan nan nan 14.84997 2459088.695472 nan 0
>TOI-3400: 123.6247240 -19.5906550 11.910 1.610 1.305 6464.0 4.14 nan
 TOI-3400.01: 4.141 22.106 nan 0.0521 3.80362 2459252.997055 1732.7 0
>TOI-3401: 150.9236850 -10.5752360 12.290 1.060 0.983 5642.0 4.38 nan
 TOI-3401.01: 2.866 13.207 nan 0.0463 3.66895 2459275.591697 1301.8 0
>TOI-3403: 120.5389540 -41.2054390 11.238 1.603 1.452 6764.0 4.19 nan
 TOI-3403.01: 3.719 17.092 nan 0.1111 11.22052 2459968.985157 1238.9 0
>TOI-3404: 138.0983140 -33.2568150 11.742 1.010 1.232 6255.0 4.52 nan
 TOI-3404.01: 2.529 12.992 nan 0.0387 2.50879 2459276.822863 1540.9 0
>TOI-3405: 119.8700560 -30.0061310 12.447 1.600 1.622 7231.0 4.24 nan
 TOI-3405.01: 2.808 18.403 nan 0.0772 6.14589 2459244.497961 1587.4 0
>TOI-3406: 133.4472100 -18.0031950 11.832 1.690 1.311 6437.0 4.10 nan
 TOI-3406.01: 2.845 16.334 nan 0.0407 2.62335 2459279.359536 2000.2 0
>TOI-3407: 119.5089980 -33.9960940 12.034 1.820 nan 5596.0 nan nan
 TOI-3407.01: 2.657 11.978 nan nan 1.38479 2459251.753886 nan 0
>TOI-3409: 143.7319930 -12.2504400 10.861 1.090 1.140 6070.0 4.42 nan
 TOI-3409.01: 3.639 4.926 nan 0.0801 7.76053 2459278.415912 1079.7 0
>TOI-341: 355.8449890 -23.9980230 11.788 0.940 0.773 4775.0 4.38 nan
 TOI-341.01: 1.113 11.581 nan 0.0267 1.81383 2458355.751170 1366.2 0
>TOI-3410: 102.5959450 -48.5344560 11.023 nan nan nan nan nan
 TOI-3410.01: 4.470 nan nan nan 3.97910 2459273.339931 nan 0
>TOI-3411: 117.4019180 -34.4511030 12.234 nan nan nan nan nan
 TOI-3411.01: 4.385 nan nan nan 7.06280 2459242.489293 nan 0
>TOI-3412: 147.4828960 -14.7332190 11.634 1.260 1.006 5636.0 4.24 nan
 TOI-3412.01: 1.574 11.930 nan 0.0421 3.14058 2459278.640462 1486.8 0
>TOI-3413: 116.5383490 -33.4830900 11.521 1.470 2.026 8238.0 4.41 nan
 TOI-3413.01: 1.502 15.652 nan 0.0696 4.71143 2459245.869732 1825.6 0
>TOI-3414: 117.9171250 -36.8156700 10.649 1.810 nan 5033.0 nan nan
 TOI-3414.01: 5.954 9.290 nan nan 9.73558 2459272.510411 nan 0
>TOI-3415: 128.2078800 -13.0643420 11.260 2.560 1.092 5942.0 3.66 nan
 TOI-3415.01: 2.356 18.407 nan 0.0471 3.57144 2459965.694601 2112.4 0
>TOI-3416: 123.2618570 -31.3201750 12.226 1.620 2.046 8360.0 4.33 nan
 TOI-3416.01: 2.938 14.459 nan 0.0441 2.36269 2459277.156063 2443.3 0
>TOI-3417: 150.3890980 -16.1267860 12.301 0.890 0.957 5454.0 4.52 nan
 TOI-3417.01: 2.481 12.491 nan 0.0376 2.71946 2459279.352082 1279.5 0
>TOI-3418: 123.2745470 -23.0533720 10.537 nan nan 5308.5 nan nan
 TOI-3418.01: 5.365 nan nan nan 7.30399 2459963.751971 nan 0
>TOI-3419: 123.1496110 -32.7766840 11.427 nan nan 5305.8 nan nan
 TOI-3419.01: 5.400 nan nan nan 7.99695 2459265.190950 nan 0
>TOI-3421: 122.0926070 -30.0954500 12.607 2.140 1.595 7132.0 3.98 nan
 TOI-3421.01: 2.450 16.920 nan 0.0458 2.83893 2459963.780552 2350.8 0
>TOI-3422: 140.8456200 2.9324840 11.318 1.029 1.039 5817.7 4.43 nan
 TOI-3422.01: 3.129 13.974 nan 0.0481 3.77888 2459964.344071 1297.5 0
>TOI-3425: 121.6634140 -31.9444610 12.119 1.510 1.122 6034.0 4.13 nan
 TOI-3425.01: 1.389 8.477 nan 0.0170 0.76541 2459963.115871 2742.2 0
>TOI-3426: 156.2290130 0.4358290 11.729 1.400 1.033 5806.0 4.16 nan
 TOI-3426.01: 4.289 18.581 nan 0.0666 6.17867 2459570.358029 1283.6 0
>TOI-3427: 121.3164680 -31.8490470 11.795 1.730 1.042 5812.0 3.98 nan
 TOI-3427.01: 2.503 17.072 nan 0.0408 2.95265 2459248.893900 1825.0 0
>TOI-3428: 125.6549010 -29.1879890 10.830 nan nan nan nan nan
 TOI-3428.01: 7.126 nan nan nan 5.39451 2459964.814156 nan 0
>TOI-3429: 108.8589760 -42.4480900 11.539 1.690 1.311 6445.0 4.10 nan
 TOI-3429.01: 3.508 14.022 nan 0.1240 13.93111 2459251.254791 1147.3 0
>TOI-3430: 129.4458970 -19.6347200 11.118 2.250 2.794 6565.0 4.18 nan
 TOI-3430.01: 4.570 15.759 nan 0.0816 5.09498 2459243.222963 1662.3 0
>TOI-3431: 136.8526750 4.2899240 12.333 1.730 1.312 6438.0 4.08 nan
 TOI-3431.01: 4.027 19.008 nan 0.0533 3.91969 2459247.431756 1768.7 0
>TOI-3432: 121.4798260 -41.4625900 11.084 nan nan 3999.0 nan nan
 TOI-3432.01: 3.887 nan nan nan 9.14807 2459969.264588 nan 0
>TOI-3433: 135.4559750 0.9696130 10.986 0.780 0.670 4348.2 4.48 nan
 TOI-3433.01: 2.076 6.079 nan 0.0338 2.77658 2459246.895120 1007.2 0
>TOI-3434: 135.3138630 0.8418280 11.242 1.500 1.082 5927.9 4.12 nan
 TOI-3434.01: 0.612 12.787 nan 0.0432 3.15100 2459249.549067 1684.4 0
>TOI-3437: 119.4124460 -41.2415080 11.891 0.874 1.189 6199.0 4.63 nan
 TOI-3437.01: 2.343 12.446 nan 0.0605 4.98731 2459967.078218 1136.1 0
>TOI-3438: 146.3317460 3.0944810 11.045 2.010 1.170 5993.3 3.90 nan
 TOI-3438.01: 1.445 10.257 nan 0.0290 1.66602 2459990.042782 2406.0 0
>TOI-3439: 151.5848250 -79.3767900 11.934 1.130 0.908 5320.0 4.29 nan
 TOI-3439.01: 1.423 13.853 nan 0.0621 5.93499 2459385.974629 1094.3 0
>TOI-344: 347.0537480 -28.0078250 11.054 1.079 1.170 6149.0 4.44 nan
 TOI-344.01: 3.080 9.490 nan 0.0686 6.06722 2459092.388012 1175.9 0
>TOI-3441: 162.6248680 -79.7278590 12.058 1.180 1.037 5763.8 4.31 nan
 TOI-3441.01: 3.391 10.330 nan 0.0520 4.25946 2459384.846313 1324.0 0
>TOI-3442: 244.0665580 -55.0999870 11.356 nan nan 4973.0 nan nan
 TOI-3442.01: 2.805 nan nan nan 3.45693 2459380.445712 nan 0
>TOI-3443: 218.2783960 -60.0933620 10.551 3.520 1.462 6808.0 3.51 nan
 TOI-3443.01: 2.755 14.253 nan 0.0223 1.00789 2459358.707236 4124.5 0
>TOI-3444: 241.2875090 -46.5656490 10.702 1.480 1.357 6531.0 4.23 nan
 TOI-3444.01: 2.182 16.981 nan 0.0422 2.71881 2459384.535480 1865.0 0
>TOI-3445: 244.1383510 -41.0739660 11.044 1.240 0.774 4790.0 4.14 nan
 TOI-3445.01: 2.681 15.025 nan 0.0373 2.98668 2459382.377660 1331.8 0
>TOI-3446: 231.1841640 -45.3800040 11.832 nan nan 5378.5 nan nan
 TOI-3446.01: 2.444 nan nan nan 1.85289 2459359.702516 nan 0
>TOI-3447: 250.3449070 -68.5532250 11.293 1.510 1.096 5994.0 4.12 nan
 TOI-3447.01: 3.853 10.421 nan 0.0479 3.65626 2459382.731966 1622.8 0
>TOI-3448: 232.0400610 -52.0296760 11.913 nan nan 4907.3 nan nan
 TOI-3448.01: 2.818 nan nan nan 2.16429 2459357.709395 nan 0
>TOI-3449: 248.0216960 -68.2403300 11.682 1.690 1.252 6341.2 4.08 nan
 TOI-3449.01: 3.874 15.090 nan 0.0516 3.82495 2459385.434401 1749.9 0
>TOI-345: 5.6969560 -34.3921620 12.290 0.903 0.878 5136.0 4.47 nan
 TOI-345.01: 3.372 9.565 nan 0.0940 11.22374 2459091.716070 767.6 0
>TOI-3450: 228.0351320 -53.3133680 9.275 nan nan 5095.6 nan nan
 TOI-3450.01: 3.131 nan nan nan 3.63877 2459353.647517 nan 0
>TOI-3451: 243.8028870 -68.8762160 11.433 1.000 0.959 5522.0 4.42 nan
 TOI-3451.01: 2.598 10.555 nan 0.0818 8.72347 2459380.114050 931.0 0
>TOI-3452: 188.7704560 -73.1296640 11.766 2.240 0.983 5604.0 3.73 nan
 TOI-3452.01: 4.822 14.783 nan 0.0390 2.83722 2459388.622437 2048.0 0
>TOI-3453: 188.9121120 -72.6819730 11.531 2.210 1.150 6126.0 3.81 nan
 TOI-3453.01: 4.900 12.160 nan 0.0547 4.36180 2460071.432780 1877.6 0
>TOI-3454: 183.6004200 -72.3473110 11.760 1.300 1.122 6011.0 4.26 nan
 TOI-3454.01: 2.177 12.316 nan 0.0507 3.94150 2459357.829880 1467.7 0
>TOI-3455: 180.3222030 -76.3995780 11.840 1.180 0.903 5269.0 4.25 nan
 TOI-3455.01: 0.680 8.677 nan 0.0106 0.42242 2458651.744921 2680.7 0
>TOI-3456: 188.6661960 -79.3589690 10.498 0.920 0.831 5022.0 4.43 nan
 TOI-3456.01: 2.650 12.092 nan 0.1218 17.02985 2459361.087389 665.5 0
>TOI-3458: 201.3406440 -71.0120280 11.208 0.870 0.834 5056.0 4.48 nan
 TOI-3458.01: 2.050 11.911 nan 0.0398 3.17269 2459354.400233 1139.9 0
>TOI-3459: 214.5000860 -62.3552200 10.895 nan nan 5030.7 nan nan
 TOI-3459.01: 4.903 nan nan nan 8.48932 2459354.893919 nan 0
>TOI-346: 10.3445070 -37.3430200 11.840 1.350 1.182 6177.0 4.25 nan
 TOI-346.01: 2.317 30.018 nan 0.1345 16.56308 2460192.019645 943.7 0
>TOI-3460: 255.9208460 -30.7700970 8.020 2.220 1.395 5978.9 3.89 nan
 TOI-3460.01: 6.264 17.270 nan 0.0607 4.62884 2459378.778400 1743.6 0
>TOI-3461: 192.9976790 -71.6012090 11.895 1.280 1.165 6175.0 4.29 nan
 TOI-3461.01: 4.824 10.455 nan 0.1046 11.44838 2459357.927622 1041.6 0
>TOI-3462: 148.2492710 -78.4597710 11.507 1.030 0.972 5474.0 4.40 nan
 TOI-3462.01: 1.726 7.625 nan 0.0667 6.38856 2459379.364186 1037.3 0
>TOI-3463: 221.8420170 -60.5448220 10.864 nan nan nan nan nan
 TOI-3463.01: 3.664 nan nan nan 2.25389 2458651.559857 nan 0
>TOI-3465: 168.1523780 -74.6105760 11.601 nan nan 5601.0 nan nan
 TOI-3465.01: 3.396 nan nan nan 3.95637 2460045.054533 nan 0
>TOI-3469: 250.4789270 -62.1436140 11.776 1.670 1.470 6823.0 4.16 nan
 TOI-3469.01: 3.865 17.790 nan 0.0427 2.65670 2459382.834181 2057.6 0
>TOI-347: 354.4898200 -36.5716340 10.337 1.483 1.010 5692.2 4.10 nan
 TOI-347.01: 1.053 6.857 nan 0.0498 4.04000 2459090.464588 1497.9 0
>TOI-3470: 163.8583680 -73.3375510 11.880 1.350 1.053 5823.0 4.20 nan
 TOI-3470.01: 1.642 18.897 nan 0.0436 3.24046 2459357.021986 1562.4 0
>TOI-3471: 236.5522300 -78.3256660 11.807 0.940 1.019 5666.0 4.50 nan
 TOI-3471.01: 3.602 12.754 nan 0.0836 8.75202 2459380.384701 916.2 0
>TOI-3473: 226.8250370 -79.3641120 12.167 1.560 1.375 6599.0 4.19 nan
 TOI-3473.01: 2.667 17.885 nan 0.0552 4.03581 2459384.816539 1691.6 0
>TOI-3475: 230.9090800 -76.8957440 11.751 1.630 1.763 7560.0 4.26 nan
 TOI-3475.01: 3.208 18.216 nan 0.0468 2.78129 2459383.842600 2151.4 0
>TOI-3476: 237.0083080 -50.6924870 11.731 1.230 1.785 7627.0 4.51 nan
 TOI-3476.01: 2.510 14.516 nan 0.0630 4.32051 2459385.896810 1625.1 0
>TOI-3477: 247.6737390 -65.2288930 12.438 1.390 1.169 6165.0 4.22 nan
 TOI-3477.01: 3.771 14.212 nan 0.0463 3.36268 2459387.781424 1628.9 0
>TOI-3478: 258.6608610 -67.3026220 11.440 1.530 1.152 6078.0 4.13 nan
 TOI-3478.01: 2.961 20.500 nan 0.0307 1.82856 2459385.423634 2069.0 0
>TOI-3479: 220.1233990 -76.1709050 12.229 1.470 0.992 5636.0 4.10 nan
 TOI-3479.01: 2.966 12.612 nan 0.0330 2.19701 2459386.482274 1813.9 0
>TOI-3480: 237.6636930 -43.1213840 11.397 nan nan 5830.0 nan nan
 TOI-3480.01: 2.646 nan nan nan 2.13012 2458650.197309 nan 0
>TOI-3481: 212.3461000 -73.5350990 11.543 nan nan 5055.0 nan nan
 TOI-3481.01: 2.425 nan nan nan 4.92148 2459386.301953 nan 0
>TOI-3483: 210.0249160 -77.9115710 11.696 1.810 1.065 5881.0 3.95 nan
 TOI-3483.01: 1.529 12.978 nan 0.0256 1.44668 2459388.853133 2384.5 0
>TOI-3484: 249.4883210 -58.7804430 10.533 1.810 1.195 6195.0 4.00 nan
 TOI-3484.01: 5.011 15.272 nan 0.0622 5.18908 2459386.556413 1611.5 0
>TOI-3485: 201.7497360 -73.5942470 8.035 0.770 0.716 4554.0 4.52 nan
 TOI-3485.01: 2.865 2.208 nan 0.0910 11.84135 2459382.714016 638.8 0
 TOI-3485.02: 2.297 1.498 nan 0.0581 6.03792 2460087.812294 799.4 0
>TOI-3487: 255.1130120 -67.7810310 9.261 1.080 0.951 5992.0 4.35 nan
 TOI-3487.01: 4.452 19.322 nan 0.1222 16.00858 2459378.988034 859.0 0
>TOI-3488: 201.1747490 -72.6764590 10.575 0.950 1.041 5727.0 4.50 nan
 TOI-3488.01: 4.564 2.976 nan 0.0723 6.96254 2459379.699385 1001.0 0
>TOI-3489: 248.9147590 -54.8552570 10.426 1.230 0.895 5266.0 4.21 nan
 TOI-3489.01: 3.386 13.374 nan 0.0458 3.78334 2459385.904563 1315.9 0
>TOI-3490: 155.1990440 -78.8320210 11.125 0.750 0.875 5198.2 4.63 nan
 TOI-3490.01: 2.448 14.754 nan 0.0818 9.13175 2459374.125286 759.0 0
>TOI-3491: 245.2674130 -59.5105550 10.727 1.210 nan 5961.0 nan nan
 TOI-3491.01: 3.549 22.396 nan nan 2.40387 2459383.386266 nan 0
>TOI-3492: 166.6366710 -53.7319800 7.696 2.593 1.250 6332.0 3.71 nan
 TOI-3492.01: 5.297 15.653 nan 0.0927 9.22242 2459314.521155 1614.9 0
>TOI-3494: 204.3919660 -37.1834580 9.664 0.308 0.286 3230.0 4.92 nan
 TOI-3494.01: 1.374 2.217 nan 0.0505 7.74861 2459310.020628 384.6 0
>TOI-3495: 187.4293310 -58.2401300 7.988 1.924 1.350 6529.0 4.00 nan
 TOI-3495.01: 2.560 4.374 nan 0.0895 8.41300 2459347.161831 1459.7 0
>TOI-3496: 158.7435510 -52.7776060 9.961 2.020 nan nan nan nan
 TOI-3496.01: 1.356 8.218 nan nan 1.55055 2460067.735126 nan 0
>TOI-3498: 185.1383000 -62.4016090 10.344 0.750 0.721 4562.0 4.55 nan
 TOI-3498.01: 4.024 4.716 nan 0.0505 4.87688 2459353.243502 847.8 0
>TOI-3499: 155.7973200 -52.7502120 10.337 3.123 1.010 5695.0 3.45 nan
 TOI-3499.01: 8.168 19.056 nan 0.0543 4.59928 2459307.961687 2082.6 0
>TOI-350: 21.2920470 -47.2628310 11.253 0.850 0.677 5635.0 4.41 nan
 TOI-350.01: 1.796 8.557 nan 0.0318 2.51305 2459109.819661 1404.8 0
>TOI-3500: 186.8168840 -29.8329960 9.710 1.098 0.940 5406.0 4.33 nan
 TOI-3500.01: 3.848 3.997 nan 0.0724 7.34362 2459315.357469 1015.2 0
 TOI-3500.02: 7.908 10.645 nan nan nan 2460056.706283 nan 0
>TOI-3501: 181.0008050 -28.3253470 9.839 1.000 0.303 5782.5 3.92 nan
 TOI-3501.01: 2.870 19.215 nan 0.0812 15.35025 2459313.471423 978.5 0
>TOI-3502: 174.0431430 -56.6241750 11.027 1.544 1.870 7853.0 4.33 nan
 TOI-3502.01: 1.060 9.831 nan 0.0550 3.44680 2459307.388810 2006.4 0
>TOI-3505: 297.0434760 18.6989140 10.056 1.340 nan 6220.0 nan nan
 TOI-3505.01: 2.004 7.458 nan nan 2.91516 2459793.534385 nan 0
>TOI-3506: 299.2242230 31.4227100 11.716 1.185 0.975 5554.0 4.28 nan
 TOI-3506.01: 3.507 12.799 nan 0.0529 4.49614 2460313.531349 1267.6 0
>TOI-3509: 302.1967380 25.4536740 11.701 nan nan 4916.0 nan nan
 TOI-3509.01: 4.360 nan nan nan 5.11085 2459773.020297 nan 0
>TOI-3510: 296.3540170 30.7799670 11.721 1.100 1.034 5752.0 4.37 nan
 TOI-3510.01: 2.772 13.172 nan 0.0400 2.87249 2459772.035438 1454.5 0
>TOI-3511: 287.2751340 28.3626320 11.750 0.990 0.747 4670.0 4.32 nan
 TOI-3511.01: 1.074 12.315 nan 0.0187 1.08481 2459794.669721 1638.5 0
>TOI-3513: 301.2246940 25.0096370 11.321 2.140 nan 7717.5 nan nan
 TOI-3513.01: 2.919 15.441 nan nan 2.98172 2459772.815413 nan 0
>TOI-3514: 295.5567760 32.6140990 11.506 0.950 1.141 5623.0 4.54 nan
 TOI-3514.01: 1.857 17.382 nan 0.0268 1.50395 2459445.482548 1614.3 0
>TOI-3515: 284.5134630 28.9378700 11.098 1.300 nan 5814.1 nan nan
 TOI-3515.01: 3.602 10.373 nan nan 3.04157 2459771.614539 nan 0
>TOI-3516: 288.9737520 30.6091580 10.167 1.580 1.045 5823.0 4.06 nan
 TOI-3516.01: 1.887 20.183 nan 0.0366 2.50153 2459794.639759 1844.9 0
>TOI-3517: 278.7051590 44.7588060 12.446 1.180 1.013 5727.0 4.30 nan
 TOI-3517.01: 2.645 13.638 nan 0.0442 3.36873 2459772.477975 1426.9 0
>TOI-3518: 288.7739930 30.7854720 11.805 1.170 nan 5436.0 nan nan
 TOI-3518.01: 2.068 16.476 nan nan 2.96617 2458710.180785 nan 0
>TOI-3519: 308.0779980 21.3450700 11.074 1.690 1.066 5870.0 4.01 nan
 TOI-3519.01: 3.840 13.326 nan 0.0461 3.50087 2459818.762814 1713.8 0
>TOI-352: 342.0675470 -24.8386850 9.970 0.890 0.632 5518.0 4.34 nan
 TOI-352.01: 2.783 20.721 nan 0.0862 11.62350 2458356.830060 855.0 0
>TOI-3520: 284.0839690 38.5848690 12.358 1.460 1.098 5984.0 4.15 nan
 TOI-3520.01: 3.034 13.733 nan 0.0421 3.00863 2459744.308684 1699.3 0
>TOI-3521: 316.9397420 31.7809510 11.633 nan nan 5757.3 nan nan
 TOI-3521.01: 1.630 nan nan nan 3.24404 2459798.461592 nan 0
>TOI-3522: 301.0795950 34.3988010 11.619 0.900 0.892 5285.0 4.48 nan
 TOI-3522.01: 1.938 10.254 nan 0.0421 3.34124 2459820.543866 1178.3 0
>TOI-3527: 300.2635220 40.5771750 11.407 2.401 1.078 5889.0 3.71 nan
 TOI-3527.01: 2.382 33.149 nan 0.0292 1.75511 2459770.662859 2575.0 0
>TOI-3529: 328.0597660 27.6072700 11.872 1.200 nan 5770.0 nan nan
 TOI-3529.01: 2.390 14.222 nan nan 2.58504 2459851.013730 nan 0
>TOI-3530: 309.0836350 38.9164550 10.938 nan nan 12679.0 nan nan
 TOI-3530.01: 1.161 nan nan nan 1.35703 2459823.602847 nan 0
>TOI-3531: 321.3774920 55.7229360 9.959 1.588 1.425 6674.0 4.19 nan
 TOI-3531.01: 4.312 18.605 nan 0.0537 3.80999 2459825.332652 1750.1 0
>TOI-3532: 302.3249190 39.1205410 11.139 nan nan 4908.5 nan nan
 TOI-3532.01: 2.437 nan nan nan 2.45635 2459770.134703 nan 0
>TOI-3533: 308.5627220 35.3950560 10.065 nan nan 5276.4 nan nan
 TOI-3533.01: 2.750 nan nan nan 4.31678 2459823.894332 nan 0
>TOI-3535: 315.6380410 41.9231950 11.654 nan nan nan nan nan
 TOI-3535.01: 2.647 nan nan nan 1.91154 2459820.907597 nan 0
>TOI-3538: 295.3281720 48.1626550 12.154 1.580 1.257 6353.0 4.14 nan
 TOI-3538.01: 3.100 15.055 nan 0.0796 7.31054 2459845.016892 1364.8 0
>TOI-3539: 302.0786890 48.1986050 12.101 1.110 1.238 6255.0 4.44 nan
 TOI-3539.01: 3.402 14.286 nan 0.0701 6.09782 2459801.238913 1200.2 0
>TOI-354: 24.0478590 -42.3037060 10.338 1.410 1.024 5767.0 4.15 nan
 TOI-354.01: 1.700 25.202 nan 0.0410 3.00021 2459140.430589 1630.8 0
>TOI-3543: 305.1410620 42.8936700 10.742 1.990 nan 7849.0 nan nan
 TOI-3543.01: 3.350 22.790 nan nan 6.48167 2459815.576298 nan 0
>TOI-3544: 323.2056050 26.8461370 11.417 nan nan 5276.4 nan nan
 TOI-3544.01: 1.675 nan nan nan 2.20204 2459821.701525 nan 0
>TOI-3545: 301.3144080 37.3498040 10.538 1.642 1.357 6578.0 4.14 nan
 TOI-3545.01: 3.429 21.206 nan 0.0469 3.18721 2459772.933012 1876.8 0
>TOI-3546: 305.5173420 41.2550550 11.189 1.270 1.147 6111.0 4.29 nan
 TOI-3546.01: 2.994 9.642 nan 0.0615 5.20194 2459437.706427 1339.1 0
>TOI-3547: 304.7650940 39.5955750 11.989 1.340 0.863 5145.0 4.12 nan
 TOI-3547.01: 1.874 17.352 nan 0.0482 4.16327 2459817.867916 1308.1 0
>TOI-355: 17.8882080 -36.7091190 10.053 1.316 1.124 6049.0 4.25 nan
 TOI-355.01: 0.980 4.682 nan 0.0209 1.03726 2459088.429624 2314.6 0
>TOI-3550: 325.3831630 29.9135600 10.383 2.060 1.861 7786.1 4.08 nan
 TOI-3550.01: 0.824 8.304 nan 0.0260 1.12392 2459851.638856 3342.0 0
>TOI-3551: 314.5109040 25.5404040 10.690 2.240 1.295 6417.0 3.85 nan
 TOI-3551.01: 3.706 12.902 nan 0.0463 3.19408 2459818.960210 2152.3 0
>TOI-3552: 314.5453270 25.8984690 11.086 2.420 1.174 6123.0 3.74 nan
 TOI-3552.01: 0.997 13.241 nan 0.0196 0.92778 2459823.795890 3280.8 0
>TOI-3553: 325.6038110 29.8693750 10.285 1.463 nan 6497.2 nan nan
 TOI-3553.01: 1.772 11.823 nan nan 1.94106 2459825.770794 nan 0
>TOI-3554: 321.4829790 34.4245830 12.263 nan nan 5359.2 nan nan
 TOI-3554.01: 1.717 nan nan nan 1.61277 2459822.431304 nan 0
>TOI-3555: 302.2471500 56.5081680 12.226 0.730 nan 5947.6 nan nan
 TOI-3555.01: 4.104 10.332 nan nan 5.27181 2459822.708049 nan 0
>TOI-3556: 312.5369370 29.9835160 11.757 1.500 1.271 6374.0 4.19 nan
 TOI-3556.01: 2.232 17.706 nan 0.0545 4.11842 2459823.668611 1612.5 0
>TOI-3558: 314.5771840 36.4406930 12.098 1.340 1.062 5866.0 4.21 nan
 TOI-3558.01: 2.273 13.068 nan 0.0374 2.56504 2459820.541191 1693.1 0
>TOI-3559: 296.3813830 39.9599250 11.341 1.597 2.390 9339.0 4.41 nan
 TOI-3559.01: 2.320 16.392 nan 0.0487 2.54023 2459770.253820 2578.8 0
>TOI-356: 6.0700550 -37.2220350 12.017 1.599 0.954 5499.0 4.01 nan
 TOI-356.01: 3.925 11.964 nan 0.0620 5.76944 2459090.758499 1346.6 0
>TOI-3560: 296.0634830 40.3085700 9.995 1.290 1.268 6381.0 4.32 nan
 TOI-3560.01: 2.802 10.126 nan 0.0334 1.98043 2459771.820972 1912.2 0
>TOI-3564: 305.9403690 46.1031420 11.448 1.552 1.598 6454.0 4.26 nan
 TOI-3564.01: 4.550 19.993 nan 0.0585 4.08756 2459820.105064 1603.0 0
>TOI-3567: 318.1044870 29.8447880 11.675 1.070 1.002 5675.0 4.38 nan
 TOI-3567.01: 1.190 12.749 nan 0.0311 1.99903 2459816.833156 1605.1 0
>TOI-3569: 307.0133060 26.4016540 10.082 1.300 nan 6157.0 nan nan
 TOI-3569.01: 3.424 14.231 nan nan 4.59567 2459823.594070 nan 0
>TOI-3570: 305.4616400 34.1260270 12.264 1.350 2.901 10984.0 4.64 nan
 TOI-3570.01: 2.974 13.116 nan 0.0459 2.10837 2459823.352620 2872.5 0
>TOI-3571: 328.4554390 47.3922590 10.732 1.680 1.421 7457.0 4.14 nan
 TOI-3571.01: 3.032 15.302 nan 0.0458 3.00793 2459847.742507 2177.8 0
>TOI-3573: 336.9986190 38.2859500 10.509 1.490 1.092 5994.3 4.13 nan
 TOI-3573.01: 3.341 12.727 nan 0.0924 9.81700 2458747.792229 1160.7 0
>TOI-3574: 326.5992170 41.6815780 11.561 nan nan 4675.9 nan nan
 TOI-3574.01: 2.112 nan nan nan 3.66918 2459850.561122 nan 0
>TOI-3575: 326.4732320 36.2476290 10.979 1.150 1.031 5739.0 4.33 nan
 TOI-3575.01: 1.991 14.185 nan 0.0796 8.08455 2459830.439116 1051.9 0
>TOI-3576: 300.9170360 52.0806760 11.831 1.200 0.978 5543.7 4.27 nan
 TOI-3576.01: 3.569 13.053 nan 0.0540 4.63877 2459845.232047 1260.2 0
>TOI-3577: 327.0959170 48.3343990 10.318 1.600 1.072 5938.0 4.06 nan
 TOI-3577.01: 2.788 8.717 nan 0.0606 5.26674 2459847.673390 1471.3 0
>TOI-358: 3.0611890 -47.3554220 11.757 1.210 0.972 5467.0 4.26 nan
 TOI-358.01: 1.928 26.934 nan 0.0845 9.10326 2459102.796260 997.6 0
>TOI-3582: 307.2925650 50.0769250 11.642 1.420 1.063 5847.0 4.16 nan
 TOI-3582.01: 3.659 14.943 nan 0.0538 4.41688 2459816.901929 1448.5 0
>TOI-3583: 315.8822000 48.6878950 9.557 nan nan 3882.0 nan nan
 TOI-3583.01: 5.703 nan nan nan 5.24625 2460369.887951 nan 0
>TOI-3584: 314.8954180 52.3961080 10.732 nan nan nan nan nan
 TOI-3584.01: 2.167 nan nan nan 2.75675 2459847.761197 nan 0
>TOI-3585: 326.8071380 34.6466270 9.683 0.820 0.741 4652.0 4.48 nan
 TOI-3585.01: 2.062 4.637 nan 0.0411 3.54108 2459851.898530 1002.0 0
>TOI-3586: 310.2190740 50.9227220 10.993 0.740 0.814 4971.0 4.61 nan
 TOI-3586.01: 3.276 12.758 nan 0.0921 11.32012 2459810.521522 679.5 0
>TOI-3587: 316.8346830 49.4318130 10.071 1.870 nan 7486.0 nan nan
 TOI-3587.01: 3.796 16.464 nan nan 4.15848 2459823.921779 nan 0
>TOI-3588: 308.3083510 50.9268370 11.547 2.200 1.435 6688.0 3.91 nan
 TOI-3588.01: 4.403 14.117 nan 0.0528 3.70375 2459849.099143 2081.7 0
>TOI-3589: 326.3920820 39.4950550 10.866 1.610 1.801 7658.5 4.28 nan
 TOI-3589.01: 3.763 20.159 nan 0.0504 3.08275 2459847.255364 2087.3 0
>TOI-359: 11.6731760 -42.3617910 11.162 1.850 0.969 5573.0 3.89 nan
 TOI-359.01: 6.461 8.624 nan 0.1253 16.45209 2458360.674230 1032.6 0
>TOI-3590: 329.2792910 31.4529730 11.544 1.860 1.383 6592.0 4.04 nan
 TOI-3590.01: 1.422 14.760 nan 0.0586 4.40643 2459848.889625 1790.8 0
>TOI-3591: 325.1909630 43.5297750 11.719 1.650 1.064 5859.7 4.03 nan
 TOI-3591.01: 4.224 13.159 nan 0.0831 8.48439 2459849.845852 1259.1 0
>TOI-3592: 332.1229670 33.3492960 11.356 2.110 nan nan nan nan
 TOI-3592.01: 5.153 9.244 nan nan 5.52803 2459851.477825 nan 0
>TOI-3594: 331.1623870 32.5370150 12.095 1.150 0.962 5505.0 4.30 nan
 TOI-3594.01: 2.000 13.410 nan 0.0856 9.32369 2459849.694456 973.0 0
>TOI-3596: 356.1283050 36.3617170 11.792 1.010 1.098 5989.7 4.47 nan
 TOI-3596.01: 3.172 9.375 nan 0.0583 4.90566 2459876.910435 1202.2 0
>TOI-3598: 306.0495040 59.2784300 11.882 1.500 1.214 6282.0 4.17 nan
 TOI-3598.01: 1.884 20.000 nan 0.0500 3.70269 2459822.383490 1659.2 0
>TOI-3599: 4.0949880 38.2985310 12.021 0.900 0.934 5396.4 4.50 nan
 TOI-3599.01: 2.711 9.697 nan 0.0420 3.25231 2458784.821961 1204.6 0
>TOI-3600: 316.3839090 56.5043670 11.198 1.830 1.370 6616.0 4.05 nan
 TOI-3600.01: 3.203 17.773 nan 0.0637 5.01664 2459880.047725 1710.0 0
>TOI-3601: 8.7012080 45.3874140 11.595 1.450 1.215 6284.0 4.20 nan
 TOI-3601.01: 2.840 11.265 nan 0.0531 4.05180 2459879.372447 1583.5 0
>TOI-3602: 325.9721430 54.5742690 10.846 1.274 1.356 6566.0 4.36 nan
 TOI-3602.01: 2.806 15.943 nan 0.0387 2.38747 2459827.140919 1816.6 0
>TOI-3603: 13.7198440 24.7240750 11.905 0.900 0.913 5303.0 4.49 nan
 TOI-3603.01: 0.893 8.746 nan 0.0222 1.26780 2459880.567107 1628.2 0
>TOI-3604: 333.5010550 56.9189810 10.252 nan nan 4893.1 nan nan
 TOI-3604.01: 1.717 nan nan nan 1.06670 2459825.952990 nan 0
>TOI-3605: 332.7156040 54.4812310 10.901 1.560 1.254 6321.0 4.15 nan
 TOI-3605.01: 3.699 15.749 nan 0.0501 3.65543 2459851.820734 1700.8 0
>TOI-3606: 321.2450600 57.6666320 10.553 nan nan 3979.0 nan nan
 TOI-3606.01: 4.867 nan nan nan 9.31217 2459866.950313 nan 0
>TOI-3607: 310.7049520 58.5149450 11.123 nan nan nan nan nan
 TOI-3607.01: 2.481 nan nan nan 3.58849 2459821.520901 nan 0
>TOI-3609: 312.3825170 59.7100130 11.546 1.170 0.973 5519.0 4.29 nan
 TOI-3609.01: 3.682 9.576 nan 0.0668 6.38546 2459814.534903 1113.8 0
>TOI-361: 353.9036870 -44.8088090 10.006 0.745 0.787 4215.0 4.59 nan
 TOI-361.01: 0.949 6.835 nan 0.0240 1.53517 2459062.236399 1132.4 0
>TOI-3611: 344.9645680 50.6819020 11.953 1.640 1.179 6153.0 4.08 nan
 TOI-3611.01: 3.709 15.445 nan 0.0438 3.07897 2459879.645338 1815.5 0
>TOI-3613: 303.3610660 58.7991380 12.074 0.960 1.039 5766.0 4.49 nan
 TOI-3613.01: 2.708 13.641 nan 0.0426 3.14937 2459819.325302 1319.9 0
>TOI-3615: 349.4173440 44.6483080 11.631 1.690 1.018 5684.0 3.99 nan
 TOI-3615.01: 3.737 11.282 nan 0.0421 3.13156 2459879.183744 1736.6 0
>TOI-3616: 346.7524120 47.0445760 11.354 2.900 1.647 7316.0 3.73 nan
 TOI-3616.01: 2.500 20.898 nan 0.0416 2.41886 2459877.451671 2945.5 0
>TOI-3617: 346.1255970 45.3247540 11.642 1.640 1.126 6065.0 4.06 nan
 TOI-3617.01: 2.102 15.373 nan 0.0445 3.23379 2459879.842983 1775.4 0
>TOI-3618: 340.5148560 52.3436790 11.698 1.200 1.149 6083.0 4.34 nan
 TOI-3618.01: 1.567 14.103 nan 0.0472 3.48985 2459878.722216 1479.0 0
>TOI-3619: 338.7554250 54.0791100 11.958 1.708 1.166 6133.0 4.04 nan
 TOI-3619.01: 3.404 19.420 nan 0.0447 3.19889 2460396.419995 1828.1 0
>TOI-362: 353.2383700 -28.3198130 11.526 1.034 1.002 5692.0 4.41 nan
 TOI-362.01: 2.507 6.824 nan 0.1150 14.23376 2459090.893499 823.0 0
>TOI-3620: 20.7991940 33.2434100 nan 1.620 1.002 5639.0 4.02 nan
 TOI-3620.01: 2.848 12.872 nan 0.0564 4.88940 2459875.808716 1457.3 0
>TOI-3622: 14.1644190 39.8916110 12.231 1.300 1.023 5688.6 4.22 nan
 TOI-3622.01: 3.325 13.637 nan 0.0429 3.21318 2459879.077421 1510.0 0
>TOI-3623: 16.1793580 40.6149620 12.225 1.190 1.054 5867.3 4.31 nan
 TOI-3623.01: 3.339 10.884 nan 0.0639 5.74569 2459881.183645 1220.9 0
>TOI-3624: 15.1937960 15.1661640 10.872 1.490 1.144 6065.0 4.15 nan
 TOI-3624.01: 3.508 8.255 nan 0.0794 7.64609 2459872.028059 1266.9 0
>TOI-3625: 303.7772680 59.6769100 nan 1.303 1.152 6122.0 4.27 nan
 TOI-3625.01: 3.430 14.814 nan 0.0424 2.97087 2459798.327927 1636.5 0
>TOI-3628: 12.8660440 47.6628060 10.585 1.200 1.024 5699.0 4.29 nan
 TOI-3628.01: 2.555 11.030 nan 0.0454 3.49451 2459879.231564 1412.8 0
>TOI-363: 20.5472650 -44.8621460 11.642 0.990 0.877 5177.0 4.39 nan
 TOI-363.01: 1.834 12.470 nan 0.0763 8.22388 2458361.877430 899.2 0
>TOI-3632: 17.0934480 37.7006520 11.455 1.360 1.377 6605.4 4.31 nan
 TOI-3632.01: 3.216 12.868 nan 0.0477 3.24036 2459876.908195 1700.8 0
>TOI-3633: 313.3172140 58.0945930 11.024 3.600 1.639 7233.0 3.54 nan
 TOI-3633.01: 1.502 18.397 nan 0.0428 2.52664 2459823.487090 3198.8 0
>TOI-3635: 349.3018000 44.6123360 11.625 2.162 1.101 5972.0 3.81 nan
 TOI-3635.01: 4.364 14.803 nan 0.0300 1.80481 2459853.655810 2444.7 0
>TOI-3637: 329.2316070 53.8265310 11.933 nan nan 5579.5 nan nan
 TOI-3637.01: 5.863 nan nan nan 3.73305 2459847.572572 nan 0
>TOI-3638: 23.4427630 17.8266310 11.164 1.146 0.892 5263.0 4.27 nan
 TOI-3638.01: 1.746 21.668 nan 0.0546 4.92769 2459450.529162 1162.7 0
>TOI-3639: 327.7402500 58.8403910 11.957 1.130 1.067 5856.0 4.36 nan
 TOI-3639.01: 3.034 14.623 nan 0.0640 5.72086 2459851.117615 1186.5 0
>TOI-364: 342.2561700 -24.9592950 9.686 1.330 nan 6219.7 nan nan
 TOI-364.01: 0.916 3.325 nan nan 0.49416 2460206.585637 nan 0
>TOI-3640: 54.5382400 40.4755520 11.641 3.490 2.030 8273.0 3.66 nan
 TOI-3640.01: 1.867 43.298 nan 0.0283 1.22053 2459907.629957 4430.1 0
>TOI-3641: 49.8589780 44.7464060 12.232 nan nan 5668.6 nan nan
 TOI-3641.01: 4.718 nan nan nan 5.73615 2459908.641154 nan 0
>TOI-3642: 45.1482510 39.9351100 11.364 0.960 0.947 5458.0 4.45 nan
 TOI-3642.01: 1.829 14.105 nan 0.0491 4.08445 2459902.819190 1163.8 0
>TOI-3644: 29.7423420 56.8577600 11.332 2.700 1.639 7308.0 3.79 nan
 TOI-3644.01: 2.006 12.511 nan 0.0345 1.83173 2459906.758430 3117.5 0
>TOI-3645: 33.0881890 36.3322720 11.781 1.130 0.996 5585.0 4.33 nan
 TOI-3645.01: 2.530 12.650 nan 0.0403 2.95984 2459907.472330 1426.1 0
>TOI-3646: 14.6726090 57.5900650 12.148 1.420 1.039 5840.0 4.15 nan
 TOI-3646.01: 2.523 21.413 nan 0.0333 2.17954 2459908.958083 1838.9 0
>TOI-3647: 44.7948350 37.6354220 11.033 nan nan nan nan nan
 TOI-3647.01: 2.729 nan nan nan 3.11161 2458813.248651 nan 0
>TOI-3648: 40.7152350 39.5789340 11.990 2.400 1.053 5858.5 3.70 nan
 TOI-3648.01: 3.379 15.738 nan 0.0407 2.92346 2459909.262666 2169.3 0
>TOI-3649: 40.2163560 36.1077890 12.188 1.420 1.113 6016.1 4.18 nan
 TOI-3649.01: 1.977 13.362 nan 0.0446 3.26374 2458814.113230 1636.9 0
>TOI-365: 10.9223680 -38.0432130 12.255 1.290 1.031 5808.0 4.23 nan
 TOI-365.01: 3.335 34.175 nan 0.1042 12.11028 2459104.699050 985.4 0
>TOI-3650: 39.5488880 39.2786510 12.290 1.190 nan 5670.5 nan nan
 TOI-3650.01: 2.071 13.529 nan nan 1.75568 2458814.194955 nan 0
>TOI-3651: 34.5625580 44.0879890 10.718 1.850 1.433 6714.1 4.06 nan
 TOI-3651.01: 1.665 14.688 nan 0.0292 1.52446 2459908.081854 2577.0 0
>TOI-3652: 46.7708090 49.0103020 10.771 2.970 1.470 6841.0 3.66 nan
 TOI-3652.01: 3.691 16.663 nan 0.0511 3.47969 2459906.291184 2514.9 0
>TOI-3653: 27.5285480 49.1048420 11.984 1.120 1.097 5981.0 4.38 nan
 TOI-3653.01: 1.471 13.557 nan 0.0558 4.60173 2459909.350822 1292.1 0
>TOI-3654: 39.3570610 42.9712220 11.048 1.120 1.001 5622.0 4.34 nan
 TOI-3654.01: 1.675 8.261 nan 0.0339 2.27718 2458814.364165 1558.2 0
>TOI-3655: 59.6435770 30.8663650 11.110 1.500 nan 6229.9 nan nan
 TOI-3655.01: 2.146 24.476 nan nan 3.33257 2459519.849061 nan 0
>TOI-3656: 40.8565590 32.5579860 12.026 1.180 0.990 5587.5 4.29 nan
 TOI-3656.01: 2.820 12.278 nan 0.0609 5.51223 2459906.227504 1186.0 0
>TOI-3657: 30.0032630 38.5299640 12.219 1.110 nan 6191.8 nan nan
 TOI-3657.01: 2.736 15.434 nan nan 4.08989 2459906.542070 nan 0
>TOI-3660: 29.5139260 41.2202480 11.932 1.443 1.261 6373.0 4.22 nan
 TOI-3660.01: 1.901 18.257 nan 0.0528 3.94976 2459884.206655 1606.5 0
>TOI-3661: 21.7922020 58.9606400 10.777 nan nan nan nan nan
 TOI-3661.01: 3.420 nan nan nan 2.64808 2459906.755964 nan 0
>TOI-3662: 54.4056220 46.8428700 10.080 2.020 nan 7934.0 nan nan
 TOI-3662.01: 3.566 13.929 nan nan 9.99081 2458813.713584 nan 0
>TOI-3665: 54.2149810 44.7698460 10.976 0.810 0.830 4977.4 4.54 nan
 TOI-3665.01: 1.576 3.713 nan 0.0168 0.87465 2458812.783914 1666.6 0
>TOI-3666: 44.4709880 30.6255970 10.255 1.298 1.093 5961.2 4.25 nan
 TOI-3666.01: 3.302 12.499 nan 0.0542 4.40852 2459886.331856 1406.7 0
>TOI-3667: 33.8119010 33.2292760 11.990 1.420 1.015 5717.0 4.14 nan
 TOI-3667.01: 2.957 16.883 nan 0.0609 5.44398 2459884.185008 1331.2 0
>TOI-3668: 48.2184760 35.0934550 10.218 2.730 1.082 5921.0 3.60 nan
 TOI-3668.01: 1.196 13.528 nan 0.0165 0.74152 2459908.643175 3672.5 0
>TOI-3669: 31.6023660 33.8562950 12.322 1.510 nan 5958.7 nan nan
 TOI-3669.01: 1.356 10.817 nan nan 1.21267 2459909.846648 nan 0
>TOI-3670: 18.6696590 57.0776930 11.516 1.052 0.991 5601.5 4.39 nan
 TOI-3670.01: 2.105 13.793 nan 0.0330 2.19478 2459882.986355 1525.1 0
>TOI-3671: 12.4075780 56.0015510 11.898 1.410 1.097 5972.0 4.18 nan
 TOI-3671.01: 1.067 16.122 nan 0.0291 1.72661 2459909.444040 2004.5 0
>TOI-3673: 8.7225690 54.7435140 12.012 1.290 0.984 5615.0 4.21 nan
 TOI-3673.01: 2.781 16.420 nan 0.0333 2.23908 2459909.495737 1685.2 0
>TOI-3674: 23.8771310 50.9878010 12.035 1.360 1.069 5854.0 4.20 nan
 TOI-3674.01: 3.232 13.057 nan 0.0542 4.46194 2459909.403907 1414.0 0
>TOI-3675: 45.2046180 27.3196500 12.023 1.122 0.896 5219.0 4.29 nan
 TOI-3675.01: 4.692 12.476 nan 0.0620 5.95778 2459479.098380 1070.6 0
>TOI-3676: 41.9461410 49.4104350 11.907 nan nan 4828.4 nan nan
 TOI-3676.01: 1.676 nan nan nan 1.93415 2459906.383384 nan 0
>TOI-3679: 36.1267140 35.5283210 11.626 0.890 0.935 5418.0 4.51 nan
 TOI-3679.01: 2.816 12.766 nan 0.0629 5.96641 2459903.742163 982.7 0
>TOI-3680: 9.6448170 54.5675470 10.355 2.240 1.237 6304.0 3.83 nan
 TOI-3680.01: 1.021 14.164 nan 0.0300 1.70542 2459909.677229 2626.7 0
>TOI-3683: 40.9583030 54.7803980 10.411 2.150 1.647 7321.3 3.99 nan
 TOI-3683.01: 1.951 20.605 nan 0.0285 1.36971 2459907.842783 3066.3 0
>TOI-3685: 15.7543280 57.8790110 12.132 1.210 1.041 5785.0 4.29 nan
 TOI-3685.01: 2.891 12.978 nan 0.0578 4.97774 2459903.636558 1276.3 0
>TOI-3686: 36.9005630 59.9527210 10.038 1.243 0.894 5262.0 4.20 nan
 TOI-3686.01: 3.641 14.934 nan 0.0557 5.07781 2459884.347294 1198.6 0
>TOI-3687: 34.0183030 53.1083350 12.400 nan nan 5854.0 nan nan
 TOI-3687.01: 6.186 nan nan nan 4.45439 2459907.561404 nan 0
>TOI-3689: 30.3679060 48.6365240 12.229 1.670 1.280 6391.0 4.10 nan
 TOI-3689.01: 2.272 15.702 nan 0.0382 2.41450 2459909.291498 2037.6 0
>TOI-369: 351.2293970 -38.1607920 8.191 nan nan nan nan nan
 TOI-369.01: 2.928 nan nan nan 5.46401 2459108.378801 nan 0
>TOI-3690: 19.6702170 52.6994360 10.273 0.970 0.786 4798.6 4.36 nan
 TOI-3690.01: 1.066 8.169 nan 0.0843 10.07556 2459896.942964 784.9 0
>TOI-3691: 18.7730670 53.1176870 11.631 1.300 1.412 6702.0 4.36 nan
 TOI-3691.01: 3.244 15.909 nan 0.0491 3.34114 2459904.568451 1662.9 0
>TOI-3692: 16.8137470 53.6717810 12.225 nan nan 5218.2 nan nan
 TOI-3692.01: 4.684 nan nan nan 3.32103 2459908.609958 nan 0
>TOI-3694: 23.4321870 59.4256040 10.798 0.770 0.668 4245.0 4.49 nan
 TOI-3694.01: 1.668 5.007 nan 0.0319 2.54009 2458812.951218 1005.7 0
>TOI-3695: 38.2599280 45.2858060 12.466 1.970 1.205 6231.0 3.93 nan
 TOI-3695.01: 1.426 28.910 nan 0.0149 0.60416 2459909.754431 3454.9 0
>TOI-3696: 36.7190780 45.0379630 11.610 1.860 1.151 6120.1 3.96 nan
 TOI-3696.01: 4.356 13.173 nan 0.0553 4.42361 2459907.225510 1711.5 0
>TOI-3697: 23.0428460 54.2762920 10.503 1.370 0.902 5252.0 4.12 nan
 TOI-3697.01: 2.698 22.770 nan 0.0875 9.94417 2459894.131358 1002.1 0
>TOI-3698: 87.8839810 36.7873000 11.276 1.780 1.156 6121.8 4.00 nan
 TOI-3698.01: 4.292 15.213 nan 0.0363 2.34673 2459911.943119 2067.1 0
>TOI-3699: 60.9374130 50.2362050 11.658 1.658 1.552 7046.0 4.19 nan
 TOI-3699.01: 2.749 18.178 nan 0.0476 3.04239 2459912.279232 2005.2 0
>TOI-370: 8.6596790 -32.1665780 12.568 1.055 1.043 5805.0 4.41 nan
 TOI-370.01: 3.038 18.154 nan 0.0504 4.04637 2459090.735093 1280.7 0
>TOI-3700: 82.2508580 68.4814050 11.809 1.120 1.176 6166.0 4.41 nan
 TOI-3700.01: 3.242 12.832 nan 0.0556 4.41844 2460286.353547 1334.5 0
>TOI-3701: 60.3629350 49.2652490 11.970 1.076 0.945 5457.0 4.35 nan
 TOI-3701.01: 2.582 15.322 nan 0.0505 4.26057 2459911.332792 1214.6 0
>TOI-3702: 49.1023990 58.2877440 10.851 nan nan 4930.6 nan nan
 TOI-3702.01: 1.070 nan nan nan 2.28422 2459907.098470 nan 0
>TOI-3703: 76.0923960 44.3341070 11.121 2.237 1.353 6530.0 3.87 nan
 TOI-3703.01: 4.083 19.049 nan 0.0535 3.89013 2460286.817556 2036.1 0
>TOI-3704: 72.2471990 44.4194310 11.805 0.965 0.957 5483.9 4.45 nan
 TOI-3704.01: 1.815 18.100 nan 0.0241 1.39449 2459911.348741 1673.3 0
>TOI-3706: 76.8252240 59.7295510 12.014 1.231 1.387 6647.1 4.40 nan
 TOI-3706.01: 3.781 15.452 nan 0.0583 4.37018 2460286.769995 1472.9 0
>TOI-3707: 75.9523920 31.6578740 11.750 1.660 1.236 6302.0 4.09 nan
 TOI-3707.01: 4.445 14.934 nan 0.0607 4.91072 2459914.257661 1589.2 0
>TOI-3708: 46.1554550 59.3569260 10.727 1.130 0.929 5400.0 4.30 nan
 TOI-3708.01: 4.323 13.366 nan 0.0717 7.27299 2459902.981830 1033.7 0
>TOI-3709: 67.7953350 59.1595640 11.637 nan nan nan nan nan
 TOI-3709.01: 2.293 nan nan nan 3.25098 2460288.729263 nan 0
>TOI-371: 8.9239180 -50.3169670 11.573 0.910 0.934 5389.0 4.49 nan
 TOI-371.01: 2.291 6.578 nan 0.0439 3.48138 2459088.526738 1183.1 0
>TOI-3710: 90.8086370 41.6494610 12.379 1.720 1.239 6267.0 4.06 nan
 TOI-3710.01: 3.510 15.751 nan 0.0385 2.48023 2458838.338784 2019.9 0
>TOI-3711: 77.1637360 66.5261100 12.245 1.890 1.109 5983.0 3.93 nan
 TOI-3711.01: 1.723 18.246 nan 0.0422 3.01082 2458836.560620 1930.8 0
>TOI-3713: 67.9987590 32.8693830 10.792 0.890 0.726 4571.1 4.40 nan
 TOI-3713.01: 2.783 11.225 nan 0.0840 10.44018 2459918.987409 717.5 0
>TOI-3715: 88.8908510 39.1265190 11.571 2.050 nan 6351.8 nan nan
 TOI-3715.01: 2.365 21.020 nan nan 2.47135 2459912.370980 nan 0
>TOI-3716: 68.0058030 36.0124760 10.795 nan nan 4740.0 nan nan
 TOI-3716.01: 6.711 nan nan nan 6.09859 2458832.542018 nan 0
>TOI-3717: 69.9659560 46.6694450 10.492 1.820 1.630 7253.0 4.13 nan
 TOI-3717.01: 2.645 10.486 nan 0.1077 10.11828 2458823.030985 1437.7 0
>TOI-3718: 65.7136480 41.1253150 11.017 2.020 1.296 6455.1 3.94 nan
 TOI-3718.01: 4.263 12.171 nan 0.0558 4.23060 2458834.649331 1872.8 0
>TOI-3719: 63.2866610 54.5720950 11.344 1.478 1.385 6629.1 4.24 nan
 TOI-3719.01: 1.595 13.361 nan 0.0249 1.22223 2459911.031517 2462.8 0
>TOI-372: 359.7590690 -15.6120210 10.960 0.990 0.940 5769.7 4.42 nan
 TOI-372.01: 2.095 17.524 nan 0.0207 1.12028 2459112.072850 1924.1 0
>TOI-3720: 60.6966330 39.0413230 9.839 2.641 1.335 6533.0 3.72 nan
 TOI-3720.01: 1.744 20.939 nan 0.0608 4.73783 2459913.321140 2076.2 0
>TOI-3721: 80.6115940 40.4259910 11.441 1.095 0.873 5151.0 4.30 nan
 TOI-3721.01: 3.077 10.215 nan 0.0435 3.54112 2460287.522921 1246.2 0
>TOI-3722: 50.3248440 63.7325220 12.007 1.310 nan 4920.0 nan nan
 TOI-3722.01: 1.980 18.456 nan nan 1.07886 2459910.394452 nan 0
>TOI-3723: 82.2150930 30.2274730 12.155 1.220 1.332 6518.1 4.39 nan
 TOI-3723.01: 3.269 14.652 nan 0.0538 3.94420 2459544.669393 1496.7 0
>TOI-3724: 80.4258780 36.2746350 10.707 1.390 1.343 6523.0 4.28 nan
 TOI-3724.01: 6.092 13.512 nan nan nan 2458838.121011 nan 0
>TOI-3726: 77.2982770 38.2285720 11.791 1.047 1.077 5925.1 4.43 nan
 TOI-3726.01: 2.617 17.700 nan 0.0574 4.84044 2460290.432392 1220.2 0
>TOI-3727: 84.4797010 64.5454570 10.784 1.466 1.332 6475.0 4.23 nan
 TOI-3727.01: 4.393 12.802 nan 0.1215 13.39886 2459919.639750 1084.6 0
>TOI-3729: 86.5942550 59.5216660 11.523 nan nan 5051.3 nan nan
 TOI-3729.01: 2.672 nan nan nan 8.17444 2460290.926859 nan 0
>TOI-3730: 64.2309180 36.9241120 11.702 nan nan 4837.0 nan nan
 TOI-3730.01: 4.843 nan nan nan 2.54045 2459910.634543 nan 0
>TOI-3731: 83.8911120 31.1645470 9.794 1.370 nan 6294.0 nan nan
 TOI-3731.01: 2.149 10.514 nan nan 5.66191 2459911.966229 nan 0
>TOI-3732: 84.6138210 57.0314250 11.298 2.350 1.393 6633.2 3.84 nan
 TOI-3732.01: 3.840 17.518 nan 0.0451 2.95947 2458837.443197 2308.9 0
>TOI-3734: 79.2856410 53.7234580 11.852 nan nan 4880.9 nan nan
 TOI-3734.01: 2.764 nan nan nan 2.14119 2460287.307924 nan 0
>TOI-3735: 55.5901430 58.2953320 10.215 1.016 1.218 6245.0 4.51 nan
 TOI-3735.01: 3.958 11.110 nan 0.0468 3.35268 2459912.078486 1403.1 0
>TOI-3736: 79.7035120 43.8159360 12.433 1.795 1.479 6876.0 4.10 nan
 TOI-3736.01: 3.210 20.046 nan 0.0378 2.20912 2460286.244876 2284.8 0
>TOI-3737: 72.4271730 35.3016570 10.065 1.580 1.070 5863.0 4.07 nan
 TOI-3737.01: 4.204 15.295 nan 0.0628 5.56100 2459912.415649 1418.1 0
>TOI-3738: 88.9855890 34.2658090 11.273 1.756 1.482 6806.6 4.12 nan
 TOI-3738.01: 4.710 17.232 nan 0.0598 4.38476 2459474.306264 1778.6 0
>TOI-3739: 86.6359270 51.2425990 12.021 1.678 1.153 6083.0 4.05 nan
 TOI-3739.01: 3.744 16.619 nan 0.0468 3.44716 2459911.354239 1756.4 0
>TOI-374: 358.2274530 -41.7004680 11.997 1.282 1.018 5719.0 4.23 nan
 TOI-374.01: 4.438 13.311 nan 0.0612 5.48210 2459091.224648 1262.2 0
>TOI-3741: 81.5782510 47.0737800 11.498 0.970 nan 5086.8 nan nan
 TOI-3741.01: 2.763 18.962 nan nan 2.04495 2458838.028865 nan 0
>TOI-3743: 58.4909450 58.7481050 10.187 nan nan 3898.0 nan nan
 TOI-3743.01: 2.553 nan nan nan 2.11863 2458840.233156 nan 0
>TOI-3744: 60.2738430 67.5076350 11.117 2.745 1.227 6257.0 3.65 nan
 TOI-3744.01: 4.274 15.376 nan 0.0519 3.90105 2459911.429374 2194.3 0
>TOI-3745: 65.6154130 46.5360110 11.081 0.900 0.777 4830.0 4.42 nan
 TOI-3745.01: 2.674 7.580 nan 0.0255 1.68831 2458838.180464 1383.7 0
>TOI-3747: 58.9836830 57.8341230 nan 1.986 1.810 7747.0 4.10 nan
 TOI-3747.01: 2.324 15.626 nan 0.0319 1.55031 2459911.552961 2947.5 0
>TOI-3748: 51.7610320 61.1893310 12.103 1.433 1.134 6087.0 4.18 nan
 TOI-3748.01: 1.502 14.751 nan 0.0363 2.37530 2459911.985168 1844.2 0
>TOI-3749: 68.5394950 32.8069510 11.704 1.500 0.942 5410.0 4.06 nan
 TOI-3749.01: 2.798 14.035 nan 0.0292 1.87519 2459911.346754 1869.8 0
>TOI-3750: 76.4237730 67.8203180 10.875 0.630 0.617 3815.0 4.63 nan
 TOI-3750.01: 2.827 8.495 nan 0.0897 12.48446 2458826.425862 487.5 0
>TOI-3751: 68.6290230 32.4766370 11.523 1.200 1.289 6400.6 4.39 nan
 TOI-3751.01: 3.375 13.834 nan 0.0435 2.91570 2459910.877562 1621.1 0
>TOI-3752: 46.8118350 64.3953620 11.593 nan nan 4879.0 nan nan
 TOI-3752.01: 3.691 nan nan nan 2.80542 2459883.538733 nan 0
>TOI-3754: 46.9342080 62.3996800 10.593 2.980 1.176 6170.0 3.56 nan
 TOI-3754.01: 4.428 11.771 nan 0.0384 2.53128 2458839.285714 2621.0 0
>TOI-3755: 69.7472610 66.6712090 10.876 1.076 0.924 5354.0 4.34 nan
 TOI-3755.01: 3.117 10.335 nan 0.0597 5.54558 2460291.216212 1096.1 0
>TOI-3756: 83.6530070 36.9396260 10.476 1.062 1.132 6096.0 4.44 nan
 TOI-3756.01: 1.471 12.626 nan 0.0550 4.42367 2459912.449974 1291.7 0
>TOI-3758: 41.3236130 69.1062590 10.991 1.520 1.061 5868.0 4.10 nan
 TOI-3758.01: 3.415 15.358 nan 0.0453 3.41775 2459736.687477 1639.1 0
>TOI-376: 354.4457600 -42.9663870 11.339 1.071 0.915 5317.0 4.34 nan
 TOI-376.01: 1.999 12.669 nan 0.0373 2.75099 2459062.452226 1373.9 0
>TOI-3760: 87.6459240 44.6872140 11.352 nan nan 4852.0 nan nan
 TOI-3760.01: 0.955 nan nan nan 0.53186 2458840.868452 nan 0
>TOI-3761: 48.6699550 66.9207750 11.094 0.740 0.677 4375.0 4.53 nan
 TOI-3761.01: 2.136 17.630 nan 0.1504 25.89448 2458812.228444 468.0 0
>TOI-3762: 70.3256410 55.9332540 9.797 2.170 1.462 6779.0 3.93 nan
 TOI-3762.01: 0.762 6.833 nan 0.0172 0.68436 2458839.718032 3671.7 0
>TOI-3763: 57.9476850 47.1498940 11.566 1.815 1.658 7284.0 4.14 nan
 TOI-3763.01: 3.200 17.468 nan 0.0368 2.00427 2459910.768255 2466.7 0
>TOI-3764: 48.7912090 66.5976570 11.124 1.893 nan 4773.0 nan nan
 TOI-3764.01: 2.472 17.237 nan nan 6.57185 2459911.460385 nan 0
>TOI-3765: 57.5118050 46.6810420 11.043 1.639 1.665 7298.0 4.23 nan
 TOI-3765.01: 3.350 17.746 nan 0.0498 3.14795 2459913.047807 2018.9 0
>TOI-3767: 69.4881290 52.7162300 11.528 2.099 0.924 5382.0 3.76 nan
 TOI-3767.01: 4.183 21.861 nan 0.0341 2.39078 2460287.763305 2036.1 0
>TOI-3768: 83.3794620 45.0817170 12.203 1.993 1.589 7166.0 4.04 nan
 TOI-3768.01: 2.663 18.377 nan 0.0384 2.18032 2460286.372607 2489.4 0
>TOI-3769: 54.8240500 52.8246490 9.400 1.700 1.389 6650.0 4.12 nan
 TOI-3769.01: 3.972 14.012 nan 0.1036 10.33809 2458821.027915 1299.0 0
>TOI-3770: 66.3815110 57.8061180 12.082 0.900 0.872 5176.0 4.47 nan
 TOI-3770.01: 1.009 7.709 nan 0.0177 0.91838 2458840.119677 1779.8 0
>TOI-3771: 82.5602590 31.1817460 12.056 1.395 1.417 6717.3 4.30 nan
 TOI-3771.01: 2.723 16.456 nan 0.0519 3.62387 2459476.041428 1679.3 0
>TOI-3772: 86.0434800 36.0806530 11.278 0.874 0.861 5119.0 4.49 nan
 TOI-3772.01: 2.191 7.316 nan 0.0482 4.16891 2460287.542966 1051.1 0
>TOI-3773: 61.4969520 51.7243230 10.948 1.707 1.039 5823.8 3.99 nan
 TOI-3773.01: 2.170 19.444 nan 0.0408 2.95081 2459912.938613 1816.5 0
>TOI-3774: 95.1605820 43.1653060 11.715 nan nan nan nan nan
 TOI-3774.01: 1.313 nan nan nan 1.59708 2458865.318987 nan 0
>TOI-3775: 107.0823690 34.6744450 12.148 1.130 1.092 5915.0 4.37 nan
 TOI-3775.01: 3.225 15.846 nan 0.0619 5.38684 2459598.378870 1218.7 0
>TOI-3776: 102.8276250 33.5455770 11.447 0.660 nan 5247.2 nan nan
 TOI-3776.01: 1.396 12.566 nan nan 1.33123 2459548.392348 nan 0
>TOI-3777: 126.8186920 50.7578200 12.267 1.410 1.350 6545.0 4.27 nan
 TOI-3777.01: 2.530 9.513 nan 0.0381 2.33657 2458867.780707 1920.0 0
>TOI-3778: 116.7670030 56.7834360 11.758 0.927 0.926 5353.3 4.47 nan
 TOI-3778.01: 2.751 8.119 nan 0.0602 5.60899 2459596.981243 1013.0 0
>TOI-3779: 104.7332240 49.9687350 12.258 nan nan nan nan nan
 TOI-3779.01: 1.820 nan nan nan 1.61806 2459937.958248 nan 0
>TOI-3780: 92.6097160 71.4121340 12.263 1.061 1.030 5765.0 4.40 nan
 TOI-3780.01: 2.176 15.995 nan 0.0247 1.40053 2459391.613431 1822.0 0
>TOI-3782: 98.5386460 66.6346640 11.220 1.690 1.405 6683.0 4.13 nan
 TOI-3782.01: 1.167 13.024 nan 0.1044 10.39187 2458864.197120 1296.6 0
>TOI-3783: 133.7056690 55.1341270 12.021 1.480 1.182 6204.0 4.17 nan
 TOI-3783.01: 4.680 12.890 nan 0.0691 6.10802 2459604.198616 1384.5 0
>TOI-3784: 92.8463140 65.7623760 12.120 3.022 1.006 5646.0 3.48 nan
 TOI-3784.01: 3.288 21.284 nan 0.0569 4.93867 2459912.026871 1984.1 0
>TOI-3786: 95.1211270 58.0941960 11.343 1.540 1.089 5973.3 4.10 nan
 TOI-3786.01: 1.380 14.973 nan 0.0331 2.10406 2458865.144467 1964.7 0
>TOI-3787: 133.0726020 61.9721240 12.176 1.174 0.915 5290.0 4.26 nan
 TOI-3787.01: 3.583 14.752 nan 0.0542 4.81632 2459604.335042 1187.2 0
>TOI-3788: 94.4325770 54.3813060 10.492 1.760 1.327 6510.2 4.07 nan
 TOI-3788.01: 3.061 15.174 nan 0.0457 3.09237 2458863.845509 1948.2 0
>TOI-3789: 115.0843610 49.0786070 11.917 0.903 0.962 5497.6 4.51 nan
 TOI-3789.01: 1.909 10.424 nan 0.0496 4.12000 2459602.973528 1131.1 0
>TOI-3792: 102.5994790 48.9449820 11.793 1.190 1.156 6125.0 4.35 nan
 TOI-3792.01: 1.109 6.520 nan 0.0173 0.77291 2458867.809578 2449.6 0
>TOI-3793: 118.1649300 42.7864970 12.349 1.333 1.293 6433.0 4.30 nan
 TOI-3793.01: 2.344 17.887 nan 0.0468 3.25513 2459606.578007 1655.5 0
>TOI-3797: 104.8409010 48.3028800 10.829 1.210 1.090 5973.8 4.31 nan
 TOI-3797.01: 2.976 11.282 nan 0.1364 17.62292 2459586.242515 858.0 0
>TOI-3798: 124.1149060 47.0219890 11.689 1.076 0.989 5573.0 4.37 nan
 TOI-3798.01: 2.029 12.225 nan 0.0376 2.67974 2459604.436695 1437.6 0
>TOI-380: 23.2805850 -47.8820840 12.141 1.000 nan 5227.0 nan nan
 TOI-380.01: 1.006 18.377 nan nan 0.50455 2459088.500323 nan 0
>TOI-3800: 103.2760840 39.1322780 11.141 1.400 1.600 7189.4 4.35 nan
 TOI-3800.01: 2.350 5.739 nan 0.0322 1.66676 2458866.227324 2285.9 0
>TOI-3801: 114.0108090 47.2581310 11.731 1.043 0.974 5565.6 4.39 nan
 TOI-3801.01: 3.401 12.835 nan 0.0631 5.86779 2459606.426277 1091.1 0
>TOI-3802: 98.7815760 45.0276820 11.410 1.360 0.998 5586.0 4.17 nan
 TOI-3802.01: 1.294 12.912 nan 0.0252 1.46582 2458866.749372 1978.8 0
>TOI-3803: 107.1738130 38.1810600 11.530 2.070 1.492 6862.4 3.98 nan
 TOI-3803.01: 2.301 13.238 nan 0.0417 2.54928 2459603.238059 2331.5 0
>TOI-3804: 134.6553520 74.4591830 12.060 1.062 1.010 5689.0 4.39 nan
 TOI-3804.01: 2.790 14.609 nan 0.0434 3.29057 2460313.036448 1357.0 0
>TOI-3805: 94.8996840 42.3135940 11.514 1.020 0.910 5295.0 4.38 nan
 TOI-3805.01: 2.150 12.148 nan 0.0470 3.89604 2458860.700619 1189.5 0
>TOI-3806: 113.6749500 38.9865260 11.247 1.940 1.437 6709.5 4.02 nan
 TOI-3806.01: 1.205 14.088 nan 0.0458 2.98590 2459601.456963 2105.7 0
>TOI-3809: 100.2887380 48.8613780 11.683 0.850 0.853 5058.0 4.51 nan
 TOI-3809.01: 2.728 13.640 nan 0.0439 3.63463 2458867.346917 1073.2 0
>TOI-3811: 95.5492320 83.8611940 10.369 1.190 0.984 5560.0 4.28 nan
 TOI-3811.01: 0.706 7.754 nan 0.0401 2.95946 2459912.976233 1460.5 0
>TOI-3812: 112.1943860 34.1853550 11.306 0.893 0.941 5382.2 4.51 nan
 TOI-3812.01: 2.882 12.163 nan 0.0474 3.88500 2459602.230996 1126.5 0
>TOI-3813: 118.0600440 31.6469400 12.584 1.236 1.219 6268.0 4.34 nan
 TOI-3813.01: 3.226 13.675 nan 0.0502 3.71787 2459500.954230 1499.8 0
>TOI-3814: 139.8384630 66.8032730 11.452 1.436 1.087 5914.0 4.16 nan
 TOI-3814.01: 4.170 14.004 nan 0.0585 4.95131 2459606.149028 1412.9 0
>TOI-3815: 109.3585310 49.8400820 11.368 1.870 1.061 5908.0 3.92 nan
 TOI-3815.01: 4.437 21.211 nan 0.0574 4.87098 2459604.923601 1626.1 0
>TOI-3816: 128.8616320 67.1283690 12.499 1.140 1.190 6180.0 4.40 nan
 TOI-3816.01: 1.191 10.129 nan 0.0212 1.03582 2459744.766228 2185.3 0
>TOI-3817: 107.5047110 70.9763790 12.309 2.059 1.228 6313.0 3.90 nan
 TOI-3817.01: 4.996 17.441 nan 0.0601 4.85048 2460287.706913 1781.8 0
>TOI-3818: 121.5918870 42.1924700 12.253 1.353 1.034 5800.1 4.19 nan
 TOI-3818.01: 3.351 13.855 nan 0.0433 3.23715 2459601.148849 1563.4 0
>TOI-3820: 115.6416320 28.8071320 10.731 1.870 1.304 6403.0 4.01 nan
 TOI-3820.01: 3.102 24.547 nan 0.0661 5.42908 2459503.092356 1642.2 0
>TOI-3821: 105.8684080 60.8525510 12.356 2.108 1.547 7054.0 3.98 nan
 TOI-3821.01: 2.740 23.735 nan 0.0428 2.59726 2459602.180529 2387.2 0
>TOI-3822: 104.6033370 59.9729810 11.198 1.044 0.933 5376.0 4.37 nan
 TOI-3822.01: 2.715 13.291 nan 0.0409 3.12352 2459601.358946 1309.7 0
>TOI-3823: 127.0337060 56.4310770 10.571 1.100 1.302 6385.1 4.47 nan
 TOI-3823.01: 0.880 4.494 nan 0.0166 0.68484 2459605.942792 2506.4 0
>TOI-3826: 149.8769350 36.9924500 11.574 1.040 0.968 5545.7 4.39 nan
 TOI-3826.01: 3.333 17.254 nan 0.0565 4.98071 2459632.217096 1147.3 0
>TOI-3828: 150.8925040 67.9900370 nan nan nan nan nan nan
 TOI-3828.01: 4.471 nan nan nan 19.51056 2459585.919343 nan 0
>TOI-3829: 137.4212320 31.2924230 11.003 1.080 0.909 5385.0 4.33 nan
 TOI-3829.01: 2.819 12.838 nan 0.0387 2.91503 2459632.099977 1371.8 0
>TOI-3830: 167.2949500 49.9557570 12.097 1.040 0.925 5371.2 4.37 nan
 TOI-3830.01: 1.849 10.359 nan 0.0418 3.24932 2459631.561236 1291.9 0
>TOI-3831: 146.8204220 44.6389300 11.961 nan nan 5253.2 nan nan
 TOI-3831.01: 1.871 nan nan nan 1.70883 2459635.338271 nan 0
>TOI-3832: 177.7022270 75.2033700 11.678 1.050 1.082 5952.0 4.43 nan
 TOI-3832.01: 4.032 9.426 nan 0.1676 24.08199 2459604.064414 718.4 0
>TOI-3833: 153.1554510 62.3294600 11.591 1.100 0.683 4423.0 4.19 nan
 TOI-3833.01: 0.603 18.907 nan 0.0100 0.43999 2459635.915521 2236.9 0
>TOI-3834: 179.9069000 72.3015180 12.238 nan nan 5673.6 nan nan
 TOI-3834.01: 2.368 nan nan nan 3.39520 2459631.909611 nan 0
>TOI-3835: 144.3959270 28.2453600 11.619 1.090 1.039 5788.7 4.38 nan
 TOI-3835.01: 1.829 14.266 nan 0.0242 1.34606 2459633.636146 1873.4 0
>TOI-3836: 166.2389450 43.4643810 11.584 nan nan nan nan nan
 TOI-3836.01: 2.457 nan nan nan 2.57338 2459633.448417 nan 0
>TOI-3838: 141.4805210 33.4127400 11.723 1.320 nan 6203.3 nan nan
 TOI-3838.01: 1.056 8.418 nan nan 0.82756 2459635.460006 nan 0
>TOI-3839: 201.5107690 74.7588590 12.083 1.420 1.249 6341.0 4.23 nan
 TOI-3839.01: 1.345 14.357 nan 0.0440 3.01935 2459632.828449 1737.0 0
>TOI-3840: 151.2934940 60.3520930 12.228 1.280 1.038 5788.0 4.24 nan
 TOI-3840.01: 2.963 10.172 nan 0.0467 3.62176 2459633.530048 1461.2 0
>TOI-3841: 154.8833630 48.3535550 12.238 1.644 1.158 6145.0 4.07 nan
 TOI-3841.01: 1.907 12.440 nan 0.0527 4.11250 2459629.928738 1655.0 0
>TOI-3842: 133.9776290 30.9903480 11.103 0.910 0.708 4489.2 4.37 nan
 TOI-3842.01: 2.557 13.587 nan 0.0414 3.65662 2458895.099104 1014.9 0
>TOI-3844: 131.3662440 35.6171670 11.908 1.220 1.011 5726.0 4.27 nan
 TOI-3844.01: 0.996 13.868 nan 0.0183 0.89627 2459606.766668 2254.4 0
>TOI-3847: 160.4045540 63.8885920 11.093 1.060 1.006 5623.0 4.39 nan
 TOI-3847.01: 2.673 10.234 nan 0.0974 11.07837 2459616.654357 894.5 0
>TOI-3848: 170.6896500 70.8322760 11.824 0.820 0.793 4798.0 4.51 nan
 TOI-3848.01: 3.742 9.881 nan 0.1148 15.95449 2459592.007861 618.3 0
>TOI-3849: 142.0869450 66.9501560 11.973 1.000 0.875 5196.0 4.38 nan
 TOI-3849.01: 1.871 14.872 nan 0.0214 1.22204 2459938.035061 1712.8 0
>TOI-3850: 182.7094450 66.9521580 11.609 1.020 1.120 6039.0 4.47 nan
 TOI-3850.01: 4.696 13.209 nan 0.1208 14.48330 2459614.177984 846.2 0
>TOI-3851: 150.3804030 75.2118970 10.286 1.230 1.051 5838.0 4.28 nan
 TOI-3851.01: 2.746 4.690 nan 0.0448 3.38347 2459762.517731 1475.1 0
>TOI-3852: 171.7897230 74.4653490 12.182 0.920 1.121 6010.0 4.56 nan
 TOI-3852.01: 3.871 13.997 nan 0.1296 16.10201 2459945.476803 772.1 0
>TOI-3853: 170.6737310 73.5079230 11.116 1.120 1.001 5648.0 4.34 nan
 TOI-3853.01: 2.975 4.576 nan 0.0624 5.69223 2459633.208490 1153.8 0
>TOI-3854: 165.2734120 73.0682320 12.150 0.930 1.044 5814.0 4.52 nan
 TOI-3854.01: 2.029 9.961 nan 0.0437 3.26936 2459940.223533 1293.3 0
>TOI-3855: 135.4964640 27.4749530 11.805 0.900 0.677 4304.8 4.36 nan
 TOI-3855.01: 1.745 12.653 nan 0.0396 3.49525 2459574.053318 989.6 0
>TOI-3857: 141.9210260 46.2143420 11.698 0.860 0.743 4646.6 4.44 nan
 TOI-3857.01: 2.487 12.463 nan 0.0393 3.29564 2458894.492951 1048.1 0
>TOI-3858: 141.0489510 64.3183470 10.399 1.160 1.261 6329.0 4.41 nan
 TOI-3858.01: 4.395 4.854 nan 0.1376 16.59683 2459606.486129 886.1 0
>TOI-3859: 168.9261580 28.7810250 11.836 1.480 1.155 6123.9 4.16 nan
 TOI-3859.01: 1.706 16.448 nan 0.0309 1.84610 2458924.770085 2043.7 0
>TOI-386: 104.1383550 -53.5454490 9.612 2.670 2.113 8562.0 3.91 nan
 TOI-386.01: 1.667 11.083 nan 0.0745 5.11198 2460932.657980 2471.6 0
>TOI-3860: 188.7366920 49.9948590 12.577 1.210 1.252 6331.0 4.37 nan
 TOI-3860.01: 3.164 14.467 nan 0.0439 3.00124 2459661.296287 1602.8 0
>TOI-3861: 179.9572070 11.8646770 11.046 0.840 0.814 4899.3 4.50 nan
 TOI-3861.01: 0.638 10.853 nan 0.0268 1.77640 2459663.904525 1322.6 0
>TOI-3863: 187.2732170 31.6548070 11.736 0.960 0.969 5542.4 4.46 nan
 TOI-3863.01: 4.737 9.037 nan 0.0955 10.95436 2459633.270394 847.4 0
>TOI-3865: 187.4343240 39.7608010 11.525 nan nan 5542.1 nan nan
 TOI-3865.01: 1.894 nan nan nan 3.01159 2459662.921724 nan 0
>TOI-3866: 192.7364170 30.6859370 12.166 1.030 0.994 5570.0 4.41 nan
 TOI-3866.01: 2.380 13.277 nan 0.0324 2.13712 2459660.525530 1514.4 0
>TOI-3867: 193.6552880 47.0662420 11.598 1.070 0.979 5552.1 4.37 nan
 TOI-3867.01: 1.693 11.850 nan 0.0622 5.73109 2459653.142376 1110.4 0
>TOI-3868: 203.5672110 65.1283890 10.831 0.790 0.736 4671.0 4.51 nan
 TOI-3868.01: 3.820 7.832 nan 0.1239 18.56581 2459660.902382 568.7 0
>TOI-3869: 176.6119410 43.8635720 10.999 1.630 1.015 5682.2 4.02 nan
 TOI-3869.01: 1.367 15.481 nan 0.0984 11.20057 2459648.926530 1115.2 0
>TOI-3870: 210.9510720 64.2708880 11.578 1.350 1.078 5933.0 4.21 nan
 TOI-3870.01: 1.582 8.447 nan 0.0382 2.62926 2459662.837468 1700.8 0
>TOI-3871: 175.1450840 28.5495790 11.282 0.940 0.951 5491.7 4.47 nan
 TOI-3871.01: 2.147 11.437 nan 0.0544 4.75443 2459662.673642 1100.8 0
>TOI-3872: 162.3882300 27.1905380 11.107 0.990 1.031 5726.0 4.46 nan
 TOI-3872.01: 2.362 8.082 nan 0.0532 4.41007 2459635.328178 1191.1 0
>TOI-3873: 212.4935240 70.0655200 11.655 1.480 1.128 6071.0 4.15 nan
 TOI-3873.01: 1.386 14.688 nan 0.0504 3.89515 2459657.897950 1586.4 0
>TOI-3874: 210.5134620 71.3267600 12.173 1.250 1.111 5997.0 4.29 nan
 TOI-3874.01: 1.463 11.654 nan 0.0638 5.58227 2459659.349904 1280.0 0
>TOI-3875: 204.0802770 68.5173610 10.731 1.220 0.965 5579.0 4.25 nan
 TOI-3875.01: 2.133 12.035 nan 0.0645 6.08360 2459662.383448 1170.0 0
>TOI-3876: 193.8986690 57.1410150 11.773 0.970 1.060 5852.0 4.49 nan
 TOI-3876.01: 2.572 14.600 nan 0.0701 6.58467 2459659.911310 1049.7 0
>TOI-3878: 184.3513750 29.6335350 10.540 1.600 1.259 6322.5 4.13 nan
 TOI-3878.01: 1.074 6.706 nan 0.0188 0.83776 2459662.612281 2812.6 0
>TOI-3879: 184.6245860 34.8979760 10.171 0.920 0.911 5332.3 4.47 nan
 TOI-3879.01: 2.547 4.197 nan 0.0541 4.81047 2459656.345154 1060.3 0
>TOI-3880: 188.1807540 34.4948100 11.312 0.870 0.709 4501.0 4.41 nan
 TOI-3880.01: 1.076 8.104 nan 0.0292 2.16148 2458925.516992 1184.7 0
>TOI-3881: 196.8442860 44.3773720 11.054 1.140 0.968 5508.5 4.31 nan
 TOI-3881.01: 2.452 8.199 nan 0.0433 3.34018 2459658.750228 1362.9 0
>TOI-3882: 183.9619770 47.4279940 10.969 1.440 1.119 6004.0 4.17 nan
 TOI-3882.01: 2.282 6.351 nan 0.0330 2.07133 2458924.543804 1912.5 0
>TOI-3886: 283.0034420 52.4328000 12.445 nan nan 5622.1 nan nan
 TOI-3886.01: 3.089 nan nan nan 3.02154 2460454.788418 nan 0
>TOI-3887: 181.5187410 41.4714340 11.824 1.570 1.132 6034.0 4.10 nan
 TOI-3887.01: 3.771 14.060 nan 0.0535 4.24411 2459658.342880 1576.2 0
>TOI-3888: 184.7598910 36.6096410 11.627 0.800 0.773 4773.0 4.52 nan
 TOI-3888.01: 1.950 8.011 nan 0.0548 5.32986 2459661.932316 879.4 0
>TOI-3889: 180.2589340 55.8462010 11.014 0.840 0.934 5294.0 4.56 nan
 TOI-3889.01: 2.150 12.908 nan 0.0355 2.52285 2459635.025563 1241.8 0
>TOI-3891: 197.1452090 55.0513380 11.185 0.940 0.888 5269.6 4.44 nan
 TOI-3891.01: 2.692 3.028 nan 0.0371 2.76941 2459659.435404 1279.1 0
>TOI-3892: 171.4326320 18.1188310 10.938 1.140 0.968 5528.7 4.31 nan
 TOI-3892.01: 3.488 12.432 nan 0.0534 4.58085 2459663.101417 1231.8 0
>TOI-3893: 177.5812510 37.9160710 11.122 0.720 0.702 4485.0 4.57 nan
 TOI-3893.01: 2.370 4.290 nan 0.0756 9.05770 2459655.552232 667.4 0
>TOI-3895: 169.6898720 21.6172040 11.704 1.110 1.006 5614.5 4.35 nan
 TOI-3895.01: 3.299 9.630 nan 0.0695 6.67137 2459664.070543 1082.0 0
>TOI-3897: 213.8065520 67.7609170 10.781 1.190 nan 5911.7 nan nan
 TOI-3897.01: 4.261 5.127 nan nan 7.66071 2459655.100154 nan 0
>TOI-3898: 199.8167420 18.9142160 12.399 1.120 1.024 5693.8 4.35 nan
 TOI-3898.01: 3.865 11.155 nan 0.0833 8.67899 2459678.057054 1006.8 0
>TOI-3899: 213.9021390 57.8214720 10.000 0.920 0.976 5522.5 4.50 nan
 TOI-3899.01: 2.369 2.662 nan 0.0583 5.20777 2458951.991759 1057.9 0
>TOI-3900: 188.5280580 4.1878240 10.974 1.090 nan 5659.0 nan nan
 TOI-3900.01: 3.497 9.066 nan nan 14.78027 2458932.910253 nan 0
>TOI-3901: 218.3365420 52.3859720 12.334 0.910 1.047 5834.0 4.54 nan
 TOI-3901.01: 2.112 12.474 nan 0.0894 9.54697 2459681.957257 897.5 0
>TOI-3902: 216.7573040 28.4957620 12.173 0.970 0.945 5464.2 4.44 nan
 TOI-3902.01: 1.167 10.835 nan 0.0394 2.94060 2459690.091621 1307.4 0
>TOI-3903: 202.9068010 45.6224970 12.249 0.960 0.905 5296.6 4.43 nan
 TOI-3903.01: 4.287 9.323 nan 0.1144 14.84966 2459660.241436 739.9 0
>TOI-3904: 211.7006450 51.9920070 10.536 1.240 1.227 6297.0 4.34 nan
 TOI-3904.01: 1.259 7.666 nan 0.0983 10.16148 2459675.336571 1078.5 0
>TOI-3905: 200.4846380 40.2684600 12.022 1.040 1.062 5933.0 4.43 nan
 TOI-3905.01: 3.407 11.231 nan 0.0611 5.35994 2459664.128775 1180.3 0
>TOI-3906: 198.2444030 39.8669920 11.492 0.880 0.935 5436.3 4.52 nan
 TOI-3906.01: 0.573 6.791 nan 0.0143 0.64511 2459662.977476 2056.4 0
>TOI-3907: 231.2498640 57.8151090 11.583 0.950 0.866 5072.0 4.42 nan
 TOI-3907.01: 2.035 10.674 nan 0.0268 1.72136 2459714.521101 1456.2 0
>TOI-3908: 206.7829290 42.7360350 10.208 1.101 0.945 5433.0 4.33 nan
 TOI-3908.01: 2.046 25.168 nan 0.0248 1.46810 2459637.989586 1745.6 0
>TOI-3909: 222.1633550 53.8348290 11.357 1.350 0.961 5490.8 4.16 nan
 TOI-3909.01: 3.527 12.810 nan 0.0446 3.51154 2459688.544439 1456.7 0
>TOI-3910: 223.6095010 59.1019880 10.828 0.820 0.890 5224.0 4.56 nan
 TOI-3910.01: 2.437 12.321 nan 0.0602 5.71589 2459686.227148 929.7 0
>TOI-3911: 220.0377790 54.1372810 10.419 0.860 0.893 5298.6 4.52 nan
 TOI-3911.01: 2.682 3.528 nan 0.0837 9.35171 2459677.077572 819.0 0
>TOI-3913: 218.8740350 48.0839290 10.765 0.830 0.661 4180.4 4.42 nan
 TOI-3913.01: 1.185 7.984 nan 0.0432 4.03848 2459687.087393 883.6 0
>TOI-3915: 205.4887160 17.3000660 11.036 0.810 0.869 5177.8 4.56 nan
 TOI-3915.01: 2.175 13.614 nan 0.0316 2.20126 2459688.491692 1264.1 0
>TOI-3916: 220.7266490 41.3684720 11.969 1.060 1.103 6005.0 4.43 nan
 TOI-3916.01: 1.959 9.322 nan 0.0457 3.40150 2459685.744404 1394.6 0
>TOI-3918: 210.2057270 39.3000510 12.238 1.350 0.876 5236.0 4.12 nan
 TOI-3918.01: 2.194 10.617 nan 0.0395 3.06543 2459691.328329 1476.1 0
>TOI-392: 46.9317100 0.8609220 7.224 1.440 nan 5624.7 nan nan
 TOI-392.01: 1.095 10.819 nan nan 0.84907 2458411.598258 nan 0
>TOI-3922: 228.8332870 40.2671960 nan 0.800 0.908 5247.0 4.59 nan
 TOI-3922.01: 1.734 12.140 nan 0.0469 3.89606 2459715.758828 1045.0 0
>TOI-3923: 308.8499880 61.1409320 11.769 nan nan 4964.3 nan nan
 TOI-3923.01: 2.297 nan nan nan 4.13779 2460397.501635 nan 0
>TOI-3926: 342.6303750 61.1595850 10.761 1.460 nan 6466.0 nan nan
 TOI-3926.01: 3.671 10.630 nan nan 2.78732 2459877.813437 nan 0
>TOI-3927: 342.6614610 60.7701110 11.507 1.080 0.931 5353.0 4.34 nan
 TOI-3927.01: 3.108 14.909 nan 0.0520 4.49212 2459902.273403 1176.4 0
>TOI-3928: 321.3865650 61.8124930 11.755 1.520 1.163 6141.0 4.14 nan
 TOI-3928.01: 2.573 13.386 nan 0.0349 2.20353 2459851.197608 1954.3 0
>TOI-3929: 346.4749550 67.1884690 11.903 1.520 1.013 5695.0 4.08 nan
 TOI-3929.01: 3.608 19.025 nan 0.0450 3.46088 2459909.656029 1596.0 0
>TOI-3930: 319.5471870 66.1611980 11.205 nan nan 4885.4 nan nan
 TOI-3930.01: 3.835 nan nan nan 2.92842 2459876.498062 nan 0
>TOI-3931: 296.8339010 59.6407130 12.440 1.042 1.018 5694.0 4.41 nan
 TOI-3931.01: 4.189 9.910 nan 0.0765 7.66440 2460396.485355 1013.3 0
>TOI-3932: 326.2671890 64.0673470 10.266 2.760 1.241 6285.0 3.65 nan
 TOI-3932.01: 1.513 15.572 nan 0.0386 2.48928 2459849.877536 2562.7 0
>TOI-3933: 347.9679610 56.8620960 12.514 2.460 2.108 8523.0 3.98 nan
 TOI-3933.01: 2.409 17.676 nan 0.0395 1.97549 2459881.419784 3243.4 0
>TOI-3934: 336.8589340 67.7693540 11.434 1.680 1.357 6571.0 4.12 nan
 TOI-3934.01: 2.143 17.405 nan 0.1120 11.75127 2459885.575468 1227.2 0
>TOI-3935: 330.7550720 67.6233970 12.553 nan nan 6205.8 nan nan
 TOI-3935.01: 1.874 nan nan nan 1.22577 2459908.987824 nan 0
>TOI-3936: 344.3220320 59.2013720 11.350 nan nan 5196.8 nan nan
 TOI-3936.01: 1.697 nan nan nan 1.48589 2459881.848754 nan 0
>TOI-3937: 334.1330150 66.8605710 11.600 0.889 0.911 5287.0 4.50 nan
 TOI-3937.01: 1.991 12.770 nan 0.0269 1.69236 2460435.855669 1465.6 0
>TOI-3939: 356.7083890 66.8608050 11.459 0.750 0.695 4477.0 4.53 nan
 TOI-3939.01: 1.957 12.227 nan 0.0306 2.34665 2459908.695489 1068.8 0
>TOI-394: 48.4994790 -8.5738510 7.143 2.250 0.991 6216.1 3.73 nan
 TOI-394.01: 0.746 5.956 nan 0.0104 0.39149 2458411.269470 4408.9 0
>TOI-3940: 356.8863160 54.1783080 11.550 0.710 0.683 4315.0 4.57 nan
 TOI-3940.01: 2.378 12.948 nan 0.0397 3.48957 2459879.893471 879.9 0
>TOI-3941: 356.4070970 55.2259720 11.860 1.380 1.179 6137.0 4.23 nan
 TOI-3941.01: 2.842 14.876 nan 0.0419 2.88177 2459880.907454 1698.3 0
>TOI-3942: 355.7257740 58.4524260 11.633 1.549 1.294 6413.0 4.17 nan
 TOI-3942.01: 1.565 13.761 nan 0.0454 3.10825 2459854.068815 1806.3 0
>TOI-3943: 309.7684370 61.4590620 11.171 2.270 0.986 5607.0 3.72 nan
 TOI-3943.01: 5.640 10.451 nan 0.0611 5.56130 2459850.550846 1648.0 0
>TOI-3944: 337.7854840 61.6430010 10.986 nan nan 4746.7 nan nan
 TOI-3944.01: 2.084 nan nan nan 2.31510 2459879.299141 nan 0
>TOI-3945: 334.9903130 62.6566660 11.299 1.420 0.947 5472.0 4.11 nan
 TOI-3945.01: 1.556 9.597 nan 0.0521 4.46384 2459885.028959 1377.5 0
>TOI-3946: 334.0137810 61.0575600 11.381 1.240 1.068 5933.0 4.28 nan
 TOI-3946.01: 3.039 15.215 nan 0.0639 5.70334 2458972.761060 1260.3 0
>TOI-3947: 333.7258640 62.8587370 11.551 2.620 1.171 6136.0 3.67 nan
 TOI-3947.01: 6.279 16.531 nan 0.0738 6.77160 2459905.727594 1763.0 0
>TOI-3949: 331.2275880 64.4637510 12.245 1.170 1.043 5846.0 4.32 nan
 TOI-3949.01: 2.498 10.556 nan 0.0339 2.22975 2459881.384085 1656.1 0
>TOI-395: 56.3046510 -10.9734540 9.891 1.537 nan 5949.2 nan nan
 TOI-395.01: 2.580 27.910 nan nan 6.06134 2458415.515103 nan 0
>TOI-3950: 331.0787890 61.6279340 12.093 1.270 1.095 5994.0 4.27 nan
 TOI-3950.01: 3.091 15.636 nan 0.0460 3.44883 2459851.559390 1518.7 0
>TOI-3951: 330.7153240 60.2118380 11.819 1.240 0.931 5342.0 4.22 nan
 TOI-3951.01: 2.420 11.560 nan 0.0322 2.18615 2459849.974225 1598.5 0
>TOI-3952: 323.1528800 67.9119480 11.097 1.570 1.458 6786.0 4.21 nan
 TOI-3952.01: 3.060 17.617 nan 0.0461 2.98977 2459907.769990 1909.6 0
>TOI-3953: 264.5030610 59.6434730 12.295 nan nan 5734.9 nan nan
 TOI-3953.01: 1.668 nan nan nan 2.98734 2459711.899052 nan 0
>TOI-3954: 323.9851280 61.2091070 11.909 1.000 1.052 5833.0 4.46 nan
 TOI-3954.01: 0.805 20.357 nan 0.0450 3.40432 2459878.252241 1325.9 0
>TOI-3955: 346.1563930 56.7316480 11.360 1.413 1.295 6457.0 4.25 nan
 TOI-3955.01: 2.564 17.699 nan 0.0456 3.12750 2460396.977733 1733.2 0
>TOI-3956: 229.2200960 51.3978550 11.832 0.900 0.892 5227.0 4.48 nan
 TOI-3956.01: 1.249 12.911 nan 0.0362 2.66865 2459716.708724 1256.8 0
>TOI-3958: 349.6859570 63.2504980 10.678 1.404 1.278 6362.0 4.25 nan
 TOI-3958.01: 5.215 10.927 nan 0.1113 12.00316 2459864.071397 1089.6 0
>TOI-3959: 319.7272000 65.3292640 11.862 1.660 1.556 7032.0 4.19 nan
 TOI-3959.01: 2.022 12.787 nan 0.0556 3.84260 2459848.264998 1852.8 0
>TOI-3960: 238.8579370 67.0429860 12.126 0.970 0.967 5521.0 4.45 nan
 TOI-3960.01: 2.749 13.613 nan 0.0424 3.23999 2459716.189621 1273.4 0
>TOI-3961: 355.7444560 62.2901240 11.695 nan nan 5354.0 nan nan
 TOI-3961.01: 1.849 nan nan nan 3.54347 2459880.628277 nan 0
>TOI-3962: 355.0810930 62.1367480 11.002 2.570 1.207 6238.0 3.70 nan
 TOI-3962.01: 1.651 17.599 nan 0.0467 3.35012 2459879.600582 2231.4 0
>TOI-3965: 349.0958340 64.7218700 11.374 2.150 1.610 7220.0 3.98 nan
 TOI-3965.01: 5.123 17.648 nan 0.0646 4.72535 2459903.350719 2008.5 0
>TOI-3966: 225.3808590 38.5332740 10.685 1.000 nan 5313.6 nan nan
 TOI-3966.01: 2.886 11.278 nan nan 3.99673 2459684.285610 nan 0
>TOI-3967: 301.6731490 61.1693510 11.584 1.790 1.613 7211.0 4.14 nan
 TOI-3967.01: 0.101 21.246 nan 0.0641 4.67094 2459817.727215 1837.5 0
>TOI-3968: 354.1466680 58.1336540 10.203 nan nan 4656.0 nan nan
 TOI-3968.01: 1.639 nan nan nan 2.21719 2459879.247689 nan 0
>TOI-3969: 353.6435250 54.5416520 11.463 nan nan 5371.2 nan nan
 TOI-3969.01: 4.195 nan nan nan 3.85224 2459876.295260 nan 0
>TOI-3970: 296.0662510 77.2354500 12.292 1.510 1.000 5647.0 4.08 nan
 TOI-3970.01: 5.375 10.601 nan 0.0944 10.60012 2459894.325894 1089.1 0
>TOI-3971: 307.0945000 61.9336700 11.650 nan nan nan nan nan
 TOI-3971.01: 2.470 nan nan nan 3.22929 2459823.782533 nan 0
>TOI-3972: 9.3050740 61.2050970 9.583 0.920 1.070 5908.0 4.54 nan
 TOI-3972.01: 3.112 11.935 nan 0.0961 10.51136 2459903.238824 881.5 0
>TOI-3973: 229.6799100 44.4562040 12.070 nan nan 6213.0 nan nan
 TOI-3973.01: 1.694 nan nan nan 2.06156 2459716.388509 nan 0
>TOI-3974: 236.2363610 45.6277450 12.085 0.890 0.852 5095.7 4.47 nan
 TOI-3974.01: 1.622 12.698 nan 0.0274 1.79229 2459715.060453 1400.4 0
>TOI-3977: 231.1265550 46.6945160 9.879 0.880 1.002 5627.0 4.55 nan
 TOI-3977.01: 7.935 10.755 nan 0.1596 23.25476 2459679.942181 637.1 0
>TOI-3978: 11.3701720 78.4477220 12.046 2.020 0.983 5548.0 3.82 nan
 TOI-3978.01: 4.503 16.293 nan 0.0453 3.54722 2459736.354717 1786.5 0
>TOI-3982: 352.5564710 53.1563510 12.332 2.300 1.719 7469.0 3.95 nan
 TOI-3982.01: 4.139 16.943 nan 0.0717 5.34389 2459881.803399 2039.9 0
>TOI-3988: 8.5084280 58.8442930 11.069 2.170 1.244 6334.0 3.86 nan
 TOI-3988.01: 4.081 13.395 nan 0.0426 2.87442 2459904.651667 2179.9 0
>TOI-3991: 0.2023980 62.8030460 10.630 4.700 nan 4827.0 nan nan
 TOI-3991.01: 3.756 17.751 nan nan 2.27748 2458981.868452 nan 0
>TOI-3992: 5.6254210 57.8732750 11.272 nan nan 5324.0 nan nan
 TOI-3992.01: 2.296 nan nan nan 6.39789 2459906.078021 nan 0
>TOI-3993: 5.4380190 59.1057550 10.586 1.440 nan 6424.0 nan nan
 TOI-3993.01: 2.734 16.203 nan nan 2.22371 2459853.946215 nan 0
>TOI-3995: 1.5954720 56.1924440 11.261 nan nan 6197.0 nan nan
 TOI-3995.01: 4.211 nan nan nan 6.42198 2459870.688806 nan 0
>TOI-3997: 3.3928180 59.8965340 11.756 1.370 1.110 5997.0 4.21 nan
 TOI-3997.01: 1.827 17.676 nan 0.0464 3.46000 2459908.199180 1571.3 0
>TOI-3998: 7.6369910 56.3314670 10.906 1.170 1.019 5696.0 4.31 nan
 TOI-3998.01: 1.746 13.343 nan 0.0293 1.81451 2459880.386105 1735.7 0
>TOI-4001: 2.5289520 64.5725680 10.649 1.090 1.016 5696.0 4.37 nan
 TOI-4001.01: 2.874 4.841 nan 0.0567 4.89827 2459904.236518 1204.3 0
>TOI-4003: 26.4622430 63.9247180 11.708 1.400 1.394 6647.0 4.29 nan
 TOI-4003.01: 3.442 10.722 nan 0.0547 3.96066 2459718.824292 1621.5 0
>TOI-4004: 22.9734940 66.8193330 11.482 0.760 nan 4930.3 nan nan
 TOI-4004.01: 2.850 7.093 nan nan 5.37990 2459882.882970 nan 0
>TOI-4007: 23.6556850 62.3255170 11.442 1.160 1.954 7998.0 4.60 nan
 TOI-4007.01: 3.609 12.587 nan 0.0671 4.54323 2459901.436833 1603.5 0
>TOI-4009: 12.7799310 70.9458100 11.088 1.910 1.107 5994.0 3.92 nan
 TOI-4009.01: 2.382 14.537 nan 0.0538 4.32714 2459882.417590 1722.2 0
>TOI-4011: 24.6010130 72.9931690 11.989 1.510 1.047 5815.0 4.10 nan
 TOI-4011.01: 3.461 13.980 nan 0.0528 4.33591 2459740.018427 1499.5 0
>TOI-4012: 41.3988300 66.3592310 11.374 0.770 0.668 4324.0 4.49 nan
 TOI-4012.01: 1.744 11.750 nan 0.0256 1.82544 2459883.126997 1143.5 0
>TOI-4013: 25.7911400 70.9144250 11.496 2.420 0.932 5407.0 3.64 nan
 TOI-4013.01: 4.167 15.277 nan 0.0365 2.63253 2459740.947451 2123.0 0
>TOI-4014: 58.2046640 68.7774670 12.144 0.980 1.058 5863.0 4.48 nan
 TOI-4014.01: 1.997 13.438 nan 0.0397 2.80674 2459738.792333 1404.7 0
>TOI-4015: 53.4199920 68.6126670 9.882 1.510 1.096 5947.0 4.12 nan
 TOI-4015.01: 3.115 17.876 nan 0.0570 4.74271 2459738.474297 1476.0 0
>TOI-4016: 5.2779590 66.8323440 11.267 nan nan 4032.5 nan nan
 TOI-4016.01: 1.290 nan nan nan 1.81379 2459909.097876 nan 0
 TOI-4016.02: 3.950 nan nan nan 4.39620 2459886.075235 nan 0
>TOI-4017: 7.7395710 68.4551080 11.226 1.880 nan 4892.0 nan nan
 TOI-4017.01: 2.687 14.782 nan nan 7.04237 2459741.999561 nan 0
>TOI-4018: 7.2139480 66.4681890 11.737 nan nan 4355.4 nan nan
 TOI-4018.01: 1.617 nan nan nan 3.07560 2459905.413879 nan 0
>TOI-4021: 28.6577220 64.5698490 10.135 2.070 1.300 6429.0 3.92 nan
 TOI-4021.01: 1.483 12.603 nan 0.0634 5.11754 2459737.995607 1771.4 0
>TOI-4022: 255.1288860 59.6256600 nan nan nan nan nan nan
 TOI-4022.01: 3.445 nan nan nan 7.20890 2459652.598161 nan 0
>TOI-4023: 297.0328840 85.0760520 12.049 nan nan 4841.6 nan nan
 TOI-4023.01: 2.157 nan nan nan 2.79917 2459768.045481 nan 0
>TOI-4024: 335.6276050 78.2623330 11.922 1.900 1.046 5842.0 3.90 nan
 TOI-4024.01: 5.353 12.523 nan 0.0679 6.32621 2459909.262917 1490.2 0
>TOI-4025: 257.4488630 77.4853280 12.263 1.200 1.024 5770.0 4.29 nan
 TOI-4025.01: 6.450 7.993 nan 0.1267 16.28409 2459826.494303 856.3 0
>TOI-4026: 345.4054430 73.6098940 11.640 nan nan 4861.0 nan nan
 TOI-4026.01: 2.737 nan nan nan 3.12398 2459719.845178 nan 0
>TOI-4027: 353.1586300 69.4221410 10.126 0.910 1.000 5593.0 4.52 nan
 TOI-4027.01: 2.197 2.699 nan 0.0460 3.60745 2459907.148211 1199.6 0
>TOI-4028: 355.2306060 69.9744520 11.911 1.220 1.083 5963.0 4.30 nan
 TOI-4028.01: 2.420 15.224 nan 0.0503 3.95891 2459884.285896 1416.1 0
>TOI-4031: 277.3254390 55.3205250 12.003 0.945 1.007 5637.9 4.49 nan
 TOI-4031.01: 2.179 16.447 nan 0.0913 10.04626 2459588.254771 874.6 0
>TOI-4033: 310.1004570 67.5338010 11.478 nan nan nan nan nan
 TOI-4033.01: 2.016 nan nan nan 3.61430 2459905.033880 nan 0
>TOI-4035: 332.1241230 68.9045530 11.750 nan nan 5081.3 nan nan
 TOI-4035.01: 2.473 nan nan nan 3.02959 2459907.065594 nan 0
>TOI-4038: 305.0202700 73.2777640 11.573 1.450 1.011 5671.0 4.12 nan
 TOI-4038.01: 3.022 9.945 nan 0.0519 4.29893 2459765.009444 1445.4 0
>TOI-4039: 273.7344780 49.7615880 11.944 1.050 1.058 5777.0 4.42 nan
 TOI-4039.01: 3.062 9.857 nan 0.0562 4.73081 2459733.900505 1204.1 0
>TOI-4040: 268.6144630 77.4883100 11.157 0.836 0.946 5446.0 4.57 nan
 TOI-4040.01: 2.509 2.785 nan 0.0712 7.13573 2459658.460639 899.9 0
>TOI-4041: 246.8554620 21.6167920 9.990 1.410 1.072 5914.8 4.17 nan
 TOI-4041.01: 4.788 10.235 nan 0.0793 7.88086 2459731.378800 1202.7 0
>TOI-4042: 255.3640820 28.9885240 12.211 1.380 1.101 5983.9 4.20 nan
 TOI-4042.01: 2.391 13.887 nan 0.0355 2.32384 2459008.333798 1799.0 0
>TOI-4043: 325.5546280 69.5048080 11.247 1.700 1.078 5926.0 4.01 nan
 TOI-4043.01: 5.563 13.081 nan 0.0596 5.11912 2459906.072719 1526.1 0
>TOI-4045: 241.3645060 55.1860060 12.136 nan nan 5530.9 nan nan
 TOI-4045.01: 3.884 nan nan nan 7.99279 2459672.862005 nan 0
>TOI-4046: 238.6868270 25.0139400 9.789 1.560 1.197 6209.0 4.13 nan
 TOI-4046.01: 0.748 5.411 nan 0.0173 0.75837 2459716.464024 2843.1 0
>TOI-4047: 351.6051140 68.0360700 11.752 1.770 1.985 8103.0 4.24 nan
 TOI-4047.01: 4.169 9.448 nan 0.0671 4.50296 2459003.440869 2006.8 0
>TOI-4049: 293.7648050 66.2550500 11.850 0.792 0.811 4953.0 4.55 nan
 TOI-4049.01: 2.545 10.246 nan 0.1817 31.40012 2459590.894466 498.6 0
>TOI-4050: 306.8526800 68.2318660 12.127 1.580 1.095 5966.0 4.08 nan
 TOI-4050.01: 1.365 12.747 nan 0.0562 4.65461 2459662.394947 1525.4 0
>TOI-4054: 276.2914690 60.7732960 11.516 0.761 0.749 4697.0 4.55 nan
 TOI-4054.01: 2.571 9.705 nan 0.1191 17.35672 2459657.554147 572.5 0
>TOI-4055: 269.1792210 64.7666240 12.162 1.040 1.014 5675.0 4.41 nan
 TOI-4055.01: 3.047 14.231 nan 0.0541 4.56792 2459853.406756 1199.8 0
>TOI-4057: 286.1865450 64.1531450 11.981 0.980 1.010 5702.0 4.46 nan
 TOI-4057.01: 1.438 7.158 nan 0.0353 2.40769 2459854.897760 1448.7 0
>TOI-4058: 278.8049340 73.5994930 11.909 nan nan 4871.9 nan nan
 TOI-4058.01: 1.879 nan nan nan 2.86680 2459716.280498 nan 0
>TOI-4059: 274.1827720 76.8909110 11.635 0.820 0.812 4928.0 4.52 nan
 TOI-4059.01: 1.988 13.007 nan 0.0294 2.03818 2459768.585993 1255.0 0
>TOI-4060: 297.0616800 64.4260430 11.640 nan nan 4952.3 nan nan
 TOI-4060.01: 2.293 nan nan nan 23.13157 2459755.068432 nan 0
>TOI-4062: 259.0986040 67.5666070 12.203 1.060 0.917 5332.0 4.35 nan
 TOI-4062.01: 2.112 13.103 nan 0.0679 6.74738 2459857.967075 1015.9 0
>TOI-4063: 244.3695940 46.6480210 11.646 0.913 0.856 5099.9 4.45 nan
 TOI-4063.01: 1.891 15.854 nan 0.0258 1.63231 2459666.271065 1462.9 0
>TOI-4064: 243.3703710 42.8855030 11.549 1.687 0.991 5622.4 3.98 nan
 TOI-4064.01: 2.691 9.536 nan 0.0482 3.88235 2459667.343435 1603.9 0
>TOI-4065: 242.8319600 47.7126520 11.864 1.180 1.013 5657.0 4.30 nan
 TOI-4065.01: 3.027 9.854 nan 0.0461 3.59080 2459740.847953 1380.1 0
>TOI-4066: 245.9925260 45.2610980 11.994 0.850 0.814 4914.0 4.49 nan
 TOI-4066.01: 3.187 11.527 nan 0.0651 6.72018 2459736.642282 856.2 0
>TOI-4069: 252.5939520 16.9827180 11.854 0.930 0.931 5366.0 4.47 nan
 TOI-4069.01: 1.649 10.938 nan 0.0373 2.72403 2459739.127083 1292.0 0
>TOI-407: 111.2117210 -62.0924310 11.737 1.860 2.296 5830.0 4.26 nan
 TOI-407.01: 3.408 13.562 nan 0.0432 2.16547 2460015.729011 1844.7 0
>TOI-4070: 250.2761180 42.4363140 11.031 0.890 0.893 5229.0 4.49 nan
 TOI-4070.01: 1.096 10.001 nan 0.0405 3.15048 2459739.132188 1182.0 0
>TOI-4071: 249.2914480 43.3447610 9.287 0.710 0.802 4937.5 4.64 nan
 TOI-4071.01: 2.416 2.262 nan 0.0635 6.51700 2459001.307881 796.1 0
>TOI-4072: 257.7350060 36.4528770 12.488 nan nan 5869.6 nan nan
 TOI-4072.01: 3.556 nan nan nan 2.13903 2459005.303452 nan 0
>TOI-4073: 46.5661850 70.2146920 8.941 nan nan nan nan nan
 TOI-4073.01: 2.064 nan nan nan 2.30797 2459004.435589 nan 0
>TOI-4074: 29.4233730 63.9045900 nan 1.560 1.854 7932.0 4.32 nan
 TOI-4074.01: 3.200 16.011 nan 0.0524 3.21750 2459906.211599 2087.0 0
>TOI-4075: 23.9436000 65.6387860 10.789 nan nan nan nan nan
 TOI-4075.01: 3.627 nan nan nan 3.04924 2459909.355739 nan 0
>TOI-4076: 250.9070530 36.1413650 11.635 1.230 1.101 5957.0 4.30 nan
 TOI-4076.01: 2.827 9.716 nan 0.0542 4.39658 2459003.614842 1368.4 0
>TOI-4077: 250.2984930 38.9615560 11.454 0.802 0.794 4887.0 4.53 nan
 TOI-4077.01: 2.429 9.511 nan 0.0569 5.56791 2459694.838172 884.7 0
>TOI-4078: 25.0929910 65.2038790 11.369 nan nan 6323.0 nan nan
 TOI-4078.01: 3.143 nan nan nan 3.16393 2459736.714045 nan 0
>TOI-4079: 19.9808430 64.5380540 10.931 1.080 1.172 6178.0 4.44 nan
 TOI-4079.01: 2.486 15.611 nan 0.0326 1.98723 2459882.628132 1714.7 0
>TOI-4080: 84.8652030 81.5434500 12.193 0.970 0.924 5389.0 4.43 nan
 TOI-4080.01: 2.891 12.952 nan 0.0460 3.75198 2459764.982860 1193.3 0
>TOI-4081: 21.5727360 64.8400070 9.591 2.536 1.024 5707.0 3.64 nan
 TOI-4081.01: 3.858 11.707 nan 0.0870 9.25841 2460439.965544 1485.8 0
>TOI-4082: 17.3998960 69.7320430 11.566 1.340 1.112 5972.0 4.23 nan
 TOI-4082.01: 3.645 13.224 nan 0.0563 4.62557 2459884.621763 1404.9 0
>TOI-4084: 280.7794560 20.2188400 11.716 0.960 1.039 5725.0 4.49 nan
 TOI-4084.01: 2.888 11.238 nan 0.1239 15.63418 2459751.832931 768.4 0
>TOI-4085: 281.8356200 26.4178340 10.744 1.026 0.900 5257.0 4.37 nan
 TOI-4085.01: 2.714 10.378 nan 0.0378 2.82853 2459744.048457 1320.7 0
>TOI-4086: 138.2806170 85.2710290 11.064 1.665 1.035 5783.0 4.01 nan
 TOI-4086.01: 5.346 12.689 nan 0.0631 5.69176 2459392.549508 1432.4 0
>TOI-4088: 100.0810460 76.5530690 11.177 1.210 1.017 5686.0 4.28 nan
 TOI-4088.01: 2.201 12.710 nan 0.0384 2.72844 2459912.553706 1539.1 0
>TOI-4089: 267.8512040 22.6613330 10.400 1.060 nan 5895.5 nan nan
 TOI-4089.01: 1.513 18.469 nan nan 3.24628 2459765.985547 nan 0
>TOI-4090: 278.2322330 39.6379970 11.071 0.820 0.758 4740.0 4.49 nan
 TOI-4090.01: 2.043 5.103 nan 0.0386 3.17751 2459771.717799 1053.5 0
>TOI-4092: 258.4311570 81.0040510 11.698 1.410 1.001 5667.0 4.14 nan
 TOI-4092.01: 5.366 12.647 nan 0.0750 7.49597 2459739.321322 1184.9 0
>TOI-4093: 290.7384740 59.4312020 10.952 0.790 0.927 5388.0 4.61 nan
 TOI-4093.01: 3.282 3.139 nan 0.0913 10.47220 2459902.906585 764.3 0
 TOI-4093.02: 4.256 2.859 nan 0.1298 17.70462 2459580.625318 641.0 0
>TOI-4094: 297.6781760 68.1676620 10.268 1.237 1.193 6186.0 4.33 nan
 TOI-4094.01: 2.646 3.440 nan 0.0600 4.91118 2459715.956315 1354.4 0
>TOI-4095: 257.8996480 47.2570650 11.873 1.090 1.016 5737.0 4.37 nan
 TOI-4095.01: 1.410 9.739 nan 0.0508 4.15392 2459762.415394 1281.4 0
>TOI-4096: 237.9868230 67.0396850 11.210 0.900 0.852 5053.0 4.46 nan
 TOI-4096.01: 3.230 3.382 nan 0.0867 10.10451 2459836.287468 785.0 0
>TOI-4097: 320.2331030 83.0227780 11.216 0.820 0.999 5636.0 4.61 nan
 TOI-4097.01: 2.005 3.649 nan 0.0386 2.77419 2459768.767188 1252.6 0
>TOI-4098: 319.3510260 79.6107000 10.868 1.370 1.012 5650.0 4.17 nan
 TOI-4098.01: 0.856 5.025 nan 0.0219 1.17898 2459766.922193 2154.9 0
>TOI-4099: 294.5619390 71.5745340 10.489 0.730 0.774 4836.0 4.60 nan
 TOI-4099.01: 2.306 2.030 nan 0.0482 4.39541 2459663.677409 907.5 0
>TOI-4100: 288.5789820 59.8958020 11.238 nan nan 6195.0 nan nan
 TOI-4100.01: 2.384 nan nan nan 3.58598 2459766.756399 nan 0
>TOI-4101: 288.5183010 56.6260030 11.934 nan nan 6287.0 nan nan
 TOI-4101.01: 1.211 nan nan nan 4.32027 2459689.642764 nan 0
>TOI-4103: 289.7512030 82.8755840 10.177 1.050 1.010 5674.0 4.40 nan
 TOI-4103.01: 3.532 12.751 nan 0.1045 12.27409 2459754.903759 867.3 0
>TOI-4104: 277.7176570 19.7960090 12.108 2.200 1.402 6676.0 3.90 nan
 TOI-4104.01: 3.323 19.102 nan 0.0390 2.37577 2459766.722246 2417.8 0
>TOI-4105: 282.2040340 65.9416430 11.532 2.250 1.038 5845.0 3.75 nan
 TOI-4105.01: 2.783 10.452 nan 0.0633 5.71520 2459658.130221 1680.4 0
>TOI-4106: 280.7457940 62.8183880 10.272 1.000 1.028 5740.0 4.45 nan
 TOI-4106.01: 4.674 3.484 nan 0.1273 16.35588 2459738.567408 775.8 0
>TOI-4107: 269.2407180 58.8826220 10.818 0.660 0.618 4003.0 4.59 nan
 TOI-4107.01: 1.901 3.402 nan 0.0387 3.53229 2459660.461464 797.1 0
>TOI-4108: 257.6673880 60.0284680 11.045 1.930 1.054 5834.0 3.89 nan
 TOI-4108.01: 6.023 8.117 nan 0.1181 14.43487 2459762.974572 1137.2 0
>TOI-4109: 246.3679100 66.3515850 10.788 0.650 0.642 4103.0 4.62 nan
 TOI-4109.01: 2.327 5.107 nan 0.0901 12.32033 2459746.880654 531.4 0
>TOI-4111: 290.9807360 63.5572710 11.896 1.390 0.995 5596.0 4.15 nan
 TOI-4111.01: 4.387 9.645 nan 0.1040 12.27884 2459768.205231 986.5 0
>TOI-4113: 283.8896840 71.4006710 9.794 0.790 0.865 5174.0 4.58 nan
 TOI-4113.01: 3.374 2.175 nan 0.1471 22.15752 2459839.076250 578.2 0
>TOI-4114: 292.9652810 61.8820540 10.329 0.692 0.634 4080.0 4.56 nan
 TOI-4114.01: 2.782 4.098 nan 0.0479 4.80385 2459657.535697 747.8 0
>TOI-4115: 249.1213480 57.1500090 11.209 0.820 0.741 4602.0 4.48 nan
 TOI-4115.01: 1.184 10.001 nan 0.0367 2.98558 2459912.623191 1048.9 0
>TOI-4117: 246.2028050 60.9655020 11.671 1.337 1.034 5775.0 4.20 nan
 TOI-4117.01: 5.534 10.306 nan 0.1696 25.09300 2459602.584600 781.9 0
>TOI-4118: 268.3732800 46.3464100 11.738 1.210 1.065 5855.0 4.30 nan
 TOI-4118.01: 2.356 13.596 nan 0.0374 2.55519 2459767.000877 1605.9 0
>TOI-4119: 246.2704360 73.2834950 11.448 1.180 0.824 4950.0 4.21 nan
 TOI-4119.01: 1.175 9.153 nan 0.0551 5.20198 2459911.749689 1104.6 0
>TOI-4120: 241.9287060 82.0725350 11.863 1.770 1.042 5828.0 3.96 nan
 TOI-4120.01: 5.325 14.067 nan 0.0572 4.89528 2459914.077004 1563.3 0
>TOI-4121: 267.7070930 16.7748580 11.017 1.490 1.615 7167.0 4.30 nan
 TOI-4121.01: 2.646 18.405 nan 0.0463 2.86227 2459768.021818 1960.5 0
>TOI-4122: 184.9680650 83.2356970 11.078 3.300 1.119 6015.0 3.45 nan
 TOI-4122.01: 1.708 12.403 nan 0.0367 2.43078 2459443.029994 2750.4 0
>TOI-4124: 279.2580650 14.2065990 10.275 2.240 nan 5150.0 nan nan
 TOI-4124.01: 2.877 22.556 nan nan 3.41380 2459762.989003 nan 0
>TOI-4125: 109.3053840 70.7801890 11.719 1.559 1.065 5873.0 4.08 nan
 TOI-4125.01: 3.475 18.360 nan 0.0562 4.71560 2460316.849484 1491.6 0
>TOI-4128: 128.2614760 82.0247620 11.067 0.920 0.890 5275.0 4.46 nan
 TOI-4128.01: 2.088 4.774 nan 0.0297 1.97954 2459911.959304 1415.7 0
>TOI-4129: 281.5272750 46.2485660 10.092 0.750 0.664 4279.0 4.51 nan
 TOI-4129.01: 1.459 5.678 nan 0.0376 3.27250 2459744.308725 921.5 0
>TOI-4131: 280.9612000 48.1340730 11.563 0.940 0.908 5263.0 4.45 nan
 TOI-4131.01: 2.289 11.123 nan 0.0334 2.33825 2459797.858796 1346.3 0
>TOI-4132: 216.7656290 78.7627320 10.906 1.694 1.071 5801.0 4.01 nan
 TOI-4132.01: 4.434 11.524 nan 0.1036 11.76479 2459395.937372 1131.1 0
>TOI-4133: 75.1045950 69.8207400 11.914 nan nan 5766.9 nan nan
 TOI-4133.01: 4.348 nan nan nan 4.15716 2459768.396961 nan 0
>TOI-4136: 20.4074090 82.1687830 11.348 1.500 1.271 6357.0 4.19 nan
 TOI-4136.01: 3.503 5.967 nan 0.0513 3.76303 2459763.053546 1657.6 0
>TOI-4140: 96.9778750 74.0081300 11.018 0.940 0.973 5501.0 4.48 nan
 TOI-4140.01: 2.823 11.262 nan 0.0509 4.25112 2459910.467019 1139.9 0
>TOI-4141: 87.9524720 71.2906090 11.649 1.450 1.244 6338.0 4.21 nan
 TOI-4141.01: 2.752 14.480 nan 0.0495 3.60227 2459763.847708 1654.1 0
>TOI-4142: 263.8913950 35.2765120 11.716 1.860 1.049 5875.0 3.92 nan
 TOI-4142.01: 3.917 12.111 nan 0.0472 3.65940 2459767.777771 1778.4 0
>TOI-4144: 86.6177980 75.0455390 10.721 0.910 0.933 5442.0 4.49 nan
 TOI-4144.01: 5.729 11.376 nan 0.1260 16.90206 2459744.991419 705.2 0
>TOI-4146: 274.4177820 34.0913830 10.555 1.510 1.122 6036.0 4.13 nan
 TOI-4146.01: 0.932 13.282 nan 0.0160 0.70116 2459768.295468 2827.6 0
>TOI-4147: 83.0881720 79.8091320 11.702 1.300 1.047 5865.0 4.23 nan
 TOI-4147.01: 3.170 13.614 nan 0.0354 2.37454 2459767.712267 1713.8 0
>TOI-4149: 61.0550970 75.4966550 11.384 0.910 0.832 5037.0 4.44 nan
 TOI-4149.01: 2.107 11.943 nan 0.0407 3.29281 2459768.675673 1148.5 0
>TOI-4150: 62.5209820 70.9157160 11.590 1.462 1.028 5737.0 4.12 nan
 TOI-4150.01: 4.654 13.182 nan 0.0904 9.79384 2459726.067196 1112.5 0
>TOI-4151: 287.4270010 56.3642710 10.609 2.160 1.482 6906.0 3.94 nan
 TOI-4151.01: 3.863 12.093 nan 0.1150 11.69992 2459910.920229 1443.2 0
>TOI-4152: 280.7636510 24.0897030 10.286 nan nan nan nan nan
 TOI-4152.01: 2.964 nan nan nan 1.58226 2459744.512198 nan 0
>TOI-4154: 332.9053000 82.7306420 11.752 1.990 1.258 6320.0 3.94 nan
 TOI-4154.01: 5.044 12.867 nan 0.0798 7.34463 2459764.089651 1521.9 0
>TOI-4158: 264.3009550 72.0864790 11.240 nan nan nan nan nan
 TOI-4158.01: 2.151 nan nan nan 13.41677 2459846.562281 nan 0
>TOI-4159: 115.4517450 74.1838780 11.190 1.920 1.044 5815.0 3.89 nan
 TOI-4159.01: 0.891 8.866 nan 0.0180 0.86598 2459768.139016 2896.0 0
>TOI-4160: 111.7411440 72.2293390 11.238 1.044 1.022 5754.0 4.41 nan
 TOI-4160.01: 3.297 11.759 nan 0.0533 4.44271 2459598.996838 1228.0 0
>TOI-4161: 110.1504310 72.7594000 11.405 2.150 1.686 7409.0 4.00 nan
 TOI-4161.01: 6.447 13.782 nan 0.0612 4.26078 2459603.737866 2117.6 0
>TOI-4162: 290.3918210 73.3501220 11.057 2.050 1.110 6013.0 3.86 nan
 TOI-4162.01: 5.275 19.487 nan 0.0542 4.37443 2459737.854190 1783.2 0
>TOI-4163: 290.0576770 73.9896570 11.310 1.280 0.992 5644.0 4.22 nan
 TOI-4163.01: 5.730 7.765 nan 0.1512 21.56152 2459736.717051 791.9 0
>TOI-4164: 284.8845640 73.5132840 11.196 1.390 nan 5952.0 nan nan
 TOI-4164.01: 2.874 3.933 nan nan 3.52284 2459849.162648 nan 0
>TOI-4165: 316.0125860 85.8782090 11.067 1.000 0.959 5463.0 4.42 nan
 TOI-4165.01: 1.992 11.978 nan 0.0716 7.14064 2459913.360441 984.5 0
>TOI-4166: 156.2295500 84.7547190 10.517 0.960 0.992 5604.0 4.47 nan
 TOI-4166.01: 2.622 2.946 nan 0.0589 5.23612 2459606.707073 1091.0 0
>TOI-4168: 173.8336910 79.4130530 10.460 1.155 1.114 6016.0 4.36 nan
 TOI-4168.01: 2.937 14.733 nan 0.1932 29.38215 2459394.256621 709.3 0
>TOI-4169: 311.8204710 76.1070080 11.507 2.180 1.021 5661.0 3.77 nan
 TOI-4169.01: 5.230 11.535 nan 0.0446 3.40269 2459763.167593 1908.5 0
>TOI-4170: 337.5942340 77.8655040 11.292 1.560 1.092 5929.0 4.09 nan
 TOI-4170.01: 3.151 15.139 nan 0.0340 2.19022 2459738.853306 1936.6 0
>TOI-4171: 286.7205570 81.6545390 11.227 0.810 0.869 5133.0 4.56 nan
 TOI-4171.01: 3.327 3.172 nan 0.0450 3.74540 2459885.746921 1050.1 0
>TOI-4172: 268.0452170 58.3668260 10.922 0.790 0.826 4996.0 4.56 nan
 TOI-4172.01: 3.187 2.333 nan 0.0477 4.19151 2459850.557908 980.4 0
>TOI-4173: 175.1984720 79.6125580 11.661 0.970 1.085 5921.0 4.50 nan
 TOI-4173.01: 3.809 14.051 nan 0.0823 8.27133 2459942.653105 980.2 0
>TOI-4174: 275.0984410 71.1619350 11.635 2.040 1.322 6464.0 3.94 nan
 TOI-4174.01: 1.066 6.937 nan 0.0289 1.55695 2459714.794820 2618.8 0
>TOI-4175: 198.5401330 -16.5593290 nan nan nan nan nan nan
 TOI-4175.01: 1.362 nan nan nan 2.16328 2459578.454185 nan 0
>TOI-4176: 202.0013930 -29.7910770 9.067 2.430 1.702 7423.0 3.90 nan
 TOI-4176.01: 3.100 19.386 nan 0.0508 3.20894 2459328.306387 2475.6 0
>TOI-4177: 188.5651630 -35.0536600 9.610 2.130 1.544 7042.0 3.97 nan
 TOI-4177.01: 3.866 15.654 nan 0.0540 3.69283 2460065.352540 2132.7 0
>TOI-4179: 202.4161610 -16.5551270 8.751 nan nan 4813.4 nan nan
 TOI-4179.01: 3.113 nan nan nan 2.54858 2459330.926870 nan 0
>TOI-4180: 136.9192500 -50.6402310 7.666 1.921 1.141 7511.0 3.93 nan
 TOI-4180.01: 1.000 4.322 nan 0.0279 1.59543 2459989.161676 3005.3 0
>TOI-4182: 45.9147510 -69.7476970 8.365 1.560 0.705 5399.6 3.90 nan
 TOI-4182.01: 3.519 2.770 nan 0.1600 27.84870 2460184.893103 813.0 0
>TOI-4183: 329.8298840 -19.7446000 8.382 1.245 1.286 6407.0 4.36 nan
 TOI-4183.01: 1.606 3.269 nan 0.1103 11.79156 2458332.496296 1038.0 0
>TOI-4185: 172.2278860 -38.1069770 9.325 0.938 0.992 4395.6 4.49 nan
 TOI-4185.01: 3.422 3.327 nan 0.1267 16.54142 2460064.260530 576.7 0
>TOI-4186: 321.1080120 -29.2482230 7.868 0.880 1.003 5639.0 4.55 nan
 TOI-4186.01: 3.297 2.171 nan 0.1069 12.75034 2460168.355054 780.2 0
>TOI-4187: 48.2839440 -34.3754160 7.485 2.232 1.120 6047.0 3.79 nan
 TOI-4187.01: 10.772 5.300 nan 0.2000 30.88126 2458425.239330 974.1 0
 TOI-4187.02: 12.702 5.241 nan nan nan 2460939.118107 nan 0
>TOI-4190: 40.9240200 -28.3439880 9.349 0.817 0.847 5067.0 4.54 nan
 TOI-4190.01: 3.644 2.149 nan 0.1156 15.60623 2458388.816262 649.6 0
>TOI-4191: 151.7079560 -29.9667430 7.705 1.102 1.050 5816.0 4.37 nan
 TOI-4191.01: 5.648 2.276 nan 1.6315 742.85612 2458548.668852 230.5 0
>TOI-4192: 23.7881290 -41.5072160 10.966 1.440 1.145 6064.1 4.18 nan
 TOI-4192.01: 1.847 17.041 nan 0.0535 4.23002 2458403.421558 1517.1 0
>TOI-4193: 35.0473800 -54.1033200 11.711 1.270 1.411 5652.8 4.38 nan
 TOI-4193.01: 5.472 11.511 nan 0.0765 6.50812 2458397.745101 1110.6 0
>TOI-4194: 22.2662300 -8.1793500 11.504 1.070 1.098 5943.0 4.42 nan
 TOI-4194.01: 1.169 6.515 nan 0.0208 1.04330 2458404.822816 2055.4 0
>TOI-4195: 17.6322450 -34.2706780 11.670 nan nan 5890.0 nan nan
 TOI-4195.01: 1.366 nan nan nan 5.44477 2458399.818502 nan 0
>TOI-4196: 16.0010370 -31.6854900 11.600 1.240 1.068 5828.0 4.28 nan
 TOI-4196.01: 2.985 17.369 nan 0.0428 3.12592 2458404.326719 1512.7 0
>TOI-4197: 62.0225580 -12.3323830 11.228 0.710 0.732 4665.0 4.60 nan
 TOI-4197.01: 1.845 12.606 nan 0.0437 3.90175 2458456.806385 906.7 0
>TOI-4198: 59.0185610 3.6101130 11.871 1.090 0.993 5648.0 4.36 nan
 TOI-4198.01: 3.117 12.251 nan 0.0551 4.74632 2458458.494230 1211.3 0
>TOI-4199: 99.0399820 6.4723670 10.738 1.850 1.337 6534.0 4.03 nan
 TOI-4199.01: 4.511 16.702 nan 0.0583 4.44662 2458487.707030 1774.9 0
>TOI-4200: 100.3678330 -3.8923720 12.378 nan nan 5640.0 nan nan
 TOI-4200.01: 1.977 nan nan nan 1.02764 2458489.557328 nan 0
>TOI-4202: 103.3107480 2.9369850 12.171 nan nan 5247.8 nan nan
 TOI-4202.01: 2.854 nan nan nan 2.66899 2458485.594249 nan 0
>TOI-4203: 93.3348110 -11.4923090 12.435 nan nan 5304.5 nan nan
 TOI-4203.01: 2.501 nan nan nan 2.95310 2458488.940223 nan 0
>TOI-4204: 86.9051820 4.3828980 10.165 1.390 1.577 7068.0 4.35 nan
 TOI-4204.01: 3.269 7.858 nan 0.0570 3.95925 2458484.978133 1683.1 0
>TOI-4205: 101.2970150 -1.9604900 11.160 0.970 0.862 5076.0 4.40 nan
 TOI-4205.01: 4.314 11.538 nan 0.0609 5.90566 2459217.815236 976.9 0
>TOI-4206: 98.9842530 4.7134770 12.159 1.560 1.043 5796.8 4.07 nan
 TOI-4206.01: 3.246 13.975 nan 0.0357 2.41705 2458489.048222 1847.8 0
>TOI-4208: 100.8989060 -1.1584640 12.368 nan nan nan nan nan
 TOI-4208.01: 3.005 nan nan nan 1.72328 2458489.275982 nan 0
>TOI-4209: 86.6820210 3.9897400 11.871 1.470 1.166 6142.0 4.17 nan
 TOI-4209.01: 1.227 12.752 nan 0.0187 0.86317 2458489.686771 2625.9 0
>TOI-4210: 109.7724520 -14.9705880 11.241 1.170 0.722 4614.0 4.16 nan
 TOI-4210.01: 1.010 9.412 nan 0.0184 1.07542 2459251.255943 1774.2 0
>TOI-4211: 110.7924220 -13.2196160 12.123 nan nan 6671.3 nan nan
 TOI-4211.01: 2.741 nan nan nan 2.27156 2459250.468953 nan 0
>TOI-4212: 116.3821130 -25.9846900 11.609 nan nan 8807.8 nan nan
 TOI-4212.01: 1.804 nan nan nan 2.34850 2459252.978961 nan 0
>TOI-4215: 113.8363270 -11.0016010 12.340 1.630 1.501 6915.0 4.19 nan
 TOI-4215.01: 1.394 11.022 nan 0.0239 1.09944 2459251.093808 2753.7 0
>TOI-4218: 118.7913690 -22.6110090 12.031 1.580 1.511 6976.0 4.22 nan
 TOI-4218.01: 3.503 17.606 nan 0.0428 2.62695 2458514.633837 2043.8 0
>TOI-422: 71.8027960 -17.2533670 8.017 1.347 1.097 5999.0 4.22 nan
 TOI-422.01: 0.622 4.496 nan 0.0149 0.63334 2458438.292151 2750.4 0
>TOI-4220: 117.3533950 -14.5646830 12.837 nan nan 7246.0 nan nan
 TOI-4220.01: 2.352 nan nan nan 1.91388 2459251.118701 nan 0
>TOI-4221: 116.8066240 -14.5581900 11.860 nan nan 5858.0 nan nan
 TOI-4221.01: 2.100 nan nan nan 2.83957 2459249.304348 nan 0
>TOI-4223: 104.8073930 -37.4520200 11.687 1.050 1.082 5944.0 4.43 nan
 TOI-4223.01: 3.568 13.006 nan 0.0754 7.26547 2459244.780823 1069.6 0
>TOI-4224: 114.7479070 -30.5752810 11.419 1.620 1.233 6289.0 4.11 nan
 TOI-4224.01: 2.471 10.762 nan 0.0232 1.16135 2459963.721518 2534.1 0
>TOI-4226: 116.9644250 -25.5679360 11.207 2.040 nan 7998.0 nan nan
 TOI-4226.01: 1.909 14.704 nan nan 2.96290 2459963.356258 nan 0
>TOI-4227: 107.7095370 -20.0553050 11.795 1.630 1.401 6610.0 4.16 nan
 TOI-4227.01: 2.454 13.789 nan 0.0497 3.41695 2459250.439665 1825.4 0
>TOI-4228: 114.5660220 -23.8045760 12.437 1.586 1.078 5932.0 4.07 nan
 TOI-4228.01: 6.630 19.109 nan 0.0664 6.02192 2459965.252097 1398.0 0
>TOI-4230: 117.6731250 -26.5259800 11.537 nan nan 5436.9 nan nan
 TOI-4230.01: 2.453 nan nan nan 1.94010 2459963.157918 nan 0
>TOI-4231: 117.4721210 -28.3534840 12.045 1.670 2.277 8945.0 4.35 nan
 TOI-4231.01: 2.279 13.462 nan 0.0570 3.29703 2459965.923212 2334.7 0
>TOI-4234: 106.3550660 -21.1095260 12.638 1.230 1.323 6481.0 4.38 nan
 TOI-4234.01: 2.280 8.543 nan 0.0202 0.90823 2458515.925371 2438.7 0
>TOI-4236: 149.8538130 -45.4493530 11.651 2.448 1.146 6115.0 3.72 nan
 TOI-4236.01: 1.143 22.909 nan 0.0112 0.40214 2459988.448188 4359.4 0
>TOI-4237: 134.7562090 -42.1868030 12.098 nan nan 5774.7 nan nan
 TOI-4237.01: 2.433 nan nan nan 3.04820 2459275.547041 nan 0
>TOI-4238: 141.3959460 -33.2294540 11.757 0.850 0.814 4973.0 4.49 nan
 TOI-4238.01: 1.634 13.863 nan 0.0215 1.27322 2459277.637194 1507.8 0
>TOI-4239: 148.5657100 -25.0935820 12.010 1.846 1.395 6614.0 4.05 nan
 TOI-4239.01: 4.715 16.882 nan 0.0436 2.81233 2459989.224549 2075.2 0
>TOI-4240: 139.6616570 -32.7487190 11.789 1.810 1.341 6531.0 4.05 nan
 TOI-4240.01: 2.239 15.794 nan 0.1010 10.12386 2459996.457379 1333.2 0
>TOI-4241: 140.3283360 -39.3250170 12.321 1.080 nan 5412.6 nan nan
 TOI-4241.01: 2.761 14.334 nan nan 3.11189 2459990.965135 nan 0
>TOI-4242: 113.1751300 -51.9981480 11.385 1.594 1.089 5967.0 4.07 nan
 TOI-4242.01: 3.126 14.245 nan 0.0424 3.05799 2459963.111842 1764.2 0
>TOI-4243: 134.3713240 -52.0395810 9.162 4.216 1.153 6127.0 3.25 nan
 TOI-4243.01: 2.430 8.715 nan 0.0217 1.08863 2459988.504447 4118.1 0
>TOI-4244: 130.7093870 -46.2133270 11.453 1.610 nan 6310.3 nan nan
 TOI-4244.01: 3.109 10.206 nan nan 1.86653 2459990.230842 nan 0
>TOI-4245: 125.8062370 -45.7924580 10.315 0.801 0.774 5093.0 4.52 nan
 TOI-4245.01: 1.896 5.717 nan 0.0386 3.15272 2459963.826493 1118.7 0
>TOI-4246: 111.1112710 -51.6973650 11.848 1.113 1.162 6126.0 4.41 nan
 TOI-4246.01: 5.138 12.098 nan 0.1131 12.88600 2459966.426061 926.7 0
>TOI-4247: 123.9123620 -50.6208530 12.041 1.095 1.074 5883.0 4.39 nan
 TOI-4247.01: 3.439 23.028 nan 0.0534 4.35396 2460718.856842 1284.6 0
>TOI-4248: 134.4332360 -38.3711480 10.632 2.090 2.411 5936.0 4.18 nan
 TOI-4248.01: 5.856 13.838 nan 0.0782 5.14423 2458561.897544 1479.8 0
>TOI-4249: 119.4807280 -52.6510340 11.449 2.120 nan 4360.5 nan nan
 TOI-4249.01: 4.592 19.129 nan nan 6.77263 2459964.150498 nan 0
>TOI-4250: 118.8004310 -48.7031460 12.659 1.770 1.614 7156.0 4.15 nan
 TOI-4250.01: 4.470 13.964 nan 0.0580 4.01859 2459272.138098 1906.2 0
>TOI-4252: 131.7200500 -51.1910170 11.614 1.212 1.656 7302.0 4.49 nan
 TOI-4252.01: 1.921 13.896 nan 0.0439 2.60850 2459989.705326 1850.1 0
>TOI-4253: 131.9695970 -50.4706060 11.843 nan nan 5658.5 nan nan
 TOI-4253.01: 3.373 nan nan nan 3.41924 2459990.501406 nan 0
>TOI-4254: 128.9274890 -53.8282600 11.488 2.119 1.300 6416.0 3.90 nan
 TOI-4254.01: 2.783 14.120 nan 0.0234 1.14628 2459963.442960 2944.1 0
>TOI-4259: 117.3300480 -51.2617060 10.784 1.171 nan 5435.5 nan nan
 TOI-4259.01: 1.833 17.090 nan nan 8.96126 2459963.456678 nan 0
>TOI-426: 79.1021930 -15.5102420 8.584 0.989 1.029 5731.0 4.46 nan
 TOI-426.01: 2.016 2.161 nan 0.0238 1.32050 2458438.524066 1781.4 0
>TOI-4260: 138.4204070 -43.1804760 11.352 1.410 nan 6349.0 nan nan
 TOI-4260.01: 4.555 8.593 nan nan 5.45884 2459297.736102 nan 0
>TOI-4262: 126.3354150 -47.0430460 10.301 1.286 1.382 6613.0 4.36 nan
 TOI-4262.01: 4.496 11.364 nan 0.0720 5.99779 2459966.035655 1347.7 0
>TOI-4264: 150.0805350 -39.6595600 11.356 1.010 nan 7606.3 nan nan
 TOI-4264.01: 2.682 8.320 nan nan 3.15805 2459989.671183 nan 0
>TOI-4266: 145.7786600 -58.5107760 12.074 1.970 nan 5051.7 nan nan
 TOI-4266.01: 1.102 16.346 nan nan 0.81186 2459332.149876 nan 0
>TOI-4267: 166.0702430 -49.8214980 12.156 1.480 1.420 6719.0 4.25 nan
 TOI-4267.01: 1.344 11.128 nan 0.0250 1.21256 2460014.853850 2492.9 0
>TOI-4269: 165.8589080 -44.2687760 11.434 nan nan 5816.5 nan nan
 TOI-4269.01: 4.912 nan nan nan 4.57662 2459323.331883 nan 0
>TOI-427: 64.6570830 -17.4198330 9.221 1.020 0.830 5271.7 4.34 nan
 TOI-427.01: 1.099 15.194 nan 0.0132 0.60903 2459199.009699 2234.6 0
>TOI-4271: 160.8964570 -47.2563310 10.800 nan nan 5829.0 nan nan
 TOI-4271.01: 4.716 nan nan nan 4.50170 2459329.602172 nan 0
>TOI-4272: 159.9795800 -43.7703890 11.933 1.390 1.253 6307.0 4.25 nan
 TOI-4272.01: 2.645 13.796 nan 0.0412 2.73026 2459305.560437 1766.5 0
>TOI-4273: 149.7514070 -48.1986620 12.224 2.230 1.441 6728.0 3.90 nan
 TOI-4273.01: 3.447 23.898 nan 0.0453 2.93470 2459302.623520 2276.3 0
>TOI-4274: 173.7181590 -63.4458190 12.439 1.700 2.253 8878.0 4.33 nan
 TOI-4274.01: 1.266 20.446 nan 0.0150 0.44593 2459359.934530 4557.5 0
>TOI-4276: 299.9751060 -73.8759340 10.421 nan nan 4983.0 nan nan
 TOI-4276.01: 3.140 nan nan nan 11.85116 2460098.730356 nan 0
>TOI-4277: 295.3512960 -76.2198670 12.041 1.270 1.095 5976.0 4.27 nan
 TOI-4277.01: 3.306 14.673 nan 0.0445 3.27381 2460100.006815 1539.5 0
>TOI-4278: 302.8683710 -64.3462820 11.688 1.390 0.973 5483.0 4.14 nan
 TOI-4278.01: 1.624 9.236 nan 0.0282 1.75199 2459058.678662 1856.2 0
>TOI-428: 71.8099270 -17.2486130 6.819 2.350 0.942 5713.0 3.67 nan
 TOI-428.01: 0.404 6.243 nan 0.0141 0.63333 2459198.925652 3556.5 0
>TOI-4280: 304.7009110 -58.6873510 12.173 1.160 1.099 5972.0 4.35 nan
 TOI-4280.01: 3.210 13.799 nan 0.0467 3.51897 2459055.690823 1435.2 0
>TOI-4282: 301.9990380 -70.6155910 10.984 0.940 1.043 5780.0 4.51 nan
 TOI-4282.01: 2.695 16.398 nan 0.1126 13.50980 2459045.476307 805.3 0
>TOI-4283: 276.8286780 -77.1316530 10.487 1.400 1.493 6838.0 4.32 nan
 TOI-4283.01: 2.207 17.061 nan 0.0467 3.01311 2459385.636462 1805.4 0
>TOI-4284: 345.7192450 -80.1394700 12.087 1.806 2.372 5759.0 4.30 nan
 TOI-4284.01: 4.960 14.587 nan 0.0602 3.50088 2460099.511735 1521.0 0
>TOI-4285: 250.8907470 -75.9884140 12.040 1.230 1.264 6328.0 4.36 nan
 TOI-4285.01: 1.319 9.825 nan 0.0235 1.17032 2459386.666789 2207.6 0
>TOI-4286: 107.5233680 -55.8565580 12.047 0.850 0.814 4938.0 4.49 nan
 TOI-4286.01: 2.172 3.281 nan 0.0186 1.02685 2458682.235801 1609.7 0
>TOI-4287: 234.8533970 -85.4737420 11.647 1.860 1.262 6387.0 4.00 nan
 TOI-4287.01: 2.413 14.650 nan 0.0553 4.23376 2459381.865757 1786.2 0
>TOI-4288: 100.1988320 -56.5463730 11.791 0.820 0.850 5036.0 4.54 nan
 TOI-4288.01: 1.242 8.066 nan 0.0616 6.05970 2459965.283094 886.0 0
>TOI-4289: 121.1883590 -82.0657630 10.571 2.180 1.119 6025.0 3.81 nan
 TOI-4289.01: 4.430 18.702 nan 0.0420 2.97574 2459385.628111 2093.1 0
>TOI-429: 72.9773080 -53.8296260 8.941 0.980 0.943 5216.0 4.43 nan
 TOI-429.01: 9.528 9.334 nan nan nan 2458439.648711 nan 0
>TOI-4290: 109.8152270 -80.4737770 10.654 0.800 0.908 5313.0 4.59 nan
 TOI-4290.01: 1.048 2.940 nan 0.0211 1.17717 2459388.733133 1577.5 0
>TOI-4291: 290.5304050 -83.2334480 12.156 1.280 1.113 6029.0 4.27 nan
 TOI-4291.01: 5.254 10.044 nan 0.1072 12.15256 2459383.471460 1004.6 0
>TOI-4293: 302.9784540 -49.0015690 11.576 1.060 1.006 5705.0 4.39 nan
 TOI-4293.01: 2.273 14.992 nan 0.0271 1.62421 2459059.497032 1720.5 0
>TOI-4295: 4.6324740 -84.3600090 12.130 1.140 0.903 5217.0 4.28 nan
 TOI-4295.01: 4.460 10.073 nan 0.0958 11.39291 2459380.285734 867.8 0
>TOI-4296: 33.4499960 -27.8676780 9.121 0.899 0.831 4985.0 4.45 nan
 TOI-4296.02: 2.469 2.417 nan 0.0545 5.09593 2460983.116943 976.3 0
 TOI-4296.03: 2.869 2.661 nan 0.0990 12.49110 2460967.091646 724.4 0
>TOI-4297: 14.3518720 -21.5504740 9.607 0.822 0.837 5030.0 4.53 nan
 TOI-4297.01: 3.595 2.924 nan 0.1197 16.52727 2458391.647306 635.6 0
>TOI-4298: 35.9881750 -34.1099320 8.221 1.221 1.002 5857.0 4.27 nan
 TOI-4298.01: 7.713 2.721 nan 1.5765 722.26198 2458398.395589 248.6 0
>TOI-4299: 182.1005260 -55.0470880 9.598 1.450 1.461 6758.0 4.28 nan
 TOI-4299.01: 5.754 3.557 nan 0.0782 6.60199 2459329.652372 1403.2 0
>TOI-4301: 166.2509700 -46.0345390 9.174 0.980 1.010 5686.0 4.46 nan
 TOI-4301.01: 2.138 2.627 nan 0.0687 6.54453 2460028.654320 1035.6 0
>TOI-4302: 14.7361750 -76.5898930 9.220 0.876 1.000 5653.0 4.55 nan
 TOI-4302.01: 4.574 2.526 nan 0.2241 38.76195 2458347.763724 538.9 0
>TOI-4303: 72.3563860 -43.3536850 8.927 1.765 1.500 6908.0 4.12 nan
 TOI-4303.01: 2.018 4.306 nan 0.0941 8.61108 2458438.485322 1442.7 0
>TOI-4305: 310.4435770 -68.1349870 7.000 2.754 1.190 6200.0 3.63 nan
 TOI-4305.01: 2.548 5.593 nan 0.6685 183.00191 2458679.490787 606.8 0
 TOI-4305.02: 3.639 5.122 nan 1.0772 374.36443 2458670.445038 478.0 0
>TOI-4307: 81.3274980 -75.6937340 5.800 1.098 1.206 6079.2 4.44 nan
 TOI-4307.01: 4.428 1.316 nan 0.2130 32.69667 2458349.759358 665.6 0
 TOI-4307.02: 3.145 0.553 nan 0.0581 4.65458 2458328.004126 1274.4 0
>TOI-4309: 158.5785160 -9.1628460 8.229 0.830 0.890 5220.0 4.55 nan
 TOI-4309.01: 2.156 2.506 nan nan nan 2458564.610546 nan 0
>TOI-4310: 351.9035310 -25.5084620 7.638 0.721 0.650 4159.0 4.54 nan
 TOI-4310.01: 5.809 2.664 nan 0.1621 29.56674 2458365.178800 423.0 0
>TOI-4313: 108.8845710 -55.5550170 8.572 2.059 1.040 5781.0 3.83 nan
 TOI-4313.01: 6.530 3.600 nan 0.0713 6.82276 2458498.277436 1498.0 0
>TOI-4315: 344.6229650 -44.7169350 9.200 0.914 1.125 5809.0 4.57 nan
 TOI-4315.01: 3.436 2.291 nan 0.0834 8.28616 2458326.328277 927.3 0
>TOI-4317: 38.3104200 1.6909300 8.390 0.866 0.680 4354.3 4.40 nan
 TOI-4317.01: 4.142 3.880 nan 0.8681 358.28251 2458431.555433 209.7 0
>TOI-4318: 59.7718740 6.9244730 9.173 0.847 1.011 5683.0 4.59 nan
 TOI-4318.01: 1.444 1.753 nan 0.0214 1.13438 2458438.114877 1724.0 0
>TOI-4319: 100.9718750 -43.8929840 9.062 0.725 0.526 4438.0 4.44 nan
 TOI-4319.01: 7.727 6.552 nan nan nan 2459231.757702 nan 0
>TOI-4321: 327.9479490 -70.3519140 6.499 2.461 1.170 6164.0 3.72 nan
 TOI-4321.01: 5.741 3.352 nan nan nan 2458679.442502 nan 0
>TOI-4322: 73.7411000 -41.3442100 9.296 1.205 1.080 5914.2 4.31 nan
 TOI-4322.01: 5.209 2.417 nan 0.1134 13.41910 2458417.282799 929.6 0
>TOI-4324: 145.6464730 -19.2356990 7.495 0.395 0.386 3479.0 4.83 nan
 TOI-4324.01: 1.188 1.131 nan 0.0484 6.25095 2458518.997987 479.3 0
>TOI-4325: 101.8485880 6.1287170 9.475 0.454 0.382 3896.0 4.71 nan
 TOI-4325.01: 0.920 2.399 nan 0.0198 1.65007 2458469.368876 899.6 0
>TOI-4326: 351.9884370 -26.4546220 6.833 1.079 1.120 6034.5 4.42 nan
 TOI-4326.01: 4.147 2.760 nan 3.0364 1826.07903 2458363.771288 173.5 0
>TOI-4327: 73.2068640 -76.3396810 9.888 0.570 0.568 3672.0 4.68 nan
 TOI-4327.01: 0.665 3.450 nan 0.0143 0.83033 2459387.017748 1117.9 0
>TOI-4328: 68.2888360 -36.9458580 6.267 0.740 0.750 4709.0 4.57 nan
 TOI-4328.01: 2.930 1.860 nan 1.4069 703.79367 2458459.446061 164.7 0
>TOI-4331: 231.2485460 -40.2166330 9.145 2.250 1.087 5992.0 3.77 nan
 TOI-4331.01: 2.154 6.622 nan 0.0410 2.90342 2459360.395379 2140.4 0
>TOI-4333: 229.7309510 -44.5003990 8.554 1.752 1.377 6606.0 4.09 nan
 TOI-4333.01: 1.763 9.955 nan 0.0935 8.90214 2459338.908839 1378.9 0
>TOI-4334: 219.4769760 -46.2851220 9.515 2.120 1.395 6657.0 3.93 nan
 TOI-4334.01: 1.673 7.660 nan 0.0891 8.21976 2459358.587889 1565.8 0
>TOI-4338: 196.7333500 -58.1109550 8.797 1.910 1.106 4979.2 3.92 nan
 TOI-4338.01: 2.050 13.750 nan 0.0776 7.49972 2459335.809605 1191.2 0
>TOI-4340: 175.6616300 -40.0605120 9.236 1.440 1.284 6406.0 4.23 nan
 TOI-4340.01: 2.978 3.456 nan 0.0409 2.66806 2459330.281814 1832.9 0
>TOI-4343: 101.8305640 -56.6175030 10.350 0.902 1.150 6112.0 4.59 nan
 TOI-4343.01: 2.949 1.882 nan 0.1047 11.54185 2458411.639191 865.1 0
>TOI-4344: 69.6510260 -61.3434710 8.570 2.055 1.060 5854.0 3.84 nan
 TOI-4344.01: 14.710 3.254 nan 1.6200 731.48088 2458507.586416 317.9 0
>TOI-4345: 298.4383730 -69.8521020 16.003 0.180 0.470 31000.0 5.60 nan
 TOI-4345.01: 4.091 2.355 nan 0.0837 12.89100 2458657.983826 2192.1 0
>TOI-4347: 84.1935590 -24.0312190 8.516 1.563 1.819 7607.0 4.31 nan
 TOI-4347.01: 6.867 4.030 nan 0.2574 35.35732 2458449.129982 903.9 0
>TOI-4348: 83.9099400 -57.1386300 7.533 1.863 1.160 6128.0 3.96 nan
 TOI-4348.01: 9.091 2.874 nan 1.4665 602.24509 2458507.657689 333.1 0
>TOI-4349: 0.1295740 -26.2310820 9.523 0.558 0.590 3851.0 4.72 nan
 TOI-4349.01: 4.989 2.344 nan 1.3539 749.16052 2458355.689650 119.2 0
>TOI-435: 59.4105740 -25.1899380 10.945 0.673 0.453 3978.0 4.44 nan
 TOI-435.01: 2.391 5.293 nan 0.0337 3.35291 2458411.844766 857.2 0
>TOI-4350: 32.8839070 -76.1074340 8.064 1.149 1.080 5937.0 4.35 nan
 TOI-4350.01: 3.337 1.445 nan 0.0577 4.87597 2458328.385359 1277.5 0
>TOI-4351: 61.7592690 -58.1510130 9.845 0.889 0.910 5303.0 4.50 nan
 TOI-4351.01: 4.471 2.440 nan 0.1404 20.14594 2458362.731781 643.5 0
>TOI-4352: 346.8328230 -60.0849720 8.235 0.835 0.950 5461.0 4.57 nan
 TOI-4352.01: 4.782 1.692 nan 0.1002 11.89186 2458333.456166 760.2 0
>TOI-4353: 48.5833560 -34.0328040 8.128 0.426 0.420 3614.0 4.80 nan
 TOI-4353.01: 2.923 1.365 nan 1.1754 718.18093 2458427.019739 104.9 0
>TOI-4354: 32.6711650 -0.6788840 9.138 0.970 1.025 5737.0 4.48 nan
 TOI-4354.01: 1.885 2.794 nan 0.0954 10.63062 2458417.574247 882.1 0
>TOI-4355: 98.1438380 -55.6489690 6.105 2.175 0.940 5423.0 3.74 nan
 TOI-4355.01: 12.228 3.068 nan nan nan 2458507.585878 nan 0
>TOI-4356: 83.9959690 -63.9263880 8.641 1.593 1.480 6855.0 4.20 nan
 TOI-4356.01: 4.095 4.055 nan 1.5505 579.64720 2458538.746544 335.1 0
>TOI-4358: 344.1243070 -76.7976790 7.830 0.824 0.924 5830.0 4.57 nan
 TOI-4358.01: 5.565 2.378 nan 0.4040 97.60876 2458388.764324 401.5 0
>TOI-4360: 21.7192700 -68.6345220 10.200 0.308 0.286 3246.0 4.92 nan
 TOI-4360.01: 1.218 1.605 nan 0.0273 3.07495 2458328.291306 525.7 0
>TOI-4361: 141.3476640 -15.9221460 7.798 1.220 1.090 5944.0 4.30 nan
 TOI-4361.01: 5.239 2.776 nan 1.6499 741.42383 2458520.648063 246.5 0
>TOI-4362: 106.3961370 -51.3839900 7.778 1.573 1.420 6688.0 4.20 nan
 TOI-4362.01: 4.955 2.602 nan 0.0846 7.54807 2458470.495852 1390.6 0
>TOI-4365: 231.9556850 -56.3190540 9.468 1.410 1.231 6311.0 4.23 nan
 TOI-4365.01: 2.165 5.092 nan 0.0472 3.37844 2460093.008961 1663.3 0
>TOI-4366: 180.2981500 -67.7602330 8.931 1.960 0.926 5355.0 3.82 nan
 TOI-4366.01: 1.661 4.355 nan 0.0364 2.63744 2460092.634307 1894.8 0
>TOI-4369: 100.5878100 -58.1832200 8.637 2.500 1.438 6730.0 3.80 nan
 TOI-4369.01: 4.628 3.580 nan 0.1257 13.57686 2460172.848858 1447.3 0
>TOI-4370: 201.4611550 -16.4281760 8.447 1.900 1.173 6161.0 3.95 nan
 TOI-4370.01: 4.338 2.345 nan 0.0386 2.56107 2459330.970789 2084.3 0
>TOI-4371: 186.9008330 -60.1633290 9.217 1.620 1.588 5801.2 4.22 nan
 TOI-4371.01: 2.084 4.549 nan 0.0237 1.06041 2459359.873486 2312.8 0
>TOI-4372: 218.8554990 -76.2140950 9.255 1.030 nan 5496.0 nan nan
 TOI-4372.01: 2.614 2.586 nan nan 3.27519 2460849.579858 nan 0
>TOI-4373: 203.1759140 -65.2413670 9.331 1.630 1.248 7217.6 4.11 nan
 TOI-4373.01: 1.911 5.907 nan 0.0691 5.94228 2460089.108718 1690.4 0
>TOI-4374: 180.4331970 -61.9547420 9.977 2.850 2.464 9635.0 3.92 nan
 TOI-4374.01: 2.800 7.750 nan 0.1481 13.26895 2459343.366967 2038.1 0
>TOI-4376: 223.3055020 -50.7962420 9.516 2.420 1.547 7029.0 3.86 nan
 TOI-4376.01: 2.580 4.493 nan 0.0311 1.60896 2459359.388606 2989.9 0
>TOI-4378: 20.2785560 -85.5906520 10.746 1.134 1.080 5930.0 4.36 nan
 TOI-4378.01: 1.481 9.424 nan 0.0210 1.06907 2459362.616226 2101.3 0
>TOI-438: 56.5046940 9.9902990 8.207 0.797 0.880 5210.8 4.58 nan
 TOI-438.01: 2.200 2.813 nan 0.0606 5.81235 2458441.048516 911.2 0
>TOI-4380: 252.2816360 -54.2046800 10.550 nan nan 5780.0 4.44 nan
 TOI-4380.01: 1.780 nan nan nan 1.32900 2459362.799086 nan 0
>TOI-4381: 263.1674270 -64.3529970 10.999 0.841 0.930 5377.0 4.56 nan
 TOI-4381.01: 2.224 16.712 nan 0.0250 1.49742 2459362.926190 1503.8 0
>TOI-4382: 266.1675580 -44.2459900 8.451 1.455 1.220 6255.0 4.20 nan
 TOI-4382.01: 3.650 3.785 nan 0.1015 10.68954 2459363.823865 1142.0 0
>TOI-4384: 223.1936040 -68.6665430 9.216 1.610 1.763 7596.0 4.27 nan
 TOI-4384.01: 5.454 6.376 nan 0.1394 14.31720 2460070.251938 1244.8 0
>TOI-4385: 268.1980870 -45.0828060 9.891 2.764 1.480 6840.0 3.73 nan
 TOI-4385.01: 7.355 14.181 nan 0.0980 9.21722 2459369.101784 1751.6 0
>TOI-4386: 246.6213680 -63.4578790 9.394 1.750 1.978 8127.0 4.25 nan
 TOI-4386.01: 1.854 10.979 nan 0.0392 2.01344 2460851.190051 2618.4 0
>TOI-4387: 266.7466450 -47.2083940 10.181 2.429 1.550 7042.0 3.86 nan
 TOI-4387.01: 6.124 16.750 nan 0.0528 3.56204 2459364.141922 2303.2 0
>TOI-4388: 302.5820470 -78.7261560 10.545 1.043 0.890 5225.1 4.35 nan
 TOI-4388.01: 2.786 5.745 nan 0.0511 4.47423 2459364.302212 1138.3 0
>TOI-4389: 256.4401800 -30.8167070 8.509 3.005 1.172 6160.0 3.55 nan
 TOI-4389.01: 1.748 18.190 nan 0.1045 11.40419 2459367.619383 1592.9 0
>TOI-4390: 262.6475390 -52.3367290 7.819 1.906 nan 5095.6 nan nan
 TOI-4390.01: 1.941 8.280 nan nan 4.39544 2460846.712654 nan 0
>TOI-4391: 236.0692740 -54.3208890 6.755 nan nan nan nan nan
 TOI-4391.01: 4.122 nan nan nan 5.29101 2459377.163409 nan 0
>TOI-4392: 241.7786370 -55.7680020 8.545 2.430 1.560 7030.0 3.86 nan
 TOI-4392.01: 2.005 6.343 nan 0.0569 3.96937 2459379.961551 2215.3 0
>TOI-4393: 264.9777970 -31.0104820 9.504 2.000 1.081 5958.0 3.87 nan
 TOI-4393.01: 1.671 6.420 nan 0.0347 2.26761 2459386.167504 2181.1 0
>TOI-4395: 262.5199870 -42.4563760 8.757 3.130 2.415 9505.0 3.83 nan
 TOI-4395.01: 3.304 7.619 nan 0.0635 3.75901 2460119.138338 3217.9 0
>TOI-4398: 260.7992380 -51.0244330 9.031 nan nan nan nan nan
 TOI-4398.01: 3.718 nan nan nan 5.75252 2460116.043368 nan 0
>TOI-4400: 317.1594250 -55.5651600 10.937 1.636 2.451 5478.8 4.40 nan
 TOI-4400.01: 3.682 19.796 nan 0.0971 7.06425 2459038.949915 1084.4 0
>TOI-4401: 43.1365760 -30.2065880 9.948 0.899 0.929 5366.0 4.50 nan
 TOI-4401.01: 1.187 1.703 nan 0.0112 0.45026 2459116.209945 2318.2 0
>TOI-4402: 53.5047840 -54.3667900 8.928 1.150 1.040 5811.0 4.33 nan
 TOI-4402.01: 3.168 1.640 nan 0.0474 3.69899 2458355.491190 1380.2 0
>TOI-4403: 90.7101400 -55.5329310 9.743 1.724 0.881 5515.2 3.91 nan
 TOI-4403.01: 4.338 3.040 nan 0.0508 4.46205 2459036.762645 1549.3 0
>TOI-4404: 123.7249870 -57.4330760 9.605 1.568 1.060 5869.0 4.07 nan
 TOI-4404.01: 2.028 17.708 nan 0.2319 39.62519 2459248.473551 735.9 0
>TOI-4405: 101.5953370 -75.4441270 10.552 0.687 0.960 4467.4 4.64 nan
 TOI-4405.02: 1.526 1.456 nan 0.0183 1.09292 2459036.823688 1319.9 0
>TOI-4407: 50.2197800 -56.0717190 9.851 1.018 0.980 5559.0 4.41 nan
 TOI-4407.01: 2.191 3.308 nan 0.0721 7.13665 2459089.902290 1007.2 0
>TOI-4408: 93.1806260 -57.3144090 11.516 0.656 0.690 4389.0 4.64 nan
 TOI-4408.01: 1.229 3.514 nan 0.0279 2.05424 2459036.341758 1026.2 0
>TOI-4409: 81.8186580 -54.9460980 10.476 0.732 nan 4930.5 nan nan
 TOI-4409.01: 6.894 7.770 nan nan 92.49180 2459076.347685 nan 0
>TOI-4410: 44.3962820 -66.5124980 9.582 0.913 0.849 5489.0 4.45 nan
 TOI-4410.01: 4.526 2.551 nan 0.1627 26.01791 2458335.665026 627.0 0
>TOI-4413: 97.2278890 -73.3266670 8.525 0.890 0.913 5364.0 4.50 nan
 TOI-4413.01: 2.486 1.087 nan 0.0515 4.47198 2460986.078477 1075.3 0
>TOI-4415: 247.0983560 -49.5141520 9.089 2.134 nan nan nan nan
 TOI-4415.01: 2.117 13.219 nan nan 1.83011 2460853.439026 nan 0
>TOI-4416: 251.7800140 -39.9473070 8.658 1.960 1.220 6238.0 3.94 nan
 TOI-4416.01: 5.232 15.290 nan 0.0927 9.33054 2459378.525751 1383.1 0
>TOI-4417: 244.4672040 -54.1664780 7.957 0.760 0.783 4846.0 4.57 nan
 TOI-4417.01: 2.267 2.601 nan 0.0545 5.25746 2460854.805418 872.6 0
>TOI-4418: 273.8463410 -68.5952520 8.896 0.820 0.932 5343.0 4.58 nan
 TOI-4418.01: 1.972 2.264 nan 0.0741 7.62472 2460120.337143 857.1 0
 TOI-4418.02: 3.831 2.817 nan 0.1665 25.70862 2460108.646864 571.8 0
>TOI-4419: 288.4889570 -76.0893190 9.368 1.010 1.048 5785.0 4.45 nan
 TOI-4419.01: 3.528 2.422 nan 0.1271 16.15513 2459365.246873 786.4 0
>TOI-4422: 270.0511730 -31.6085930 9.391 1.830 1.936 7995.0 4.20 nan
 TOI-4422.01: 4.324 15.789 nan 0.0704 4.90829 2460845.951194 1965.6 0
>TOI-4424: 268.2444100 -48.5630820 8.462 0.690 0.812 4926.2 4.67 nan
 TOI-4424.01: 3.082 2.002 nan 0.1242 17.74247 2459383.797001 559.9 0
>TOI-4425: 264.8414490 -35.3918210 8.250 1.474 1.314 6468.0 4.22 nan
 TOI-4425.01: 4.590 11.017 nan 0.0661 5.41280 2460100.181000 1472.8 0
>TOI-4429: 225.5896380 70.9495940 11.663 1.043 0.940 5402.0 4.37 nan
 TOI-4429.01: 3.040 12.814 nan 0.0438 3.45057 2459939.613796 1271.1 0
>TOI-4430: 286.6801470 78.5791430 11.778 1.460 0.963 5490.0 4.09 nan
 TOI-4430.01: 6.385 12.270 nan 0.0683 6.63636 2459884.031242 1224.0 0
>TOI-4432: 271.3082190 47.9112230 10.446 1.028 0.631 4034.0 4.21 nan
 TOI-4432.01: 1.515 25.347 nan 0.0352 3.04134 2459771.229475 1051.2 0
>TOI-4436: 308.4265810 87.0093280 10.838 1.999 1.210 6250.0 3.92 nan
 TOI-4436.01: 3.535 20.958 nan 0.0304 1.75906 2459767.611028 2443.9 0
>TOI-4437: 293.5832190 76.6610860 12.088 1.170 1.185 6182.0 4.38 nan
 TOI-4437.01: 3.788 16.022 nan 0.0676 5.89300 2459915.163041 1240.2 0
>TOI-4439: 284.2808220 48.5379160 12.739 0.949 0.970 5529.0 4.47 nan
 TOI-4439.01: 2.899 13.060 nan 0.0436 3.37924 2459420.207144 1243.9 0
>TOI-4441: 276.1235350 32.0653930 10.477 1.998 1.650 7305.0 4.05 nan
 TOI-4441.01: 4.865 18.848 nan 0.0619 4.37458 2459391.449451 2001.3 0
>TOI-4442: 88.7547040 82.8890110 12.734 1.750 1.357 6557.0 4.08 nan
 TOI-4442.01: 3.388 16.775 nan 0.0550 4.04343 2459910.394832 1783.5 0
>TOI-4443: 274.2686640 21.9095460 7.010 1.017 1.049 5834.0 4.44 nan
 TOI-4443.02: 2.276 2.141 nan 0.0942 10.30887 2459393.257825 924.3 0
>TOI-4447: 172.8722850 71.0814860 11.724 0.711 0.660 4230.0 4.55 nan
 TOI-4447.01: 2.413 9.357 nan 0.0441 4.15962 2459392.183721 819.0 0
>TOI-4449: 278.3260260 25.3951580 9.443 1.280 1.063 5856.0 4.25 nan
 TOI-4449.01: 1.329 13.402 nan 0.0392 2.75192 2460338.433851 1613.6 0
>TOI-445: 77.3235760 -36.5910340 8.412 1.650 0.927 6307.9 3.97 nan
 TOI-445.01: 1.094 12.954 nan 0.0160 0.76496 2459199.549231 3088.9 0
>TOI-4450: 306.1378190 87.0711560 9.613 1.150 1.063 5844.0 4.34 nan
 TOI-4450.01: 3.491 4.013 nan 0.0969 10.69250 2459759.877559 970.8 0
>TOI-4451: 274.7604440 34.0457040 7.703 1.077 1.160 6138.0 4.44 nan
 TOI-4451.01: 4.340 3.662 nan 0.0880 8.85174 2459778.550072 1035.4 0
>TOI-4452: 270.1657250 72.9395010 12.461 1.130 0.960 5480.0 4.31 nan
 TOI-4452.01: 2.723 13.917 nan 0.0438 3.41491 2459911.846148 1342.2 0
>TOI-4459: 251.8273180 67.2980530 12.221 0.580 0.574 3750.0 4.67 nan
 TOI-4459.01: 1.846 6.431 nan 0.0522 5.74753 2459840.458684 602.8 0
>TOI-446: 75.1715800 -35.2026740 11.202 1.669 1.088 6383.9 4.03 nan
 TOI-446.01: 3.918 22.104 nan 0.0464 3.50180 2458440.431610 1846.2 0
>TOI-4460: 19.9100300 85.1343900 8.926 0.690 0.776 4818.0 4.65 nan
 TOI-4460.01: 5.395 3.152 nan 0.1684 28.66487 2460437.031199 470.3 0
>TOI-4462: 274.6699410 36.2548560 9.513 2.060 1.071 5918.0 3.84 nan
 TOI-4462.01: 5.159 9.339 nan 0.0579 4.91330 2459789.419251 1702.2 0
>TOI-4464: 113.1332610 75.7896880 7.686 5.140 nan 5022.0 nan nan
 TOI-4464.01: 3.287 7.659 nan nan 8.03800 2459602.566546 nan 0
>TOI-4468: 260.5750230 72.6453730 11.890 0.790 0.823 4975.0 4.56 nan
 TOI-4468.01: 2.170 12.258 nan 0.0362 2.77086 2459848.554322 1120.7 0
 TOI-4468.02: 2.968 3.653 nan 0.0672 7.01400 2459424.229778 822.5 0
>TOI-447: 77.2601560 -36.4644780 8.205 1.264 1.275 6350.0 4.34 nan
 TOI-447.01: 2.543 23.546 nan 0.0664 5.52927 2459176.319250 1336.0 0
>TOI-4478: 303.5491810 54.6944050 10.401 1.170 1.043 5774.0 4.32 nan
 TOI-4478.01: 2.868 7.784 nan 0.0390 2.75864 2459819.787515 1525.0 0
>TOI-4493: 298.6869350 23.0609420 7.564 2.820 nan 4954.0 nan nan
 TOI-4493.01: 1.930 4.687 nan nan 1.50763 2459794.386139 nan 0
>TOI-4494: 293.3281940 33.4826060 6.538 nan nan 6303.8 nan nan
 TOI-4494.01: 3.670 nan nan nan 32.53502 2460318.212526 nan 0
>TOI-4496: 305.2709280 43.6751670 8.708 nan nan nan nan nan
 TOI-4496.01: 1.322 nan nan nan 1.18803 2460559.123436 nan 0
>TOI-4497: 306.3960980 27.8160890 9.806 1.750 1.614 7172.0 4.16 nan
 TOI-4497.01: 2.887 16.193 nan 0.0539 3.60020 2459440.840426 1970.6 0
>TOI-4499: 284.3618870 39.0761840 9.290 1.090 1.166 6111.0 4.43 nan
 TOI-4499.01: 2.449 2.060 nan 0.0474 3.49021 2460338.925724 1413.1 0
 TOI-4499.02: 3.163 2.077 nan 0.0645 5.53877 2460335.262371 1211.4 0
>TOI-450: 79.0050880 -31.4126940 9.791 0.422 0.178 3054.0 4.44 nan
 TOI-450.01: 2.112 14.038 nan 0.0535 10.71487 2459182.487384 413.6 0
>TOI-4501: 292.7237240 30.4334530 8.194 2.940 2.035 8279.0 3.81 nan
 TOI-4501.01: 2.379 3.577 nan 0.0398 2.03488 2460337.772433 3431.2 0
>TOI-4503: 103.0928720 -65.0976570 7.939 0.796 0.921 5334.0 4.60 nan
 TOI-4503.01: 7.145 2.093 nan 1.5162 710.69820 2459234.617058 186.4 0
>TOI-4505: 95.2417960 -60.9557810 9.863 1.967 2.453 7182.7 4.24 nan
 TOI-4505.01: 7.731 17.334 nan 0.1910 19.47238 2459068.264739 1111.5 0
>TOI-4506: 354.4106250 -12.8425300 10.452 0.185 0.174 2938.0 5.15 nan
 TOI-4506.01: 0.721 2.986 nan 0.0337 5.41070 2458357.518293 331.9 0
>TOI-4508: 69.6147310 -31.1893350 9.439 0.333 0.314 3383.0 4.89 nan
 TOI-4508.01: 0.406 2.114 nan 0.0305 3.46728 2458438.012099 539.0 0
>TOI-4509: 100.9534220 -52.6383810 10.759 1.812 1.510 6930.0 4.10 nan
 TOI-4509.01: 6.457 10.488 nan nan nan 2459231.763893 nan 0
>TOI-4510: 115.6390480 -58.6232720 9.831 1.518 1.900 7923.0 4.35 nan
 TOI-4510.01: 9.256 4.471 nan 0.8130 194.24329 2459039.762461 522.1 0
>TOI-4511: 49.3052790 15.5017270 8.779 1.001 1.952 5418.8 4.39 nan
 TOI-4511.01: 5.197 3.330 nan 0.1492 20.90406 2460243.483965 676.8 0
>TOI-4519: 31.1064530 3.9989300 11.601 nan nan 5780.0 4.44 nan
 TOI-4519.01: 2.537 nan nan nan 5.89036 2459448.624749 nan 0
>TOI-4537: 340.5915800 -6.8710500 7.348 1.074 1.106 5975.0 4.42 nan
 TOI-4537.01: 1.345 3.702 nan 0.0717 6.66300 2459450.837437 1115.1 0
>TOI-454: 49.6599370 -42.6423290 7.508 0.296 0.287 3321.0 4.95 nan
 TOI-454.01: 2.387 3.912 nan 0.0890 18.08262 2460981.953505 292.0 0
>TOI-4541: 26.3085090 3.5136400 9.114 nan nan 5986.2 nan nan
 TOI-4541.01: 0.852 nan nan nan 1.13398 2459496.050413 nan 0
>TOI-4542: 346.5927470 -9.2014780 10.649 1.050 0.784 4781.0 4.29 nan
 TOI-4542.01: 1.748 23.775 nan 0.0590 5.91677 2459453.208413 972.6 0
>TOI-4543: 55.1408510 13.5527720 4.981 3.190 nan 4837.8 nan nan
 TOI-4543.01: 4.551 24.613 nan nan 5.77403 2460212.247805 nan 0
>TOI-4546: 51.4406530 23.1886660 9.311 1.960 1.536 6984.0 4.04 nan
 TOI-4546.01: 0.671 7.712 nan 0.0186 0.74564 2460232.738875 3457.1 0
>TOI-4548: 36.3411200 25.5306780 8.989 1.590 nan 5970.5 nan nan
 TOI-4548.01: 1.402 5.395 nan nan 4.60040 2460229.837135 nan 0
>TOI-4550: 167.8198070 -68.4725370 9.466 2.570 1.555 7751.0 3.81 nan
 TOI-4550.01: 2.393 4.830 nan 0.0346 1.88688 2460093.051522 3221.2 0
>TOI-4553: 278.1865720 43.2528200 9.787 1.466 1.331 6490.0 4.23 nan
 TOI-4553.01: 7.185 10.803 nan 0.1603 20.31296 2459422.817477 946.4 0
>TOI-4554: 144.3193350 -84.6962580 8.578 0.796 0.960 5490.0 4.62 nan
 TOI-4554.01: 9.025 1.467 nan 1.5277 703.93766 2458644.136953 191.1 0
>TOI-4555: 91.8754970 -76.6905900 7.371 1.410 1.190 6199.0 4.22 nan
 TOI-4555.01: 9.864 2.245 nan 1.3456 522.62727 2458523.844604 306.0 0
>TOI-4556: 182.9250660 -32.5325800 10.729 0.219 0.188 3319.0 5.03 nan
 TOI-4556.01: 1.226 1.457 nan 0.0272 3.79246 2458570.930851 454.1 0
>TOI-4557: 197.9125110 -47.4545700 9.399 1.233 1.520 6013.0 4.44 nan
 TOI-4557.01: 8.092 5.146 nan 0.2282 32.29190 2458605.104346 674.0 0
>TOI-4558: 71.1123350 -59.3214470 7.448 2.263 5.121 5217.0 4.44 nan
 TOI-4558.01: 4.663 1.677 nan 0.1185 6.58128 2458325.445967 1099.4 0
>TOI-4560: 127.8322280 -68.0239000 8.356 1.897 1.330 6491.0 4.01 nan
 TOI-4560.01: 2.526 2.414 nan 0.0521 3.76340 2458441.155609 1888.7 0
>TOI-4563: 196.6530580 -80.6170020 10.198 0.698 0.920 5342.0 4.71 nan
 TOI-4563.01: 3.804 5.451 nan 1.5621 743.48439 2458629.331333 172.2 0
>TOI-4565: 270.1079960 -48.4746370 8.063 0.531 0.528 3614.0 4.71 nan
 TOI-4565.01: 2.558 2.180 nan 0.1157 19.78598 2460853.062881 373.3 0
>TOI-4566: 56.7698650 -79.3343220 9.846 0.713 0.700 4443.4 4.58 nan
 TOI-4566.01: 1.554 1.881 nan 0.0284 2.08449 2459036.380129 1073.6 0
>TOI-4567: 128.5065850 -66.7685490 9.819 0.608 0.595 3830.0 4.64 nan
 TOI-4567.01: 1.178 1.673 nan 0.0147 0.84094 2458543.862361 1187.8 0
 TOI-4567.02: 3.239 2.311 nan 0.1352 23.54224 2458548.589493 391.6 0
>TOI-4568: 238.7022590 -65.9011210 6.020 1.330 1.076 5899.0 4.22 nan
 TOI-4568.01: 2.022 2.279 nan 0.1165 14.00638 2460849.798144 961.1 0
>TOI-457: 58.7253560 -26.4234110 10.980 0.513 1.179 3054.0 5.09 nan
 TOI-457.01: 0.993 7.719 nan 0.0230 1.17598 2458411.560535 695.5 0
>TOI-4572: 210.0488710 88.6121030 9.788 0.470 0.467 3710.0 4.76 nan
 TOI-4572.01: 2.276 1.572 nan 0.0860 13.47555 2458822.701914 418.2 0
>TOI-4573: 268.2537580 66.1345850 9.112 0.624 0.660 4207.0 4.67 nan
 TOI-4573.01: 2.728 1.416 nan 0.0828 10.71555 2458693.433927 556.9 0
>TOI-4574: 312.0654040 24.4845490 9.605 0.540 0.533 3734.0 4.70 nan
 TOI-4574.01: 0.512 2.013 nan 0.0133 0.76899 2459823.526701 1147.3 0
>TOI-4575: 175.1968790 71.9787240 9.375 1.160 1.079 5905.0 4.34 nan
 TOI-4575.01: 4.901 2.853 nan 0.1850 27.98156 2460317.227192 713.0 0
>TOI-4576: 275.2268410 16.4527030 8.381 0.678 0.670 4271.0 4.60 nan
 TOI-4576.01: 3.298 3.512 nan 0.0820 10.48341 2459010.844549 592.2 0
>TOI-458: 39.1363040 -22.2449960 8.340 0.830 0.864 5164.0 4.54 nan
 TOI-458.01: 2.112 2.895 nan 0.1258 17.52883 2458414.165631 639.6 0
>TOI-4580: 242.4150450 65.8280210 7.571 0.973 14.459 5659.0 5.62 nan
 TOI-4580.01: 1.358 0.612 nan 0.0450 0.91680 2458684.084719 1268.9 0
>TOI-4585: 280.2033290 62.5063460 8.703 1.289 6.557 6000.0 5.03 nan
 TOI-4585.01: 12.898 2.565 nan nan nan 2458915.989125 nan 0
>TOI-4586: 164.5246440 59.4301790 9.585 0.870 0.949 5405.0 4.54 nan
 TOI-4586.01: 1.954 2.222 nan 0.0591 5.39099 2459632.557861 1000.0 0
>TOI-4590: 203.1951410 84.5147050 8.324 0.787 0.830 5011.0 4.57 nan
 TOI-4590.01: 2.121 1.912 nan 0.1611 25.92135 2458703.264605 534.1 0
>TOI-4596: 98.7078480 27.3880170 8.278 0.980 0.987 5598.0 4.45 nan
 TOI-4596.01: 2.057 2.685 nan 0.0501 4.11942 2460283.324345 1193.9 0
>TOI-4597: 73.7056540 22.1463840 7.414 1.570 1.835 7712.0 4.31 nan
 TOI-4597.01: 2.526 13.226 nan 0.0669 4.66638 2459523.197223 1801.5 0
>TOI-4598: 50.7871960 24.6900390 8.645 1.760 1.104 6011.0 3.99 nan
 TOI-4598.01: 2.168 15.905 nan 0.0823 8.20037 2460251.524106 1340.4 0
>TOI-4601: 75.8141180 24.2232700 9.311 1.275 1.297 6408.3 4.34 nan
 TOI-4601.01: 1.738 15.210 nan 0.0423 2.78752 2459501.267100 1696.5 0
>TOI-4607: 28.9052220 24.1181540 8.868 1.310 1.278 6404.0 4.31 nan
 TOI-4607.01: 2.411 3.081 nan 0.0663 5.51095 2459498.183252 1372.7 0
>TOI-4609: 70.3742040 21.2577330 9.420 1.680 1.708 7461.4 4.22 nan
 TOI-4609.01: 3.246 16.068 nan 0.0453 2.69218 2460229.446917 2191.1 0
>TOI-4613: 72.6336080 13.6134680 10.965 2.400 2.006 5341.8 3.98 nan
 TOI-4613.01: 3.323 21.127 nan 0.0677 4.54617 2460251.014170 1533.7 0
>TOI-4614: 38.1534960 16.3376230 9.105 0.877 0.661 4225.9 4.37 nan
 TOI-4614.01: 1.426 10.435 nan 0.0982 13.83389 2459448.534256 609.0 0
>TOI-4616: 14.8180880 13.8607950 10.470 0.193 0.162 3244.0 5.08 nan
 TOI-4616.01: 0.924 1.264 nan 0.0143 1.55382 2458765.025928 574.7 0
>TOI-4617: 71.0226720 22.5676020 11.017 1.220 1.030 5752.4 4.28 nan
 TOI-4617.01: 2.883 16.885 nan 0.0455 3.48788 2459474.422251 1436.3 0
>TOI-462: 36.2764650 1.3235500 9.629 1.301 1.776 5205.0 4.46 nan
 TOI-462.01: 3.084 3.972 nan 0.0608 4.10743 2458414.822983 1161.0 0
>TOI-4620: 68.0714630 33.3963840 8.658 2.080 1.863 7825.0 4.07 nan
 TOI-4620.01: 1.380 15.906 nan 0.0300 1.38875 2459933.972235 3141.9 0
>TOI-4622: 60.2265600 31.6910670 13.245 0.463 0.461 3003.0 4.77 nan
 TOI-4622.01: 3.430 11.286 nan 0.0180 1.29694 2459474.773371 734.4 0
>TOI-4625: 65.6534810 25.6998780 8.814 0.720 0.518 4384.2 4.44 nan
 TOI-4625.01: 1.810 2.302 nan 0.0265 2.19134 2459475.637804 1102.0 0
>TOI-4626: 205.5135480 -48.4664430 7.315 0.840 nan 5387.2 nan nan
 TOI-4626.01: 2.895 2.656 nan nan 17.47561 2459338.399136 nan 0
>TOI-4629: 275.9431120 -68.3449500 7.783 1.126 1.085 6324.0 4.37 nan
 TOI-4629.01: 5.692 2.491 nan 1.6074 714.69710 2458673.333796 255.2 0
>TOI-4631: 137.5247730 75.6108420 7.688 0.822 0.990 5614.0 4.60 nan
 TOI-4631.01: 3.884 2.395 nan 0.2032 33.63563 2458705.690981 544.5 0
>TOI-4632: 276.8624180 45.4544890 8.745 0.702 0.650 4152.0 4.56 nan
 TOI-4632.01: 4.993 2.883 nan 0.2688 63.14485 2458712.448605 323.6 0
>TOI-4637: 33.2648200 19.4026670 9.141 0.865 0.868 5142.5 4.50 nan
 TOI-4637.01: 2.512 2.805 nan 0.1103 14.35406 2459451.613000 694.4 0
>TOI-4639: 27.3145460 21.7034910 9.740 1.027 1.170 6153.0 4.48 nan
 TOI-4639.01: 2.790 2.703 nan 0.0519 3.99068 2459451.091261 1319.8 0
 TOI-4639.02: 4.454 3.363 nan 0.1145 13.07806 2459456.765509 888.6 0
>TOI-4642: 30.8846610 6.8158700 9.517 0.242 0.212 3266.0 5.00 nan
 TOI-4642.01: 1.033 1.167 nan 0.0274 3.60224 2459449.129554 468.0 0
>TOI-4643: 32.2179660 4.3069280 8.550 0.518 0.516 3782.0 4.72 nan
 TOI-4643.01: 1.889 1.466 nan 0.0460 5.02566 2458411.393075 612.0 0
 TOI-4643.02: 1.532 1.717 nan 0.0764 10.73870 2458415.854932 474.9 0
>TOI-4644: 41.7288900 10.0259750 9.287 0.750 0.658 4242.2 4.51 nan
 TOI-4644.01: 0.762 1.782 nan 0.0079 0.31819 2459524.090945 1993.2 0
>TOI-4645: 230.7105900 -59.8353750 9.678 3.020 2.249 8972.0 3.83 nan
 TOI-4645.01: 8.035 17.928 nan 0.0758 5.08723 2460084.812644 2730.8 0
>TOI-4646: 72.7996070 50.0979260 10.459 0.778 0.681 4379.0 4.49 nan
 TOI-4646.01: 3.200 12.657 nan 0.0741 8.92995 2459915.972155 684.2 0
>TOI-4647: 5.2460660 12.3240030 8.671 0.968 1.103 5991.0 4.51 nan
 TOI-4647.01: 3.014 2.539 nan 0.0864 8.83461 2459451.542506 967.0 0
 TOI-4647.02: 3.168 2.592 nan 0.1004 11.06961 2459451.391313 897.0 0
>TOI-4649: 29.9565270 16.3466940 9.175 1.010 1.025 5744.7 4.44 nan
 TOI-4649.01: 3.502 2.419 nan 0.1204 15.07587 2460233.687026 802.3 0
>TOI-4650: 334.3284470 -32.8612910 11.813 0.770 0.684 4432.0 4.50 nan
 TOI-4650.01: 2.858 8.592 nan 0.0332 2.66724 2459084.536102 1029.2 0
>TOI-4651: 325.0994780 -46.2966280 12.332 1.070 1.025 5721.0 4.39 nan
 TOI-4651.01: 2.457 10.102 nan 0.0987 11.18790 2459071.960195 908.3 0
>TOI-4652: 326.3411740 -48.1338050 11.089 0.990 0.984 5654.5 4.44 nan
 TOI-4652.01: 4.088 12.759 nan 0.1368 18.62248 2459078.330446 733.5 0
>TOI-4653: 342.7553940 -71.7418960 10.553 1.240 1.285 6397.0 4.36 nan
 TOI-4653.01: 4.775 4.234 nan 0.1372 16.37642 2460128.431989 927.3 0
>TOI-4654: 321.3944060 -21.7984100 12.161 1.140 1.037 5820.0 4.34 nan
 TOI-4654.01: 2.411 12.251 nan 0.0961 10.69367 2459084.090632 966.6 0
>TOI-4655: 337.1715550 -23.9357630 12.138 0.720 0.864 5134.0 4.66 nan
 TOI-4655.01: 1.743 11.714 nan 0.0444 3.67498 2459085.462981 996.9 0
>TOI-4656: 2.9110290 -38.0102670 11.944 0.870 0.834 5053.0 4.48 nan
 TOI-4656.01: 1.693 6.237 nan 0.0420 3.43922 2459110.795172 1109.0 0
>TOI-4657: 355.0184790 -15.9463460 10.660 1.352 1.185 6200.0 4.25 nan
 TOI-4657.01: 0.960 5.854 nan 0.0836 8.11567 2460183.111585 1202.3 0
>TOI-4658: 355.5354800 -39.0610860 10.399 0.850 1.002 5575.0 4.58 nan
 TOI-4658.01: 2.262 2.967 nan 0.0648 6.01424 2459103.831934 973.6 0
>TOI-4659: 58.8142370 -20.3127100 10.198 1.520 1.085 5921.2 4.11 nan
 TOI-4659.01: 0.794 6.131 nan 0.0207 1.04512 2459167.858358 2446.7 0
>TOI-4660: 51.9997850 12.5234150 11.220 0.840 0.742 4674.0 4.46 nan
 TOI-4660.01: 1.796 14.318 nan 0.0233 1.50908 2459523.062741 1353.3 0
>TOI-4661: 40.5201730 -17.5017300 10.214 nan nan nan nan nan
 TOI-4661.01: 1.920 nan nan nan 8.80858 2459156.854569 nan 0
>TOI-4663: 61.0832540 -49.1235310 11.240 0.750 0.745 4397.1 4.56 nan
 TOI-4663.01: 2.645 10.129 nan 0.0539 5.29164 2459159.619518 790.9 0
>TOI-4664: 54.6652400 4.9214300 11.466 1.260 1.078 5902.3 4.27 nan
 TOI-4664.01: 3.519 12.482 nan 0.0417 3.00027 2459165.086370 1564.5 0
>TOI-4665: 56.3003990 -41.3098380 12.470 1.660 1.236 6304.0 4.09 nan
 TOI-4665.01: 4.430 12.485 nan 0.0501 3.68316 2459165.067431 1749.8 0
>TOI-4667: 37.2439800 1.3094740 12.310 1.010 1.025 5681.0 4.44 nan
 TOI-4667.01: 1.673 13.379 nan 0.1352 17.94509 2459165.819787 748.7 0
>TOI-4670: 61.6658020 -39.4446100 12.500 0.360 0.350 3382.0 4.87 nan
 TOI-4670.01: 1.663 10.829 nan 0.0858 15.50143 2459150.617565 334.1 0
>TOI-4671: 43.6956220 -4.8630040 10.610 1.130 1.019 5689.0 4.34 nan
 TOI-4671.01: 3.895 5.372 nan 0.1309 17.14703 2459167.096077 806.0 0
>TOI-4673: 53.2965740 -8.2584280 11.636 1.030 0.928 5383.0 4.38 nan
 TOI-4673.01: 0.728 16.834 nan 0.0548 4.86674 2459164.646167 1125.3 0
>TOI-4674: 54.4570280 -24.6126280 12.122 1.530 1.003 5595.0 4.07 nan
 TOI-4674.01: 3.582 12.965 nan 0.0513 4.24306 2459161.883903 1473.4 0
>TOI-4675: 50.5427880 -4.1116730 9.042 0.610 0.635 3991.0 4.67 nan
 TOI-4675.01: 1.795 2.151 nan 0.0393 3.57798 2459165.526150 758.2 0
>TOI-4676: 62.7242500 -49.3832010 11.966 0.900 0.833 5042.0 4.45 nan
 TOI-4676.01: 2.480 8.656 nan 0.1033 13.29197 2459163.082504 717.6 0
>TOI-4677: 54.3715680 -43.7045100 11.463 0.990 0.984 5556.0 4.44 nan
 TOI-4677.01: 0.789 5.850 nan 0.0495 4.05899 2459166.440518 1198.1 0
>TOI-4678: 55.0017110 -14.0689760 12.017 1.180 0.990 5549.0 4.29 nan
 TOI-4678.01: 2.968 12.358 nan 0.0553 4.77432 2459168.253288 1236.0 0
>TOI-4679: 61.8999440 11.5175440 10.374 1.257 nan 4955.0 nan nan
 TOI-4679.01: 4.393 7.420 nan nan 6.81709 2460211.223411 nan 0
>TOI-4680: 82.1570340 -27.0316880 12.205 1.080 1.068 5923.0 4.40 nan
 TOI-4680.01: 4.060 9.817 nan 0.1345 17.43140 2459173.504974 809.3 0
>TOI-4681: 68.1437940 -4.7854460 12.077 1.000 0.982 5582.5 4.43 nan
 TOI-4681.01: 2.628 14.550 nan 0.0408 3.04218 2459194.880219 1332.7 0
>TOI-4684: 73.5834550 7.7753950 12.030 1.730 1.472 6782.0 4.13 nan
 TOI-4684.01: 1.648 16.742 nan 0.0774 6.48791 2459194.248543 1546.1 0
>TOI-4685: 74.2368630 2.6623200 10.624 0.900 0.956 5516.0 4.51 nan
 TOI-4685.01: 3.198 3.615 nan 0.0708 7.03083 2459188.986410 948.3 0
>TOI-4686: 74.2547880 -15.1034800 11.932 1.380 0.937 5416.0 4.13 nan
 TOI-4686.01: 2.339 13.697 nan 0.0763 7.94612 2459190.957776 1110.7 0
>TOI-4687: 82.8235300 14.3143670 11.917 1.870 1.190 6209.0 3.97 nan
 TOI-4687.01: 3.014 14.700 nan 0.0461 3.31336 2459548.927537 1906.9 0
>TOI-4688: 67.1577590 14.5332910 11.240 1.140 1.061 5851.0 4.35 nan
 TOI-4688.01: 1.353 11.456 nan 0.0783 7.76888 2460211.622844 1076.6 0
>TOI-4689: 63.4960600 2.7622960 10.943 0.740 nan 4294.3 nan nan
 TOI-4689.01: 1.835 8.678 nan nan 2.43374 2459198.970846 nan 0
>TOI-4690: 76.5971550 3.2804890 10.254 1.510 1.259 6356.0 4.18 nan
 TOI-4690.01: 1.332 6.827 nan 0.1079 11.53415 2459180.689567 1146.6 0
>TOI-4691: 76.3202430 -44.6549770 12.362 1.500 1.057 5807.0 4.11 nan
 TOI-4691.01: 4.495 10.414 nan 0.0835 8.57259 2459185.213746 1186.8 0
>TOI-4692: 66.0700440 -47.1116860 11.883 1.120 0.872 5147.0 4.28 nan
 TOI-4692.01: 1.124 16.889 nan 0.0475 4.05196 2460989.765516 1205.2 0
>TOI-4693: 70.2220130 -16.5900250 10.159 1.050 0.715 4578.0 4.25 nan
 TOI-4693.01: 1.167 10.158 nan 0.0270 1.91132 2459198.727602 1376.6 0
>TOI-4694: 83.0004920 -2.4176320 11.911 1.530 1.075 5885.0 4.10 nan
 TOI-4694.01: 1.847 14.497 nan 0.0634 5.62932 2459193.698371 1394.1 0
>TOI-4695: 64.1970370 -21.6101350 11.365 0.850 1.025 5755.0 4.59 nan
 TOI-4695.01: 2.924 13.207 nan 0.2143 35.78619 2459155.040890 552.7 0
>TOI-4696: 60.5859870 12.4142790 11.903 1.440 1.093 6007.5 4.16 nan
 TOI-4696.01: 3.025 10.771 nan 0.0519 4.12491 2459521.210956 1525.9 0
>TOI-4697: 64.8472900 -4.5478850 12.247 2.120 nan 5178.0 nan nan
 TOI-4697.01: 6.229 13.885 nan nan 5.02747 2459195.473718 nan 0
>TOI-4698: 78.6733550 14.4473520 11.831 1.140 1.013 5696.0 4.33 nan
 TOI-4698.01: 2.325 12.509 nan 0.0514 4.23332 2459191.579713 1293.5 0
>TOI-4699: 82.3039600 -10.3286960 12.000 1.190 0.940 5452.0 4.26 nan
 TOI-4699.01: 4.474 11.003 nan 0.0900 10.17661 2459186.707588 956.0 0
>TOI-4700: 62.7204770 8.4241550 11.665 nan nan 4391.0 nan nan
 TOI-4700.01: 1.734 nan nan nan 2.29645 2459197.315409 nan 0
>TOI-4702: 68.2193080 -3.7374680 11.328 1.290 1.079 5944.0 4.25 nan
 TOI-4702.01: 3.323 14.812 nan 0.0429 3.12170 2459194.134783 1571.7 0
>TOI-4703: 76.5800830 13.7722070 11.981 1.710 1.253 6349.0 4.07 nan
 TOI-4703.01: 3.042 13.698 nan 0.0626 5.11558 2459517.108882 1600.1 0
>TOI-4704: 76.5794170 3.5885160 11.432 2.240 1.077 5885.0 3.77 nan
 TOI-4704.01: 1.469 13.389 nan 0.0388 2.68760 2459197.724648 2156.2 0
>TOI-4705: 72.1649430 12.9552500 10.308 1.770 1.374 5359.0 4.08 nan
 TOI-4705.01: 5.076 9.891 nan 0.1135 11.91403 2459519.126558 1020.5 0
>TOI-4706: 90.4882850 -29.1364230 10.230 1.010 0.956 5309.0 4.41 nan
 TOI-4706.01: 5.289 12.541 nan 1.5717 735.98236 2458483.114646 205.2 0
>TOI-4707: 101.2440480 -14.5466640 11.427 1.470 1.434 6719.0 4.26 nan
 TOI-4707.01: 0.336 14.597 nan 0.0134 0.47099 2459226.690709 3393.5 0
>TOI-4708: 91.4733230 0.3572560 11.851 1.270 1.070 5906.0 4.26 nan
 TOI-4708.01: 3.354 15.142 nan 0.0449 3.35601 2459223.248135 1514.6 0
>TOI-4709: 87.4904930 -12.8352120 11.740 0.500 nan 5956.9 nan nan
 TOI-4709.01: 3.209 7.896 nan nan 6.23975 2459220.512929 nan 0
>TOI-4710: 84.1667050 -38.5191280 11.697 1.500 0.964 5475.0 4.07 nan
 TOI-4710.01: 2.702 8.373 nan 0.0251 1.47984 2459226.526882 2040.9 0
>TOI-4711: 107.3116210 -11.0632610 11.115 3.560 nan 5337.0 nan nan
 TOI-4711.01: 6.540 13.627 nan nan 3.70811 2459221.348914 nan 0
>TOI-4712: 86.4211130 -12.1283850 11.278 1.310 0.992 5626.0 4.20 nan
 TOI-4712.01: 3.592 8.769 nan 0.0836 8.87201 2459221.840496 1073.9 0
>TOI-4713: 89.6408380 10.2205890 11.143 nan nan 7076.3 nan nan
 TOI-4713.01: 3.095 nan nan nan 2.95325 2459224.623802 nan 0
>TOI-4714: 94.9369660 -5.7191950 11.920 1.000 0.959 5431.0 4.42 nan
 TOI-4714.01: 3.114 14.575 nan 0.0767 7.91447 2459219.562126 945.6 0
>TOI-4716: 105.2433400 -2.2591450 12.419 2.590 1.813 7666.0 3.87 nan
 TOI-4716.01: 6.518 16.244 nan 0.0720 5.23761 2459218.398096 2217.1 0
>TOI-4717: 105.7374140 -0.8033400 12.581 1.550 1.961 8131.7 4.35 nan
 TOI-4717.01: 3.043 16.015 nan 0.0633 4.15834 2459219.329857 1940.3 0
>TOI-4718: 98.6906450 4.3958710 11.583 1.070 1.232 6282.4 4.47 nan
 TOI-4718.01: 2.265 8.298 nan 0.0625 5.14090 2459220.398799 1253.5 0
>TOI-4719: 91.0944560 -16.3402580 11.041 0.770 0.785 4850.0 4.56 nan
 TOI-4719.01: 2.870 11.615 nan 0.1068 14.39531 2459201.745874 628.0 0
>TOI-472: 99.8670300 -33.5402230 9.918 0.500 0.250 3294.0 4.44 nan
 TOI-472.01: 0.755 24.849 nan 0.0085 0.56826 2459226.783631 1218.2 0
>TOI-4720: 104.1824270 -7.8244280 12.414 1.590 1.273 6364.0 4.14 nan
 TOI-4720.01: 3.069 15.346 nan 0.0515 3.78108 2459225.607183 1705.1 0
>TOI-4721: 92.3257700 11.4114880 11.341 0.772 nan 4779.0 nan nan
 TOI-4721.01: 2.469 7.294 nan nan 4.00865 2460237.323707 nan 0
>TOI-4722: 103.3298390 -12.5039130 11.976 1.610 1.398 6619.0 4.17 nan
 TOI-4722.01: 3.992 10.621 nan 0.1075 10.89109 2459219.500661 1235.2 0
>TOI-4723: 101.2278190 -14.2900380 12.226 1.580 1.378 6624.0 4.18 nan
 TOI-4723.01: 2.955 14.698 nan 0.0517 3.65910 2459226.361286 1765.8 0
>TOI-4724: 100.9073250 -10.5841420 10.273 0.920 1.022 5730.0 4.52 nan
 TOI-4724.01: 2.731 3.437 nan 0.0461 3.57236 2459221.311524 1234.3 0
>TOI-4725: 108.0088940 15.3489090 11.234 0.950 1.041 5805.0 4.50 nan
 TOI-4725.01: 1.223 12.643 nan 0.0323 2.07631 2459546.995130 1518.1 0
>TOI-4726: 92.7298190 -13.1669150 10.828 0.850 0.893 5203.0 4.53 nan
 TOI-4726.01: 2.775 14.143 nan 0.0498 4.29711 2459223.153269 1036.5 0
>TOI-4727: 90.2729050 -2.2878970 11.444 1.140 0.990 5635.0 4.32 nan
 TOI-4727.01: 1.193 22.477 nan 0.0724 7.15165 2459214.055371 1078.2 0
>TOI-4728: 104.8567240 9.3775910 11.191 0.660 0.632 3971.0 4.60 nan
 TOI-4728.01: 1.639 12.813 nan 0.0560 6.08795 2459223.951267 657.4 0
>TOI-4729: 99.1314370 -2.1376490 11.563 1.040 1.086 5950.0 4.44 nan
 TOI-4729.01: 1.868 9.550 nan 0.0731 6.92797 2459220.206779 1082.2 0
>TOI-4730: 90.6209260 16.4994600 10.660 1.780 1.559 7070.0 4.13 nan
 TOI-4730.01: 3.284 9.756 nan 0.0578 4.06811 2459545.314424 1891.9 0
>TOI-4731: 97.1472600 14.9403850 11.010 1.250 nan 6344.5 nan nan
 TOI-4731.01: 1.236 13.431 nan nan 1.45537 2459548.375865 nan 0
>TOI-4732: 102.6751300 -18.3848550 12.074 1.010 1.025 5711.0 4.44 nan
 TOI-4732.01: 1.085 21.800 nan 0.0302 1.89116 2459225.157456 1592.6 0
>TOI-4733: 96.0005890 14.0129210 12.170 1.270 1.317 6473.0 4.35 nan
 TOI-4733.01: 3.785 17.474 nan 0.0653 5.30544 2459544.584830 1376.5 0
>TOI-4735: 100.8995600 -5.5519330 10.915 nan nan nan nan nan
 TOI-4735.01: 2.031 nan nan nan 3.54105 2459221.109539 nan 0
>TOI-4736: 94.8094550 0.6516640 12.113 1.650 1.040 5777.0 4.02 nan
 TOI-4736.01: 4.678 21.589 nan 0.0399 2.85648 2459222.792459 1791.4 0
>TOI-4737: 103.4105080 -13.4363840 10.988 1.670 1.065 5916.0 4.02 nan
 TOI-4737.01: 4.963 7.877 nan 0.0885 9.32025 2459222.401832 1239.2 0
>TOI-4739: 102.5057000 -5.2020630 10.301 2.100 4.409 8190.0 4.44 nan
 TOI-4739.01: 3.365 22.383 nan 0.1302 8.17036 2459223.200936 1586.1 0
>TOI-4740: 92.3733950 -6.0615240 11.116 nan nan nan nan nan
 TOI-4740.01: 3.883 nan nan nan 5.77288 2459226.154086 nan 0
>TOI-4741: 105.4185710 2.1891500 11.709 1.600 1.203 6252.0 4.11 nan
 TOI-4741.01: 2.977 14.019 nan 0.0382 2.48496 2459223.677938 1951.1 0
>TOI-4742: 103.5265090 5.4760300 12.116 1.270 1.444 6753.0 4.39 nan
 TOI-4742.01: 2.918 10.504 nan 0.0567 4.10347 2459226.761013 1541.1 0
>TOI-4743: 108.7464890 -0.2429340 12.587 2.140 1.918 7968.0 4.06 nan
 TOI-4743.01: 3.122 19.446 nan 0.0822 6.21855 2459217.210283 1960.4 0
>TOI-4744: 95.8155600 4.8964070 11.642 2.110 1.290 6399.9 3.90 nan
 TOI-4744.01: 4.644 14.236 nan 0.0606 4.80135 2459220.296088 1821.0 0
>TOI-4745: 104.7383120 7.9446150 12.027 1.280 nan 5972.0 nan nan
 TOI-4745.01: 2.604 13.310 nan nan 4.41394 2459220.372965 nan 0
>TOI-4746: 79.1297170 -41.4474160 10.667 0.780 0.883 5223.0 4.60 nan
 TOI-4746.01: 2.440 4.393 nan 0.0722 7.53959 2459213.185298 827.8 0
>TOI-4748: 100.9332130 13.5992140 12.217 1.310 1.249 6327.7 4.30 nan
 TOI-4748.01: 3.576 13.899 nan 0.0540 4.10189 2459544.135431 1502.9 0
>TOI-4749: 93.1281410 6.2451590 12.269 1.160 1.049 5786.0 4.33 nan
 TOI-4749.01: 2.774 16.486 nan 0.0247 1.38330 2459226.693605 1912.0 0
>TOI-475: 86.7483290 -32.5325430 8.847 0.619 0.557 4105.0 4.60 nan
 TOI-475.01: 2.566 2.341 nan 0.0658 8.26177 2458442.486555 607.1 0
>TOI-4750: 87.0741740 -15.1994970 11.004 1.720 1.596 7137.0 4.17 nan
 TOI-4750.01: 1.618 11.896 nan 0.0498 3.21416 2459222.777563 2022.5 0
>TOI-4751: 105.8420990 1.6812220 11.379 nan nan nan nan nan
 TOI-4751.01: 3.747 nan nan nan 3.60145 2459227.341639 nan 0
>TOI-4752: 103.8327040 1.1053000 12.378 1.080 1.199 6252.0 4.45 nan
 TOI-4752.01: 4.516 9.910 nan 0.0612 5.04679 2459218.934935 1266.5 0
>TOI-4753: 97.6173330 14.0583230 11.232 2.240 1.103 5996.0 3.78 nan
 TOI-4753.01: 6.194 11.760 nan 0.0622 5.39705 2459541.712722 1735.1 0
>TOI-4754: 99.4760850 -14.0407440 12.116 1.250 1.276 6350.0 4.35 nan
 TOI-4754.01: 3.198 14.059 nan 0.0501 3.63073 2459226.014665 1529.5 0
>TOI-4755: 93.4876750 -37.6688650 11.117 1.980 1.217 6243.0 3.93 nan
 TOI-4755.01: 2.485 19.082 nan 0.1676 22.72731 2459216.543014 1034.7 0
>TOI-4756: 100.8624970 -7.1960440 11.381 0.980 nan 5351.5 nan nan
 TOI-4756.01: 1.414 15.228 nan nan 8.08232 2459216.307194 nan 0
>TOI-4757: 103.3427450 -24.2278660 12.664 1.600 1.289 6434.0 4.14 nan
 TOI-4757.01: 3.608 11.546 nan 0.0347 2.08046 2459227.260198 2106.7 0
>TOI-4758: 95.3792670 -16.5255720 11.894 1.480 1.388 6589.0 4.24 nan
 TOI-4758.01: 3.501 15.777 nan 0.0702 5.76271 2459222.180238 1458.9 0
>TOI-4759: 95.9342960 -24.0246540 11.210 2.090 0.982 5557.0 3.79 nan
 TOI-4759.01: 5.943 9.984 nan 0.0882 9.65785 2459226.011756 1304.4 0
>TOI-476: 99.5814160 -47.6138670 8.387 2.050 2.005 7691.0 4.12 nan
 TOI-476.01: 3.055 14.511 nan 0.0520 3.06298 2460687.473242 2328.6 0
>TOI-4760: 94.3242910 9.6374450 12.954 nan nan 8539.7 nan nan
 TOI-4760.01: 3.344 nan nan nan 7.72232 2459226.580412 nan 0
>TOI-4761: 109.5745950 14.1158700 11.364 2.160 1.516 6892.9 3.95 nan
 TOI-4761.01: 5.123 9.944 nan 0.0546 3.78638 2459575.895584 2090.6 0
>TOI-4762: 100.0585960 -6.9320850 10.317 1.200 1.048 5866.0 4.30 nan
 TOI-4762.01: 3.559 3.616 nan 0.0530 4.35915 2459220.411888 1345.9 0
>TOI-4763: 93.7207730 -10.8549880 11.101 2.160 1.552 7054.0 3.96 nan
 TOI-4763.01: 5.605 14.289 nan 0.0737 5.86800 2459223.399542 1841.5 0
>TOI-4764: 105.0939510 -1.4837230 12.060 0.950 0.886 5164.0 4.43 nan
 TOI-4764.01: 2.212 10.498 nan 0.0257 1.60260 2459224.633627 1514.0 0
>TOI-4765: 88.4323090 -38.0312210 12.041 nan nan 5809.3 nan nan
 TOI-4765.01: 5.022 nan nan nan 16.37350 2459206.230052 nan 0
>TOI-4766: 117.0975280 2.1114550 11.281 0.862 0.799 4909.0 4.47 nan
 TOI-4766.01: 1.619 10.509 nan 0.0282 1.93266 2459963.946425 1308.7 0
>TOI-4767: 104.9977870 -36.3193890 11.666 2.080 0.973 5473.0 3.79 nan
 TOI-4767.01: 3.913 13.242 nan 0.0379 2.73192 2459252.112384 1955.1 0
>TOI-4768: 112.6505740 -28.9128660 9.779 1.640 1.385 6617.0 4.15 nan
 TOI-4768.01: 3.233 15.076 nan 0.0818 7.26446 2459979.776645 1428.7 0
>TOI-4769: 116.2857220 -14.3376360 12.611 nan nan 8675.5 nan nan
 TOI-4769.01: 3.402 nan nan nan 2.86365 2459249.745957 nan 0
>TOI-4770: 111.7649800 -32.1858070 12.047 1.360 1.315 6472.0 4.29 nan
 TOI-4770.01: 3.119 15.833 nan 0.0335 1.94918 2459963.442749 1988.5 0
>TOI-4771: 118.5465280 1.7929940 11.174 1.260 1.054 6373.5 4.26 nan
 TOI-4771.01: 3.366 12.695 nan 0.0658 6.00495 2459249.632763 1344.9 0
>TOI-4772: 124.5471330 2.5810650 12.236 0.970 0.990 5604.0 4.46 nan
 TOI-4772.01: 2.561 13.035 nan 0.0396 2.88946 2459248.942017 1337.4 0
>TOI-4774: 100.7078170 -41.4095930 11.441 1.140 1.013 5700.8 4.33 nan
 TOI-4774.01: 3.974 4.558 nan 0.0825 8.60002 2459243.036813 1021.9 0
>TOI-4775: 110.7848740 -22.4397440 10.779 1.870 1.398 6643.0 4.04 nan
 TOI-4775.01: 2.244 15.498 nan 0.0400 2.47321 2459248.828614 2190.2 0
>TOI-4776: 125.5544460 -25.0675350 10.679 1.200 1.123 6079.0 4.33 nan
 TOI-4776.01: 3.774 10.043 nan 0.0970 10.41380 2459245.971020 1031.0 0
>TOI-4777: 122.0531200 -9.4872190 12.453 1.130 1.117 6041.0 4.38 nan
 TOI-4777.01: 2.682 14.858 nan 0.0419 2.95888 2459250.950635 1512.8 0
>TOI-4778: 122.3422330 -34.5672840 11.622 1.564 0.913 5296.0 4.01 nan
 TOI-4778.01: 4.478 15.420 nan 0.0463 3.80742 2459966.545076 1484.3 0
>TOI-4779: 102.3296320 -43.7398620 12.280 1.140 0.946 5424.0 4.30 nan
 TOI-4779.01: 2.256 11.471 nan 0.0936 10.74902 2459249.337732 912.8 0
>TOI-4780: 93.8622560 -42.3921700 11.619 2.030 1.279 6400.0 3.93 nan
 TOI-4780.01: 3.224 16.493 nan 0.0596 4.69429 2459247.489510 1801.1 0
>TOI-4781: 121.7821310 -18.7267650 10.501 nan nan 6071.0 nan nan
 TOI-4781.01: 1.726 nan nan nan 1.90556 2459250.822205 nan 0
>TOI-4782: 113.0742280 -19.2610480 11.580 nan nan 7759.0 nan nan
 TOI-4782.01: 2.913 nan nan nan 3.72443 2459247.428982 nan 0
>TOI-4783: 124.8252860 -21.9569580 12.342 1.690 2.031 8297.0 4.29 nan
 TOI-4783.01: 1.603 19.500 nan 0.0885 6.75195 2459252.171087 1748.3 0
>TOI-4784: 109.7308840 -15.7609070 11.925 0.910 0.871 5177.0 4.46 nan
 TOI-4784.01: 2.644 8.848 nan 0.0419 3.35839 2459246.338861 1163.4 0
>TOI-4785: 126.5778210 -10.5047510 12.122 1.450 1.428 6741.0 4.27 nan
 TOI-4785.01: 2.385 11.444 nan 0.0762 6.43111 2459242.498402 1418.0 0
>TOI-4786: 116.5909470 -25.1564260 11.498 1.740 1.750 7528.0 4.20 nan
 TOI-4786.01: 4.475 10.848 nan 0.0752 5.69842 2459245.419299 1746.1 0
>TOI-4787: 120.5786450 -19.5076120 11.661 1.420 1.139 6107.0 4.19 nan
 TOI-4787.01: 2.716 13.048 nan 0.0471 3.50377 2459251.312378 1616.9 0
>TOI-4788: 104.4396130 -40.3079240 11.494 1.320 1.268 6328.0 4.30 nan
 TOI-4788.01: 2.330 14.026 nan 0.0568 4.39307 2459244.550352 1471.0 0
>TOI-4789: 106.7469340 -44.9866280 12.066 1.140 0.990 5644.0 4.32 nan
 TOI-4789.01: 2.487 11.247 nan 0.0747 7.50027 2459251.273628 1063.2 0
>TOI-4790: 121.3348040 4.4412150 12.145 1.487 1.138 6080.2 4.15 nan
 TOI-4790.01: 2.326 16.832 nan 0.0281 1.61024 2459964.406443 2132.8 0
>TOI-4792: 133.5864050 1.5755030 10.116 1.050 1.058 5826.1 4.42 nan
 TOI-4792.01: 1.255 10.249 nan 0.0827 8.44817 2459235.815084 1001.0 0
>TOI-4793: 114.5544410 -4.0069150 12.505 1.490 1.407 6688.0 4.24 nan
 TOI-4793.01: 3.301 15.046 nan 0.0502 3.46586 2459248.821949 1757.0 0
>TOI-4795: 110.6545320 -26.5064550 12.212 nan nan 7143.0 nan nan
 TOI-4795.01: 3.134 nan nan nan 2.74312 2459250.177227 nan 0
>TOI-4796: 108.6821860 -27.7009290 12.353 1.610 1.246 6355.0 4.12 nan
 TOI-4796.01: 2.779 15.322 nan 0.0493 3.57760 2459250.341527 1751.2 0
>TOI-4797: 126.6219930 3.0013510 12.422 1.550 1.078 5932.0 4.09 nan
 TOI-4797.01: 1.594 20.032 nan 0.0417 2.99225 2459248.080834 1743.9 0
>TOI-4798: 116.6162750 7.9295300 11.374 0.840 0.777 4824.0 4.48 nan
 TOI-4798.01: 1.873 9.005 nan 0.0562 5.52612 2459248.758205 899.3 0
>TOI-4799: 108.5876290 -25.6463290 12.374 1.450 1.395 6678.0 4.26 nan
 TOI-4799.01: 3.204 12.891 nan 0.0553 4.02346 2459250.007806 1648.9 0
>TOI-4801: 120.6555010 -32.1271590 11.474 nan nan 4883.7 nan nan
 TOI-4801.01: 2.569 nan nan nan 3.25127 2459964.586749 nan 0
>TOI-4802: 112.4910730 -13.6250550 12.030 1.080 1.044 5843.0 4.39 nan
 TOI-4802.01: 2.608 6.865 nan 0.0284 1.71314 2459249.153752 1737.5 0
>TOI-4803: 120.3074480 14.1632260 11.098 1.480 1.029 5782.9 4.11 nan
 TOI-4803.01: 3.896 8.256 nan 0.0820 8.45167 2459540.496396 1184.7 0
>TOI-4804: 110.1633840 -29.9515830 9.538 2.620 1.408 6675.0 3.75 nan
 TOI-4804.01: 3.009 8.285 nan 0.0647 5.06484 2459982.488346 2048.3 0
>TOI-4805: 133.4842810 -4.9258340 12.230 1.220 0.943 5444.0 4.24 nan
 TOI-4805.01: 4.547 9.522 nan 0.0830 8.99817 2459239.289015 1006.5 0
>TOI-4806: 103.7896120 -31.1065990 10.721 1.130 1.067 5902.0 4.36 nan
 TOI-4806.01: 3.790 4.980 nan 0.0829 8.44770 2459248.293164 1050.7 0
>TOI-4807: 114.7203850 -37.6717900 10.205 0.770 0.716 4496.0 4.52 nan
 TOI-4807.01: 1.379 8.804 nan 0.1189 17.68686 2459245.196258 551.7 0
>TOI-4809: 125.9877240 -23.2434060 11.792 1.482 1.212 6211.0 4.18 nan
 TOI-4809.01: 4.066 9.073 nan 0.0566 4.47226 2459964.285192 1532.5 0
>TOI-4810: 110.1962430 -21.6795260 11.915 2.100 1.433 6688.0 3.95 nan
 TOI-4810.01: 3.055 14.640 nan 0.0397 2.41625 2459251.905341 2345.5 0
>TOI-4811: 122.9725110 6.9749920 10.705 5.298 nan 4959.0 nan nan
 TOI-4811.01: 1.387 21.849 nan nan 0.98283 2459963.071494 nan 0
>TOI-4812: 107.0818130 -23.5453520 12.080 1.360 1.172 6153.0 4.24 nan
 TOI-4812.01: 3.863 8.156 nan 0.0459 3.31385 2459250.009543 1615.0 0
>TOI-4813: 116.2909740 -12.8403490 12.476 nan nan nan nan nan
 TOI-4813.01: 2.659 nan nan nan 4.04922 2459247.778467 nan 0
>TOI-4814: 116.8162440 -7.6652600 11.991 1.050 1.033 5706.0 4.41 nan
 TOI-4814.01: 2.302 15.820 nan 0.0620 5.54575 2459246.539025 1132.3 0
>TOI-4815: 124.4472820 -9.0570300 12.380 1.210 0.994 5605.0 4.27 nan
 TOI-4815.01: 3.808 13.020 nan 0.0843 8.97272 2459966.449361 1024.0 0
>TOI-4816: 99.8485860 -43.8276200 12.371 1.530 1.178 6141.0 4.14 nan
 TOI-4816.01: 4.113 15.749 nan 0.1038 11.24736 2459967.174765 1136.9 0
>TOI-4818: 131.1072680 -39.6383260 12.218 1.143 1.407 6673.0 4.47 nan
 TOI-4818.01: 2.937 8.861 nan 0.0415 2.60070 2459963.060609 1688.7 0
>TOI-4819: 124.9045960 -43.0572110 11.597 0.800 0.867 5150.0 4.57 nan
 TOI-4819.01: 1.183 14.029 nan 0.0254 1.58894 2459277.359548 1393.7 0
>TOI-4820: 128.6114320 -30.5859590 11.150 1.333 1.235 6315.0 4.28 nan
 TOI-4820.01: 4.115 10.927 nan 0.1896 27.13589 2459979.053397 807.4 0
>TOI-4821: 122.4278860 -42.1568190 11.756 1.610 1.605 7182.0 4.23 nan
 TOI-4821.01: 2.119 12.672 nan 0.0711 5.46936 2459965.307736 1648.0 0
>TOI-4822: 125.8260830 -43.6938560 11.338 1.710 1.770 7586.0 4.22 nan
 TOI-4822.01: 3.771 15.890 nan 0.0642 4.47122 2459278.328014 1887.9 0
>TOI-4823: 134.1922960 -12.5726580 11.170 0.998 1.023 5736.0 4.45 nan
 TOI-4823.01: 3.119 13.589 nan 0.0474 3.72609 2459964.280868 1269.2 0
>TOI-4824: 147.2536060 -3.6093790 11.832 1.650 1.016 5750.0 4.01 nan
 TOI-4824.01: 4.651 13.671 nan 0.0585 5.12416 2459278.833839 1472.5 0
>TOI-4825: 125.9013010 -42.0813230 11.833 nan nan nan nan nan
 TOI-4825.01: 4.152 nan nan nan 2.81831 2459963.644232 nan 0
>TOI-4826: 135.7220150 -33.2948670 11.806 1.410 1.149 6137.0 4.20 nan
 TOI-4826.01: 4.041 13.741 nan 0.0675 5.97305 2459271.205436 1352.5 0
>TOI-4828: 111.1499200 -48.6199150 11.723 0.810 0.757 4733.0 4.50 nan
 TOI-4828.01: 3.938 8.135 nan 0.1271 19.02860 2459265.674593 576.2 0
>TOI-4830: 131.4076010 -26.5030520 10.620 nan nan 4875.8 nan nan
 TOI-4830.01: 3.436 nan nan nan 7.69455 2459275.292996 nan 0
>TOI-4831: 136.2196460 -31.9300760 11.278 2.900 1.193 6196.0 3.59 nan
 TOI-4831.01: 4.029 16.585 nan 0.0396 2.63759 2459279.810162 2556.8 0
>TOI-4832: 132.6825820 -34.7829310 11.695 0.680 0.656 3949.0 4.59 nan
 TOI-4832.01: 1.547 8.803 nan 0.0336 2.78051 2459990.290039 856.7 0
>TOI-4833: 131.8978660 -21.8593360 11.590 1.690 1.613 7194.0 4.19 nan
 TOI-4833.01: 3.638 12.122 nan 0.0544 3.65200 2459278.576518 1933.5 0
>TOI-4834: 142.4040600 -0.9926040 11.762 1.150 0.898 5218.8 4.27 nan
 TOI-4834.01: 2.285 8.606 nan 0.0403 3.11817 2459275.262066 1344.3 0
>TOI-4835: 139.3466970 -20.9233550 12.060 1.820 1.127 6047.0 3.97 nan
 TOI-4835.01: 3.032 13.645 nan 0.0611 5.19540 2459278.922756 1591.4 0
>TOI-4836: 127.6904410 -27.4082390 10.525 2.070 1.967 8086.0 4.10 nan
 TOI-4836.01: 3.719 13.707 nan 0.0727 5.10351 2459965.745270 2080.6 0
>TOI-4837: 139.8701710 -32.2975250 9.796 1.700 nan 7013.0 nan nan
 TOI-4837.01: 1.185 8.097 nan nan 4.46448 2459991.372991 nan 0
>TOI-4839: 137.0189350 -28.9160520 10.661 nan nan 4866.9 nan nan
 TOI-4839.01: 4.743 nan nan nan 13.34419 2459273.977808 nan 0
>TOI-4841: 145.8972670 0.6150290 11.458 0.880 0.957 5388.3 4.53 nan
 TOI-4841.01: 3.554 11.929 nan 0.0873 9.62847 2459271.894843 824.9 0
>TOI-4842: 117.4715280 -38.2222540 10.238 3.010 nan 5064.7 nan nan
 TOI-4842.01: 1.849 16.553 nan nan 5.33740 2459271.888906 nan 0
>TOI-4843: 126.6946150 -27.0249540 11.705 1.630 1.401 6643.0 4.16 nan
 TOI-4843.01: 3.253 10.703 nan 0.0902 8.35487 2459970.499681 1361.7 0
>TOI-4844: 119.1747350 -42.9630730 11.769 1.280 1.684 7333.0 4.45 nan
 TOI-4844.01: 2.920 11.925 nan 0.0639 4.54253 2459991.385346 1582.6 0
>TOI-4845: 153.9104530 -9.3246860 11.560 2.024 0.921 5367.0 3.79 nan
 TOI-4845.01: 4.931 12.014 nan 0.0497 4.21909 2459992.314480 1651.6 0
>TOI-4847: 132.8098020 -31.9147440 10.190 nan nan 4332.6 nan nan
 TOI-4847.01: 2.322 nan nan nan 7.04657 2459271.910973 nan 0
>TOI-4848: 122.4938170 -37.0730130 12.268 1.549 1.706 7492.0 4.29 nan
 TOI-4848.01: 2.105 18.048 nan 0.0562 3.72354 2459966.239964 1896.7 0
>TOI-4850: 150.1891680 -14.8346910 11.886 1.190 1.079 5938.0 4.32 nan
 TOI-4850.01: 3.492 17.730 nan 0.0781 7.67782 2459269.733623 1117.7 0
>TOI-4851: 112.2292890 -44.1397720 8.482 1.150 1.105 5967.0 4.36 nan
 TOI-4851.01: 6.112 2.134 nan 0.1570 21.60915 2459278.824612 778.7 0
>TOI-4852: 137.7951380 -42.5180660 11.160 1.430 1.831 7747.0 4.39 nan
 TOI-4852.01: 4.646 13.364 nan 0.0895 7.23074 2459304.797295 1493.2 0
>TOI-4853: 137.6318030 -43.7435590 11.796 0.890 0.979 5508.0 4.53 nan
 TOI-4853.01: 1.118 9.462 nan 0.0727 7.23337 2459303.196658 929.3 0
>TOI-4854: 151.9063780 -31.7689520 11.861 1.280 1.015 5620.0 4.23 nan
 TOI-4854.01: 2.559 9.131 nan 0.0489 3.92305 2459991.881756 1386.5 0
>TOI-4855: 145.6913250 -39.7867780 11.856 2.210 1.290 6419.0 3.86 nan
 TOI-4855.01: 1.826 16.443 nan 0.0823 7.58722 2459290.955895 1604.0 0
>TOI-4857: 149.2424280 -43.3847030 11.992 1.420 1.249 6309.0 4.23 nan
 TOI-4857.01: 2.761 13.796 nan 0.0322 1.88811 2459304.811948 2020.3 0
>TOI-4859: 171.7986380 -36.0705150 11.769 0.970 0.862 5144.9 4.40 nan
 TOI-4859.01: 3.321 18.372 nan 0.0694 7.18790 2459291.242923 927.5 0
>TOI-4861: 154.7513150 -35.6838930 11.333 2.220 1.187 6176.0 3.82 nan
 TOI-4861.01: 5.115 9.364 nan 0.0472 3.43217 2459299.868636 2042.4 0
>TOI-4864: 148.0648230 -33.0449650 12.064 1.120 1.149 6119.0 4.40 nan
 TOI-4864.01: 1.188 9.541 nan 0.0618 5.24110 2459990.592951 1256.1 0
>TOI-4865: 167.9032290 -8.6943010 12.131 1.410 0.913 5243.0 4.10 nan
 TOI-4865.01: 1.344 11.397 nan 0.0222 1.26552 2459303.401989 2014.9 0
>TOI-4866: 148.9574220 -43.0488660 12.242 1.320 1.328 6524.0 4.32 nan
 TOI-4866.01: 3.688 9.325 nan 0.0552 4.10596 2459302.162367 1538.4 0
>TOI-4867: 137.4756560 -43.3668470 11.768 1.830 1.537 6996.0 4.10 nan
 TOI-4867.01: 4.249 11.243 nan 0.0452 2.83527 2459992.374372 2146.5 0
>TOI-4868: 145.1893170 -49.8156670 10.835 2.570 nan 4395.0 nan nan
 TOI-4868.01: 3.119 22.189 nan nan 3.51644 2460014.699711 nan 0
>TOI-4869: 154.0486440 -29.9763490 11.375 nan nan 5962.0 nan nan
 TOI-4869.01: 1.170 nan nan nan 3.09789 2460016.892261 nan 0
>TOI-487: 52.5405460 -70.3995840 8.809 nan nan 5450.0 4.41 nan
 TOI-487.01: 5.270 nan nan nan 24.33218 2460812.797077 nan 0
 TOI-487.02: 3.493 nan nan nan 7.41448 2460195.585106 nan 0
>TOI-4870: 147.4297590 -48.1117630 12.339 0.960 1.165 6146.0 4.54 nan
 TOI-4870.01: 2.618 8.201 nan 0.0306 1.81192 2459990.185813 1660.0 0
>TOI-4871: 153.1782900 -29.1688210 11.829 1.560 1.170 6176.0 4.12 nan
 TOI-4871.01: 1.471 19.887 nan 0.0302 1.76875 2459988.602324 2140.4 0
>TOI-4872: 152.9115890 -48.2059130 12.084 2.520 1.926 7938.0 3.92 nan
 TOI-4872.01: 3.465 9.780 nan 0.0349 1.71251 2459302.453868 3252.6 0
>TOI-4873: 194.0271920 -26.2042430 11.590 1.100 1.108 5983.0 4.40 nan
 TOI-4873.01: 1.181 6.573 nan 0.0179 0.83130 2459331.381252 2261.6 0
>TOI-4874: 154.7737090 -58.7748700 12.149 2.410 2.023 8277.0 3.98 nan
 TOI-4874.01: 2.881 14.738 nan 0.0430 2.28669 2459331.968016 2988.0 0
>TOI-4875: 150.0222540 -53.4609370 11.634 1.330 1.229 6322.0 4.28 nan
 TOI-4875.01: 3.362 10.661 nan 0.0960 9.79290 2459330.737173 1134.7 0
>TOI-4876: 159.6575020 -56.5932050 11.579 nan nan nan nan nan
 TOI-4876.01: 4.739 nan nan nan 4.13795 2459328.149645 nan 0
>TOI-4877: 156.6623800 -52.2369500 11.355 1.670 1.437 6718.0 4.15 nan
 TOI-4877.01: 4.243 12.081 nan 0.0665 5.22205 2459330.373409 1623.4 0
>TOI-4878: 188.5443040 -41.8372890 12.328 1.180 0.990 5655.8 4.29 nan
 TOI-4878.01: 1.398 13.054 nan 0.0550 4.72842 2459330.771658 1263.2 0
>TOI-4880: 198.0042870 -53.4493730 11.764 1.430 1.357 6549.0 4.26 nan
 TOI-4880.01: 3.494 15.059 nan 0.0497 3.47176 2459329.598741 1693.9 0
>TOI-4881: 140.8976670 -61.8802660 11.913 2.030 0.906 5306.0 3.78 nan
 TOI-4881.01: 4.663 11.266 nan 0.0510 4.41588 2460015.729632 1614.2 0
>TOI-4882: 159.5468020 -54.5790590 10.533 1.390 1.374 6633.0 4.29 nan
 TOI-4882.01: 2.438 11.788 nan 0.0587 4.43604 2459329.594358 1556.4 0
>TOI-4883: 155.7315210 -50.1774330 12.020 1.530 1.353 6534.0 4.20 nan
 TOI-4883.01: 4.218 10.705 nan 0.0590 4.49674 2459328.308088 1604.5 0
>TOI-4884: 165.8885770 -51.4592360 12.347 nan nan 5951.0 nan nan
 TOI-4884.01: 3.106 nan nan nan 1.53008 2460015.656298 nan 0
>TOI-4885: 187.7129170 -44.6184890 12.130 nan nan nan nan nan
 TOI-4885.01: 5.859 nan nan nan 6.93929 2459321.242029 nan 0
>TOI-4887: 149.5529150 -58.9475420 11.570 1.960 1.890 7868.0 4.13 nan
 TOI-4887.01: 5.228 12.243 nan 0.0725 5.18736 2459325.946083 1972.7 0
>TOI-4888: 124.3378530 -60.0309760 11.106 1.580 1.200 6243.0 4.12 nan
 TOI-4888.01: 4.259 8.088 nan 0.0928 9.41854 2459319.759823 1242.2 0
>TOI-4889: 145.7916520 -56.4217550 10.071 nan nan 3525.0 nan nan
 TOI-4889.01: 0.868 nan nan nan 1.89523 2460041.259254 nan 0
>TOI-4890: 172.0657750 -49.6678650 10.870 1.605 1.454 6823.0 4.19 nan
 TOI-4890.01: 3.297 15.718 nan 0.0466 3.04713 2460017.418640 1930.9 0
>TOI-4891: 159.3968930 -56.7435130 12.057 nan nan nan nan nan
 TOI-4891.01: 3.919 nan nan nan 2.44980 2460016.760002 nan 0
>TOI-4892: 193.9426750 -18.7364390 12.262 1.400 1.057 5850.0 4.17 nan
 TOI-4892.01: 3.654 11.180 nan 0.0545 4.51665 2459323.755016 1429.7 0
>TOI-4893: 145.2571240 -57.3790260 10.881 nan nan 4884.2 nan nan
 TOI-4893.01: 1.786 nan nan nan 7.32626 2460021.337816 nan 0
>TOI-4894: 148.8048430 -57.3324670 12.198 1.760 nan 5260.0 nan nan
 TOI-4894.01: 2.736 12.602 nan nan 3.56112 2459329.469535 nan 0
>TOI-4895: 153.7296270 -58.6778880 11.042 1.770 1.506 6956.0 4.12 nan
 TOI-4895.01: 1.636 11.206 nan 0.0968 8.96418 2459321.815644 1434.3 0
>TOI-4896: 142.2540420 -58.8628420 11.728 1.600 1.585 7102.0 4.23 nan
 TOI-4896.01: 4.411 10.596 nan 0.0682 5.16093 2459322.428954 1658.8 0
>TOI-4897: 167.8124280 -50.0888770 12.178 1.230 1.386 6618.0 4.40 nan
 TOI-4897.01: 2.149 11.624 nan 0.0578 4.30669 2459329.757212 1472.1 0
>TOI-4899: 153.0277580 -61.4620950 11.748 1.770 1.614 7228.0 4.15 nan
 TOI-4899.01: 3.280 14.418 nan 0.0410 2.39081 2459331.214533 2290.1 0
>TOI-4900: 201.4025470 -38.7061710 12.152 1.680 1.129 6085.0 4.04 nan
 TOI-4900.01: 5.834 14.805 nan 0.0792 7.66502 2459320.969034 1351.4 0
>TOI-4901: 182.8975520 -31.7184270 11.213 1.230 0.916 5295.9 4.22 nan
 TOI-4901.01: 2.492 10.789 nan 0.1209 16.04622 2459315.344938 814.5 0
>TOI-4903: 158.2163440 -59.8804120 11.343 1.700 1.963 8065.0 4.27 nan
 TOI-4903.01: 4.595 12.524 nan 0.0708 4.91429 2459331.925466 1905.7 0
>TOI-4904: 156.2223810 -56.9504770 12.275 1.920 2.180 8765.0 4.21 nan
 TOI-4904.01: 1.722 19.300 nan 0.0456 2.41183 2459331.410060 2742.5 0
>TOI-4905: 152.7274480 -56.1825940 11.591 1.560 nan 5809.0 nan nan
 TOI-4905.01: 1.622 13.184 nan nan 11.13785 2459311.217390 nan 0
>TOI-4906: 137.9896140 -59.6028690 12.253 1.090 1.114 6059.0 4.41 nan
 TOI-4906.01: 3.662 8.816 nan 0.1062 11.97682 2459999.634070 936.0 0
>TOI-4907: 157.6724800 -53.5689980 11.644 nan nan 5108.1 nan nan
 TOI-4907.01: 2.693 nan nan nan 3.34052 2459329.176520 nan 0
>TOI-4908: 135.3457030 -63.5623450 12.339 1.590 1.395 6636.0 4.18 nan
 TOI-4908.01: 5.452 9.999 nan 0.1596 19.71120 2459311.079580 1010.0 0
>TOI-4909: 180.1140140 -47.2439390 9.764 1.995 6.337 6496.0 4.64 nan
 TOI-4909.01: 5.878 16.078 nan 0.1861 11.64847 2459316.775014 1025.6 0
>TOI-4910: 164.0160260 -54.2804720 12.041 1.012 0.895 5277.0 4.38 nan
 TOI-4910.01: 1.911 14.637 nan 0.0588 5.50669 2460018.633780 1055.7 0
>TOI-4911: 164.5198680 -56.3859990 12.149 1.540 1.726 7514.0 4.30 nan
 TOI-4911.01: 3.750 13.507 nan 0.0636 4.45734 2459332.056627 1782.9 0
>TOI-4912: 192.3695200 -23.0762180 12.110 0.890 0.979 5546.0 4.53 nan
 TOI-4912.01: 1.856 18.047 nan 0.0739 7.41055 2459327.882942 928.1 0
>TOI-4913: 187.1107570 -46.0729060 10.761 0.760 0.747 4689.0 4.55 nan
 TOI-4913.01: 2.585 4.756 nan 0.0621 6.54307 2459332.199038 791.0 0
>TOI-4915: 144.8406650 -55.2941400 11.098 nan nan nan nan nan
 TOI-4915.01: 2.121 nan nan nan 3.33621 2459991.530389 nan 0
>TOI-4917: 203.7320300 -64.8300590 10.348 1.350 1.421 6681.0 4.33 nan
 TOI-4917.01: 3.304 13.373 nan 0.0624 4.77389 2459356.533298 1498.5 0
>TOI-4918: 211.7228450 -29.3068320 11.004 1.390 0.995 5698.0 4.15 nan
 TOI-4918.01: 3.342 7.595 nan 0.0683 6.53292 2459357.329312 1239.5 0
>TOI-4919: 233.3860320 -42.1005690 11.825 1.580 1.120 6050.0 4.09 nan
 TOI-4919.01: 2.383 16.506 nan 0.0482 3.64709 2459358.158702 1670.3 0
>TOI-4920: 229.6381100 -51.2820120 11.725 1.660 1.419 6687.0 4.15 nan
 TOI-4920.01: 4.044 15.625 nan 0.0409 2.53292 2460070.066556 2054.3 0
>TOI-4921: 195.4367510 -52.5917230 11.072 1.690 nan 6987.0 nan nan
 TOI-4921.01: 1.734 13.565 nan nan 3.49759 2459344.888612 nan 0
>TOI-4922: 189.8242420 -57.5934240 11.673 nan nan 5295.2 nan nan
 TOI-4922.01: 5.259 nan nan nan 7.54923 2459359.885613 nan 0
>TOI-4923: 91.8568260 -51.8968530 11.145 1.340 0.969 5501.0 4.17 nan
 TOI-4923.01: 4.460 9.956 nan 0.1066 12.91753 2459975.584855 940.5 0
>TOI-4924: 179.5245060 -60.7739490 12.245 nan nan 8232.0 nan nan
 TOI-4924.01: 3.359 nan nan nan 3.14677 2459359.002207 nan 0
>TOI-4925: 165.1174340 -67.8723510 12.401 1.376 1.070 5933.0 4.19 nan
 TOI-4925.01: 3.436 15.978 nan 0.0500 3.95111 2460045.034653 1500.8 0
>TOI-4926: 177.0115180 -72.7153350 11.251 2.200 1.308 6464.0 3.87 nan
 TOI-4926.01: 6.350 10.154 nan 0.0769 6.80914 2460045.680668 1667.2 0
>TOI-4927: 153.2446090 -65.8472470 11.920 1.970 1.099 5951.0 3.89 nan
 TOI-4927.01: 1.234 10.887 nan 0.0176 0.81669 2459359.635635 3036.0 0
>TOI-4928: 213.7040340 -66.7146960 10.603 2.080 1.770 7544.0 4.05 nan
 TOI-4928.01: 3.764 12.480 nan 0.0468 2.77926 2459358.786025 2425.2 0
>TOI-4929: 201.4222410 -56.0073190 11.857 0.990 nan 4956.0 nan nan
 TOI-4929.01: 2.953 13.583 nan nan 2.55473 2459358.085914 nan 0
>TOI-493: 119.6277210 12.8832600 9.626 0.812 0.884 4383.0 4.57 nan
 TOI-493.01: 2.302 4.496 nan 0.0616 5.94444 2458493.324506 767.3 0
>TOI-4931: 176.6484640 -70.3357910 10.746 nan nan 4847.4 nan nan
 TOI-4931.01: 3.079 nan nan nan 6.76352 2460047.119757 nan 0
>TOI-4932: 230.9215680 -36.1995080 11.111 2.300 nan 4900.9 nan nan
 TOI-4932.01: 5.762 11.760 nan nan 3.94172 2459358.598278 nan 0
>TOI-4933: 224.7315520 -56.4152400 11.606 nan nan 5623.3 nan nan
 TOI-4933.01: 4.620 nan nan nan 5.38610 2459354.560435 nan 0
>TOI-4935: 193.1812870 -58.9317110 10.528 1.367 nan 6282.0 nan nan
 TOI-4935.01: 4.081 16.102 nan nan 17.42198 2460047.581840 nan 0
>TOI-4936: 190.2192080 -55.5015940 12.163 1.530 1.590 7121.0 4.27 nan
 TOI-4936.01: 3.640 15.088 nan 0.0648 4.77502 2459358.593442 1668.5 0
>TOI-4937: 207.6696100 -48.8076540 11.374 2.500 1.042 5838.0 3.66 nan
 TOI-4937.01: 6.675 11.667 nan 0.0583 5.04142 2459358.244091 1843.5 0
>TOI-4938: 201.7418690 -55.9151980 11.340 0.970 1.060 5816.0 4.49 nan
 TOI-4938.01: 2.665 13.550 nan 0.0407 2.91369 2459357.454607 1369.1 0
>TOI-4939: 231.6537770 -41.3862440 11.644 1.080 nan 7513.5 nan nan
 TOI-4939.01: 3.540 7.492 nan nan 9.17176 2459342.285554 nan 0
>TOI-494: 124.6954070 -6.7859210 8.741 0.800 1.092 4985.0 4.67 nan
 TOI-494.01: 1.551 1.964 nan 0.0287 1.70188 2459987.549589 1269.1 0
>TOI-4941: 239.6728250 -27.4312640 11.287 0.780 0.686 4440.0 4.49 nan
 TOI-4941.01: 1.985 10.882 nan 0.0402 3.55700 2459354.639335 943.1 0
>TOI-4942: 192.8173520 -52.8105460 11.561 1.220 1.215 6274.0 4.35 nan
 TOI-4942.01: 4.022 7.013 nan 0.0830 7.92485 2459349.600449 1159.9 0
>TOI-4943: 224.0019030 -59.6429690 10.809 0.780 nan 4353.0 nan nan
 TOI-4943.01: 2.714 8.973 nan nan 8.01767 2459352.427425 nan 0
>TOI-4944: 210.9517810 -43.2736750 11.832 0.870 1.002 5674.0 4.56 nan
 TOI-4944.01: 1.176 9.439 nan 0.0500 4.07505 2459359.477756 1141.3 0
>TOI-4945: 215.2494040 -53.1365590 12.013 1.150 1.328 6449.0 4.44 nan
 TOI-4945.01: 2.937 18.051 nan 0.0300 1.65003 2459357.969995 1925.4 0
>TOI-4947: 183.7987290 -63.6139100 10.731 1.850 1.400 6639.0 4.05 nan
 TOI-4947.01: 3.936 12.777 nan 0.0565 4.14003 2459353.765428 1831.9 0
>TOI-4949: 220.0046230 -62.3777260 11.458 1.580 1.511 6955.0 4.22 nan
 TOI-4949.01: 2.748 17.535 nan 0.0330 1.78192 2459356.989907 2320.6 0
>TOI-4950: 199.7176580 -50.0653790 11.293 1.800 1.522 6975.0 4.11 nan
 TOI-4950.01: 4.341 12.026 nan 0.0561 3.93586 2459355.717367 1905.2 0
>TOI-4951: 210.6946950 -70.3811770 10.791 1.920 1.044 5823.0 3.89 nan
 TOI-4951.01: 4.642 10.208 nan 0.0509 4.10426 2459357.872468 1724.5 0
>TOI-4952: 165.7172100 -67.2315160 11.683 1.530 1.743 7540.0 4.31 nan
 TOI-4952.01: 0.988 6.947 nan 0.0177 0.65348 2460041.454595 3380.4 0
>TOI-4953: 191.7597720 -59.0800060 12.537 1.400 1.459 6808.0 4.31 nan
 TOI-4953.01: 2.832 15.656 nan 0.0458 2.95902 2459357.455769 1815.0 0
>TOI-4954: 232.7895680 -53.7771780 11.731 1.510 2.570 10126.0 4.49 nan
 TOI-4954.01: 4.357 14.699 nan 0.0951 6.68197 2459352.202579 1945.7 0
>TOI-4955: 233.7350220 -48.5463690 11.847 0.830 0.794 4924.0 4.50 nan
 TOI-4955.01: 1.284 9.623 nan 0.0389 3.14096 2459359.920886 1096.8 0
>TOI-4956: 234.5255760 -30.5342460 12.275 0.930 1.044 5770.0 4.52 nan
 TOI-4956.01: 1.011 12.762 nan 0.0589 5.10871 2459356.229775 1105.6 0
>TOI-4957: 193.0840660 -54.2284600 10.995 2.480 1.482 6870.0 3.82 nan
 TOI-4957.01: 3.382 15.643 nan 0.0623 4.66230 2459358.370512 2090.1 0
>TOI-4958: 217.9988680 -51.0744400 9.906 2.110 1.414 6713.0 3.94 nan
 TOI-4958.01: 5.812 21.113 nan 1.8114 748.82772 2458606.970698 349.4 0
>TOI-4959: 234.2832970 -45.4394400 12.312 1.400 1.159 6183.0 4.21 nan
 TOI-4959.01: 3.476 13.790 nan 0.0569 4.60118 2459357.533033 1478.9 0
>TOI-496: 123.0976680 -5.7686590 11.652 1.547 1.384 6717.0 4.20 nan
 TOI-496.01: 1.876 28.981 nan 0.0430 2.76769 2458492.708311 1942.8 0
>TOI-4960: 211.6277870 -63.0532860 9.816 2.200 1.140 6664.3 3.81 nan
 TOI-4960.01: 1.615 16.488 nan 0.0520 4.05572 2459357.496025 2090.2 0
>TOI-4962: 212.6142220 -56.9823950 11.929 nan nan 6987.0 nan nan
 TOI-4962.01: 2.806 nan nan nan 2.07421 2459359.714227 nan 0
>TOI-4963: 213.4053620 -57.9997640 10.490 nan nan 4057.4 nan nan
 TOI-4963.01: 4.298 nan nan nan 2.36577 2459358.024906 nan 0
>TOI-4965: 222.6083800 -45.6857690 10.301 1.980 2.788 5353.0 4.29 nan
 TOI-4965.01: 5.047 9.467 nan 0.1016 7.08575 2459355.756466 1139.5 0
>TOI-4966: 171.2522510 -66.4880490 10.658 2.680 0.996 5654.0 3.58 nan
 TOI-4966.01: 5.530 10.393 nan 0.0736 7.31369 2460044.771537 1645.2 0
>TOI-4967: 206.0061490 -42.8136540 12.072 1.380 1.051 5812.0 4.18 nan
 TOI-4967.01: 1.018 10.332 nan 0.0141 0.59794 2459359.528372 2772.6 0
>TOI-4968: 199.1544880 -59.0305140 11.475 1.745 1.431 6731.0 4.11 nan
 TOI-4968.01: 3.817 19.158 nan 0.0377 2.23559 2460070.677566 2208.2 0
>TOI-4969: 197.5465000 -54.2188350 11.923 1.750 1.652 7277.0 4.17 nan
 TOI-4969.01: 3.579 13.644 nan 0.0489 3.07737 2459358.240883 2099.2 0
>TOI-4970: 201.2396470 -57.7338320 11.419 1.271 1.481 6859.0 4.40 nan
 TOI-4970.01: 3.959 16.287 nan 0.0638 4.83388 2460044.302940 1476.2 0
>TOI-4971: 154.2735990 -68.8837310 10.472 nan nan 5058.2 nan nan
 TOI-4971.01: 3.374 nan nan nan 7.96749 2460017.003067 nan 0
>TOI-4972: 232.9959960 -40.6355190 12.031 1.250 1.013 5743.0 4.25 nan
 TOI-4972.01: 2.420 12.979 nan 0.0376 2.64927 2459355.969484 1596.7 0
>TOI-4973: 158.5749340 -71.2041920 9.608 0.930 1.021 5742.0 4.51 nan
 TOI-4973.01: 1.290 9.541 nan 0.0785 7.94863 2459354.079175 953.0 0
>TOI-4974: 230.3224810 -38.8329140 11.853 nan nan 6303.2 nan nan
 TOI-4974.01: 3.663 nan nan nan 10.60069 2459348.686501 nan 0
>TOI-4975: 141.0511860 -67.6837040 11.612 nan nan nan nan nan
 TOI-4975.01: 2.363 nan nan nan 4.48341 2460014.437582 nan 0
>TOI-4976: 212.7078300 -54.2975400 12.137 1.390 1.224 6275.0 4.24 nan
 TOI-4976.01: 3.964 10.969 nan 0.0438 3.02710 2459357.471434 1704.6 0
>TOI-4977: 193.4607110 -54.3459630 11.201 0.850 0.935 5333.0 4.55 nan
 TOI-4977.01: 2.321 14.618 nan 0.0746 7.70237 2459355.338541 868.1 0
>TOI-4978: 229.9732800 -45.7180000 11.283 1.730 1.282 6389.0 4.07 nan
 TOI-4978.01: 1.538 17.051 nan 0.0598 4.71903 2459357.613735 1657.1 0
>TOI-4979: 181.4757210 -71.5861600 9.260 1.310 0.864 5156.0 4.14 nan
 TOI-4979.01: 2.303 5.328 nan 0.0440 3.63060 2459354.245025 1356.6 0
>TOI-498: 129.0907890 -3.8602020 8.781 1.323 1.179 6218.0 4.27 nan
 TOI-498.01: 0.525 4.059 nan 0.0087 0.27505 2459228.765582 3697.5 0
>TOI-4980: 70.4115440 -45.4848680 11.693 nan nan 5215.0 nan nan
 TOI-4980.01: 1.814 nan nan nan 16.15651 2459187.422226 nan 0
>TOI-4981: 76.4465440 -38.8646420 11.549 1.080 1.119 6046.0 4.42 nan
 TOI-4981.01: 0.250 11.960 nan 0.0072 0.20972 2459199.878456 3570.6 0
>TOI-4982: 85.0112900 -17.5640850 12.412 1.570 1.106 6020.0 4.09 nan
 TOI-4982.01: 3.177 15.790 nan 0.0379 2.56657 2459197.858888 1868.4 0
>TOI-4983: 105.1491630 -20.5647490 12.677 nan nan 5951.0 nan nan
 TOI-4983.01: 5.075 nan nan nan 5.75274 2459219.069151 nan 0
>TOI-4984: 106.0604790 -0.3673050 11.563 nan nan 6084.3 nan nan
 TOI-4984.01: 4.042 nan nan nan 3.67486 2459226.755662 nan 0
>TOI-4986: 111.5215570 -6.0824670 11.987 2.120 1.272 6345.0 3.89 nan
 TOI-4986.01: 2.884 22.160 nan 0.0746 6.59462 2459245.460460 1631.0 0
>TOI-4988: 112.4602050 -51.9907650 12.802 0.697 0.659 3986.0 4.57 nan
 TOI-4988.01: 1.893 21.171 nan 0.0303 2.36965 2459990.471484 921.9 0
>TOI-4989: 256.7998590 -64.5470550 11.796 1.850 1.015 5654.0 3.91 nan
 TOI-4989.01: 1.795 21.166 nan 0.0447 3.42908 2459382.689600 1754.0 0
>TOI-499: 115.6386950 -43.5534950 9.267 0.970 0.983 5997.0 4.46 nan
 TOI-499.01: 2.369 4.147 nan 0.0813 8.53349 2459993.465139 998.9 0
>TOI-4990: 270.7774350 -68.1463900 11.671 1.560 0.929 5373.0 4.02 nan
 TOI-4990.01: 2.621 13.380 nan 0.0605 5.63862 2459383.064288 1315.6 0
>TOI-4991: 253.7002970 -45.3674060 12.301 0.680 0.641 3601.0 4.58 nan
 TOI-4991.01: 0.857 13.545 nan 0.0142 0.77021 2459385.804489 1201.6 0
>TOI-4992: 244.8548530 -66.6702980 12.300 1.700 1.267 6356.0 4.08 nan
 TOI-4992.01: 3.148 18.772 nan 0.0609 4.88075 2459381.726318 1619.3 0
>TOI-4993: 262.3142600 -59.1076670 11.583 2.130 0.930 5369.0 3.75 nan
 TOI-4993.01: 4.824 12.688 nan 0.0407 3.10625 2459384.512135 1872.9 0
>TOI-4995: 265.2359700 -69.4434780 10.867 1.880 1.149 6124.0 3.95 nan
 TOI-4995.01: 2.450 8.880 nan 0.0872 8.78027 2459371.589355 1371.2 0
>TOI-4996: 257.6129960 -81.7082900 11.762 2.100 1.220 6287.0 3.88 nan
 TOI-4996.01: 4.932 15.275 nan 0.0596 4.81314 2459387.911786 1799.5 0
>TOI-4997: 238.2414840 -63.8605930 10.471 nan nan 7295.5 nan nan
 TOI-4997.01: 4.344 nan nan nan 13.31788 2459381.134323 nan 0
>TOI-4998: 269.2472090 -55.7879410 10.347 1.330 1.147 6113.0 4.25 nan
 TOI-4998.01: 4.245 9.061 nan 0.0937 9.78002 2459378.907088 1110.6 0
>TOI-4999: 266.6289080 -43.3744940 9.683 1.990 0.999 5698.0 3.84 nan
 TOI-4999.01: 5.066 9.333 nan 0.0616 5.58464 2459377.221706 1561.7 0
>TOI-5000: 158.6000190 -23.7340600 11.556 1.020 nan 5483.0 nan nan
 TOI-5000.01: 2.556 14.733 nan nan 5.54223 2459302.141318 nan 0
 TOI-5000.02: 2.933 11.771 nan nan 15.33928 2459285.959527 nan 0
>TOI-5001: 243.4035640 -33.4964960 11.298 1.510 1.445 6763.0 4.24 nan
 TOI-5001.01: 4.185 13.216 nan 0.0653 5.06904 2459379.729414 1568.2 0
>TOI-5002: 205.2985430 -78.8827080 12.403 1.230 1.153 6129.0 4.32 nan
 TOI-5002.01: 3.231 13.321 nan 0.0494 3.73188 2460070.612999 1474.7 0
>TOI-5003: 259.6993180 -66.3483840 10.918 1.130 1.197 6188.0 4.41 nan
 TOI-5003.01: 1.160 12.260 nan 0.0563 4.45409 2459388.445535 1336.8 0
>TOI-5004: 249.3663560 -80.9752830 11.740 0.970 0.967 5470.0 4.45 nan
 TOI-5004.01: 4.004 10.070 nan 0.0622 5.76261 2459380.933567 1041.6 0
>TOI-5006: 216.4712030 -69.8358500 11.190 2.880 2.141 8653.0 3.85 nan
 TOI-5006.01: 4.228 14.471 nan 0.0662 4.25495 2459386.202615 2752.1 0
>TOI-5008: 266.1294260 -39.9934960 11.596 0.940 0.867 5183.0 4.43 nan
 TOI-5008.01: 3.756 10.889 nan 0.0369 2.77554 2460830.046070 1261.4 0
>TOI-5009: 261.2943660 -40.5834730 10.942 3.440 2.318 9169.0 3.73 nan
 TOI-5009.01: 7.683 17.933 nan 0.1051 8.17557 2459385.304236 2529.5 0
>TOI-5010: 270.3406330 -79.3531150 12.637 0.700 0.664 3980.0 4.57 nan
 TOI-5010.01: 1.377 12.843 nan 0.0607 6.71079 2459376.396983 651.7 0
>TOI-5011: 197.3617630 -81.9629570 11.579 0.788 0.700 4471.0 4.49 nan
 TOI-5011.01: 1.653 6.771 nan 0.0329 2.60605 2460069.387501 1055.1 0
>TOI-5012: 252.2149260 -44.2196600 10.637 1.820 2.767 10708.0 4.36 nan
 TOI-5012.01: 2.146 14.869 nan 0.0713 4.18438 2459384.614713 2608.8 0
>TOI-5013: 123.6328460 -72.2450050 11.829 2.210 1.383 6620.0 3.89 nan
 TOI-5013.01: 1.430 13.471 nan 0.0943 8.98949 2460047.431086 1545.4 0
>TOI-5014: 244.7028010 -68.6627310 11.342 1.700 1.030 5712.0 3.99 nan
 TOI-5014.01: 3.498 8.170 nan 0.0451 3.45072 2459388.137789 1691.1 0
>TOI-5015: 245.2730710 -43.2226860 11.199 1.700 1.238 6333.0 4.07 nan
 TOI-5015.01: 3.425 16.122 nan 0.0382 2.45340 2459384.648481 2037.2 0
>TOI-5017: 260.0169540 -67.4446120 11.436 2.300 0.989 5575.2 3.71 nan
 TOI-5017.01: 5.049 12.621 nan 0.0438 3.36772 2459384.729363 1948.1 0
>TOI-5018: 267.2085340 -67.0584680 10.665 1.410 1.260 6353.0 4.24 nan
 TOI-5018.01: 1.553 5.985 nan 0.0743 6.58596 2459380.063674 1334.5 0
>TOI-5019: 251.6269590 -55.2625920 11.375 1.140 0.968 5479.0 4.31 nan
 TOI-5019.01: 1.895 8.966 nan 0.0205 1.09030 2459385.957383 1970.2 0
>TOI-502: 98.5319500 -28.4041680 9.363 1.214 0.790 5642.0 4.17 nan
 TOI-502.01: 1.622 8.834 nan 0.0371 2.94127 2458493.778447 1556.3 0
>TOI-5020: 251.3203800 -76.1666370 12.412 2.040 1.234 6279.0 3.91 nan
 TOI-5020.01: 5.640 11.855 nan 0.0642 5.34502 2459387.587844 1706.8 0
>TOI-5021: 230.1061200 -77.3588590 12.416 1.500 1.300 6480.9 4.20 nan
 TOI-5021.01: 6.124 11.867 nan 0.1180 12.97506 2459384.238317 1114.2 0
>TOI-5022: 245.2159930 -57.6415960 11.803 1.030 0.950 5455.0 4.39 nan
 TOI-5022.01: 2.100 13.638 nan 0.0330 2.24454 2459385.707127 1469.6 0
>TOI-5023: 257.1237690 -51.5316610 12.302 0.320 0.297 3199.0 4.90 nan
 TOI-5023.01: 0.632 17.050 nan 0.0226 2.27500 2459386.471282 580.5 0
>TOI-5024: 279.0956200 -77.3759510 11.968 1.460 1.204 6247.0 4.19 nan
 TOI-5024.01: 4.996 10.231 nan 0.1254 14.77658 2459368.639064 1027.9 0
>TOI-5025: 261.3651630 -46.9880320 11.750 1.420 2.025 8219.0 4.44 nan
 TOI-5025.01: 2.783 16.593 nan 0.0502 2.88466 2459384.454284 2107.9 0
>TOI-5026: 261.9468190 -33.1631410 10.675 1.540 nan 6622.0 nan nan
 TOI-5026.01: 3.203 10.944 nan nan 3.28136 2459383.306298 nan 0
>TOI-5028: 271.0900090 -55.6368620 11.495 2.170 1.035 5806.0 3.78 nan
 TOI-5028.01: 3.169 20.207 nan 0.0493 3.93532 2459388.664235 1857.4 0
>TOI-5029: 259.9529800 -35.7407450 10.586 1.390 2.177 8615.0 4.49 nan
 TOI-5029.01: 2.565 10.852 nan 0.0627 3.88618 2459384.065789 1956.0 0
>TOI-503: 124.3203650 12.6013220 8.895 1.680 1.967 7887.0 4.28 nan
 TOI-503.01: 1.441 11.426 nan 0.0584 3.67735 2460257.183851 2039.8 0
>TOI-5030: 267.4666540 -32.0959110 11.488 nan nan nan nan nan
 TOI-5030.01: 4.671 nan nan nan 4.42992 2459381.764066 nan 0
>TOI-5031: 230.7896170 -58.7267840 10.791 nan nan 3605.0 nan nan
 TOI-5031.01: 6.410 nan nan nan 4.53143 2459381.694747 nan 0
>TOI-5032: 233.1980150 -56.0800980 11.460 nan nan 5049.5 nan nan
 TOI-5032.01: 4.689 nan nan nan 6.03266 2459376.494429 nan 0
>TOI-5033: 309.3997930 -83.0929310 9.447 0.360 0.342 3465.0 4.86 nan
 TOI-5033.01: 1.274 1.392 nan 0.0425 5.46954 2459389.289886 486.3 0
>TOI-5034: 266.9496670 -62.5274520 10.696 0.770 0.881 5160.9 4.61 nan
 TOI-5034.01: 2.726 3.594 nan 0.0794 8.70429 2459377.128539 775.0 0
>TOI-5035: 215.6306910 -72.8022210 11.321 1.050 0.943 5406.0 4.37 nan
 TOI-5035.01: 3.175 8.070 nan 0.0619 5.80091 2459378.670278 1073.6 0
>TOI-5036: 222.8104260 -78.3782420 11.383 1.510 0.955 5393.0 4.06 nan
 TOI-5036.01: 2.516 11.580 nan 0.1311 17.74819 2459380.200716 882.6 0
>TOI-5037: 234.5483320 -71.9278740 11.476 1.329 1.285 6433.0 4.30 nan
 TOI-5037.01: 3.430 17.778 nan 0.0547 4.12455 2460068.949933 1529.0 0
>TOI-5038: 267.1687010 -29.5226000 11.042 2.410 2.377 9391.0 4.05 nan
 TOI-5038.01: 1.270 16.981 nan 0.0261 0.99909 2459384.821608 4351.4 0
>TOI-5039: 214.4101090 -75.3242470 12.325 1.800 1.029 5709.0 3.94 nan
 TOI-5039.01: 3.749 11.624 nan 0.0334 2.19675 2460070.345183 2021.0 0
>TOI-5040: 263.1272730 -50.2919030 12.105 1.960 1.307 6445.0 3.97 nan
 TOI-5040.01: 3.135 15.635 nan 0.0482 3.38084 2459385.934136 1981.8 0
>TOI-5042: 210.9856290 -78.7724460 9.959 2.320 1.030 5784.0 3.72 nan
 TOI-5042.01: 5.877 6.997 nan 0.0626 5.63161 2459384.430453 1697.9 0
>TOI-5043: 267.0995160 -54.9322000 11.013 0.860 0.853 5061.0 4.50 nan
 TOI-5043.01: 3.148 14.510 nan 0.0452 3.80275 2459384.329786 1064.5 0
>TOI-5044: 243.2215730 -61.0312810 10.130 2.097 1.084 5964.0 3.83 nan
 TOI-5044.01: 4.495 13.128 nan 0.0631 5.55566 2460072.096584 1657.9 0
>TOI-5045: 242.1866750 -65.2586600 12.410 1.570 1.132 6052.0 4.10 nan
 TOI-5045.01: 3.545 14.402 nan 0.0468 3.47921 2459386.865879 1690.3 0
>TOI-5046: 119.0311930 -69.8614550 11.811 nan nan nan nan nan
 TOI-5046.01: 5.302 nan nan nan 11.18380 2459970.103597 nan 0
>TOI-5047: 248.5913640 -38.2391470 10.992 0.860 0.796 4881.0 4.47 nan
 TOI-5047.01: 3.367 12.586 nan 0.0683 7.31426 2459379.298040 835.2 0
>TOI-5048: 247.4246510 -28.5044140 11.423 1.560 0.996 5604.0 4.05 nan
 TOI-5048.01: 1.463 13.562 nan 0.0240 1.35832 2459386.665950 2178.7 0
>TOI-5049: 226.1120790 -66.2030630 11.574 1.080 0.974 5508.0 4.36 nan
 TOI-5049.01: 2.679 12.954 nan 0.0396 2.92043 2459384.733856 1387.0 0
>TOI-5050: 232.6175330 -55.7874880 11.565 1.480 1.420 6692.0 4.25 nan
 TOI-5050.01: 2.071 13.573 nan 0.0384 2.30646 2459382.640227 2003.3 0
>TOI-5051: 261.3851430 -44.0466830 9.989 1.130 0.755 4708.0 4.21 nan
 TOI-5051.01: 2.842 14.800 nan 0.0418 3.59807 2459379.848245 1180.4 0
>TOI-5052: 244.3562100 -59.0975650 11.070 1.070 0.956 5496.0 4.36 nan
 TOI-5052.01: 2.988 15.024 nan 0.0491 4.06681 2459381.491256 1237.2 0
>TOI-5053: 285.6684520 -77.5824990 10.865 0.820 0.707 4456.0 4.46 nan
 TOI-5053.01: 3.432 10.315 nan 0.0803 9.88303 2459372.593180 686.6 0
>TOI-5054: 318.8634300 -83.1645070 11.689 1.420 1.165 6160.0 4.20 nan
 TOI-5054.01: 2.653 13.616 nan 0.0537 4.21001 2460100.051799 1527.5 0
>TOI-5056: 259.4688640 -44.8651440 9.739 1.960 1.139 6066.0 3.91 nan
 TOI-5056.01: 4.794 8.828 nan 0.0795 7.66862 2459381.819163 1452.4 0
>TOI-5057: 254.8420520 -35.3889330 9.299 2.850 nan 4520.0 nan nan
 TOI-5057.01: 1.501 12.998 nan nan 1.14378 2459385.829606 nan 0
>TOI-5058: 279.7909820 -79.5053350 9.966 1.290 nan 6130.0 nan nan
 TOI-5058.01: 5.841 12.890 nan nan 23.71239 2460109.372596 nan 0
>TOI-5059: 250.4084990 -41.5844400 10.222 0.770 0.750 4676.0 4.54 nan
 TOI-5059.01: 2.935 11.511 nan 0.0757 8.78768 2459370.258532 719.1 0
>TOI-5060: 247.6430850 -49.4141770 12.336 1.180 2.430 9561.0 4.68 nan
 TOI-5060.01: 2.229 14.802 nan 0.0309 1.26953 2459373.110938 2849.0 0
>TOI-5061: 260.7349400 -51.9834120 12.068 1.340 1.307 6443.0 4.30 nan
 TOI-5061.01: 3.140 11.883 nan 0.0480 3.36453 2459384.087240 1641.5 0
>TOI-5062: 267.6519380 -71.2866180 10.790 2.080 1.019 5692.8 3.81 nan
 TOI-5062.01: 5.174 8.345 nan 0.0666 6.22446 2459380.139505 1534.1 0
>TOI-5063: 258.2391940 -59.3671920 11.897 1.540 1.538 6955.0 4.25 nan
 TOI-5063.01: 3.323 15.406 nan 0.0532 3.61380 2459386.531727 1804.4 0
>TOI-5064: 234.3518920 -82.4853390 10.546 1.590 1.059 5860.0 4.06 nan
 TOI-5064.01: 2.791 5.425 nan 0.0461 3.51080 2460099.296227 1659.5 0
>TOI-5066: 63.8337860 27.0622030 9.402 2.000 1.714 7509.4 4.07 nan
 TOI-5066.01: 1.208 7.225 nan 0.0285 1.34541 2460231.615855 3033.4 0
>TOI-5069: 46.9208380 15.3246830 8.676 1.870 1.246 6332.0 3.99 nan
 TOI-5069.01: 6.144 3.014 nan 0.0901 8.85587 2459519.107426 1391.0 0
>TOI-507: 121.6295790 -15.7646900 10.837 0.505 0.823 3338.0 4.95 nan
 TOI-507.01: 1.207 17.120 nan 0.0171 0.89947 2459963.623366 874.7 0
>TOI-5077: 107.5327760 25.8193320 8.472 1.970 1.002 5641.0 3.85 nan
 TOI-5077.01: 3.534 9.190 nan 0.0639 5.88795 2460281.227232 1510.3 0
>TOI-5078: 51.3653990 13.5074880 8.131 0.680 0.719 4595.0 4.63 nan
 TOI-5078.01: 1.232 1.473 nan 0.0231 1.51102 2460258.603664 1202.2 0
>TOI-5084: 45.9545610 20.1105880 5.957 0.750 0.711 4544.0 4.54 nan
 TOI-5084.01: 2.039 1.156 nan 0.0566 5.83213 2460252.991856 797.6 0
>TOI-5085: 81.4334880 20.5440710 9.145 1.350 1.029 5785.0 4.19 nan
 TOI-5085.01: 4.480 2.894 nan 0.0540 4.51171 2459546.925741 1394.8 0
>TOI-5088: 112.8916810 12.0344420 8.281 0.870 1.002 5638.7 4.56 nan
 TOI-5088.01: 4.056 3.767 nan 0.0932 10.38832 2460266.136757 830.7 0
 TOI-5088.02: 3.665 1.535 nan 0.1106 13.41552 2459521.211119 762.6 0
>TOI-5091: 95.6350620 14.0176320 10.692 1.500 1.485 6832.0 4.26 nan
 TOI-5091.01: 3.705 16.495 nan 0.0528 3.64137 2459546.828897 1755.9 0
>TOI-5092: 101.6255730 28.8412380 10.355 0.755 0.890 5222.4 4.63 nan
 TOI-5092.01: 1.447 6.958 nan 0.0334 2.36269 2459546.216863 1197.3 0
>TOI-5099: 44.7935600 19.9897340 6.380 2.067 1.450 6761.3 3.97 nan
 TOI-5099.01: 1.346 6.252 nan 0.1314 14.45076 2459447.803576 1293.1 0
>TOI-510: 104.9589800 -49.5074800 7.481 1.290 0.815 5915.0 4.13 nan
 TOI-510.01: 0.512 2.829 nan 0.0224 1.35239 2460011.316365 2164.5 0
>TOI-5100: 66.9349840 33.0862740 11.236 1.323 1.120 6028.0 4.24 nan
 TOI-5100.01: 2.445 16.957 nan 0.0464 3.45321 2459500.690936 1552.1 0
>TOI-5104: 75.7544320 11.4492260 12.603 1.446 1.230 6278.0 4.21 nan
 TOI-5104.01: 3.984 16.168 nan 0.0604 4.89038 2459501.630362 1481.2 0
>TOI-5106: 89.2882320 14.8789930 9.405 2.330 1.609 7182.5 3.91 nan
 TOI-5106.01: 1.095 7.797 nan 0.0415 2.43611 2460257.699928 2595.2 0
>TOI-5109: 79.4130220 17.7145240 9.815 4.710 2.333 9124.0 3.46 nan
 TOI-5109.01: 1.693 20.575 nan 0.0565 3.21048 2459547.384113 4017.0 0
>TOI-5112: 110.3044660 17.5885650 8.240 0.610 0.606 3973.0 4.65 nan
 TOI-5112.01: 3.564 2.177 nan 0.1031 15.53281 2460261.292276 466.0 0
>TOI-5113: 80.4984640 30.9487280 9.268 1.390 1.143 6113.0 4.21 nan
 TOI-5113.01: 2.551 2.758 nan 0.0527 4.13649 2460662.395647 1513.9 0
>TOI-5114: 110.7852000 25.5587520 8.714 5.630 nan 5234.4 nan nan
 TOI-5114.01: 2.115 22.361 nan nan 6.15391 2460280.731884 nan 0
>TOI-5117: 107.7628090 14.9475190 9.589 1.160 1.205 6247.5 4.39 nan
 TOI-5117.01: 3.370 3.519 nan 0.1073 11.69869 2459534.137427 990.5 0
>TOI-5118: 97.3620730 15.6556500 9.384 1.570 1.392 6635.0 4.19 nan
 TOI-5118.01: 2.216 2.512 nan 0.0296 1.57496 2460257.667531 2330.1 0
>TOI-512: 96.6467020 -38.6072100 7.797 0.890 0.740 5277.0 4.35 -0.11
 TOI-512.02: 5.788 1.966 nan 0.1425 20.27494 2459201.066010 635.9 0
>TOI-5120: 104.2140730 22.5954480 9.249 1.470 1.039 5778.4 4.12 nan
 TOI-5120.01: 6.745 12.040 nan 0.1691 24.91632 2460267.926815 821.5 0
>TOI-5122: 85.6822970 30.7629190 8.910 1.340 1.164 6148.7 4.25 nan
 TOI-5122.01: 1.377 6.129 nan 0.0465 3.38859 2460256.936361 1591.6 0
>TOI-5125: 87.9525000 15.8820440 8.299 1.550 1.421 6710.0 4.21 nan
 TOI-5125.01: 2.784 2.962 nan 0.0719 5.90962 2460280.082357 1502.3 0
>TOI-5127: 96.1996830 13.3620530 8.966 1.140 1.163 6160.0 4.39 nan
 TOI-5127.01: 3.110 2.603 nan 0.1389 17.53286 2460239.027496 851.0 0
>TOI-5128: 143.3176400 9.1684210 7.765 1.990 1.777 7642.0 4.09 nan
 TOI-5128.01: 3.018 9.008 nan 0.0916 7.60149 2460274.610750 1717.6 0
>TOI-5129: 99.7027910 29.0893220 9.340 1.190 1.183 6178.0 4.36 nan
 TOI-5129.01: 1.780 3.682 nan 0.0787 7.41211 2460247.000236 1158.4 0
>TOI-5130: 85.5164180 28.2411920 7.834 1.200 1.203 6224.0 4.36 nan
 TOI-5130.01: 4.416 1.780 nan 0.0349 2.16678 2460255.333156 1759.9 0
>TOI-5131: 155.5156140 10.0031990 11.272 0.630 0.677 4427.0 4.67 nan
 TOI-5131.01: 1.019 6.371 nan 0.0770 9.48134 2459527.018825 610.6 0
>TOI-5132: 88.3082220 21.9179250 9.630 2.200 1.935 7947.0 4.04 nan
 TOI-5132.01: 1.190 11.053 nan 0.0333 1.59856 2459549.386944 3114.8 0
>TOI-5139: 153.3844530 19.9482170 10.670 0.600 0.592 3859.0 4.65 nan
 TOI-5139.01: 1.544 7.144 nan 0.0539 5.94710 2459626.883017 620.9 0
>TOI-5143: 165.3651200 5.1394810 9.980 0.852 0.864 5183.0 4.51 0.11
 TOI-5143.02: 1.945 3.122 nan 0.0338 2.38433 2459526.770284 1254.8 0
>TOI-5147: 154.2410540 18.2138620 10.941 0.880 0.882 5174.4 4.49 nan
 TOI-5147.01: 0.739 7.075 nan 0.0466 3.91786 2459631.967890 1084.3 0
>TOI-5148: 261.2414010 -58.6330550 8.885 1.910 0.964 5447.0 3.86 nan
 TOI-5148.01: 6.023 13.559 nan 0.0570 5.06371 2460117.346088 1520.4 0
>TOI-5149: 310.4588650 48.0283140 9.437 1.706 1.061 5903.0 4.00 nan
 TOI-5149.01: 9.708 18.307 nan 0.1813 27.37150 2459814.873357 873.2 0
>TOI-5151: 65.3992580 -67.4701400 11.793 1.000 1.004 5643.0 4.44 nan
 TOI-5151.01: 4.425 16.008 nan 0.4000 92.19504 2459323.834982 430.2 0
>TOI-5156: 56.7574740 8.6646590 9.253 1.080 1.068 5857.9 4.40 nan
 TOI-5156.01: 2.035 8.992 nan 0.1611 22.85241 2460221.038488 731.4 0
>TOI-5159: 142.7859560 20.0193430 7.468 0.854 0.890 5156.2 4.48 nan
 TOI-5159.02: 2.465 1.122 nan 0.0448 3.64695 2459527.770444 1085.6 0
>TOI-516: 112.3815550 2.8479530 11.491 0.202 0.173 3109.0 5.07 nan
 TOI-516.01: 1.063 4.184 nan 0.0113 1.04855 2458492.649974 633.9 0
>TOI-5166: 145.8275340 15.0040270 8.863 0.890 0.979 5502.0 4.53 nan
 TOI-5166.01: 1.409 1.715 nan 0.0285 1.77269 2459576.329573 1482.6 0
>TOI-5169: 154.8689170 6.5827660 6.834 0.780 0.821 5002.0 4.57 nan
 TOI-5169.01: 1.487 2.256 nan 0.0735 8.03880 2460269.548352 785.7 0
>TOI-5172: 192.9898920 -0.4990380 9.042 0.708 0.720 4570.0 4.60 nan
 TOI-5172.01: 2.698 3.194 nan 0.0494 4.72693 2459552.159115 834.3 0
>TOI-5177: 155.0725190 7.2735860 8.054 1.680 1.182 6183.0 4.06 nan
 TOI-5177.01: 3.992 1.883 nan 0.0351 2.20859 2460284.438815 2062.7 0
>TOI-5179: 280.2516490 83.0557470 10.325 1.020 1.021 5702.0 4.43 nan
 TOI-5179.01: 0.445 5.534 nan 0.0086 0.28748 2459768.887248 2994.4 0
>TOI-518: 115.7167800 8.8669060 9.211 1.137 0.990 5596.0 4.32 nan
 TOI-518.01: 2.124 3.619 nan 0.1334 17.87897 2458495.790236 787.8 0
>TOI-5180: 282.8775830 19.5602480 11.306 1.710 1.541 6976.0 4.16 nan
 TOI-5180.01: 1.753 16.000 nan 0.0447 2.77798 2459413.390215 2080.6 0
>TOI-5182: 124.2033100 71.2868980 10.141 0.900 1.001 5718.0 4.53 nan
 TOI-5182.01: 3.218 4.150 nan 0.0737 7.30396 2459598.659187 963.5 0
>TOI-5183: 287.7643970 52.2446800 12.459 1.542 1.092 5919.0 4.10 nan
 TOI-5183.01: 3.430 15.259 nan 0.0395 2.73956 2460368.824795 1783.3 0
>TOI-5185: 277.5896680 16.9085270 11.221 1.980 1.245 6353.0 3.94 nan
 TOI-5185.01: 4.399 17.418 nan 0.0555 4.27883 2459414.668268 1829.8 0
>TOI-5186: 291.5897760 17.0635800 11.318 1.730 1.941 8076.0 4.25 nan
 TOI-5186.01: 2.828 17.564 nan 0.0450 2.50325 2459416.392180 2414.6 0
>TOI-5187: 113.2729300 77.5776970 10.828 1.300 1.230 6263.0 4.30 nan
 TOI-5187.01: 4.862 6.128 nan 0.1433 17.85975 2459596.505388 909.6 0
>TOI-5188: 111.9264040 83.6470910 9.434 2.250 0.925 5395.0 3.70 nan
 TOI-5188.01: 6.077 6.965 nan 0.1517 22.43341 2459918.195827 1001.9 0
>TOI-5191: 291.5675850 18.9952580 11.326 1.900 1.947 8032.0 4.17 nan
 TOI-5191.01: 3.669 15.516 nan 0.0511 3.02786 2459417.858614 2361.7 0
>TOI-5192: 281.0659500 38.0073410 11.653 1.740 1.156 6121.7 4.02 nan
 TOI-5192.01: 4.672 16.069 nan 0.0579 4.72713 2459416.096484 1618.2 0
>TOI-5193: 281.0741060 37.3661610 10.671 0.880 0.957 5469.0 4.53 nan
 TOI-5193.01: 3.906 4.795 nan 0.1373 18.99721 2459408.155050 667.6 0
>TOI-5194: 275.0852960 40.3326130 11.220 1.370 1.085 5889.0 4.20 nan
 TOI-5194.01: 3.543 9.805 nan 0.0739 7.04851 2459408.106913 1222.7 0
>TOI-5195: 290.1248510 23.8191890 10.860 1.540 1.167 6124.0 4.13 nan
 TOI-5195.01: 3.111 12.636 nan 0.0443 3.15234 2459416.086326 1741.1 0
>TOI-5196: 284.1608620 33.2795140 12.284 1.240 1.068 5854.0 4.28 nan
 TOI-5196.01: 2.882 12.657 nan 0.0375 2.56771 2459418.347453 1623.2 0
>TOI-5197: 146.7124870 76.8938490 10.570 0.890 0.852 5062.0 4.47 nan
 TOI-5197.01: 1.503 8.594 nan 0.1393 20.57734 2459588.291193 617.0 0
>TOI-520: 102.6579770 -37.9601950 8.845 1.529 1.866 7450.0 4.34 nan
 TOI-520.01: 2.300 1.486 nan 0.0157 0.52361 2458468.652117 3545.2 0
>TOI-5200: 274.4220070 52.5722050 10.593 1.430 1.357 6520.0 4.26 nan
 TOI-5200.01: 2.967 11.485 nan 0.1457 17.43730 2459887.497008 985.0 0
>TOI-5201: 293.0960150 58.3688840 12.247 1.480 1.006 5704.0 4.10 nan
 TOI-5201.01: 3.462 17.813 nan 0.0482 3.85582 2459686.760358 1524.1 0
>TOI-5202: 246.4584720 74.8380540 10.722 1.720 1.268 6382.0 4.07 nan
 TOI-5202.01: 2.660 7.697 nan 0.2250 34.61417 2459684.507843 850.9 0
>TOI-5203: 286.9068600 47.9052450 11.795 2.280 1.066 5907.2 3.75 nan
 TOI-5203.01: 6.424 10.244 nan 0.1223 15.12557 2459423.366212 1229.9 0
>TOI-5204: 310.9388420 40.2980700 11.320 1.990 1.379 6589.0 3.98 nan
 TOI-5204.01: 3.244 14.480 nan 0.0297 1.59360 2459825.299287 2600.8 0
>TOI-5206: 192.9052090 78.0272440 11.864 2.410 1.112 5972.0 3.72 nan
 TOI-5206.01: 6.451 17.496 nan 0.0550 4.47163 2459634.597943 1906.3 0
>TOI-5207: 142.7292330 71.7402570 11.238 0.560 0.547 3850.0 4.68 nan
 TOI-5207.01: 3.696 6.410 nan 0.1358 24.69516 2459585.838983 377.0 0
 TOI-5207.02: 3.094 6.933 nan 0.2663 67.84102 2459679.677932 269.2 0
>TOI-5208: 291.5410810 28.6885600 10.409 1.310 nan 6164.0 nan nan
 TOI-5208.01: 3.627 8.684 nan nan 12.23079 2459423.385838 nan 0
>TOI-5209: 291.8712830 25.4533310 11.594 0.920 1.070 5900.0 4.54 nan
 TOI-5209.01: 2.207 13.823 nan 0.0382 2.63574 2459443.478986 1396.2 0
>TOI-5211: 295.1680220 28.6825590 12.387 1.570 1.270 6379.0 4.15 nan
 TOI-5211.01: 3.220 18.217 nan 0.0347 2.09620 2459445.520941 2069.1 0
>TOI-5213: 309.2758920 29.3654110 11.970 1.120 1.203 6254.0 4.42 nan
 TOI-5213.01: 1.083 16.840 nan 0.0570 4.53340 2459445.588460 1336.8 0
>TOI-5214: 272.5376670 47.8756760 11.129 2.530 1.043 5840.8 3.65 nan
 TOI-5214.01: 5.577 13.315 nan 0.0606 5.33340 2459445.571125 1819.8 0
>TOI-5215: 314.9874380 31.4852790 11.839 1.340 1.062 5873.0 4.21 nan
 TOI-5215.01: 3.655 11.174 nan 0.0760 7.42443 2459443.206935 1189.2 0
>TOI-5216: 299.9376130 61.6531630 12.238 2.280 1.472 6818.0 3.89 nan
 TOI-5216.01: 3.518 10.198 nan 0.0341 1.89513 2459714.938781 2688.3 0
>TOI-5217: 294.9223890 28.5722310 10.049 2.450 1.123 6029.0 3.71 nan
 TOI-5217.01: 4.113 12.987 nan 0.0544 4.37131 2459790.808604 1951.0 0
>TOI-5219: 302.8284920 34.3685080 12.002 1.870 1.137 6095.0 3.95 nan
 TOI-5219.01: 3.547 16.297 nan 0.0414 2.88753 2459442.470170 1975.3 0
>TOI-5220: 291.4351940 30.0280780 12.375 1.580 1.410 6655.0 4.19 nan
 TOI-5220.01: 2.873 18.079 nan 0.0358 2.08765 2459445.188913 2131.9 0
>TOI-5221: 302.1665350 59.4820170 12.224 0.940 0.973 5536.0 4.48 nan
 TOI-5221.01: 2.757 10.688 nan 0.0523 4.42474 2459878.821878 1131.7 0
>TOI-5222: 289.7095010 31.6481750 10.882 2.260 1.950 8104.0 4.02 nan
 TOI-5222.01: 5.500 13.717 nan 0.1373 13.30578 2459435.553446 1585.4 0
>TOI-5223: 286.7161980 54.6121080 12.289 1.531 1.294 6424.0 4.18 nan
 TOI-5223.01: 4.228 18.708 nan 0.0543 4.06570 2460369.865078 1644.9 0
>TOI-5224: 308.1905360 27.5460960 11.314 2.500 1.196 6228.0 3.72 nan
 TOI-5224.01: 5.909 14.006 nan 0.0630 5.28198 2459818.154198 1891.8 0
>TOI-5225: 278.8467280 60.4278950 11.511 1.340 1.014 5721.0 4.19 nan
 TOI-5225.01: 1.706 8.885 nan 0.1587 22.93674 2459831.811611 801.6 0
>TOI-5227: 198.6845210 75.2359920 10.714 1.300 1.071 5824.6 4.24 nan
 TOI-5227.01: 2.851 9.106 nan 0.0482 3.73252 2459632.264968 1458.6 0
>TOI-5228: 206.7529600 68.8671370 12.062 1.650 1.064 5899.0 4.03 nan
 TOI-5228.01: 2.771 11.294 nan 0.0820 8.32220 2459651.416456 1276.0 0
>TOI-5229: 269.0355070 78.2131230 10.776 0.970 0.882 5087.5 4.41 nan
 TOI-5229.01: 2.947 3.473 nan 0.0614 5.91846 2459883.298899 975.1 0
>TOI-5230: 182.3338400 57.5036010 12.162 0.980 1.010 5685.0 4.46 nan
 TOI-5230.01: 3.169 12.082 nan 0.0728 7.14523 2459630.986564 1005.8 0
>TOI-5233: 291.1728080 69.1251750 10.210 1.060 1.053 5795.0 4.41 nan
 TOI-5233.01: 1.668 5.772 nan 0.1737 25.76333 2459727.105947 690.3 0
>TOI-5234: 222.5139570 63.0384370 10.141 1.180 1.336 6511.0 4.42 nan
 TOI-5234.01: 4.403 2.716 nan 0.1317 15.10161 2459442.434681 939.8 0
>TOI-5235: 183.0931580 84.4112140 9.751 1.080 1.020 5721.0 4.38 nan
 TOI-5235.01: 2.368 8.197 nan 0.1736 26.14423 2459559.856973 688.1 0
>TOI-5236: 306.2865610 43.2332220 10.267 2.180 1.172 6188.0 3.83 nan
 TOI-5236.01: 7.182 9.899 nan 0.1020 10.99750 2459807.154831 1379.5 0
>TOI-5237: 297.4952610 29.8912520 11.416 1.420 1.113 6002.0 4.18 nan
 TOI-5237.01: 1.858 17.741 nan 0.0421 2.98898 2459444.873065 1680.9 0
>TOI-5239: 276.3822620 44.9014090 11.787 1.240 1.093 5969.0 4.29 nan
 TOI-5239.01: 2.956 8.835 nan 0.1016 11.31823 2459431.315024 1005.5 0
>TOI-5240: 293.0837890 34.9403970 11.154 2.310 1.656 7349.0 3.93 nan
 TOI-5240.01: 5.161 16.160 nan 0.0601 4.17933 2459444.902109 2197.0 0
>TOI-5241: 295.4837710 23.1273920 10.973 1.390 0.973 5506.0 4.14 nan
 TOI-5241.01: 2.818 12.097 nan 0.0555 4.83984 2459439.553965 1328.7 0
>TOI-5242: 287.6584730 35.4957000 11.469 0.850 0.853 5074.0 4.51 nan
 TOI-5242.01: 1.870 11.475 nan 0.0333 2.40385 2459445.351035 1236.1 0
>TOI-5243: 309.3330170 48.0405100 11.498 1.810 1.090 5995.0 3.96 nan
 TOI-5243.01: 1.966 16.254 nan 0.0277 1.60879 2459825.686941 2336.8 0
>TOI-5244: 305.2633230 52.9103160 11.835 1.530 1.075 5929.0 4.10 nan
 TOI-5244.01: 4.249 10.671 nan 0.0593 5.08218 2459827.298500 1452.2 0
>TOI-5245: 279.0578860 42.5192760 12.496 0.690 0.660 3861.0 4.58 nan
 TOI-5245.01: 0.435 12.406 nan 0.0097 0.43058 2459446.067776 1570.3 0
>TOI-5247: 314.8042000 23.7332060 11.255 1.300 1.000 5606.0 4.21 nan
 TOI-5247.01: 1.800 15.194 nan 0.1077 12.91775 2459440.338894 939.2 0
>TOI-5248: 300.0457510 21.7406110 11.873 0.850 0.853 5126.0 4.51 nan
 TOI-5248.01: 1.050 10.946 nan 0.0146 0.70124 2459794.856330 1886.0 0
>TOI-5249: 302.1838980 42.4963380 12.403 1.060 1.129 6007.0 4.44 nan
 TOI-5249.01: 2.844 12.840 nan 0.0566 4.62855 2459446.223146 1253.5 0
>TOI-525: 90.1699540 -8.4683410 8.048 1.622 1.607 7064.0 4.22 nan
 TOI-525.01: 6.193 4.440 nan 0.1386 14.86080 2458471.007595 1165.3 0
>TOI-5250: 302.7518010 23.3447200 10.857 2.190 1.455 6815.0 3.92 nan
 TOI-5250.01: 2.222 20.241 nan 0.0686 5.44639 2459446.167966 1856.8 0
>TOI-5251: 305.8038090 29.8726720 11.383 1.510 1.445 6756.0 4.24 nan
 TOI-5251.01: 2.393 14.724 nan 0.0388 2.32059 2459445.018309 2032.3 0
>TOI-5252: 302.4992330 23.4097800 11.917 1.700 1.267 6369.0 4.08 nan
 TOI-5252.01: 5.884 13.439 nan 0.0885 8.53940 2459437.267399 1346.0 0
>TOI-5253: 179.2118930 58.4053560 12.089 1.020 0.953 5500.1 4.40 nan
 TOI-5253.01: 1.155 12.924 nan 0.0207 1.11106 2459635.041369 1861.7 0
>TOI-5254: 315.2618440 26.5916540 10.539 2.350 0.986 5646.0 3.69 nan
 TOI-5254.01: 3.542 13.908 nan 0.0530 4.48366 2459440.496405 1812.9 0
>TOI-5255: 287.0078260 45.3966590 11.602 1.450 1.058 5874.0 4.14 nan
 TOI-5255.01: 3.005 12.909 nan 0.0378 2.61227 2459441.513501 1754.3 0
>TOI-5256: 266.3360790 52.4751760 11.660 0.840 0.814 4934.0 4.50 nan
 TOI-5256.01: 4.228 6.860 nan 0.1399 21.19688 2459884.678947 583.0 0
>TOI-5259: 294.0652250 21.7946760 11.719 1.060 1.129 6071.0 4.44 nan
 TOI-5259.01: 2.078 12.531 nan 0.0427 3.03214 2459441.712932 1458.6 0
>TOI-5263: 304.7025860 41.9705170 11.931 1.560 1.092 5950.0 4.09 nan
 TOI-5263.01: 2.201 20.373 nan 0.0433 3.15014 2459442.190431 1722.1 0
>TOI-5264: 297.5520630 27.4810470 10.964 1.920 1.474 6812.0 4.04 nan
 TOI-5264.01: 5.435 19.934 nan 0.0601 4.42742 2459439.859036 1856.6 0
>TOI-5265: 255.6034680 69.1096640 10.497 1.080 1.068 5896.0 4.40 nan
 TOI-5265.01: 1.968 3.168 nan 0.1025 11.59145 2459892.032608 922.9 0
>TOI-5267: 202.0719270 70.4160360 10.817 0.870 0.979 5546.0 4.55 nan
 TOI-5267.01: 4.766 2.823 nan 0.1113 13.70368 2459599.727409 747.7 0
>TOI-5269: 291.2195730 22.1246600 10.465 2.250 2.120 8524.0 4.06 nan
 TOI-5269.01: 1.994 9.450 nan 0.0492 2.73408 2459446.348846 2779.6 0
>TOI-527: 101.1887440 -36.6573540 7.769 1.837 1.691 7403.0 4.14 nan
 TOI-527.01: 2.561 22.202 nan 0.1607 18.08921 2458470.738380 1206.9 0
>TOI-5270: 300.0668970 22.1620930 11.932 2.220 1.716 7529.0 3.98 nan
 TOI-5270.01: 2.562 16.136 nan 0.0242 1.05132 2459446.035629 3477.3 0
>TOI-5271: 306.9848010 48.3185980 9.795 1.410 nan 6358.0 nan nan
 TOI-5271.01: 3.486 4.509 nan nan 4.31086 2459827.010531 nan 0
>TOI-5272: 307.9526890 48.2321530 11.334 1.560 1.067 5930.0 4.08 nan
 TOI-5272.01: 4.396 9.194 nan 0.0586 5.01357 2459822.945623 1475.4 0
>TOI-5274: 174.6447500 72.2653440 11.342 0.760 0.666 4310.0 4.50 nan
 TOI-5274.01: 2.447 4.779 nan 0.0573 6.13135 2459628.259748 756.9 0
>TOI-5276: 313.1750210 25.5028710 10.571 2.700 1.034 5766.0 3.59 nan
 TOI-5276.01: 2.303 13.527 nan 0.0351 2.36122 2459444.189059 2438.6 0
>TOI-5277: 308.1191890 58.0954620 12.096 1.540 1.167 6132.0 4.13 nan
 TOI-5277.01: 3.747 13.499 nan 0.1308 15.99296 2459829.069249 1014.6 0
>TOI-5278: 295.8086500 66.5713740 12.532 0.383 0.371 3349.0 4.84 nan
 TOI-5278.01: 1.053 17.975 nan 0.0081 0.43544 2459825.576076 1110.5 0
>TOI-5279: 273.2403960 47.3362050 11.505 1.030 1.018 5733.4 4.42 nan
 TOI-5279.01: 2.151 8.860 nan 0.1250 16.01046 2459428.849564 793.6 0
>TOI-5280: 312.8607510 38.3297490 10.346 1.880 1.350 6543.2 4.02 nan
 TOI-5280.01: 2.886 9.818 nan 0.0937 9.01659 2459440.705384 1413.3 0
>TOI-5281: 301.4649690 51.8569290 12.173 1.470 1.063 5865.0 4.13 nan
 TOI-5281.01: 4.025 12.705 nan 0.0623 5.50473 2459825.472799 1373.8 0
>TOI-5282: 269.8317960 49.5497400 12.166 1.450 1.134 6082.0 4.17 nan
 TOI-5282.01: 1.209 9.776 nan 0.0255 1.39252 2459742.132395 2211.5 0
>TOI-5284: 298.7483780 36.1628830 12.629 1.860 1.352 6555.0 4.03 nan
 TOI-5284.01: 2.019 21.546 nan 0.0347 2.03270 2459444.105892 2314.2 0
>TOI-5285: 340.9691060 -1.8385500 10.911 0.760 0.651 4076.0 4.49 nan
 TOI-5285.01: 2.188 10.263 nan 0.0454 4.38522 2459469.314451 804.2 0
>TOI-5286: 3.0351480 -4.6129590 12.177 0.900 1.024 5735.0 4.54 nan
 TOI-5286.01: 2.352 9.721 nan 0.0437 3.29888 2459469.122508 1255.0 0
>TOI-5287: 328.0386870 -8.4196630 9.647 1.710 1.117 6058.0 4.02 nan
 TOI-5287.01: 3.829 14.667 nan 0.0528 4.19768 2459468.058757 1662.4 0
>TOI-5289: 0.7601040 -7.7864160 10.656 0.940 0.888 5244.0 4.44 nan
 TOI-5289.01: 2.669 4.896 nan 0.0429 3.44113 2459469.615289 1183.7 0
>TOI-5290: 343.3235350 -0.1683470 12.126 nan nan nan nan nan
 TOI-5290.01: 2.198 nan nan nan 2.56881 2459469.159720 nan 0
>TOI-5291: 338.7332270 -11.3632380 9.809 1.210 0.994 5603.0 4.27 nan
 TOI-5291.01: 1.350 6.241 nan 0.0340 2.30075 2459467.596354 1611.8 0
>TOI-5294: 351.4677050 4.4548980 10.367 nan nan 5462.7 nan nan
 TOI-5294.01: 2.294 nan nan nan 5.67074 2459470.434517 nan 0
>TOI-5295: 349.2888960 -9.4356930 10.727 0.580 0.574 3504.0 4.67 nan
 TOI-5295.01: 1.579 10.275 nan 0.0430 4.30236 2459467.507313 620.6 0
>TOI-5297: 339.8022060 1.6882590 11.362 1.530 1.234 6311.9 4.16 nan
 TOI-5297.01: 2.106 11.734 nan 0.0465 3.30150 2459851.450755 1745.9 0
>TOI-5298: 331.0514780 -2.3970990 12.182 1.030 0.928 5348.0 4.38 nan
 TOI-5298.01: 1.952 12.707 nan 0.0369 2.68315 2459818.888822 1362.5 0
>TOI-5299: 359.7134700 -4.9611340 11.227 1.090 0.948 5452.0 4.34 nan
 TOI-5299.01: 0.528 19.252 nan 0.0362 2.57925 2459465.671672 1442.6 0
>TOI-5302: 32.2491910 8.0571990 11.541 0.810 0.774 4794.0 4.51 nan
 TOI-5302.01: 1.832 11.590 nan 0.0471 4.24177 2459490.634183 958.7 0
>TOI-5303: 9.6072370 17.1927900 12.315 1.390 1.312 6480.0 4.27 nan
 TOI-5303.01: 1.924 12.897 nan 0.0982 9.80956 2459869.502622 1175.6 0
>TOI-5304: 12.0727540 6.9182230 12.153 0.890 0.913 5265.0 4.50 nan
 TOI-5304.01: 2.259 8.082 nan 0.0455 3.70794 2459493.482802 1122.8 0
>TOI-5305: 36.5817940 15.8904180 11.393 1.370 1.085 5921.4 4.20 nan
 TOI-5305.01: 3.659 11.608 nan 0.0545 4.46320 2459496.393658 1431.6 0
>TOI-5306: 41.5072720 6.4616280 11.529 1.310 nan 5807.7 nan nan
 TOI-5306.01: 2.805 10.020 nan nan 5.33313 2459492.592296 nan 0
>TOI-5307: 15.8865320 9.9139170 10.110 0.620 0.626 4031.0 4.65 nan
 TOI-5307.01: 1.711 4.006 nan 0.0509 5.29763 2459490.963737 678.4 0
>TOI-5309: 4.4637440 14.4987670 11.871 1.010 0.956 5441.0 4.41 nan
 TOI-5309.01: 3.284 8.024 nan 0.0669 6.46665 2459875.569968 1019.4 0
>TOI-5310: 30.1830540 20.0231880 10.776 0.810 0.674 4329.8 4.45 nan
 TOI-5310.01: 3.039 6.172 nan 0.0859 11.20362 2459486.096679 641.1 0
>TOI-5311: 32.3334040 21.4518560 11.481 0.700 0.664 3793.0 4.57 nan
 TOI-5311.01: 2.239 13.525 nan 0.1965 39.05369 2459453.715070 345.2 0
>TOI-5312: 21.0756580 4.5315420 11.135 0.910 0.955 5397.7 4.50 nan
 TOI-5312.01: 3.718 8.337 nan 0.2481 46.19651 2459450.251093 498.5 0
>TOI-5313: 28.7215770 8.8576540 12.225 1.040 0.946 5442.9 4.38 nan
 TOI-5313.01: 2.500 13.210 nan 0.0422 3.25710 2459495.625991 1302.9 0
>TOI-5314: 9.3398800 13.8590720 12.195 1.050 1.160 6143.0 4.46 nan
 TOI-5314.01: 2.251 12.563 nan 0.0382 2.53510 2459879.837056 1553.0 0
>TOI-5315: 24.2997420 16.0187230 12.277 0.430 0.425 3333.0 4.80 nan
 TOI-5315.01: 0.948 17.168 nan 0.0269 2.47041 2459493.470036 642.6 0
>TOI-5316: 91.8023330 35.9580440 11.859 1.610 1.061 5849.8 4.05 nan
 TOI-5316.01: 1.574 10.919 nan 0.0200 0.99973 2459496.567378 2530.9 0
>TOI-5317: 39.0650020 13.5042280 11.475 1.310 1.088 5981.3 4.24 nan
 TOI-5317.01: 3.278 11.185 nan 0.0849 8.66205 2459489.509979 1132.9 0
>TOI-5318: 12.5188920 18.9857720 11.149 2.550 1.035 5801.0 3.64 nan
 TOI-5318.01: 5.223 16.381 nan 0.0576 4.95832 2459881.551547 1861.2 0
>TOI-5320: 22.6440640 17.2546980 10.194 1.270 0.911 5313.9 4.19 nan
 TOI-5320.01: 0.319 5.995 nan 0.0100 0.38522 2459497.672348 2887.7 0
>TOI-5323: 9.2066070 2.1307440 11.336 2.380 1.109 5978.2 3.73 nan
 TOI-5323.01: 4.055 20.561 nan 0.0654 5.80494 2459497.678672 1739.0 0
>TOI-5324: 35.9111700 15.4829550 11.530 0.750 0.762 4738.0 4.57 nan
 TOI-5324.01: 2.676 10.487 nan 0.0525 5.02691 2459488.483015 863.5 0
>TOI-5325: 32.9126470 4.1923180 10.980 0.920 1.070 5948.0 4.54 nan
 TOI-5325.01: 1.385 7.195 nan 0.1221 15.05760 2459498.292378 787.3 0
>TOI-5326: 26.4536600 10.2534010 10.839 1.610 nan 6312.9 nan nan
 TOI-5326.01: 2.260 9.111 nan nan 3.13347 2459493.482375 nan 0
>TOI-5327: 51.0292360 12.4359630 10.758 0.910 0.912 5377.0 4.48 nan
 TOI-5327.01: 2.378 11.409 nan 0.0530 4.66712 2459521.337748 1074.4 0
>TOI-5328: 65.2933620 27.1679200 9.432 2.540 1.152 6119.8 3.69 nan
 TOI-5328.01: 6.921 17.643 nan 0.0638 5.48865 2459519.397889 1862.0 0
>TOI-5329: 56.6545230 22.8728290 11.713 1.210 1.065 5892.0 4.30 nan
 TOI-5329.01: 0.695 11.216 nan 0.0485 3.77961 2459518.514709 1419.1 0
>TOI-533: 80.0548630 -62.6461860 9.511 0.886 0.486 4666.1 4.23 nan
 TOI-533.01: 4.147 3.607 nan 0.1117 19.57159 2458332.697108 633.7 0
>TOI-5330: 40.4511870 24.1023180 11.524 1.380 1.418 6701.0 4.31 nan
 TOI-5330.01: 3.940 13.032 nan 0.0611 4.63033 2459884.465962 1535.6 0
>TOI-5331: 44.2450770 7.8593320 11.144 0.930 0.997 5580.0 4.50 nan
 TOI-5331.01: 3.262 11.791 nan 0.1570 22.75453 2459517.930293 654.9 0
>TOI-5332: 43.2482170 8.8549790 11.420 1.350 1.103 6002.5 4.22 nan
 TOI-5332.01: 1.716 9.295 nan 0.0506 3.95449 2459520.191396 1495.1 0
>TOI-5333: 74.4579470 31.3186660 10.510 0.870 0.815 4932.0 4.47 nan
 TOI-5333.01: 5.092 4.143 nan 0.0928 11.44203 2459507.736120 728.2 0
>TOI-5334: 42.1762590 20.8094270 11.081 1.410 1.097 5957.5 4.18 nan
 TOI-5334.01: 3.310 12.326 nan 0.0475 3.61363 2459520.904138 1565.2 0
>TOI-5336: 96.2345610 23.6578440 11.780 1.480 1.155 6093.9 4.16 nan
 TOI-5336.01: 3.825 16.823 nan 0.0519 4.01532 2459520.536355 1569.2 0
>TOI-5338: 78.1727280 22.5059240 11.627 1.010 0.956 5439.0 4.41 nan
 TOI-5338.01: 2.184 13.972 nan 0.0369 2.64297 2459522.341290 1372.1 0
>TOI-5339: 49.1734620 30.7470300 10.137 0.980 1.082 5938.0 4.49 nan
 TOI-5339.01: 3.535 8.969 nan 0.1232 15.18732 2459494.722261 807.6 0
>TOI-5341: 53.4943480 32.1187720 11.580 0.750 0.745 4660.7 4.56 nan
 TOI-5341.01: 2.570 11.687 nan 0.1337 20.68752 2459513.930501 532.3 0
>TOI-5342: 76.4317320 29.7255390 10.087 2.390 1.093 5946.0 3.72 nan
 TOI-5342.01: 0.631 8.961 nan 0.0142 0.58947 2459524.058419 3719.7 0
>TOI-5343: 48.0260430 24.5335610 9.695 0.690 0.870 5156.0 4.70 nan
 TOI-5343.01: 3.366 2.498 nan 0.1024 12.83639 2459503.519191 645.4 0
>TOI-5345: 72.6014800 33.0140250 9.567 1.410 0.777 4816.0 4.03 nan
 TOI-5345.01: 1.728 3.457 nan 0.0192 1.10622 2459910.285040 1990.1 0
>TOI-5346: 52.5230540 20.8078240 12.328 1.180 1.305 6441.1 4.41 nan
 TOI-5346.01: 2.643 12.361 nan 0.0537 3.97833 2459520.301801 1456.0 0
>TOI-5347: 36.1368740 24.1015460 11.429 0.720 nan 4686.8 nan nan
 TOI-5347.01: 1.625 7.450 nan nan 1.71092 2459883.253886 nan 0
>TOI-5348: 76.4783710 32.7231300 11.375 1.493 1.380 6622.0 4.23 nan
 TOI-5348.01: 2.058 15.805 nan 0.0462 3.08901 2459910.695281 1815.2 0
>TOI-5351: 78.3723990 18.2595760 11.722 1.640 1.179 6182.0 4.08 nan
 TOI-5351.01: 1.596 14.306 nan 0.0419 2.88172 2459523.187650 1865.0 0
>TOI-5352: 78.0396750 28.5468760 11.188 1.360 1.285 6396.0 4.28 nan
 TOI-5352.01: 1.420 8.651 nan 0.0342 2.03891 2459523.255686 1944.9 0
>TOI-5354: 46.3306810 28.1858240 10.845 1.410 1.072 5850.0 4.17 nan
 TOI-5354.01: 3.898 12.173 nan 0.0570 4.79493 2459520.861271 1403.0 0
>TOI-5355: 72.7896090 34.6277260 10.465 1.510 1.047 5825.7 4.10 nan
 TOI-5355.01: 4.242 9.057 nan 0.0898 9.61255 2459912.057185 1151.9 0
>TOI-5356: 60.9646780 31.7759650 11.373 2.000 1.361 6577.4 3.97 nan
 TOI-5356.01: 3.786 13.323 nan 0.0471 3.19487 2460211.329446 2066.8 0
>TOI-5357: 69.8412430 27.2880320 11.125 1.060 0.983 5504.0 4.38 nan
 TOI-5357.01: 3.998 11.961 nan 0.0885 9.69952 2459513.678245 918.5 0
>TOI-5358: 54.1838970 28.5502690 9.923 0.803 0.743 4636.3 4.50 nan
 TOI-5358.01: 2.164 3.409 nan 0.0340 2.65991 2459450.140226 1086.5 0
>TOI-5359: 54.0660520 30.2059300 12.058 0.470 0.464 3174.0 4.76 nan
 TOI-5359.01: 0.491 9.289 nan 0.0214 1.68173 2459522.004048 717.3 0
>TOI-5360: 54.9101390 28.9806200 12.304 1.380 1.179 6175.1 4.23 nan
 TOI-5360.01: 0.829 24.425 nan 0.0522 4.01079 2459882.517270 1531.0 0
>TOI-5362: 75.3691030 28.8166050 11.828 1.570 1.299 6416.5 4.16 nan
 TOI-5362.01: 3.039 11.641 nan 0.1224 13.72797 2459505.662464 1108.1 0
>TOI-5363: 40.2019410 18.8217610 12.139 0.890 0.913 5318.7 4.50 nan
 TOI-5363.01: 3.105 9.839 nan 0.0678 6.75048 2459521.548500 929.2 0
>TOI-5364: 77.0064700 31.8983770 9.246 4.280 1.244 6332.0 3.27 nan
 TOI-5364.01: 0.952 12.418 nan 0.0269 1.44669 2459524.130515 3851.4 0
>TOI-5365: 36.5197880 26.0917930 10.014 2.760 1.132 6080.3 3.61 nan
 TOI-5365.01: 5.848 7.395 nan 0.0515 4.00697 2459886.032439 2146.4 0
>TOI-5366: 91.7896010 23.1316490 11.677 1.670 1.504 6943.0 4.17 nan
 TOI-5366.01: 2.227 9.080 nan 0.0298 1.53285 2459521.306343 2506.3 0
>TOI-5367: 91.7962890 27.6220430 11.899 1.058 1.177 6155.0 4.46 nan
 TOI-5367.01: 1.579 10.373 nan 0.0290 1.66496 2460234.223007 1792.7 0
>TOI-5368: 62.8936260 28.1786100 11.161 1.600 1.906 7976.9 4.31 nan
 TOI-5368.01: 2.800 14.065 nan 0.0571 3.61276 2459519.980930 2036.1 0
>TOI-5369: 47.3818940 20.5781640 11.978 1.559 1.065 5905.5 4.08 nan
 TOI-5369.01: 4.462 14.220 nan 0.0524 4.24604 2460211.074094 1553.3 0
>TOI-5370: 91.7471430 30.1893900 11.278 1.500 1.271 6350.0 4.19 nan
 TOI-5370.01: 2.544 14.532 nan 0.0512 3.75396 2459522.197579 1657.4 0
>TOI-5371: 66.8002600 20.7748630 11.232 1.030 0.737 4671.0 4.28 nan
 TOI-5371.01: 0.992 14.509 nan 0.0208 1.27615 2459522.846281 1585.0 0
>TOI-5372: 43.5727730 23.1991860 10.481 1.600 1.047 5776.1 4.05 nan
 TOI-5372.01: 2.383 10.185 nan 0.1020 11.62708 2460211.199707 1103.1 0
>TOI-5375: 113.7848940 71.4006730 10.302 0.633 0.615 3865.0 4.62 nan
 TOI-5375.01: 1.741 11.480 nan 0.0239 1.72156 2459580.736149 959.1 0
>TOI-5376: 271.7595250 70.4727630 10.055 2.870 1.293 6417.0 3.63 nan
 TOI-5376.01: 1.671 13.249 nan 0.0442 2.98596 2459850.073687 2493.4 0
>TOI-5377: 131.1350610 59.4067080 8.743 1.620 nan 6803.0 nan nan
 TOI-5377.01: 3.643 2.686 nan nan 4.46269 2459605.750481 nan 0
>TOI-5378: 103.6020330 38.6461030 8.525 5.090 nan 4626.0 nan nan
 TOI-5378.01: 3.410 13.602 nan nan 5.28417 2459598.389742 nan 0
>TOI-5379: 112.4241090 50.6838000 8.813 1.470 1.278 6385.0 4.21 nan
 TOI-5379.01: 3.633 16.679 nan 0.1159 12.74265 2459942.544324 1096.5 0
>TOI-5382: 116.9544910 48.1149990 8.678 1.720 1.239 6277.0 4.06 nan
 TOI-5382.01: 4.356 4.353 nan 0.1252 14.54162 2459961.944111 1121.9 0
>TOI-5383: 212.7208750 62.5221960 7.306 1.470 1.441 6768.0 4.26 nan
 TOI-5383.01: 3.350 1.400 nan 0.0440 2.81150 2459635.645960 1886.4 0
>TOI-5387: 214.4454200 62.7583860 7.840 1.520 1.731 7531.0 4.31 nan
 TOI-5387.01: 2.771 1.273 nan 0.0467 2.80375 2459660.851073 2071.8 0
>TOI-5389: 168.8016700 39.3589200 12.555 0.421 0.415 3526.0 4.81 nan
 TOI-5389.01: 2.400 8.811 nan 0.0696 10.40140 2459609.445410 418.2 0
>TOI-539: 102.5683890 -53.0055030 9.227 0.813 0.679 4836.0 4.45 nan
 TOI-539.01: 1.030 1.553 nan 0.0079 0.30961 2459988.518323 2365.7 0
>TOI-5390: 142.4443040 30.0629080 9.811 0.891 0.949 5441.3 4.52 nan
 TOI-5390.01: 3.291 4.687 nan 0.1173 15.06197 2459617.289687 723.1 0
>TOI-5391: 272.0607170 53.3655660 9.383 1.020 1.094 5961.0 4.46 nan
 TOI-5391.01: 3.522 1.775 nan 0.1151 13.64214 2459865.102473 855.7 0
>TOI-5392: 212.6213490 72.5897570 7.042 0.900 0.956 5464.0 4.51 nan
 TOI-5392.01: 4.334 1.668 nan 0.1301 17.53133 2460367.300993 693.0 0
>TOI-5393: 198.1371490 77.8390380 7.816 1.250 1.191 6194.0 4.32 nan
 TOI-5393.01: 6.737 1.827 nan 0.2003 30.00172 2459591.975369 746.1 0
>TOI-5394: 154.5745080 17.3964350 7.107 1.070 1.098 5977.0 4.42 nan
 TOI-5394.01: 2.582 9.681 nan 0.1239 15.19351 2459561.627836 847.0 0
>TOI-5395: 197.0584440 81.4457870 8.938 1.170 1.225 6269.0 4.39 nan
 TOI-5395.01: 2.982 1.806 nan 0.0735 6.58118 2460346.799118 1206.1 0
>TOI-5397: 172.0141170 39.6726470 9.075 0.950 0.994 5621.7 4.48 nan
 TOI-5397.01: 3.003 2.571 nan 0.0885 9.64770 2459620.860667 888.2 0
>TOI-5399: 292.9829390 28.6518650 9.077 2.090 1.387 6629.0 3.94 nan
 TOI-5399.01: 3.952 3.708 nan 0.0556 4.06260 2459790.239770 1959.8 0
>TOI-5400: 136.8929190 -14.3398670 9.956 0.950 0.720 5513.0 4.34 nan
 TOI-5400.01: 4.500 4.465 nan 0.1284 19.80673 2459970.522326 723.1 0
>TOI-5401: 189.5182680 3.2823950 6.231 4.338 2.369 9333.0 3.54 nan
 TOI-5401.01: 9.878 12.913 nan 0.0939 6.82910 2458930.894460 3058.9 0
>TOI-5402: 65.1077990 -68.3605710 10.582 0.678 0.680 4363.0 4.61 nan
 TOI-5402.01: 3.021 1.449 nan 0.0383 3.31740 2459037.064971 885.2 0
>TOI-5403: 100.6545830 15.6573790 11.376 0.950 0.928 5311.7 4.45 nan
 TOI-5403.01: 1.805 11.239 nan 0.1046 12.83556 2459533.449120 771.9 0
>TOI-5404: 101.3608360 22.2903640 11.191 0.570 0.554 4027.0 4.67 nan
 TOI-5404.01: 2.454 4.050 nan 0.0270 2.17747 2459546.130937 892.2 0
>TOI-5405: 98.6937330 32.8082680 12.317 1.060 0.983 5649.0 4.38 nan
 TOI-5405.01: 4.183 10.759 nan 0.0846 9.07120 2459538.834540 964.2 0
>TOI-5406: 84.9665650 12.2578820 12.267 1.590 1.602 7110.0 4.24 nan
 TOI-5406.01: 1.259 10.209 nan 0.0198 0.80451 2460234.198381 3072.3 0
>TOI-5407: 101.3452430 17.3105570 12.087 1.360 1.377 6606.6 4.31 nan
 TOI-5407.01: 3.251 13.982 nan 0.0676 5.46832 2459549.018978 1428.9 0
>TOI-5408: 96.3194800 20.5358540 12.075 3.310 1.744 7575.0 3.64 nan
 TOI-5408.01: 1.429 17.432 nan 0.0229 0.95984 2460234.832450 4391.5 0
>TOI-5409: 83.9830080 31.7682790 11.838 1.300 1.148 6078.0 4.27 nan
 TOI-5409.01: 0.573 7.446 nan 0.0145 0.59439 2459550.047281 2775.1 0
>TOI-541: 90.7274910 -30.8329060 13.388 1.168 1.363 4978.0 4.44 nan
 TOI-541.01: 1.847 18.113 nan 0.0266 1.35341 2459202.495892 1590.6 0
>TOI-5410: 87.7187610 28.8198470 12.181 1.250 1.163 6140.3 4.31 nan
 TOI-5410.01: 3.031 13.555 nan 0.0528 4.10594 2459543.466503 1440.7 0
>TOI-5411: 86.0685950 28.7915510 12.140 1.670 1.404 6623.0 4.14 nan
 TOI-5411.01: 3.175 18.685 nan 0.0462 3.06041 2459549.378495 1920.1 0
>TOI-5412: 104.1346990 13.4291930 10.008 1.680 1.296 6419.6 4.10 nan
 TOI-5412.01: 0.493 13.777 nan 0.0112 0.38285 2460234.160840 3791.3 0
>TOI-5413: 90.0530260 22.3402240 10.013 1.340 1.087 5981.0 4.22 nan
 TOI-5413.01: 3.406 5.434 nan 0.1090 12.61248 2459534.921329 1011.2 0
>TOI-5414: 109.3678050 31.4818460 12.287 0.700 0.664 3892.0 4.57 nan
 TOI-5414.01: 3.957 15.431 nan 0.0833 10.78336 2459529.149554 544.0 0
>TOI-5415: 84.1641480 14.9145160 12.281 1.810 1.727 7497.0 4.16 nan
 TOI-5415.01: 2.966 17.814 nan 0.0487 2.98582 2459544.736928 2203.9 0
>TOI-5416: 103.0101160 25.2013000 10.876 0.520 0.518 3799.0 4.72 nan
 TOI-5416.01: 3.738 10.989 nan 0.0869 13.00869 2460239.554771 448.1 0
>TOI-5417: 90.0846910 26.3532340 11.771 1.180 1.190 6219.5 4.37 nan
 TOI-5417.01: 2.880 14.678 nan 0.0419 2.86754 2459549.214251 1591.6 0
>TOI-5419: 103.1020090 33.6488060 12.503 1.410 1.319 6498.4 4.26 nan
 TOI-5419.01: 2.439 15.217 nan 0.0611 4.80022 2459544.759850 1505.3 0
>TOI-542: 96.0662320 -28.1347000 13.500 0.943 0.980 5084.0 4.48 nan
 TOI-542.01: 1.267 11.556 nan 0.0269 1.63183 2458469.057251 1451.5 0
>TOI-5420: 100.4246320 21.0566920 12.192 1.430 1.326 6507.7 4.25 nan
 TOI-5420.01: 3.601 10.040 nan 0.0715 6.06144 2459549.135055 1403.4 0
>TOI-5421: 97.6211690 19.8617890 11.180 2.640 1.841 7787.0 3.86 nan
 TOI-5421.01: 3.016 19.137 nan 0.0840 6.55529 2459541.720815 2105.1 0
>TOI-5423: 108.0760910 20.7519330 11.173 0.760 0.820 4964.8 4.59 nan
 TOI-5423.01: 2.217 4.276 nan 0.0586 5.71884 2460234.246630 862.2 0
 TOI-5423.02: 2.210 3.717 nan 0.0414 3.39280 2460235.223316 1025.8 0
>TOI-5425: 90.4317570 22.2456860 11.597 1.070 1.290 6439.0 4.49 nan
 TOI-5425.01: 0.604 7.910 nan 0.0126 0.45538 2459550.242065 2861.3 0
>TOI-5426: 81.6496050 31.6330520 9.906 1.150 1.269 6353.1 4.42 nan
 TOI-5426.01: 2.427 5.062 nan 0.0685 5.80951 2459913.277313 1255.2 0
>TOI-5427: 83.9683750 12.9259470 10.680 1.270 1.121 6042.1 4.28 nan
 TOI-5427.01: 3.741 14.221 nan 0.0613 5.23742 2459548.748875 1326.2 0
>TOI-5428: 87.2044090 28.6713370 11.273 2.160 nan 8415.0 nan nan
 TOI-5428.01: 1.664 12.573 nan nan 3.03432 2460236.041030 nan 0
>TOI-5430: 97.0051720 22.8986030 12.408 1.420 1.467 6797.0 4.30 nan
 TOI-5430.01: 3.896 15.187 nan 0.0548 3.86355 2459546.303660 1668.4 0
>TOI-5431: 83.1719540 14.9570580 11.665 1.830 1.114 6045.0 3.96 nan
 TOI-5431.01: 3.135 16.309 nan 0.0576 4.78878 2459541.977239 1643.0 0
>TOI-5432: 98.5951050 24.2355550 10.428 1.480 0.983 5612.0 4.09 nan
 TOI-5432.01: 2.694 11.419 nan 0.0400 2.95255 2459546.030839 1646.1 0
>TOI-5433: 85.6249400 28.5498450 12.845 0.710 0.667 3981.0 4.56 nan
 TOI-5433.01: 2.604 12.170 nan 0.0441 4.14599 2459544.293745 770.3 0
>TOI-5435: 92.9981450 13.7591230 11.674 1.740 2.472 9649.0 4.35 nan
 TOI-5435.01: 1.596 7.562 nan 0.0310 1.26993 2460234.949733 3485.9 0
>TOI-5436: 103.1000780 12.5316710 12.095 1.090 0.948 5447.3 4.34 nan
 TOI-5436.01: 2.283 16.075 nan 0.1004 11.92855 2459545.797843 865.5 0
>TOI-5437: 81.6423090 21.5991650 11.990 1.760 1.030 5708.0 3.96 nan
 TOI-5437.01: 3.801 18.306 nan 0.0449 3.42015 2459544.097774 1723.3 0
>TOI-5438: 104.4563480 25.5153500 10.535 1.510 nan 5860.5 nan nan
 TOI-5438.01: 1.837 7.504 nan nan 2.58425 2459549.679322 nan 0
>TOI-5439: 88.0056360 13.2043190 12.456 2.000 1.795 7648.8 4.09 nan
 TOI-5439.01: 4.053 18.554 nan 0.0703 5.07757 2459547.015426 1967.3 0
>TOI-5441: 88.5984600 15.0656040 12.318 1.450 1.395 6642.2 4.26 nan
 TOI-5441.01: 0.941 11.473 nan 0.0441 2.86330 2460236.091612 1836.6 0
>TOI-5442: 143.4353970 6.7413680 11.128 1.250 1.163 6145.0 4.31 nan
 TOI-5442.01: 1.746 16.371 nan 0.1121 12.70917 2459541.585225 989.5 0
>TOI-5443: 92.8736090 34.9770820 11.848 1.530 1.518 6960.9 4.25 nan
 TOI-5443.01: 2.248 7.626 nan 0.0317 1.67577 2459548.509059 2331.9 0
>TOI-5444: 104.3958560 25.4989130 11.398 1.300 1.348 6545.7 4.34 nan
 TOI-5444.01: 1.642 11.812 nan 0.1022 10.27803 2459543.136534 1125.7 0
>TOI-5445: 107.4257270 22.7415330 11.145 2.030 1.371 6540.2 3.96 nan
 TOI-5445.01: 1.226 18.777 nan 0.0748 6.37802 2459539.887666 1642.9 0
>TOI-5446: 97.0965480 25.8347030 11.938 1.534 1.359 6544.0 4.20 nan
 TOI-5446.01: 3.257 13.044 nan 0.0591 4.49773 2460234.491504 1607.7 0
>TOI-5448: 169.9956040 8.3502620 10.945 0.850 0.935 5366.0 4.55 nan
 TOI-5448.01: 2.215 6.779 nan 0.0417 3.21403 2459547.931745 1168.2 0
>TOI-5449: 89.0619050 21.3320320 12.268 1.770 1.169 6171.0 4.01 nan
 TOI-5449.01: 3.709 12.590 nan 0.0384 2.54445 2460234.363267 2020.3 0
>TOI-5451: 108.0477680 30.1043330 11.571 1.100 0.965 5534.6 4.34 nan
 TOI-5451.01: 1.388 12.303 nan 0.0274 1.68224 2459606.277449 1691.0 0
>TOI-5452: 107.9072360 28.9239410 11.724 1.826 1.216 6273.8 4.00 nan
 TOI-5452.01: 1.591 16.133 nan 0.0208 0.99079 2460234.666189 2834.5 0
>TOI-5453: 104.9875720 19.6155000 12.228 1.139 1.135 6086.0 4.38 nan
 TOI-5453.01: 3.686 10.135 nan 0.0842 8.37624 2460241.065450 1079.4 0
>TOI-5454: 107.4298390 15.5962340 12.114 2.070 1.009 5623.0 3.81 nan
 TOI-5454.01: 4.948 13.360 nan 0.0471 3.71962 2459547.086573 1797.5 0
>TOI-5455: 84.8521140 28.6269100 11.920 1.670 1.065 5903.0 4.02 nan
 TOI-5455.01: 4.580 12.005 nan 0.0526 4.26778 2459545.639101 1603.9 0
>TOI-5457: 100.6153490 19.7351750 10.904 1.660 1.356 6580.3 4.13 nan
 TOI-5457.01: 2.086 6.314 nan 0.0251 1.24530 2460234.435805 2580.5 0
>TOI-5458: 104.9268750 30.5423900 9.590 1.009 1.023 5762.0 4.44 nan
 TOI-5458.01: 2.233 10.173 nan 0.1551 22.06330 2459940.781377 708.7 0
>TOI-5459: 78.9322780 34.0922930 11.639 1.950 1.236 6338.0 3.95 nan
 TOI-5459.01: 1.516 14.838 nan 0.0418 2.80786 2459912.805476 2087.4 0
>TOI-5460: 106.3889500 15.6704470 11.983 2.070 1.213 6265.0 3.89 nan
 TOI-5460.01: 4.909 12.239 nan 0.0712 6.29879 2459547.690911 1628.9 0
>TOI-5461: 88.7881210 18.3356970 10.821 2.010 1.118 6034.1 3.88 nan
 TOI-5461.01: 2.516 11.837 nan 0.0775 7.46032 2459535.991914 1481.8 0
>TOI-5462: 91.0987780 29.0732740 9.975 1.210 1.223 6280.9 4.36 nan
 TOI-5462.01: 1.856 4.648 nan 0.0487 3.55337 2459547.439961 1509.7 0
>TOI-5463: 83.2143490 19.9524430 12.061 1.609 1.462 6810.0 4.19 nan
 TOI-5463.01: 1.486 10.032 nan 0.0237 1.10080 2460234.836257 2705.7 0
>TOI-5464: 158.7753100 19.1183790 12.735 0.530 0.525 3572.0 4.71 nan
 TOI-5464.01: 1.232 9.922 nan 0.0174 1.16069 2459635.559804 950.6 0
>TOI-5465: 107.1994870 24.2559190 11.829 1.221 1.012 5717.9 4.27 nan
 TOI-5465.01: 2.064 18.509 nan 0.0528 4.39835 2460237.819448 1325.9 0
>TOI-5466: 92.3191210 20.2737450 11.957 1.410 1.414 6709.0 4.29 nan
 TOI-5466.01: 2.483 17.314 nan 0.0437 2.80661 2459548.180924 1837.6 0
>TOI-5467: 94.3937120 28.4452510 10.947 1.630 1.248 6328.7 4.11 nan
 TOI-5467.01: 2.125 10.486 nan 0.0404 2.65700 2459545.353155 1938.4 0
>TOI-5468: 98.3200400 34.0729090 11.300 1.220 1.243 6283.0 4.36 nan
 TOI-5468.01: 2.470 12.237 nan 0.1598 20.92337 2460245.609282 837.1 0
>TOI-5469: 81.9331120 16.7643210 11.109 1.770 1.770 7618.0 4.19 nan
 TOI-5469.01: 3.269 11.996 nan 0.2251 29.33120 2459548.558907 1030.1 0
>TOI-5470: 91.1623830 31.7364400 11.509 1.290 1.130 6067.0 4.27 nan
 TOI-5470.01: 1.286 8.431 nan 0.0261 1.45049 2459550.285455 2056.8 0
>TOI-5471: 97.6206540 19.7948690 12.336 1.780 1.267 6329.0 4.04 nan
 TOI-5471.01: 2.300 15.229 nan 0.0611 4.90172 2459543.544673 1647.2 0
>TOI-5472: 87.5402810 24.7747080 11.746 1.100 1.059 5845.0 4.38 nan
 TOI-5472.01: 1.947 12.780 nan 0.0345 2.27038 2460235.013961 1591.5 0
>TOI-5473: 92.5648770 24.6148270 11.577 2.040 1.867 7872.0 4.09 nan
 TOI-5473.01: 4.003 16.097 nan 0.0928 7.55540 2459550.383201 1779.8 0
>TOI-5474: 92.5113440 32.9436480 10.385 2.450 1.048 5874.0 3.68 nan
 TOI-5474.01: 8.470 11.547 nan 0.0824 8.43323 2459546.599600 1544.5 0
>TOI-5475: 89.1372370 25.6839530 11.307 1.430 1.357 6553.2 4.26 nan
 TOI-5475.01: 1.543 11.536 nan 0.1009 10.05320 2459540.386039 1189.6 0
>TOI-5476: 100.3429050 27.9614410 12.110 1.010 1.001 5732.6 4.43 nan
 TOI-5476.01: 3.595 10.465 nan 0.0929 10.34138 2459545.688864 911.5 0
>TOI-5477: 84.9799510 14.3030230 11.550 0.820 0.976 5508.0 4.60 nan
 TOI-5477.01: 2.217 8.375 nan 0.0633 5.89365 2459544.877302 955.9 0
>TOI-5478: 114.7419580 29.4287610 11.019 1.750 0.995 5656.0 3.95 nan
 TOI-5478.01: 5.728 14.638 nan 0.0801 8.30267 2459592.058475 1274.8 0
>TOI-5479: 171.3968080 12.7668230 11.383 1.520 1.037 5799.3 4.09 nan
 TOI-5479.01: 4.204 11.917 nan 0.1212 15.13068 2459570.004911 990.3 0
>TOI-5481: 121.1768040 13.4138410 12.550 1.320 1.130 6032.1 4.25 nan
 TOI-5481.01: 3.427 9.604 nan 0.0508 3.93158 2459577.936935 1482.7 0
>TOI-5482: 172.5928070 16.7524160 12.008 1.180 1.061 5825.0 4.32 nan
 TOI-5482.01: 2.176 9.697 nan 0.0798 7.99233 2459573.446379 1080.1 0
>TOI-5483: 142.5867920 12.7063900 11.286 1.590 1.059 5900.3 4.06 nan
 TOI-5483.01: 2.343 16.647 nan 0.0483 3.77029 2459574.246156 1632.4 0
>TOI-5484: 124.0170800 8.8232410 10.541 1.490 1.440 6655.8 4.25 nan
 TOI-5484.01: 1.411 8.577 nan 0.0239 1.12825 2459577.988902 2534.1 0
>TOI-5487: 126.3578330 25.2076200 11.842 1.560 1.019 5706.0 4.06 nan
 TOI-5487.01: 4.060 9.187 nan 0.0549 4.65493 2460234.705916 1466.7 0
>TOI-5488: 164.2372850 1.9363620 12.293 1.030 1.090 5907.0 4.45 nan
 TOI-5488.01: 1.619 12.048 nan 0.0437 3.19105 2459578.318799 1382.9 0
>TOI-5490: 109.1927690 18.1218250 11.465 1.670 1.017 5706.5 4.00 nan
 TOI-5490.01: 3.596 11.508 nan 0.0364 2.51930 2459578.060946 1863.8 0
>TOI-5491: 113.5957880 17.2942730 10.078 0.770 0.785 4825.0 4.56 nan
 TOI-5491.01: 2.161 2.873 nan 0.0530 5.02804 2459572.370099 886.8 0
>TOI-5492: 155.0094210 9.3006490 12.163 1.060 1.103 6004.0 4.43 nan
 TOI-5492.01: 2.773 11.326 nan 0.0413 2.92385 2459576.043810 1466.7 0
>TOI-5493: 128.6401760 9.0353810 9.925 1.038 1.168 6151.0 4.47 nan
 TOI-5493.01: 5.590 5.171 nan 0.1736 24.43832 2459235.609176 725.3 0
 TOI-5493.02: 4.163 2.396 nan 0.0918 9.40437 2459230.464130 997.4 0
 TOI-5493.03: 4.604 2.257 nan 0.1229 14.56433 2459238.318898 862.0 0
>TOI-5494: 110.6627960 16.8657560 10.613 0.960 0.926 5386.0 4.44 nan
 TOI-5494.01: 2.043 4.929 nan 0.0310 2.07603 2460234.952036 1445.3 0
>TOI-5495: 179.5946190 11.7317000 9.680 1.040 1.014 5729.1 4.41 nan
 TOI-5495.01: 4.278 2.916 nan 0.0892 9.65691 2459559.909482 943.3 0
>TOI-5497: 137.0259140 5.9239600 11.509 1.750 1.169 6147.0 4.02 nan
 TOI-5497.01: 3.454 17.146 nan 0.1033 11.21204 2459559.919615 1220.0 0
>TOI-5498: 149.3665820 5.1710060 11.286 0.830 0.794 4880.9 4.50 nan
 TOI-5498.01: 3.347 9.066 nan 0.1254 18.20506 2459554.026541 605.5 0
>TOI-5499: 119.7385130 22.7905660 11.509 0.830 0.813 5019.0 4.51 nan
 TOI-5499.01: 2.038 11.302 nan 0.0520 4.80384 2459571.791808 966.9 0
>TOI-5500: 116.0034120 20.2088630 12.088 0.890 1.002 5625.1 4.54 nan
 TOI-5500.01: 1.019 19.778 nan 0.0285 1.75307 2459575.934108 1515.8 0
>TOI-5501: 113.3534910 26.6808720 11.407 1.350 1.103 5985.0 4.22 nan
 TOI-5501.01: 5.257 8.651 nan 0.1690 24.16680 2459571.771281 815.7 0
>TOI-5504: 114.6212910 26.9094950 9.964 1.200 1.149 6062.1 4.34 nan
 TOI-5504.01: 3.989 4.488 nan 0.1147 13.24143 2459563.048371 945.5 0
>TOI-5505: 160.8660360 3.9587000 11.452 0.790 0.885 5190.5 4.59 nan
 TOI-5505.01: 2.120 10.190 nan 0.0936 11.10642 2459573.870053 727.1 0
>TOI-5506: 181.3399630 -12.2634510 12.311 1.230 1.101 5986.0 4.30 nan
 TOI-5506.01: 6.924 19.398 nan 0.1468 19.58629 2459556.878421 835.5 0
>TOI-5507: 148.6016700 6.6462460 8.567 0.357 0.344 3514.0 4.87 nan
 TOI-5507.01: 0.863 0.974 nan 0.0180 1.50682 2459526.218674 754.6 0
>TOI-5508: 142.6493740 11.6272050 12.571 1.530 1.100 5949.3 4.11 nan
 TOI-5508.01: 3.493 14.491 nan 0.0437 3.18165 2459577.584368 1697.5 0
>TOI-5509: 139.1820240 14.5924010 11.611 1.080 0.997 5638.4 4.37 nan
 TOI-5509.01: 2.955 9.128 nan 0.0629 5.76561 2459572.855698 1126.6 0
>TOI-5510: 112.4778130 26.0191840 10.788 1.760 1.455 6786.0 4.11 nan
 TOI-5510.01: 5.045 17.067 nan 0.0711 5.73803 2459574.244787 1628.1 0
>TOI-5511: 141.9971530 4.2131920 10.690 0.510 0.498 3628.0 4.72 nan
 TOI-5511.01: 1.205 5.774 nan 0.0436 4.71747 2459575.042484 598.3 0
>TOI-5512: 182.4909240 5.6317490 11.446 1.020 0.953 5429.0 4.40 nan
 TOI-5512.01: 1.873 10.682 nan 0.0530 4.55892 2459573.138543 1148.5 0
>TOI-5514: 156.6734910 13.0186430 12.239 0.940 0.929 5332.0 4.46 nan
 TOI-5514.01: 2.217 12.804 nan 0.0277 1.74599 2459575.660235 1497.8 0
>TOI-5516: 155.8382030 13.4722710 11.278 2.020 1.129 6077.0 3.88 nan
 TOI-5516.01: 2.864 12.341 nan 0.0545 4.37766 2459574.484627 1784.0 0
>TOI-5517: 148.6172740 24.3028310 12.320 1.550 1.006 5737.0 4.06 nan
 TOI-5517.01: 4.382 13.586 nan 0.0541 4.58673 2459578.586941 1480.8 0
>TOI-5518: 124.1527990 16.3926120 10.287 1.120 nan 6948.0 nan nan
 TOI-5518.01: 3.524 11.294 nan nan 4.47000 2459572.280265 nan 0
>TOI-5519: 167.7277360 -3.2428160 9.431 0.365 0.352 3443.0 4.86 nan
 TOI-5519.01: 1.842 1.356 nan 0.0449 5.85126 2459284.396693 473.4 0
>TOI-5521: 176.4814420 11.3708300 8.162 1.350 1.275 6379.0 4.28 nan
 TOI-5521.01: 1.337 6.562 nan 0.1485 18.51466 2460279.249516 927.4 0
>TOI-5525: 57.8751850 9.7278610 9.332 0.418 0.412 3288.0 4.81 nan
 TOI-5525.01: 0.961 1.382 nan 0.0286 2.75216 2458440.199907 606.1 0
>TOI-5526: 183.0236590 -12.6844090 9.364 0.753 0.773 4788.0 4.57 nan
 TOI-5526.01: 3.178 2.571 nan 0.0881 10.86473 2459283.877264 675.0 0
>TOI-5527: 62.8531080 10.2772080 8.942 0.926 1.060 5862.0 4.53 nan
 TOI-5527.01: 7.418 2.545 nan 0.9838 346.16148 2459176.647091 274.2 0
>TOI-553: 73.2612860 -45.5404050 8.950 0.879 1.049 5465.0 4.57 nan
 TOI-553.02: 3.241 2.290 nan 0.1038 11.92348 2458419.367318 766.9 0
 TOI-553.03: 4.440 2.710 nan 0.2360 40.89051 2458416.404536 508.6 0
>TOI-5530: 6.4893510 -5.6976460 9.410 0.525 0.523 3888.0 4.72 nan
 TOI-5530.01: 0.953 1.118 nan 0.0096 0.47744 2458382.170928 1386.4 0
>TOI-5531: 148.4721660 19.5943770 7.665 1.103 1.040 5788.4 4.37 nan
 TOI-5531.01: 3.073 1.754 nan 0.0543 4.53523 2458873.596672 1258.0 0
>TOI-5532: 41.3804040 5.1507330 9.527 0.662 0.108 4208.4 4.60 nan
 TOI-5532.02: 1.693 1.725 nan 0.0301 2.39298 2458412.532109 951.7 0
>TOI-5533: 102.4877220 14.9747610 10.240 1.798 1.603 7173.0 4.13 nan
 TOI-5533.01: 1.790 3.828 nan 0.0315 1.60990 2459202.200910 2613.2 0
>TOI-5536: 67.3241620 26.1635780 9.169 3.220 1.373 6555.0 3.56 nan
 TOI-5536.01: 2.391 6.178 nan 0.0467 3.14797 2460228.201463 2624.7 0
>TOI-5537: 67.1167070 21.5684900 9.106 2.770 1.031 5772.0 3.57 nan
 TOI-5537.01: 12.435 8.902 nan 0.1566 22.28976 2459519.631378 1170.6 0
>TOI-5541: 80.7297740 -53.7657980 11.371 0.940 1.043 5805.0 4.51 nan
 TOI-5541.01: 3.199 5.611 nan 0.0860 9.01824 2459327.819795 925.4 0
>TOI-5543: 66.1421720 23.2707820 9.370 0.853 0.845 5058.0 4.50 nan
 TOI-5543.01: 2.231 3.836 nan 0.0430 3.54245 2459474.857475 1086.3 0
>TOI-5546: 71.4759000 24.1137840 10.974 2.290 1.500 6887.6 3.89 nan
 TOI-5546.01: 1.818 18.823 nan 0.1029 9.84793 2459478.724995 1566.8 0
>TOI-5548: 143.9196960 16.0974710 8.821 1.082 0.978 5551.2 4.36 nan
 TOI-5548.01: 3.343 2.661 nan 0.1382 18.96900 2459536.496887 749.0 0
>TOI-5549: 80.8597000 23.1335280 9.682 1.306 0.807 4921.0 4.11 nan
 TOI-5549.01: 2.776 3.782 nan 0.0694 7.43239 2459475.124498 1029.4 0
>TOI-5550: 128.9267890 20.3734890 8.695 1.130 1.067 5923.8 4.36 nan
 TOI-5550.01: 3.293 2.223 nan 0.1159 13.95596 2460259.180414 891.9 0
>TOI-5551: 87.1256180 18.1795280 10.325 0.553 0.548 3768.0 4.69 nan
 TOI-5551.01: 1.609 2.005 nan 0.0287 2.40541 2459474.721410 797.6 0
>TOI-5552: 82.3849510 33.2468860 10.848 0.883 1.000 5639.5 4.55 nan
 TOI-5552.01: 4.480 9.420 nan 0.1832 28.65034 2459483.003266 597.0 0
>TOI-5553: 43.0021470 15.0556650 9.233 0.814 0.759 4732.7 4.50 nan
 TOI-5553.01: 1.928 1.551 nan 0.0260 1.76172 2459448.894570 1276.9 0
>TOI-5554: 104.7438700 28.7157680 7.898 0.627 0.609 3997.0 4.63 nan
 TOI-5554.01: 3.783 2.685 nan 0.1482 26.69428 2459515.171610 396.4 0
>TOI-5560: 132.6525020 19.0913110 9.786 1.883 1.460 6781.6 4.05 nan
 TOI-5560.01: 2.362 9.884 nan 1.7544 702.46923 2459568.299107 338.8 0
>TOI-5563: 146.8108950 24.5418060 9.771 0.933 1.035 5776.0 4.51 nan
 TOI-5563.01: 6.112 8.262 nan nan nan 2459534.266195 nan 0
>TOI-5564: 80.9472170 35.4175490 10.575 0.890 1.025 5722.0 4.55 nan
 TOI-5564.01: 6.902 10.862 nan 1.6434 760.05300 2459600.588807 203.1 0
 TOI-5564.02: 5.137 8.818 nan 0.2515 45.49649 2459487.941282 519.0 0
>TOI-5565: 131.2270110 45.4661920 11.894 1.360 0.975 5542.4 4.16 nan
 TOI-5565.01: 3.835 14.625 nan 0.0427 3.26019 2459600.941150 1508.3 0
>TOI-5566: 123.3551060 62.2875710 12.056 1.320 1.055 5830.0 4.22 nan
 TOI-5566.01: 5.489 9.709 nan 0.1189 14.58150 2459603.327711 936.7 0
>TOI-5567: 135.1394150 49.4514960 12.008 0.810 0.910 5260.6 4.58 nan
 TOI-5567.01: 3.245 10.048 nan 0.1082 13.62636 2459585.367829 694.1 0
>TOI-5568: 154.3029430 75.3333440 12.107 1.050 0.964 5496.0 4.38 nan
 TOI-5568.01: 1.602 10.106 nan 0.1241 16.26010 2459603.278361 770.9 0
>TOI-5569: 298.8370920 58.5228780 12.463 1.370 1.246 6312.0 4.26 nan
 TOI-5569.01: 1.678 23.270 nan 0.0648 5.40213 2459604.042729 1399.5 0
>TOI-557: 59.0178130 -10.2720080 9.611 0.574 0.616 3883.0 4.71 nan
 TOI-557.01: 1.341 2.254 nan 0.0373 3.34490 2458439.549649 734.5 0
>TOI-5570: 100.1726920 76.7322440 12.047 0.880 0.853 5120.0 4.48 nan
 TOI-5570.01: 4.295 9.490 nan 0.1508 23.16783 2459567.884238 596.4 0
>TOI-5571: 106.9904140 60.0116100 10.394 1.100 1.215 6250.4 4.44 nan
 TOI-5571.01: 3.410 11.778 nan 1.6955 731.47785 2458854.228883 242.8 0
>TOI-5572: 105.0780490 37.1989010 8.863 0.720 0.719 4571.0 4.58 nan
 TOI-5572.01: 2.168 2.360 nan 0.0570 5.85868 2459960.725859 783.4 0
>TOI-5575: 241.2485390 85.2047240 11.436 0.240 0.210 3176.0 5.00 nan
 TOI-5575.01: 2.347 9.481 nan 0.1174 32.07362 2459747.659440 219.0 0
>TOI-5577: 105.3083370 41.1296910 10.429 1.670 1.470 6813.5 4.16 nan
 TOI-5577.01: 0.274 8.240 nan 0.0112 0.35856 2459606.670240 4011.9 0
>TOI-5578: 189.2656510 75.9204400 10.568 0.690 0.675 4340.0 4.59 nan
 TOI-5578.01: 2.936 3.308 nan 0.0972 13.46599 2459583.650040 557.6 0
>TOI-5579: 105.8216730 52.5167300 11.422 0.430 0.425 3595.0 4.80 nan
 TOI-5579.01: 1.965 7.824 nan 0.1080 19.86284 2459583.260949 345.9 0
>TOI-5580: 112.2625750 42.0319100 11.219 1.290 1.007 5647.0 4.22 nan
 TOI-5580.01: 3.379 5.676 nan 0.0595 5.27826 2459603.122108 1267.9 0
>TOI-5581: 118.0654110 70.1655690 10.473 0.794 0.817 4947.0 4.55 nan
 TOI-5581.01: 3.944 9.847 nan 0.1902 33.53869 2459390.959117 487.4 0
>TOI-5582: 110.6396650 30.4183540 10.510 1.910 1.242 6297.2 3.97 nan
 TOI-5582.01: 4.541 5.043 nan 0.0574 4.51125 2459604.334385 1751.6 0
>TOI-5583: 107.6313730 74.4857440 12.017 0.690 0.645 3619.0 4.57 nan
 TOI-5583.01: 1.548 11.135 nan 0.0357 3.06501 2459601.814247 767.2 0
>TOI-5584: 135.3245120 47.4523510 8.858 0.750 0.649 4092.4 4.50 nan
 TOI-5584.01: 3.400 3.015 nan 0.1191 18.63008 2459580.448333 495.2 0
>TOI-5585: 129.4833550 37.7353150 12.134 1.140 1.305 6457.2 4.44 nan
 TOI-5585.01: 1.444 8.058 nan 0.0322 1.84345 2459606.464477 1852.7 0
>TOI-5586: 244.0230570 86.3686440 12.205 0.980 0.987 5607.0 4.45 nan
 TOI-5586.01: 3.224 6.823 nan 0.0838 8.91658 2459594.081803 924.6 0
>TOI-5587: 117.7328870 46.3065680 12.128 1.570 1.009 5632.0 4.05 nan
 TOI-5587.01: 3.891 14.180 nan 0.0472 3.73498 2459605.449939 1566.3 0
>TOI-5588: 120.5947950 83.1984190 11.448 1.570 1.009 5733.0 4.05 nan
 TOI-5588.01: 1.876 16.541 nan 0.0844 8.91094 2459918.835052 1192.3 0
>TOI-5589: 108.6065010 56.7001430 10.286 1.890 nan 5707.5 nan nan
 TOI-5589.01: 5.158 12.070 nan nan 5.68951 2459595.836324 nan 0
>TOI-5590: 110.6896770 37.6675110 10.181 0.780 0.670 4216.7 4.48 nan
 TOI-5590.01: 1.146 2.694 nan 0.0201 1.27499 2459606.061518 1266.6 0
>TOI-5591: 123.0270930 42.2287140 11.072 1.050 0.964 5465.0 4.38 nan
 TOI-5591.01: 6.599 4.594 nan 0.1062 12.86653 2459599.966864 828.6 0
>TOI-5593: 128.5522300 39.2709720 12.513 1.510 1.349 6549.4 4.21 nan
 TOI-5593.01: 5.952 10.491 nan 0.0615 4.79746 2459599.997854 1564.9 0
>TOI-5594: 118.4179870 54.1242120 11.805 1.320 1.079 5899.0 4.23 nan
 TOI-5594.01: 3.781 9.802 nan 0.0883 9.22719 2459589.072503 1099.8 0
>TOI-5596: 106.3365630 42.8479090 12.288 2.170 1.161 6164.3 3.83 nan
 TOI-5596.01: 0.689 15.343 nan 0.0105 0.36430 2459606.549481 4273.2 0
>TOI-5597: 144.4412280 34.8494120 12.669 1.110 1.238 6337.0 4.44 nan
 TOI-5597.01: 2.359 22.538 nan 0.0331 1.97844 2459634.509247 1769.6 0
>TOI-5598: 257.3156360 80.4160800 12.449 0.530 0.525 3584.0 4.71 nan
 TOI-5598.01: 1.878 6.680 nan 0.0538 6.29487 2459900.651734 542.4 0
>TOI-5600: 155.1513610 63.2905910 11.844 0.800 0.828 5047.0 4.55 nan
 TOI-5600.01: 2.784 12.466 nan 0.0893 10.71736 2459630.693169 728.4 0
>TOI-5601: 239.5072310 66.0371820 11.740 0.770 0.716 4541.0 4.52 nan
 TOI-5601.01: 2.636 3.892 nan 0.0786 9.51977 2459834.266444 685.4 0
>TOI-5602: 144.6582790 33.6910830 12.616 1.210 1.142 6054.4 4.33 nan
 TOI-5602.01: 1.964 13.664 nan 0.0636 5.48534 2459628.710083 1273.4 0
>TOI-5603: 184.1754710 57.6427010 11.013 2.120 1.428 6711.9 3.94 nan
 TOI-5603.01: 0.793 6.063 nan 0.0152 0.57362 2459635.463547 3822.3 0
>TOI-5604: 306.3915390 63.5911050 10.342 1.470 1.278 6413.0 4.21 nan
 TOI-5604.01: 4.364 6.892 nan 0.1062 11.18015 2459840.574967 1150.5 0
>TOI-5606: 156.8939290 22.4262350 11.806 0.750 0.745 4660.0 4.56 nan
 TOI-5606.01: 0.358 9.842 nan 0.0204 1.23695 2459635.464877 1362.5 0
>TOI-5607: 270.8460780 63.2150700 12.281 1.330 1.046 5859.0 4.21 nan
 TOI-5607.01: 3.090 11.204 nan 0.0438 3.27509 2459825.973413 1556.8 0
>TOI-5608: 278.5722330 66.9227850 11.164 0.800 0.738 4661.0 4.50 nan
 TOI-5608.01: 2.604 3.140 nan 0.0612 6.44243 2459846.423245 812.6 0
>TOI-5609: 144.1877510 36.5272950 12.483 1.160 1.074 5904.0 4.34 nan
 TOI-5609.01: 1.354 13.722 nan 0.0507 4.01925 2459630.970134 1361.8 0
>TOI-5610: 156.0228150 48.2483310 12.781 0.510 0.509 3714.0 4.73 nan
 TOI-5610.01: 1.493 9.874 nan 0.0622 7.94548 2459628.937156 512.8 0
>TOI-5611: 268.6935010 55.0642240 10.615 0.770 0.750 4741.1 4.54 nan
 TOI-5611.01: 3.031 2.390 nan 0.0899 11.36302 2459868.593650 669.1 0
 TOI-5611.02: 4.759 2.736 nan 0.1593 26.71599 2458960.498001 502.6 0
>TOI-5612: 172.4110970 38.9365610 11.675 0.880 0.760 4701.6 4.43 nan
 TOI-5612.01: 2.809 7.985 nan 0.0662 7.13146 2459634.277413 826.6 0
>TOI-5613: 159.6120150 27.0625480 10.748 0.970 0.990 5594.0 4.46 nan
 TOI-5613.01: 2.762 9.131 nan 0.1066 12.78298 2459615.444572 813.7 0
>TOI-5615: 252.9349060 80.1230280 12.161 1.100 1.188 6205.0 4.43 nan
 TOI-5615.01: 3.098 15.222 nan 0.1072 11.76727 2459919.252913 958.5 0
>TOI-5617: 166.9507430 38.1369360 12.069 1.360 1.021 5771.5 4.18 nan
 TOI-5617.01: 2.857 12.052 nan 0.0424 3.15420 2459635.766515 1576.2 0
>TOI-5618: 173.0700580 44.1264240 11.934 1.250 0.968 5497.0 4.23 nan
 TOI-5618.01: 3.310 17.261 nan 0.0448 3.52543 2459630.759188 1400.2 0
>TOI-5619: 185.5045520 55.5595480 9.796 1.380 1.051 5839.5 4.18 nan
 TOI-5619.01: 5.928 7.699 nan 0.2249 37.99845 2459626.901517 697.5 0
>TOI-5620: 159.7086010 27.4155050 10.582 0.910 0.813 4898.9 4.43 nan
 TOI-5620.01: 2.384 12.581 nan 0.0404 3.28566 2459630.841495 1121.1 0
>TOI-5622: 221.5485110 78.9966190 12.100 2.140 0.939 5414.0 3.75 nan
 TOI-5622.01: 4.191 9.624 nan 0.0404 3.05942 2459632.965356 1900.1 0
>TOI-5623: 292.2777500 72.0014390 11.834 1.280 0.904 5286.0 4.18 nan
 TOI-5623.01: 1.167 8.915 nan 0.0450 3.66367 2459827.806024 1359.4 0
>TOI-5625: 197.1429850 42.3408010 8.338 2.400 1.266 6351.0 3.78 nan
 TOI-5625.01: 4.649 10.470 nan 0.0485 3.46452 2459661.055081 2154.3 0
>TOI-5626: 198.2987610 31.6384040 8.807 0.980 1.010 5699.0 4.46 nan
 TOI-5626.01: 2.267 9.734 nan 1.5719 716.21598 2460376.255958 217.0 0
>TOI-5627: 183.1973140 13.2374950 10.579 0.763 0.800 4893.7 4.58 nan
 TOI-5627.01: 2.023 12.442 nan 0.0700 7.55756 2459641.138875 779.1 0
>TOI-5629: 217.5122910 20.9536270 9.268 0.910 0.912 5299.0 4.48 nan
 TOI-5629.01: 1.022 3.935 nan 0.0329 2.28537 2459689.357738 1343.8 0
>TOI-563: 143.2431680 -17.3434740 9.344 0.983 0.934 5383.0 4.42 nan
 TOI-563.01: 3.741 6.566 nan 1.5540 731.93809 2458524.139570 206.4 0
>TOI-5633: 209.7539980 -2.5134360 10.060 1.212 0.990 5600.0 4.27 nan
 TOI-5633.01: 3.810 6.410 nan 0.1304 17.28372 2459673.539325 823.3 0
>TOI-5635: 216.2064670 66.7007490 11.974 0.870 1.074 5954.0 4.59 nan
 TOI-5635.01: 4.741 5.303 nan 0.1716 25.05774 2459645.513474 646.5 0
>TOI-5636: 199.7307860 34.2540770 10.219 0.900 0.934 5405.0 4.50 nan
 TOI-5636.01: 1.958 4.020 nan 0.0504 4.27444 2459658.577043 1101.4 0
>TOI-5637: 193.0194400 47.6571370 10.904 1.430 1.029 5803.0 4.14 nan
 TOI-5637.01: 6.405 5.676 nan 0.1347 17.79165 2459629.323433 911.7 0
>TOI-5638: 210.1857370 53.1231210 10.294 1.160 0.979 5601.2 4.30 nan
 TOI-5638.01: 1.560 2.771 nan 0.0195 1.00347 2459662.847938 2083.2 0
>TOI-5639: 213.0160470 61.3542540 10.906 0.770 0.700 4479.0 4.51 nan
 TOI-5639.01: 3.226 2.799 nan 0.0393 3.39572 2459658.163870 956.0 0
>TOI-5641: 180.9091700 42.5372990 12.199 0.480 0.483 3379.0 4.76 nan
 TOI-5641.01: 1.343 7.666 nan 0.0258 2.18080 2459663.478353 702.8 0
>TOI-5642: 240.6254000 76.5697950 12.060 1.640 1.179 6181.0 4.08 nan
 TOI-5642.01: 1.469 11.589 nan 0.0977 10.26823 2459752.672435 1221.1 0
>TOI-5643: 186.0782500 44.2315680 11.292 0.990 1.055 5834.7 4.47 nan
 TOI-5643.01: 2.631 9.377 nan 0.1323 17.11011 2459644.889804 769.6 0
>TOI-5644: 210.1192380 55.3155900 10.609 0.870 0.893 5035.9 4.51 nan
 TOI-5644.01: 1.257 7.349 nan 0.0666 6.64029 2459660.036393 877.7 0
>TOI-5645: 177.2125100 35.5475080 11.385 1.210 1.017 5620.5 4.28 nan
 TOI-5645.01: 2.936 7.128 nan 0.0539 4.53624 2459659.856199 1284.1 0
>TOI-5646: 198.4471390 5.7021320 9.989 1.930 1.104 5999.3 3.91 nan
 TOI-5646.01: 3.158 6.069 nan 0.0365 2.42772 2459687.382078 2103.6 0
>TOI-5647: 225.5446410 31.9673490 11.229 1.060 1.078 5935.2 4.42 nan
 TOI-5647.01: 1.445 10.700 nan 0.0507 4.01343 2459713.269594 1308.6 0
>TOI-5649: 225.0801780 39.4513120 11.349 1.570 1.009 5676.0 4.05 nan
 TOI-5649.01: 2.459 15.123 nan 0.0555 4.75188 2459681.976922 1455.7 0
>TOI-565: 130.5814390 -17.1894240 11.963 1.822 2.226 6231.0 4.26 nan
 TOI-565.01: 3.923 25.327 nan 0.0614 3.72716 2459966.215011 1636.7 0
>TOI-5650: 270.2165450 56.6860060 11.633 1.190 1.183 6145.0 4.36 nan
 TOI-5650.01: 6.989 5.846 nan 0.2184 34.28256 2459853.128755 691.7 0
>TOI-5651: 298.4666940 60.0691710 11.367 1.930 1.079 5887.0 3.90 nan
 TOI-5651.01: 6.883 6.908 nan 0.0974 10.68931 2459860.750256 1263.6 0
>TOI-5652: 268.9877870 57.3057020 12.257 1.590 1.215 6230.0 4.12 nan
 TOI-5652.01: 6.544 8.805 nan 0.1448 18.25988 2459839.287079 995.5 0
>TOI-5653: 278.3898820 57.8605140 11.996 1.070 1.124 6038.0 4.43 nan
 TOI-5653.01: 3.724 4.160 nan 0.0780 7.49929 2459708.153898 1078.4 0
>TOI-5654: 230.9228640 37.4866390 10.368 1.090 0.926 5318.4 4.33 nan
 TOI-5654.01: 1.670 5.491 nan 0.0501 4.25281 2459713.011926 1196.2 0
>TOI-5655: 229.2595720 61.0086010 8.852 0.710 0.667 4248.0 4.56 nan
 TOI-5655.01: 3.980 2.285 nan 0.1619 29.12099 2459663.533882 429.0 0
>TOI-5656: 209.6618410 14.1295800 11.120 0.910 0.871 5149.0 4.46 nan
 TOI-5656.01: 1.626 5.495 nan 0.0410 3.24878 2459685.802056 1169.7 0
>TOI-5657: 258.8370550 76.4689880 11.675 0.650 0.755 4708.0 4.69 nan
 TOI-5657.01: 0.912 6.330 nan 0.0154 0.80375 2459825.659468 1474.9 0
>TOI-5658: 210.7752100 -1.4802840 12.236 0.630 0.603 3507.0 4.62 nan
 TOI-5658.01: 0.946 11.710 nan 0.0227 1.60645 2459689.095962 890.9 0
>TOI-5659: 246.3155110 57.5624130 12.132 1.440 1.044 5845.3 4.14 nan
 TOI-5659.01: 4.405 16.486 nan 0.0672 6.22308 2459911.312652 1304.8 0
>TOI-5660: 221.2487690 18.5091900 11.996 1.150 0.878 5192.0 4.26 nan
 TOI-5660.01: 1.816 11.542 nan 0.0535 4.81835 2459710.421834 1160.8 0
>TOI-5661: 222.3685830 20.6153360 11.687 0.850 0.957 5447.5 4.56 nan
 TOI-5661.01: 2.029 11.996 nan 0.0386 2.83290 2459715.238616 1232.7 0
>TOI-5662: 191.0851710 5.6884980 9.687 0.620 0.598 3687.0 4.63 nan
 TOI-5662.01: 1.402 2.713 nan 0.0288 2.31442 2459689.673073 824.9 0
>TOI-5663: 243.8618300 64.5887310 11.929 0.800 0.828 5013.0 4.55 nan
 TOI-5663.01: 1.646 7.921 nan 0.2328 45.08541 2459870.094224 448.1 0
>TOI-5664: 220.3538100 28.1951400 11.505 1.710 0.950 5436.0 3.95 nan
 TOI-5664.01: 3.906 9.972 nan 0.0476 3.88640 2459687.461371 1571.1 0
>TOI-5665: 250.0004540 53.7913640 12.470 2.030 1.140 6064.0 3.88 nan
 TOI-5665.01: 4.181 13.358 nan 0.0351 2.24651 2459912.436846 2223.8 0
>TOI-5666: 288.2951080 76.1228230 11.947 1.510 0.955 5526.0 4.06 nan
 TOI-5666.01: 2.809 16.445 nan 0.0598 5.46839 2459827.478708 1339.0 0
>TOI-5667: 222.8724120 40.0359550 11.932 0.820 0.812 4951.8 4.52 nan
 TOI-5667.01: 3.250 13.691 nan 0.1323 19.51106 2459675.883062 594.5 0
>TOI-5668: 201.0879890 28.5677070 9.784 1.450 1.011 5686.0 4.12 nan
 TOI-5668.01: 3.941 4.078 nan 0.0509 4.17534 2459685.023774 1463.4 0
>TOI-5669: 243.9349030 48.3232600 11.179 1.830 1.064 5900.0 3.94 nan
 TOI-5669.01: 3.663 12.133 nan 0.0476 3.67665 2459710.833713 1764.0 0
>TOI-5670: 141.8235190 -50.3566550 nan 1.660 nan 6488.0 nan nan
 TOI-5670.01: 9.085 15.394 nan nan 14.61686 2459297.645648 nan 0
>TOI-5671: 211.0092200 38.6183310 12.362 0.410 0.405 3380.0 4.82 nan
 TOI-5671.01: 1.666 11.976 nan 0.0321 3.30798 2459685.753346 582.5 0
>TOI-5677: 216.4343900 -3.0027610 8.646 1.128 1.169 6153.0 4.40 nan
 TOI-5677.01: 1.014 6.820 nan 0.0506 3.84805 2460776.120808 1400.9 0
>TOI-5679: 293.3897530 -45.8916350 10.265 1.610 1.163 6152.0 4.09 nan
 TOI-5679.01: 3.415 18.869 nan 0.0289 1.66223 2459058.716872 2214.2 0
>TOI-5681: 244.7806580 55.9252430 11.387 0.880 0.814 4974.0 4.46 nan
 TOI-5681.01: 1.180 10.633 nan 0.0195 1.10413 2459743.020121 1611.3 0
>TOI-5682: 243.3162780 34.3320490 12.161 1.600 1.149 6098.0 4.09 nan
 TOI-5682.01: 3.966 15.750 nan 0.0437 3.11600 2459716.773324 1779.3 0
>TOI-5683: 231.5083340 44.8246390 12.415 0.640 0.609 3448.0 4.61 nan
 TOI-5683.01: 0.431 17.141 nan 0.0140 0.77484 2459716.685508 1124.2 0
>TOI-5684: 233.6886770 -9.3444440 11.172 0.900 1.001 5644.0 4.53 nan
 TOI-5684.01: 1.561 16.019 nan 0.0209 1.10003 2459716.552601 1785.9 0
>TOI-5686: 247.4609120 37.6945600 10.989 1.280 0.925 5407.5 4.19 nan
 TOI-5686.01: 3.559 15.698 nan 0.0499 4.23661 2459738.845604 1320.6 0
>TOI-5687: 228.9748760 10.4612650 9.861 0.770 0.785 4803.0 4.56 nan
 TOI-5687.01: 1.448 8.566 nan 0.0369 2.92444 2459716.984797 1058.0 0
>TOI-5689: 241.3163820 7.3955930 12.214 0.950 1.041 5794.0 4.50 nan
 TOI-5689.01: 2.101 14.989 nan 0.0442 3.32998 2459713.349680 1295.3 0
>TOI-569: 115.1027790 -42.1546630 8.444 1.470 1.810 6845.0 4.36 nan
 TOI-569.01: 2.314 8.404 nan 0.0835 6.55621 2459270.500253 1384.9 0
>TOI-5690: 253.3373400 44.1095430 11.852 1.790 1.224 6288.9 4.02 nan
 TOI-5690.01: 2.123 15.829 nan 0.1004 10.49955 2459733.445085 1280.5 0
>TOI-5691: 244.8468310 32.1661200 11.576 1.030 nan 5657.3 nan nan
 TOI-5691.01: 2.372 6.161 nan nan 3.38949 2459742.605350 nan 0
>TOI-5692: 232.0463860 -10.5552690 11.031 0.970 0.903 5250.0 4.42 nan
 TOI-5692.01: 1.546 12.433 nan 0.0269 1.69296 2459717.172631 1520.2 0
>TOI-5693: 236.5183830 4.6919830 9.696 nan nan 4305.3 nan nan
 TOI-5693.01: 0.506 nan nan nan 2.89002 2459712.634476 nan 0
>TOI-5694: 216.8309520 -7.5475450 12.141 0.620 0.598 3543.0 4.63 nan
 TOI-5694.01: 0.817 16.932 nan 0.0181 1.15448 2459717.468321 999.9 0
>TOI-5696: 161.1569250 6.3334750 7.934 0.830 0.912 5271.0 4.56 nan
 TOI-5696.01: 5.981 3.166 nan 2.6366 1637.26510 2457925.865418 142.6 0
 TOI-5696.02: 4.419 2.654 nan 0.1930 32.42974 2460250.964538 527.1 0
 TOI-5696.03: 8.091 4.852 nan nan nan 2460284.714061 nan 0
>TOI-5697: 53.9071510 10.8429130 9.633 0.783 0.979 5554.4 4.64 nan
 TOI-5697.01: 2.596 2.501 nan 0.0657 6.21833 2458439.346135 924.6 0
>TOI-5698: 307.5580080 79.6674730 10.405 1.150 1.070 5901.0 4.35 nan
 TOI-5698.01: 0.955 9.256 nan 0.0354 2.34693 2459907.390370 1621.8 0
>TOI-5699: 251.2261570 31.2107700 9.581 1.740 1.079 5901.0 3.99 nan
 TOI-5699.01: 3.480 10.543 nan 0.1577 22.01832 2459704.151933 945.2 0
>TOI-5700: 273.5197100 39.3335820 9.211 0.820 0.932 5329.0 4.58 nan
 TOI-5700.01: 2.261 1.855 nan 0.0281 1.78128 2459742.169976 1388.1 0
>TOI-5701: 252.6910660 40.3174430 9.546 1.060 1.155 6149.4 4.45 nan
 TOI-5701.01: 3.981 2.445 nan 0.1253 15.07649 2460466.662908 862.5 0
>TOI-5703: 29.1984060 65.7702360 9.070 1.010 1.048 5856.0 4.45 nan
 TOI-5703.01: 4.534 2.485 nan 0.0933 10.16946 2460650.613081 929.1 0
>TOI-5705: 227.7857180 55.9347690 8.858 0.980 1.058 5888.0 4.48 nan
 TOI-5705.01: 3.021 2.824 nan 0.0962 10.59986 2460418.025369 906.2 0
>TOI-5706: 226.7352660 57.4956910 9.081 1.055 0.689 4717.0 4.23 nan
 TOI-5706.01: 0.483 3.413 nan 0.0087 0.35766 2459637.749066 2504.8 0
>TOI-5707: 118.7030500 77.2994950 8.657 0.930 0.971 5553.0 4.49 nan
 TOI-5707.01: 1.847 1.602 nan 0.0311 2.03643 2460339.436824 1464.3 0
>TOI-5708: 183.2767660 11.9380910 8.081 0.992 0.970 5521.0 4.43 nan
 TOI-5708.01: 0.763 4.515 nan 0.0375 2.69537 2459552.817321 1369.3 0
>TOI-5709: 164.6489730 14.6236390 8.920 0.496 0.494 3600.0 4.74 nan
 TOI-5709.01: 1.901 1.498 nan 0.0348 3.38102 2458899.969827 655.4 0
>TOI-5710: 150.6026740 34.6580470 9.128 0.798 0.942 5415.0 4.61 nan
 TOI-5710.01: 4.001 2.528 nan 0.1786 28.40646 2458882.469833 551.9 0
>TOI-5711: 265.4551800 72.2173480 9.375 0.661 0.635 3729.0 4.60 nan
 TOI-5711.01: 3.222 2.245 nan 0.1082 16.30367 2458753.183872 444.4 0
>TOI-5712: 174.3231050 11.1673460 9.717 1.174 1.129 6057.0 4.35 nan
 TOI-5712.01: 4.435 3.817 nan 0.0829 8.20773 2459532.009387 1099.1 0
>TOI-5714: 132.0281010 57.4889560 9.253 0.961 0.993 5610.2 4.47 nan
 TOI-5714.01: 2.606 2.854 nan 0.0767 7.77849 2458843.312379 957.6 0
>TOI-5715: 165.7392890 69.9161310 9.386 0.501 0.499 3827.0 4.74 nan
 TOI-5715.01: 1.939 1.266 nan 0.0528 6.28230 2458684.160507 568.5 0
>TOI-5717: 162.5756760 50.7965160 9.768 0.857 0.959 5479.3 4.55 nan
 TOI-5717.01: 4.099 3.234 nan 0.1093 13.47872 2458871.538689 739.8 0
>TOI-5718: 170.2738600 41.5764290 8.776 0.672 0.644 3922.0 4.59 nan
 TOI-5718.01: 4.425 2.649 nan 1.3534 716.84269 2458903.539448 133.3 0
>TOI-5719: 147.0039460 30.1784200 8.902 1.105 1.259 6347.0 4.45 nan
 TOI-5719.01: 7.623 2.566 nan nan nan 2459633.025142 nan 0
>TOI-572: 131.5249240 -13.2028700 11.826 1.174 0.811 6621.0 4.21 nan
 TOI-572.01: 2.896 14.583 nan 0.0322 2.33827 2459229.624094 1927.8 0
>TOI-5721: 156.7497440 30.7005450 9.013 1.007 1.066 5881.4 4.46 nan
 TOI-5721.01: 6.940 3.331 nan 1.6201 729.48235 2458888.709894 223.6 0
>TOI-5722: 233.4798800 64.6474630 11.544 0.795 0.800 4911.0 4.54 nan
 TOI-5722.01: 5.746 6.391 nan 0.2825 61.31911 2459432.534544 397.3 0
>TOI-5723: 289.5088540 80.5318570 11.836 1.150 1.010 5695.0 4.32 nan
 TOI-5723.01: 6.184 12.850 nan 0.6041 170.64651 2459413.809229 378.9 0
>TOI-5724: 245.7799020 50.3441880 6.071 1.375 1.130 6060.5 4.21 nan
 TOI-5724.01: 4.966 3.019 nan 1.6031 697.40377 2458978.277627 270.7 0
>TOI-5725: 153.9291630 28.3551910 9.423 0.623 0.607 3933.0 4.63 nan
 TOI-5725.01: 2.773 2.718 nan 1.3639 746.95454 2458882.106824 128.2 0
>TOI-5727: 274.5662080 58.5629480 9.642 1.450 1.010 5712.0 4.12 nan
 TOI-5727.01: 3.713 3.317 nan 0.0676 6.39287 2459422.895595 1275.7 0
>TOI-5729: 151.2101230 69.1649690 10.689 0.424 0.418 3870.0 4.81 nan
 TOI-5729.01: 2.905 3.888 nan 0.9875 554.49897 2458886.836539 122.3 0
>TOI-573: 142.3469080 -14.5117110 10.226 0.338 0.339 3404.0 4.91 nan
 TOI-573.01: 1.725 19.848 nan 0.0777 13.57734 2458524.632416 342.4 0
>TOI-5730: 175.5654300 24.1924940 8.933 0.464 0.462 3572.0 4.77 nan
 TOI-5730.01: 1.453 1.426 nan 0.0234 1.92712 2458900.387580 767.0 0
>TOI-5731: 260.0988220 52.4334650 9.636 0.767 0.697 4448.2 4.51 nan
 TOI-5731.01: 6.682 4.497 nan 0.7254 270.30382 2459130.335118 220.6 0
>TOI-5732: 265.5565870 53.2039350 9.609 1.420 1.438 6710.0 4.29 nan
 TOI-5732.01: 3.337 11.913 nan 0.3392 60.17028 2460264.245670 662.0 0
>TOI-5733: 184.9661560 55.1657240 9.328 0.832 0.686 4388.9 4.43 nan
 TOI-5733.01: 2.075 2.756 nan 0.0706 8.27520 2458711.604346 726.5 0
>TOI-5735: 147.1250260 77.3897480 9.798 0.211 0.180 3222.0 5.04 nan
 TOI-5735.01: 0.843 0.838 nan 0.0182 2.12082 2458683.544649 529.0 0
>TOI-5737: 278.9033460 77.7355520 10.332 0.618 0.603 3966.0 4.64 nan
 TOI-5737.01: 3.511 2.301 nan 0.1196 19.44809 2458698.868058 434.7 0
>TOI-5738: 243.9065380 61.9269010 10.031 0.570 0.563 3717.0 4.68 nan
 TOI-5738.01: 0.999 1.304 nan 0.0136 0.76812 2458683.640443 1160.4 0
 TOI-5738.02: 1.767 2.855 nan 0.1509 28.54621 2458693.593974 348.4 0
>TOI-5739: 205.1695360 19.1998590 6.323 1.491 1.150 6104.1 4.15 nan
 TOI-5739.01: 5.582 2.050 nan 0.0849 8.43062 2458930.773235 1233.5 0
>TOI-5740: 246.9527450 69.7814910 10.347 0.788 0.718 4552.0 4.50 nan
 TOI-5740.01: 1.336 1.382 nan 0.0249 1.68944 2458684.235662 1234.8 0
>TOI-5741: 269.2075270 39.2233880 8.797 0.800 0.721 4579.0 4.49 nan
 TOI-5741.01: 3.138 2.837 nan 0.1460 24.00041 2459754.333656 516.9 0
>TOI-5743: 267.9043530 24.4274550 9.335 0.870 0.893 5250.0 4.51 nan
 TOI-5743.01: 2.159 8.872 nan 0.0732 7.66037 2460494.575115 872.8 0
>TOI-5744: 147.1282160 73.4493420 8.922 1.540 1.114 6009.0 4.11 nan
 TOI-5744.01: 5.003 2.089 nan 0.0651 5.74888 2459758.400187 1409.3 0
>TOI-5745: 171.5733320 38.2209600 8.465 0.759 0.860 5097.9 4.61 nan
 TOI-5745.01: 4.587 2.216 nan nan nan 2459630.305591 nan 0
>TOI-5748: 7.0844430 73.1077530 11.909 1.670 1.168 6154.0 4.06 nan
 TOI-5748.01: 3.819 14.261 nan 0.0431 3.02690 2459738.329356 1847.2 0
>TOI-5749: 309.9542110 68.7201610 9.682 3.400 1.135 6024.0 3.43 nan
 TOI-5749.01: 7.380 12.630 nan 0.0631 5.43284 2459734.363125 2132.3 0
>TOI-5750: 248.5327210 24.3223720 12.627 0.630 0.603 3952.0 4.62 nan
 TOI-5750.01: 0.952 12.829 nan 0.0254 1.90441 2459741.118344 949.1 0
>TOI-5751: 359.0793910 73.9075960 11.617 1.040 0.904 5219.0 4.36 nan
 TOI-5751.01: 1.453 9.210 nan 0.0274 1.74652 2459742.829034 1550.5 0
>TOI-5752: 250.3844510 23.5782820 12.386 1.020 0.998 5616.2 4.42 nan
 TOI-5752.01: 2.294 15.642 nan 0.0696 6.71137 2459723.423495 1036.7 0
>TOI-5753: 250.5783890 29.7831590 12.179 1.530 1.026 5760.0 4.08 nan
 TOI-5753.01: 2.873 14.258 nan 0.0751 7.42425 2459742.005654 1253.7 0
>TOI-5754: 244.0561480 20.2937930 11.660 1.160 1.099 5999.0 4.35 nan
 TOI-5754.01: 1.683 11.960 nan 0.0479 3.64795 2459736.090495 1423.6 0
>TOI-5755: 327.6864710 70.6464280 11.520 1.120 0.892 5188.0 4.29 nan
 TOI-5755.01: 3.099 10.025 nan 0.0583 5.43973 2459736.246115 1096.5 0
>TOI-5756: 254.1647320 37.7832390 11.730 0.560 0.560 3517.0 4.69 nan
 TOI-5756.01: 0.990 9.439 nan 0.0626 7.64086 2459742.759507 507.2 0
>TOI-5757: 246.6124310 46.4722200 11.464 0.840 0.725 4626.0 4.45 nan
 TOI-5757.01: 2.052 11.618 nan 0.1795 32.61167 2459703.448260 482.6 0
>TOI-5758: 255.9167870 37.1398280 12.333 0.920 0.976 5555.0 4.50 nan
 TOI-5758.01: 2.407 11.710 nan 0.0956 10.92997 2459728.922004 831.0 0
>TOI-5759: 351.7975900 76.3407650 12.039 1.360 1.145 6075.0 4.23 nan
 TOI-5759.01: 1.620 13.680 nan 0.0843 8.35061 2459729.912231 1176.6 0
>TOI-5760: 246.9724730 38.4531890 11.642 1.390 1.042 5739.6 4.17 nan
 TOI-5760.01: 4.458 12.622 nan 0.0789 7.92420 2459739.173528 1161.7 0
>TOI-5761: 47.4172320 75.0475900 10.449 0.770 0.901 5221.0 4.62 nan
 TOI-5761.01: 3.465 5.060 nan 0.1372 19.54221 2459722.313637 596.4 0
>TOI-5762: 258.3221100 25.2494660 11.681 1.130 1.042 5769.6 4.35 nan
 TOI-5762.01: 1.792 11.293 nan 0.0496 3.94607 2459735.332063 1327.9 0
>TOI-5763: 38.7682780 69.2347200 11.797 1.780 1.078 5917.0 3.97 nan
 TOI-5763.01: 4.077 15.537 nan 0.0731 6.95415 2459729.976853 1407.9 0
>TOI-5764: 251.8025770 22.1233970 11.939 1.650 1.339 6503.0 4.13 nan
 TOI-5764.01: 1.594 16.239 nan 0.0638 5.08600 2459739.415504 1594.7 0
>TOI-5765: 6.8445440 70.8056960 10.385 1.570 1.032 5798.0 4.06 nan
 TOI-5765.01: 3.294 9.430 nan 0.0488 3.87797 2459908.635769 1585.8 0
>TOI-5766: 253.9790200 14.9660820 11.761 1.120 0.978 5560.2 4.33 nan
 TOI-5766.01: 1.127 9.613 nan 0.0134 0.57216 2459742.700661 2451.2 0
>TOI-5767: 256.3838600 20.5506850 12.337 1.030 1.018 5690.0 4.42 nan
 TOI-5767.01: 3.229 15.917 nan 0.0497 4.01507 2459741.644195 1249.1 0
>TOI-5768: 278.5531180 23.7676510 11.950 1.620 1.321 6448.0 4.14 nan
 TOI-5768.01: 3.902 12.302 nan 0.0521 3.77493 2459766.375076 1733.8 0
>TOI-577: 133.2589160 -22.1981430 11.450 1.500 1.139 7341.0 4.14 nan
 TOI-577.01: 2.862 22.334 nan 0.0456 3.32975 2459277.162004 2030.3 0
>TOI-5770: 274.6546780 30.9238690 11.933 0.880 1.099 5986.6 4.59 nan
 TOI-5770.01: 1.604 12.177 nan 0.0259 1.45292 2459766.399806 1682.7 0
>TOI-5771: 63.8234210 86.1196250 11.798 1.800 1.053 5839.0 3.95 nan
 TOI-5771.01: 2.945 11.200 nan 0.0707 6.68672 2459758.243282 1420.7 0
>TOI-5772: 261.1724850 26.0504550 12.324 1.210 0.972 5568.0 4.26 nan
 TOI-5772.01: 1.310 13.523 nan 0.0447 3.50233 2459764.635726 1396.9 0
>TOI-5773: 81.7823140 75.7892240 11.230 1.740 0.940 5390.0 3.93 nan
 TOI-5773.01: 3.422 12.670 nan 0.0375 2.74045 2459767.616300 1770.4 0
>TOI-5774: 259.9790630 31.5148180 12.169 0.950 1.017 5662.6 4.49 nan
 TOI-5774.01: 2.932 14.728 nan 0.0606 5.40497 2459764.180646 1081.1 0
>TOI-5775: 56.2401060 77.4646030 12.651 0.410 0.405 3550.0 4.82 nan
 TOI-5775.01: 3.969 7.182 nan 0.0262 2.43695 2459765.105281 677.2 0
>TOI-5776: 264.1748400 20.2190830 11.228 1.760 1.079 5900.0 3.98 nan
 TOI-5776.01: 4.130 13.467 nan 0.0521 4.18163 2459765.925587 1653.6 0
>TOI-5778: 325.7374660 83.3117250 11.937 0.600 0.586 3769.0 4.65 nan
 TOI-5778.01: 1.866 9.075 nan 0.0547 6.09622 2459762.212892 601.9 0
>TOI-5779: 128.6191300 70.0481170 12.232 1.830 1.140 6080.0 3.97 nan
 TOI-5779.01: 4.588 11.653 nan 0.0965 10.25158 2459754.990877 1276.7 0
>TOI-5780: 260.9698500 19.9211870 12.170 1.130 0.908 5306.0 4.29 nan
 TOI-5780.01: 1.413 16.620 nan 0.0728 7.53590 2459758.226742 1008.0 0
>TOI-5781: 38.1160510 80.7463910 10.291 3.050 nan 4942.0 nan nan
 TOI-5781.01: 7.477 10.235 nan nan 5.38265 2459765.779081 nan 0
>TOI-5782: 269.9519860 27.8299720 9.626 1.830 0.993 5641.8 3.91 nan
 TOI-5782.01: 5.027 4.816 nan 0.0571 5.00486 2459766.339783 1540.1 0
>TOI-5783: 289.7557620 9.4784140 7.994 0.930 0.953 5483.0 4.48 nan
 TOI-5783.01: 2.437 2.770 nan 0.0596 5.44596 2459793.278295 1044.4 0
>TOI-5785: 305.5680710 16.6143060 9.532 nan nan nan nan nan
 TOI-5785.01: 2.701 nan nan nan 3.07832 2459819.460241 nan 0
>TOI-579: 104.1212540 -50.1579110 8.135 4.940 nan 4959.7 nan nan
 TOI-579.01: 1.567 14.065 nan nan 1.68431 2460012.883867 nan 0
>TOI-5790: 291.8472790 -15.3120770 7.975 3.490 1.505 6898.0 3.53 nan
 TOI-5790.01: 1.747 22.180 nan 0.0379 2.19815 2459793.865917 3191.9 0
>TOI-5792: 295.6978510 3.5666780 9.396 1.110 1.029 5726.0 4.36 nan
 TOI-5792.01: 0.810 7.013 nan 0.0156 0.70360 2459795.466098 2329.1 0
>TOI-580: 123.1082740 -46.1091400 9.332 1.580 2.946 11159.0 4.51 nan
 TOI-580.01: 2.729 13.388 nan 0.0376 1.54984 2460012.427542 3488.1 0
>TOI-5805: 302.4086100 34.5727180 8.669 1.490 1.473 6809.0 4.26 nan
 TOI-5805.01: 5.523 5.304 nan 0.1672 20.56768 2460511.215717 980.1 0
>TOI-5807: 308.5672240 43.3606900 6.295 1.650 1.469 6815.9 4.17 nan
 TOI-5807.01: 4.046 2.121 nan 0.1307 14.24237 2460540.263170 1167.8 0
>TOI-5808: 315.6089210 10.6104660 7.932 0.940 1.019 5707.0 4.50 nan
 TOI-5808.01: 2.859 2.373 nan 0.0732 7.17017 2460558.651872 986.2 0
>TOI-5809: 314.5490770 40.1922640 7.339 0.880 nan 4115.1 nan nan
 TOI-5809.01: 2.341 2.628 nan nan 9.21032 2460541.532262 nan 0
>TOI-5810: 324.5989840 23.1189910 9.445 1.870 1.163 6142.0 3.96 nan
 TOI-5810.01: 6.105 15.129 nan 0.0656 5.68571 2460548.226894 1581.3 0
>TOI-5812: 327.5700110 4.1945730 9.406 1.220 1.011 5660.0 4.27 nan
 TOI-5812.01: 5.519 11.220 nan 0.0921 10.14662 2460549.461351 993.3 0
 TOI-5812.02: 5.935 8.790 nan nan nan 2460536.083418 nan 0
>TOI-5813: 302.8851180 31.6376720 8.752 1.010 0.978 5615.0 4.42 nan
 TOI-5813.01: 3.862 2.998 nan 0.1751 27.05255 2460519.238639 650.3 0
>TOI-5814: 304.9733280 33.0099100 9.065 0.830 0.832 4986.0 4.52 nan
 TOI-5814.01: 2.466 2.738 nan 0.0625 6.25439 2460360.849074 876.2 0
>TOI-5816: 307.2157080 42.2240140 10.829 1.470 2.257 8991.0 4.46 nan
 TOI-5816.01: 7.501 12.831 nan 0.1918 20.42829 2459842.062383 1200.3 0
>TOI-5819: 326.4529990 23.5604850 9.702 1.032 0.955 5463.0 4.39 nan
 TOI-5819.01: 1.934 2.852 nan 0.0437 3.42001 2459797.705428 1280.2 0
>TOI-5825: 324.6971650 -0.0464550 9.147 1.210 1.152 6115.7 4.33 nan
 TOI-5825.01: 4.325 3.697 nan 0.0935 9.73483 2460541.913603 1060.9 0
>TOI-5826: 298.1814170 -14.3569860 11.063 1.960 1.724 7456.0 4.09 nan
 TOI-5826.01: 3.191 17.265 nan 0.0468 2.81402 2459788.107629 2326.7 0
>TOI-5827: 291.9082340 23.2738230 11.332 1.760 1.054 5821.0 3.97 nan
 TOI-5827.01: 3.885 15.794 nan 0.0586 5.04930 2459788.904875 1538.3 0
>TOI-5828: 293.1938810 25.0864990 10.966 0.830 0.912 5313.0 4.56 nan
 TOI-5828.01: 2.400 4.468 nan 0.0214 1.19518 2459796.072414 1595.5 0
>TOI-5829: 304.7068010 23.3143110 9.887 2.290 nan 5015.0 nan nan
 TOI-5829.01: 2.178 9.284 nan nan 1.35024 2459793.849156 nan 0
>TOI-583: 118.4763780 -39.9929990 9.174 1.720 2.838 10902.0 4.42 nan
 TOI-583.01: 1.028 11.199 nan 0.0971 6.56042 2460002.878449 2212.6 0
>TOI-5831: 285.9408690 -0.4278220 9.872 1.550 1.266 6360.0 4.16 nan
 TOI-5831.01: 2.510 12.268 nan 0.0514 3.78468 2459786.127171 1684.1 0
>TOI-5832: 300.9970030 21.2165070 11.767 1.280 1.248 6301.0 4.32 nan
 TOI-5832.01: 3.504 13.719 nan 0.0627 5.13575 2459795.478353 1372.8 0
>TOI-5833: 293.9210210 3.8477940 11.891 1.060 0.983 5549.0 4.38 nan
 TOI-5833.01: 2.433 13.699 nan 0.0375 2.67218 2459793.449820 1422.6 0
>TOI-5834: 294.3444700 6.6802850 10.543 0.780 0.702 4485.0 4.50 nan
 TOI-5834.01: 1.790 12.310 nan 0.0403 3.52420 2459792.712699 951.5 0
>TOI-5835: 280.8589070 21.8697760 11.638 0.980 0.821 4977.0 4.37 nan
 TOI-5835.01: 3.007 13.418 nan 0.0633 6.42261 2459795.463879 944.3 0
>TOI-5836: 289.4495960 19.1480450 12.070 0.410 0.405 3330.0 4.82 nan
 TOI-5836.01: 1.773 11.665 nan 0.0601 8.44988 2459786.404289 419.4 0
>TOI-5837: 287.0991140 17.1134220 11.226 1.460 1.740 7564.0 4.35 nan
 TOI-5837.01: 3.346 13.181 nan 0.0486 2.96651 2459795.483480 1999.1 0
>TOI-5838: 284.8406200 9.1301690 11.132 0.750 0.711 4458.0 4.54 nan
 TOI-5838.01: 1.614 13.027 nan 0.0410 3.59830 2459791.742675 919.4 0
>TOI-5840: 280.3083950 31.5408110 12.674 1.490 1.375 6600.0 4.23 nan
 TOI-5840.01: 3.949 16.206 nan 0.0549 4.00649 2459793.910188 1658.0 0
>TOI-5841: 285.2464680 22.4989400 10.736 1.800 1.006 5678.0 3.93 nan
 TOI-5841.01: 4.028 10.562 nan 0.0511 4.20255 2459795.704556 1625.0 0
>TOI-5842: 276.0853810 34.5523920 11.510 1.030 1.066 5821.0 4.44 nan
 TOI-5842.01: 1.927 5.923 nan 0.0398 2.80919 2459791.805537 1427.9 0
>TOI-5843: 276.6157100 30.3936170 12.120 1.210 0.994 5581.0 4.27 nan
 TOI-5843.01: 3.223 12.687 nan 0.0508 4.19787 2459795.126527 1313.4 0
>TOI-5844: 276.3593020 47.1691640 11.028 1.360 1.021 5737.0 4.18 nan
 TOI-5844.01: 2.120 6.406 nan 0.0656 6.06716 2459791.961303 1259.6 0
>TOI-5845: 298.1017170 16.6683940 11.076 3.300 2.233 8944.0 3.75 nan
 TOI-5845.01: 2.094 18.193 nan 0.0394 1.90811 2459794.325106 3947.1 0
>TOI-5846: 271.3080880 41.8080150 11.911 1.400 1.107 6044.0 4.19 nan
 TOI-5846.01: 1.098 15.217 nan 0.0973 10.53535 2459794.162274 1105.5 0
>TOI-5847: 295.8505080 3.0314560 10.565 1.230 nan 6014.0 nan nan
 TOI-5847.01: 4.469 6.336 nan nan 2.56420 2459795.998964 nan 0
>TOI-5848: 300.7378150 -0.0468190 12.333 1.740 1.104 5964.0 4.00 nan
 TOI-5848.01: 2.993 19.299 nan 0.0266 1.51011 2459795.467392 2326.0 0
>TOI-5849: 303.5634980 -10.4979850 10.223 1.140 1.037 5771.0 4.34 nan
 TOI-5849.01: 1.722 13.050 nan 0.0499 3.99643 2459781.133754 1330.1 0
>TOI-585: 134.3730080 -39.7784230 8.205 1.660 1.959 6118.1 4.29 nan
 TOI-585.01: 4.835 19.610 nan 0.0767 5.54725 2460009.617078 1372.5 0
>TOI-5851: 292.6810770 12.3930710 11.551 0.990 1.007 5697.0 4.45 nan
 TOI-5851.01: 2.372 11.579 nan 0.0535 4.50494 2459790.948702 1181.7 0
>TOI-5852: 306.5281420 1.7759490 11.617 0.670 0.682 4348.0 4.62 nan
 TOI-5852.01: 2.056 13.077 nan 0.0434 3.99568 2459788.337798 823.8 0
>TOI-5853: 286.2346940 18.1136150 10.740 0.980 1.034 5806.0 4.47 nan
 TOI-5853.01: 2.306 12.803 nan 0.0475 3.72199 2459793.844498 1271.7 0
>TOI-5854: 280.0485860 20.2363420 11.093 1.200 0.813 4910.0 4.19 nan
 TOI-5854.01: 2.449 14.348 nan 0.0494 4.44991 2459795.758929 1166.9 0
>TOI-5856: 290.2368280 -7.8302160 10.038 1.350 1.053 5808.0 4.20 nan
 TOI-5856.01: 1.588 4.448 nan 0.0134 0.54989 2459795.607863 2811.1 0
>TOI-5857: 274.5647670 42.4602870 12.312 1.120 0.934 5449.0 4.31 nan
 TOI-5857.01: 1.406 11.328 nan 0.0434 3.41505 2459790.127873 1334.8 0
>TOI-5858: 299.7985910 23.0550570 11.113 0.940 0.908 5287.0 4.45 nan
 TOI-5858.01: 3.030 11.017 nan 0.0703 7.14765 2459778.065425 932.2 0
>TOI-5859: 285.3617050 29.0215360 11.002 0.630 0.617 3769.0 4.63 nan
 TOI-5859.01: 1.837 6.363 nan 0.0375 3.37875 2459794.556309 744.9 0
>TOI-5860: 304.9230860 11.0528480 10.960 1.270 1.095 5988.0 4.27 nan
 TOI-5860.01: 1.666 12.941 nan 0.0609 5.24989 2459795.355448 1318.6 0
>TOI-5861: 297.9801260 24.0382410 11.473 1.050 1.058 5862.0 4.42 nan
 TOI-5861.01: 4.769 17.144 nan 0.1175 14.30335 2459771.875591 845.0 0
>TOI-5863: 300.6768400 0.2285800 11.171 0.870 0.796 4829.0 4.46 nan
 TOI-5863.01: 1.846 13.918 nan 0.0365 2.84926 2459788.352176 1136.9 0
>TOI-5864: 296.4838050 38.3529330 12.002 1.190 1.079 5961.0 4.32 nan
 TOI-5864.01: 4.548 11.824 nan 0.0959 10.44536 2459818.412119 1012.6 0
>TOI-5865: 311.2213730 6.6412160 10.458 1.750 1.117 6044.0 4.00 nan
 TOI-5865.01: 2.372 10.084 nan 0.0717 6.63142 2459815.836665 1439.8 0
>TOI-5868: 313.4195240 34.3516230 10.642 2.410 1.500 6875.8 3.85 nan
 TOI-5868.01: 2.885 14.025 nan 0.0432 2.67757 2459817.287670 2476.4 0
>TOI-5869: 307.0991120 18.2424310 12.388 1.950 1.208 6236.0 3.94 nan
 TOI-5869.01: 4.127 19.470 nan 0.0470 3.38797 2459818.896920 1936.9 0
>TOI-5870: 324.5994100 11.0068980 9.999 1.480 1.266 6336.8 4.20 nan
 TOI-5870.01: 3.516 10.865 nan nan nan 2459817.799423 nan 0
>TOI-5871: 320.8503910 39.8130370 11.846 1.100 1.244 6339.0 4.45 nan
 TOI-5871.01: 2.275 18.370 nan 0.0256 1.34364 2459822.281701 2003.7 0
>TOI-5872: 320.1343580 46.8170740 11.337 1.140 1.111 6032.0 4.37 nan
 TOI-5872.01: 2.062 6.017 nan 0.0347 2.24251 2459820.867127 1667.2 0
>TOI-5873: 324.9862220 1.2933680 11.851 0.500 0.501 3621.0 4.74 nan
 TOI-5873.01: 0.368 12.212 nan 0.0086 0.41311 2459823.922122 1331.4 0
>TOI-5874: 320.1545700 1.8040350 11.202 1.120 0.978 5512.0 4.33 nan
 TOI-5874.01: 1.253 10.395 nan 0.0365 2.57845 2459820.144262 1472.3 0
>TOI-5875: 321.3738810 20.0591650 11.837 0.960 0.884 5248.0 4.42 nan
 TOI-5875.01: 3.314 8.263 nan 0.0565 5.21658 2459821.117967 1043.1 0
>TOI-5877: 299.5294310 27.3269110 10.996 2.470 2.174 8722.0 3.99 nan
 TOI-5877.01: 4.536 15.257 nan 0.0920 6.91000 2459820.307042 2179.2 0
>TOI-5878: 313.9312720 29.8185410 11.530 0.850 0.893 5213.0 4.53 nan
 TOI-5878.01: 2.861 14.795 nan 0.0429 3.43631 2459820.871737 1118.9 0
>TOI-5879: 328.3517810 21.4141610 11.891 0.480 0.483 3355.0 4.76 nan
 TOI-5879.01: 1.348 9.631 nan 0.0389 4.03314 2459848.100684 568.3 0
>TOI-588: 104.7498600 -47.0233660 7.278 1.820 2.704 10416.0 4.35 nan
 TOI-588.01: 6.186 16.350 nan 0.3161 39.47187 2459981.725943 1205.2 0
>TOI-5880: 296.4685700 36.1503850 12.414 1.420 1.220 6244.0 4.22 nan
 TOI-5880.01: 3.289 15.069 nan 0.0446 3.11625 2459819.765194 1698.9 0
>TOI-5881: 296.6069160 36.9527580 11.507 2.460 1.158 6148.0 3.72 nan
 TOI-5881.01: 4.079 14.776 nan 0.0352 2.23774 2459821.497839 2478.4 0
>TOI-5883: 315.8797490 18.6965230 11.715 1.720 1.239 6285.0 4.06 nan
 TOI-5883.01: 0.685 14.256 nan 0.0136 0.52230 2459823.643140 3408.3 0
>TOI-5884: 320.4505320 23.9264510 9.673 2.290 1.293 6390.0 3.83 nan
 TOI-5884.01: 3.283 15.275 nan 0.0691 5.83110 2459822.296850 1773.8 0
>TOI-5885: 302.9995610 55.4350280 11.504 2.370 1.152 6132.0 3.75 nan
 TOI-5885.01: 3.196 14.085 nan 0.0578 4.72644 2459820.312506 1893.4 0
>TOI-5888: 298.2144770 42.5032600 11.603 1.440 1.044 5796.0 4.14 nan
 TOI-5888.01: 4.331 9.877 nan 0.1221 15.25017 2459796.460281 959.8 0
>TOI-5889: 311.2115600 8.8493530 11.042 0.720 0.656 4224.0 4.54 nan
 TOI-5889.01: 1.988 12.464 nan 0.0305 2.40132 2459823.071657 989.6 0
>TOI-5890: 313.9033170 46.7584790 11.977 1.180 1.569 7142.0 4.49 nan
 TOI-5890.01: 3.337 11.339 nan 0.0743 5.90297 2459823.019730 1372.5 0
>TOI-5891: 304.4501920 30.6873510 10.530 2.400 1.237 6283.0 3.77 nan
 TOI-5891.01: 4.307 15.761 nan 0.0545 4.17848 2459823.631848 2010.5 0
>TOI-5893: 317.9264680 8.9806730 10.532 1.150 1.080 5887.0 4.35 nan
 TOI-5893.01: 5.718 10.624 nan nan nan 2459817.171119 nan 0
>TOI-5894: 312.7808430 12.8063180 12.131 1.220 1.011 5704.0 4.27 nan
 TOI-5894.01: 3.094 12.776 nan 0.0409 3.00767 2459815.862759 1502.2 0
>TOI-5895: 309.5950650 21.0218920 11.030 1.400 0.987 5628.0 4.14 nan
 TOI-5895.01: 1.691 11.095 nan 0.0462 3.64910 2459817.305132 1493.9 0
>TOI-5896: 306.5093300 36.2152790 12.448 0.580 0.574 3662.0 4.67 nan
 TOI-5896.01: 2.633 6.861 nan 0.0162 0.99658 2459823.401763 1056.6 0
>TOI-5897: 306.8400010 14.6189240 11.644 0.940 0.929 5364.0 4.46 nan
 TOI-5897.01: 3.234 11.484 nan 0.0695 6.93491 2459813.353902 951.2 0
>TOI-5898: 296.6416070 55.0166070 11.319 1.920 0.930 5369.0 3.84 nan
 TOI-5898.01: 3.894 10.068 nan 0.0874 9.78847 2459823.601388 1213.4 0
>TOI-5900: 312.3167020 22.0442300 12.320 2.220 1.083 5960.0 3.78 nan
 TOI-5900.01: 2.984 18.816 nan 0.0367 2.46675 2459820.275438 2235.2 0
>TOI-5902: 310.5119810 40.3025720 11.433 1.670 1.539 7035.0 4.18 nan
 TOI-5902.01: 4.084 13.638 nan 0.0646 4.82926 2459823.039452 1724.8 0
>TOI-5903: 320.5523660 13.1297320 11.402 1.530 1.075 5869.0 4.10 nan
 TOI-5903.01: 1.597 11.779 nan 0.0366 2.47074 2459819.281287 1829.8 0
>TOI-5904: 316.6867350 3.1855660 12.405 1.570 1.106 5975.7 4.09 nan
 TOI-5904.01: 3.223 13.594 nan 0.0643 5.65674 2459820.780325 1423.9 0
>TOI-5905: 311.4662880 13.8406210 11.350 0.840 0.814 4881.0 4.50 nan
 TOI-5905.01: 2.369 11.380 nan 0.0382 3.02335 2459821.999767 1103.7 0
>TOI-5906: 313.4895960 42.7435270 10.226 1.125 1.033 5809.0 4.35 nan
 TOI-5906.01: 3.313 16.778 nan 0.1915 30.11813 2459801.150591 678.9 0
>TOI-5907: 315.2198920 17.1164160 11.413 1.080 1.020 5766.0 4.38 nan
 TOI-5907.01: 0.796 8.315 nan 0.0149 0.65832 2459823.850460 2367.2 0
>TOI-5909: 314.5928270 10.4048550 11.713 1.960 1.220 6269.0 3.94 nan
 TOI-5909.01: 3.344 12.961 nan 0.0593 4.77294 2459819.178070 1737.9 0
>TOI-5911: 311.2185610 42.8932550 11.458 1.350 1.238 6304.5 4.27 nan
 TOI-5911.01: 4.015 12.161 nan 0.0530 4.00982 2459821.653139 1534.3 0
>TOI-5912: 326.6043790 25.1130220 11.017 2.310 0.998 5612.0 3.71 nan
 TOI-5912.01: 5.483 14.213 nan 0.0709 6.90383 2459840.917097 1544.7 0
>TOI-5913: 314.8657550 20.0999130 10.944 1.920 1.344 6509.0 4.00 nan
 TOI-5913.01: 6.614 19.458 nan 0.1013 10.15223 2459819.818160 1366.4 0
>TOI-5914: 321.8972220 -8.3524450 10.943 1.130 0.973 5561.0 4.32 nan
 TOI-5914.01: 3.243 8.922 nan 0.0520 4.38873 2459816.804217 1250.0 0
>TOI-5917: 300.8063730 25.1674670 11.737 1.310 1.278 6345.0 4.31 nan
 TOI-5917.01: 3.537 9.544 nan 0.0539 4.03879 2459816.841312 1508.4 0
>TOI-5918: 307.1222270 14.5638910 11.873 1.050 1.033 5771.0 4.41 nan
 TOI-5918.01: 2.032 11.699 nan 0.0318 2.03533 2459821.637072 1599.1 0
>TOI-5919: 317.1577100 37.7497900 10.963 2.130 0.952 5393.0 3.76 nan
 TOI-5919.01: 2.943 13.213 nan 0.0515 4.36862 2459815.454832 1672.4 0
>TOI-5921: 312.9871230 19.5664410 12.134 2.220 1.187 6152.0 3.82 nan
 TOI-5921.01: 4.514 15.366 nan 0.0607 5.01142 2459819.637190 1794.0 0
>TOI-5922: 319.5307660 -4.4473420 11.900 1.790 0.886 5204.1 3.88 nan
 TOI-5922.01: 3.795 16.782 nan 0.0565 5.20799 2459820.922318 1412.5 0
>TOI-5923: 320.1856030 16.6547950 11.866 1.400 1.133 6059.0 4.20 nan
 TOI-5923.01: 3.596 13.419 nan 0.0516 4.02526 2459817.155209 1521.9 0
>TOI-5925: 313.7649920 12.0825560 11.403 1.140 1.247 6352.0 4.42 nan
 TOI-5925.01: 2.218 11.938 nan 0.0708 6.16063 2459814.456840 1229.1 0
>TOI-5927: 316.1416630 34.3445200 11.400 1.560 1.313 6503.0 4.17 nan
 TOI-5927.01: 3.657 12.626 nan 0.0515 3.73070 2459817.035918 1725.9 0
>TOI-5928: 315.1794830 17.1793570 11.849 1.320 1.239 6277.0 4.29 nan
 TOI-5928.01: 3.478 12.500 nan 0.0461 3.24656 2459818.598577 1619.7 0
>TOI-5929: 302.6373990 30.5491640 11.973 1.790 1.405 6662.0 4.08 nan
 TOI-5929.01: 3.148 15.659 nan 0.0607 4.60800 2459816.456562 1744.5 0
>TOI-5930: 304.0539520 16.4506190 10.197 1.940 1.223 6289.0 3.95 nan
 TOI-5930.01: 4.539 11.963 nan 0.0510 3.79844 2459817.983009 1870.4 0
>TOI-5931: 317.4735060 -7.4151450 11.390 1.240 1.020 5763.0 4.26 nan
 TOI-5931.01: 2.896 9.626 nan 0.0517 4.24478 2459823.708370 1361.0 0
>TOI-5932: 328.1659180 2.8574380 12.165 1.670 1.251 6323.0 4.09 nan
 TOI-5932.01: 1.826 18.292 nan 0.0448 3.10030 2459823.994855 1861.6 0
>TOI-5933: 309.3107400 53.2772200 11.798 0.750 0.762 4743.0 4.57 nan
 TOI-5933.01: 1.245 8.791 nan 0.0563 5.59013 2459823.723571 834.8 0
>TOI-5934: 319.7802930 -4.7413580 12.047 1.590 1.188 6190.0 4.11 nan
 TOI-5934.01: 1.463 20.097 nan 0.0387 2.55051 2459823.256866 1913.2 0
>TOI-5935: 305.7958330 48.4195510 11.425 1.230 0.981 5585.0 4.25 nan
 TOI-5935.01: 1.597 13.064 nan 0.0406 3.02004 2459819.923024 1482.3 0
>TOI-5936: 314.2403170 3.9970170 11.610 0.960 0.844 5080.0 4.40 nan
 TOI-5936.01: 0.473 9.067 nan 0.0097 0.37814 2459823.973097 2437.0 0
>TOI-5937: 287.5425610 42.6674530 12.229 1.060 0.939 5403.0 4.36 nan
 TOI-5937.01: 3.007 13.623 nan 0.1462 21.06853 2459797.533570 701.5 0
>TOI-5939: 294.5988410 51.6519400 12.289 2.080 1.143 6078.0 3.86 nan
 TOI-5939.01: 6.110 12.519 nan 0.0685 6.13049 2459823.906049 1615.0 0
>TOI-594: 123.7335120 -31.6083100 9.998 nan nan nan nan nan
 TOI-594.01: 4.581 nan nan nan 13.94926 2459237.954551 nan 0
>TOI-5941: 308.5811320 53.0088140 10.435 0.690 0.758 4738.0 4.64 nan
 TOI-5941.01: 4.091 2.972 nan 0.0887 11.07719 2459803.434951 637.2 0
>TOI-5943: 308.5980810 37.7172720 12.154 1.330 1.201 6237.4 4.27 nan
 TOI-5943.01: 6.116 11.263 nan 0.1309 15.78660 2459799.923269 958.7 0
>TOI-5944: 303.7409100 17.1038750 12.201 0.970 1.085 5933.0 4.50 nan
 TOI-5944.01: 2.479 11.945 nan 0.0660 5.94041 2459821.949437 1096.8 0
>TOI-5945: 289.6829980 42.6116610 12.184 1.380 1.153 6117.0 4.22 nan
 TOI-5945.01: 3.422 9.007 nan 0.0462 3.38250 2459820.522750 1612.1 0
>TOI-5946: 311.8059660 47.3239590 11.173 2.950 1.451 6742.0 3.66 nan
 TOI-5946.01: 6.944 12.520 nan 0.0711 5.75488 2459843.678568 2094.1 0
>TOI-5947: 336.6946070 18.5834310 7.505 0.870 0.957 5451.0 4.54 nan
 TOI-5947.01: 1.937 2.159 nan 0.0701 6.93416 2459842.878692 926.0 0
>TOI-5948: 337.6959180 8.6401460 9.269 2.100 1.220 6294.0 3.88 nan
 TOI-5948.01: 0.867 12.366 nan 0.0830 7.90589 2459848.707937 1526.6 0
>TOI-5949: 321.7212280 53.6398160 7.719 0.780 0.824 4996.0 4.57 nan
 TOI-5949.01: 1.712 1.409 nan 0.0280 1.88260 2460421.082231 1271.5 0
 TOI-5949.02: 1.851 0.975 nan 0.0413 3.37514 2460605.807735 1047.0 0
>TOI-5950: 332.4692560 19.9380630 9.506 nan nan nan nan nan
 TOI-5950.01: 2.879 nan nan nan 6.43893 2460549.777192 nan 0
>TOI-5951: 344.1754270 43.8873390 8.183 1.590 1.428 6689.0 4.19 nan
 TOI-5951.01: 1.777 3.280 nan 0.0476 3.17283 2459852.571596 1864.2 0
>TOI-5952: 326.8314270 34.8509440 8.323 2.180 0.975 5513.0 3.75 nan
 TOI-5952.01: 4.283 17.512 nan 0.2481 45.71385 2460581.969735 788.0 0
>TOI-5953: 333.0264870 26.4744650 8.524 2.120 nan 5242.0 nan nan
 TOI-5953.01: 6.072 5.731 nan nan 7.49246 2460581.473006 nan 0
>TOI-5955: 355.4678330 14.1068030 8.274 0.591 0.581 3844.0 4.66 nan
 TOI-5955.01: 1.045 1.680 nan 0.0115 0.59024 2459825.845336 1328.8 0
>TOI-5956: 283.3172670 59.8176570 13.144 0.486 0.484 3207.0 4.75 nan
 TOI-5956.01: 0.984 10.608 nan 0.0146 0.92923 2459853.831730 892.2 0
>TOI-5957: 326.4779150 39.6545570 11.936 1.280 1.443 6756.3 4.38 nan
 TOI-5957.01: 3.491 12.583 nan 0.0485 3.25202 2459849.767048 1673.7 0
>TOI-5958: 345.6374500 24.2495700 8.565 0.964 1.046 5816.0 4.49 nan
 TOI-5958.01: 1.510 2.065 nan 0.0347 2.30621 2459825.785407 1478.2 0
>TOI-5961: 349.2160440 5.6958870 7.034 0.702 0.600 3900.7 4.52 nan
 TOI-5961.01: 1.281 1.313 nan 0.0227 1.61749 2459447.785905 1046.0 0
>TOI-5964: 339.4742370 44.9652280 11.495 1.140 1.035 5771.0 4.34 nan
 TOI-5964.01: 3.247 14.462 nan 0.0497 3.98165 2459853.689253 1332.8 0
>TOI-5965: 324.7517840 62.9442600 10.295 1.755 1.023 5729.0 3.96 nan
 TOI-5965.01: 4.839 7.640 nan 0.0515 4.22547 2459828.070265 1612.7 0
>TOI-5967: 338.5743470 33.8234660 9.132 0.990 1.023 5758.0 4.46 nan
 TOI-5967.01: 3.901 3.325 nan 0.1218 15.34358 2460563.656882 791.6 0
>TOI-5968: 349.2675160 31.3539890 8.599 1.060 1.091 5940.0 4.43 nan
 TOI-5968.01: 4.495 1.908 nan 1.6686 753.82233 2460583.854715 228.3 0
 TOI-5968.02: 3.487 2.475 nan 0.0885 9.21524 2460570.605360 991.3 0
>TOI-5971: 322.7545400 30.0034480 10.150 1.752 1.345 6528.1 4.08 nan
 TOI-5971.01: 4.258 17.009 nan 0.0544 3.99140 2459828.685263 1786.4 0
>TOI-5973: 342.5599710 43.6599870 11.492 1.230 1.201 6238.0 4.34 nan
 TOI-5973.01: 2.506 6.799 nan 0.0448 3.16437 2459878.635235 1576.1 0
>TOI-5974: 349.7659510 7.9156010 8.558 0.372 0.359 3487.0 4.85 nan
 TOI-5974.01: 0.905 1.213 nan 0.0200 1.72669 2459447.904188 725.2 0
>TOI-5975: 275.3393080 69.3707070 9.926 1.544 1.335 6508.0 4.19 nan
 TOI-5975.01: 15.328 8.447 nan 1.1167 373.03816 2459408.627517 369.0 0
>TOI-5977: 298.5425740 26.8789360 11.991 0.589 0.579 3180.0 4.66 nan
 TOI-5977.01: 0.867 8.494 nan 0.0093 0.43171 2459419.989270 1220.3 0
>TOI-5978: 314.4094420 22.1926470 8.596 0.977 0.998 5632.0 4.46 nan
 TOI-5978.01: 1.247 1.310 nan 0.0160 0.73948 2458711.885411 2122.2 0
>TOI-5981: 283.9677670 39.0622380 9.653 0.540 0.536 3721.0 4.70 nan
 TOI-5981.01: 2.656 2.395 nan 0.0582 7.01425 2459423.517172 546.5 0
>TOI-5983: 276.0533140 66.9355590 10.404 0.400 0.391 3406.0 4.83 nan
 TOI-5983.01: 0.989 1.376 nan 0.0146 1.02719 2458683.819904 859.7 0
>TOI-5985: 238.1535540 66.8732960 9.267 0.775 0.785 4837.0 4.55 nan
 TOI-5985.01: 2.170 1.536 nan 0.0325 2.41577 2458684.123357 1139.0 0
>TOI-5987: 260.9794520 57.4693090 10.392 0.622 0.605 3943.0 4.63 nan
 TOI-5987.01: 4.816 2.488 nan 0.2208 48.71308 2458769.981797 319.1 0
>TOI-5989: 126.1022460 79.5596440 10.235 1.080 1.178 6173.0 4.44 nan
 TOI-5989.01: 3.881 3.524 nan 0.0747 6.86697 2459395.360784 1131.8 0
>TOI-5990: 238.9152330 40.1370340 8.397 1.000 10.799 5626.0 5.47 nan
 TOI-5990.01: 6.219 2.220 nan 3.4135 700.96226 2458976.923578 146.8 0
>TOI-5991: 230.2058170 67.1674780 7.911 1.242 1.100 5983.0 4.29 nan
 TOI-5991.01: 3.380 1.628 nan 0.0746 7.08932 2458689.479623 1177.2 0
>TOI-5996: 296.1066710 58.3756080 10.052 1.925 2.260 8953.0 4.22 nan
 TOI-5996.01: 7.361 12.672 nan 0.5862 109.05029 2459467.902664 782.3 0
>TOI-5997: 263.1525780 33.5705560 7.677 0.705 0.740 4674.0 4.61 nan
 TOI-5997.01: 1.782 1.587 nan 0.0562 5.65502 2458985.158761 798.3 0
>TOI-5998: 292.5765140 18.3949280 9.589 0.723 0.640 4066.0 4.53 nan
 TOI-5998.01: 2.857 3.093 nan 0.0748 9.33803 2459397.788566 609.6 0
>TOI-6007: 39.1765670 78.6522410 9.557 0.424 0.419 3500.0 4.80 nan
 TOI-6007.01: 4.222 2.863 nan 1.4147 949.79060 2458799.852581 92.4 0
>TOI-6009: 339.2309390 37.6755160 10.097 2.040 2.297 8552.3 4.18 nan
 TOI-6009.01: 1.225 11.521 nan 0.0346 1.55006 2459852.869635 3166.6 0
>TOI-601: 129.4623460 -43.0420170 8.871 3.100 1.188 6221.0 3.53 nan
 TOI-601.01: 1.999 11.334 nan 0.0476 3.47776 2460009.873434 2420.9 0
>TOI-6010: 336.7376350 45.9719990 9.521 1.480 1.182 5842.0 4.17 nan
 TOI-6010.01: 0.494 6.120 nan 0.0145 0.58685 2460422.399415 2846.0 0
>TOI-6011: 336.6907870 57.4341610 11.239 1.330 1.769 5770.0 4.44 nan
 TOI-6011.01: 1.496 14.520 nan 0.0415 2.31797 2459880.708932 1575.1 0
>TOI-6012: 355.0294100 32.0157610 9.670 1.183 1.155 6119.0 4.35 nan
 TOI-6012.01: 5.350 7.283 nan 0.1315 16.21176 2459861.658508 885.0 0
>TOI-6018: 9.3471230 40.9051680 8.973 0.709 0.820 4983.5 4.65 nan
 TOI-6018.01: 1.441 1.902 nan 0.0322 2.33225 2459854.352920 1127.6 0
>TOI-602: 115.8253260 -36.4967140 9.618 2.506 2.755 10633.0 4.08 nan
 TOI-602.01: 2.199 27.778 nan 0.1365 11.09987 2459235.384395 2196.9 0
>TOI-6022: 340.0012490 60.8235000 11.222 0.370 0.357 3264.0 4.85 nan
 TOI-6022.01: 1.417 17.795 nan 0.0215 1.92811 2459854.589182 652.9 0
 TOI-6022.02: 2.782 2.483 nan 0.0186 1.54545 2458765.940349 702.0 0
>TOI-6025: 1.0740450 42.5736000 9.343 2.460 2.108 8448.0 3.98 nan
 TOI-6025.01: 2.071 8.977 nan 0.0255 1.02228 2459880.796253 4001.1 0
>TOI-6026: 0.2231910 35.7524450 7.402 0.790 0.720 4540.4 4.50 nan
 TOI-6026.01: 1.313 1.283 nan 0.0206 1.27578 2459881.735855 1355.8 0
>TOI-6027: 12.7407390 68.1859030 12.006 1.029 0.686 4389.0 4.25 nan
 TOI-6027.01: 2.744 24.289 nan 0.0346 2.84065 2459882.348252 1154.2 0
>TOI-6032: 36.7846790 32.8769560 7.119 2.552 1.139 6083.0 3.68 nan
 TOI-6032.01: 7.822 4.841 nan 0.0774 7.37239 2459887.395272 1684.3 0
>TOI-6033: 43.3723280 39.2601480 9.856 1.445 1.258 6345.0 4.22 nan
 TOI-6033.01: 6.038 11.115 nan 0.1453 18.04015 2459885.981072 964.9 0
>TOI-6035: 332.6462040 69.7742390 12.347 nan nan 5780.0 4.44 nan
 TOI-6035.01: 2.505 nan nan nan 3.90742 2459885.398621 nan 0
>TOI-6036: 34.8368880 40.9939440 9.015 2.040 1.292 6409.0 3.93 nan
 TOI-6036.01: 5.814 17.841 nan 0.0744 6.52347 2460623.037278 1618.3 0
>TOI-6040: 34.4459510 53.8075820 9.055 1.800 nan 6558.7 nan nan
 TOI-6040.01: 4.379 15.661 nan nan 3.49260 2460632.263441 nan 0
>TOI-6042: 32.0859660 56.4097830 9.645 3.780 2.382 9434.0 3.66 nan
 TOI-6042.01: 1.461 18.042 nan 0.1028 7.79662 2459904.389425 2758.5 0
>TOI-6044: 273.3773360 55.2069260 9.125 1.103 1.091 5957.0 4.39 nan
 TOI-6044.01: 1.511 2.196 nan 0.0346 2.25386 2459911.246864 1621.8 0
>TOI-6045: 60.6407870 34.0041370 9.484 2.291 1.160 6128.0 3.78 nan
 TOI-6045.01: 6.565 11.814 nan 0.0787 7.48263 2459913.845278 1594.3 0
>TOI-6046: 72.0966630 62.0626500 12.486 1.016 1.050 5845.0 4.45 nan
 TOI-6046.01: 2.916 12.912 nan 0.0451 3.41370 2459911.708915 1337.8 0
>TOI-6047: 83.7308800 31.0764930 12.639 0.970 0.990 5583.0 4.46 nan
 TOI-6047.01: 6.731 14.708 nan 0.0318 2.08143 2459911.453223 1486.9 0
>TOI-6048: 53.3575840 59.9887990 9.389 1.706 1.206 6235.0 4.06 nan
 TOI-6048.01: 3.401 5.532 nan 0.0649 5.49282 2459915.468580 1541.5 0
>TOI-605: 130.9195890 -36.6569970 9.856 2.120 nan 8265.0 nan nan
 TOI-605.01: 1.578 16.520 nan nan 3.38406 2460010.074425 nan 0
>TOI-6050: 84.3985990 64.9815290 10.320 1.860 1.210 6243.0 3.98 nan
 TOI-6050.01: 4.955 15.282 nan 0.0648 5.48236 2459912.799879 1612.9 0
>TOI-6051: 62.3775420 47.5566480 12.109 1.472 1.370 6574.3 4.24 nan
 TOI-6051.01: 4.117 22.594 nan 0.0540 3.92009 2459913.021886 1655.2 0
>TOI-6053: 70.9799030 61.8593360 9.215 2.128 1.805 7690.0 4.04 nan
 TOI-6053.01: 2.574 10.342 nan 0.0405 2.21183 2459912.417156 2687.9 0
>TOI-6055: 79.9291250 48.1358960 11.711 0.679 0.455 3493.0 4.43 nan
 TOI-6055.01: 1.352 19.546 nan 0.0135 0.84972 2459910.643629 1194.5 0
>TOI-6056: 63.2410590 67.6755480 12.706 0.877 0.830 4996.0 4.47 nan
 TOI-6056.01: 2.669 12.608 nan 0.0395 3.14205 2459912.905528 1135.2 0
>TOI-6057: 64.0562570 50.4096060 8.565 2.408 1.285 6402.4 3.78 nan
 TOI-6057.01: 8.802 8.658 nan 0.1009 10.32744 2459912.751153 1508.2 0
>TOI-6058: 81.4022450 37.1182660 7.895 0.710 0.699 4403.0 4.58 nan
 TOI-6058.01: 1.474 3.898 nan 0.0309 2.36737 2460660.384010 1017.7 0
>TOI-6059: 83.3800080 55.1288120 9.122 0.850 0.935 5413.7 4.55 nan
 TOI-6059.01: 2.628 2.199 nan 0.0657 6.36673 2459928.523425 939.0 0
>TOI-6060: 57.5612410 50.6208370 9.153 3.540 1.659 7373.8 3.56 nan
 TOI-6060.01: 2.344 8.310 nan 0.0523 3.39063 2459930.334093 2925.3 0
>TOI-6061: 87.1694620 35.0341110 7.908 0.970 0.990 5639.0 4.46 nan
 TOI-6061.01: 3.313 1.517 nan 0.0789 8.13091 2459925.632107 953.4 0
>TOI-6062: 77.1698330 36.4167460 8.583 1.000 1.076 5936.0 4.47 nan
 TOI-6062.01: 3.203 2.686 nan 0.0816 8.21253 2460647.935150 1002.0 0
>TOI-6063: 83.0069410 36.5886770 10.386 5.540 nan 10207.0 nan nan
 TOI-6063.01: 1.655 17.359 nan nan 2.11422 2459935.397450 nan 0
>TOI-6064: 57.2481110 49.1110080 9.603 1.750 1.472 6803.6 4.12 nan
 TOI-6064.01: 3.463 13.496 nan 0.1372 15.30589 2459919.688691 1171.7 0
>TOI-6065: 97.6192240 31.8805560 8.597 1.380 1.126 6061.0 4.21 nan
 TOI-6065.01: 3.785 4.617 nan 0.0828 8.20660 2459948.691320 1193.2 0
>TOI-6066: 135.4517180 67.6749930 8.102 1.650 1.250 6335.0 4.10 nan
 TOI-6066.01: 2.742 1.874 nan 0.0316 1.83310 2460337.368428 2207.4 0
>TOI-6067: 261.8173140 54.8479800 8.952 1.220 1.215 6236.0 4.35 nan
 TOI-6067.01: 2.986 2.897 nan 0.4107 87.21290 2459936.170064 518.3 0
>TOI-6068: 88.2028830 70.6741000 8.990 1.370 1.430 6718.0 4.32 nan
 TOI-6068.01: 2.717 2.813 nan 0.1069 10.66839 2460292.788766 1159.7 0
>TOI-6070: 118.3253260 44.0250160 9.802 0.767 0.828 4998.0 4.59 nan
 TOI-6070.01: 3.125 2.753 nan 0.0825 9.51289 2459942.330357 734.9 0
>TOI-6071: 93.0423930 43.1202880 11.734 1.076 0.930 5358.0 4.34 nan
 TOI-6071.01: 2.298 10.942 nan 0.0586 5.36645 2459939.481098 1107.1 0
>TOI-6074: 310.4219680 35.5459200 5.954 1.016 1.060 5865.0 4.45 nan
 TOI-6074.01: 1.575 1.569 nan 0.1054 12.13245 2458690.534450 878.1 0
>TOI-6075: 281.0377930 75.9915900 7.568 0.725 0.660 4193.0 4.54 nan
 TOI-6075.01: 8.688 1.737 nan 1.5084 832.92363 2458794.771156 140.2 0
>TOI-6076: 267.8672700 24.8113670 9.190 1.373 1.404 6665.4 4.31 nan
 TOI-6076.01: 6.660 5.392 nan 1.7614 720.57424 2459030.366720 283.8 0
>TOI-6077: 314.9138790 40.7060120 10.235 0.657 0.632 3761.0 4.60 nan
 TOI-6077.01: 2.106 2.994 nan 0.0285 2.21111 2458713.480434 870.8 0
>TOI-6078: 243.2160510 16.3058820 7.964 0.860 0.883 5212.0 4.51 nan
 TOI-6078.01: 2.037 2.239 nan 0.0852 9.67036 2460443.834513 798.5 0
 TOI-6078.02: 3.769 3.898 nan 0.1609 25.08828 2460440.795272 581.0 0
>TOI-6079: 233.4972910 69.3502850 9.813 1.432 1.330 6501.0 4.25 nan
 TOI-6079.01: 5.873 7.513 nan 0.4768 104.28928 2458912.458751 543.3 0
>TOI-608: 132.8388460 -34.4318560 9.701 2.140 2.055 7471.9 4.09 nan
 TOI-608.01: 1.834 14.221 nan 0.0280 1.19083 2460011.845422 3149.9 0
>TOI-6082: 253.8921980 57.2279080 7.810 1.390 6.397 5694.0 4.96 nan
 TOI-6082.01: 1.882 1.312 nan 0.0852 3.59417 2460504.761666 1109.0 0
>TOI-6085: 261.2817960 85.1155180 7.480 0.751 0.860 5106.0 4.62 nan
 TOI-6085.01: 14.123 1.410 nan nan nan 2458691.848481 nan 0
>TOI-609: 122.3398120 -39.1645890 8.731 1.190 1.030 5759.0 4.30 nan
 TOI-609.01: 1.363 21.407 nan 0.0576 4.97000 2460007.604027 1262.2 0
>TOI-6091: 281.4614500 37.2358910 9.923 0.604 0.591 3921.0 4.65 nan
 TOI-6091.01: 1.973 2.441 nan 0.0492 5.18555 2459392.109891 662.5 0
>TOI-6093: 106.0010100 -35.1814970 9.114 1.500 1.107 6004.0 4.13 nan
 TOI-6093.01: 1.113 7.859 nan 0.0238 1.27104 2459986.445346 2298.4 0
>TOI-6095: 100.7667310 -44.2518590 8.901 0.800 0.908 5260.0 4.59 nan
 TOI-6095.01: 1.289 1.867 nan 0.0317 2.16132 2459986.834869 1274.2 0
>TOI-6097: 119.4967360 -21.0133650 9.975 1.850 nan 7433.0 nan nan
 TOI-6097.01: 1.773 10.236 nan nan 1.12568 2459986.783761 nan 0
>TOI-6098: 118.9367950 -48.0417720 7.740 1.080 0.997 5599.3 4.37 nan
 TOI-6098.01: 1.439 2.117 nan 0.0382 2.72975 2460010.125461 1435.6 0
>TOI-6099: 135.3359890 -20.9734100 7.874 0.750 0.728 4610.0 4.55 nan
 TOI-6099.01: 2.284 1.809 nan 0.0534 5.28876 2460009.893574 833.1 0
>TOI-6100: 103.5161640 -46.6597030 10.620 0.852 0.898 5223.0 4.53 nan
 TOI-6100.01: 1.068 3.203 nan 0.0217 1.22802 2459963.874823 1578.1 0
>TOI-6102: 75.7459490 -59.9709530 12.594 0.986 1.060 5878.0 4.48 nan
 TOI-6102.01: 2.913 12.056 nan 0.0612 5.37083 2459965.390963 1137.7 0
>TOI-6103: 128.7179770 -49.9325220 9.905 1.303 1.560 7069.0 4.40 nan
 TOI-6103.01: 3.166 13.808 nan 0.0497 3.24224 2459965.819135 1745.4 0
>TOI-6104: 126.5853670 5.2584000 9.601 3.180 1.250 6316.0 3.53 nan
 TOI-6104.01: 8.474 17.452 nan 0.0727 6.40956 2459968.466203 2014.3 0
>TOI-6105: 123.6569670 -41.1561360 10.029 1.121 1.449 6176.8 4.50 nan
 TOI-6105.01: 2.499 14.417 nan 0.0472 3.11225 2459963.367968 1451.5 0
>TOI-6106: 127.0192170 -24.1669620 10.600 1.040 0.990 5618.0 4.40 nan
 TOI-6106.01: 4.031 14.836 nan 0.0674 6.42409 2459964.624513 1064.1 0
>TOI-6107: 119.8884150 -32.7060650 11.330 2.642 3.061 7810.0 4.08 nan
 TOI-6107.01: 3.978 23.926 nan 0.0691 3.78990 2459966.339978 2328.7 0
>TOI-6108: 99.6838370 -49.5724070 12.664 1.343 1.030 5748.0 4.20 nan
 TOI-6108.01: 3.621 12.532 nan 0.0488 3.87833 2459962.905610 1454.0 0
>TOI-6110: 212.9290980 -29.9749400 10.832 0.540 0.533 3642.0 4.70 nan
 TOI-6110.01: 1.105 8.669 nan 0.0185 1.25412 2459360.305123 948.8 0
>TOI-6111: 309.7082540 44.7919670 10.513 1.060 1.029 5698.0 4.40 nan
 TOI-6111.01: 1.289 12.172 nan 0.0640 5.83403 2459848.780642 1118.2 0
>TOI-6112: 332.4533930 22.5660690 10.432 1.570 1.361 6556.9 4.18 nan
 TOI-6112.01: 1.373 7.263 nan 0.0331 1.88594 2459852.026484 2177.5 0
>TOI-6113: 318.5237480 35.0790270 11.386 2.700 1.188 6178.0 3.65 nan
 TOI-6113.01: 6.715 20.090 nan 0.0600 4.92189 2459845.197517 1998.4 0
>TOI-6114: 337.1474780 6.9242250 11.298 1.170 1.092 5943.0 4.34 nan
 TOI-6114.01: 2.618 8.747 nan 0.0869 8.95393 2459849.328185 1051.5 0
>TOI-6115: 334.8628350 40.6761480 12.488 1.410 1.260 6389.0 4.24 nan
 TOI-6115.01: 1.722 17.947 nan 0.0492 3.55290 2459848.944054 1649.3 0
>TOI-6117: 348.0999290 22.3454700 10.627 1.640 1.179 6209.0 4.08 nan
 TOI-6117.01: 5.285 11.566 nan 0.0951 9.86631 2459850.257269 1243.3 0
>TOI-6118: 320.8951780 38.3138320 10.934 3.440 1.303 6455.0 3.48 nan
 TOI-6118.01: 8.452 16.163 nan 0.0595 4.64743 2459849.216859 2366.7 0
>TOI-6119: 309.2043220 49.6099040 12.161 1.590 1.302 6437.0 4.15 nan
 TOI-6119.01: 2.712 16.586 nan 0.0557 4.20704 2459846.467914 1658.4 0
>TOI-612: 110.8818410 -37.8354680 9.503 1.500 1.600 7126.0 4.29 nan
 TOI-612.01: 1.099 5.581 nan 0.0216 0.91361 2459987.158093 2863.5 0
>TOI-6120: 343.8831190 22.5639670 10.947 0.800 0.791 4894.0 4.53 nan
 TOI-6120.01: 1.997 12.680 nan 0.0300 2.13509 2459852.217468 1218.7 0
>TOI-6121: 316.9272930 40.4505610 10.652 1.370 1.430 6725.0 4.32 nan
 TOI-6121.01: 3.088 13.125 nan 0.0582 4.29168 2459845.747089 1573.3 0
>TOI-6122: 297.5036260 54.1535480 10.929 2.180 1.285 6391.0 3.87 nan
 TOI-6122.01: 5.626 15.721 nan 0.0589 4.61070 2459847.211624 1874.9 0
>TOI-6123: 349.7866530 25.9859490 12.258 1.580 1.257 6298.6 4.14 nan
 TOI-6123.01: 4.406 19.554 nan 0.0540 4.08333 2459852.086372 1642.9 0
>TOI-6124: 315.2201710 39.3917900 10.999 0.840 0.872 5149.0 4.53 nan
 TOI-6124.01: 2.303 12.735 nan 0.0376 2.84749 2459850.465827 1173.6 0
>TOI-6125: 334.8990520 12.3564110 11.299 0.860 0.778 4767.0 4.46 nan
 TOI-6125.01: 1.963 12.055 nan 0.0315 2.31079 2459849.022331 1201.1 0
>TOI-6126: 341.0190580 38.5162760 11.191 1.540 1.016 5767.0 4.07 nan
 TOI-6126.01: 4.672 14.535 nan 0.0731 7.16037 2459843.275090 1276.4 0
>TOI-6127: 318.6205420 57.3229910 11.649 1.720 1.079 5922.0 4.00 nan
 TOI-6127.01: 4.908 11.092 nan 0.0729 6.91910 2459853.020155 1387.1 0
>TOI-6129: 339.6555290 34.8046200 12.115 1.320 1.007 5656.1 4.20 nan
 TOI-6129.01: 3.334 17.164 nan 0.0576 5.03102 2459847.900848 1305.6 0
>TOI-613: 142.2629950 -5.3756690 8.591 2.190 nan 4949.2 nan nan
 TOI-613.01: 0.856 9.221 nan nan 0.77850 2459279.650943 nan 0
>TOI-6131: 316.9830400 48.5822980 11.279 1.810 1.223 6286.0 4.01 nan
 TOI-6131.01: 3.109 13.907 nan 0.0391 2.55301 2459852.087815 2062.3 0
>TOI-6132: 308.8029330 47.9116680 12.189 1.140 0.990 5641.0 4.32 nan
 TOI-6132.01: 4.153 14.443 nan 0.1380 18.81560 2459835.100347 781.8 0
>TOI-6134: 335.7539120 43.7977090 12.045 1.670 1.372 6600.0 4.13 nan
 TOI-6134.01: 4.261 14.701 nan 0.0608 4.67921 2459847.488707 1668.0 0
>TOI-6136: 331.6179010 42.0821810 11.587 0.890 0.957 5494.0 4.52 nan
 TOI-6136.01: 1.843 12.276 nan 0.0484 3.97791 2459852.825181 1136.0 0
>TOI-6137: 343.6511050 24.0969720 11.859 0.400 0.394 3112.0 4.83 nan
 TOI-6137.01: 0.995 21.823 nan 0.0093 0.52040 2459852.358750 984.2 0
>TOI-6138: 321.5472680 40.4323390 11.189 0.980 1.034 5749.0 4.47 nan
 TOI-6138.01: 3.889 5.190 nan 0.0905 9.78241 2459848.448736 912.3 0
>TOI-6139: 332.0493440 46.8948490 12.293 1.970 1.321 6486.0 3.97 nan
 TOI-6139.01: 3.666 16.298 nan 0.1018 10.32996 2459843.593313 1375.8 0
>TOI-6140: 332.2118020 15.0969910 12.368 1.340 1.164 6121.0 4.25 nan
 TOI-6140.01: 2.577 12.850 nan 0.0472 3.47427 2459846.816346 1572.7 0
>TOI-6141: 347.0500090 12.4329190 11.500 1.270 1.121 6090.2 4.28 nan
 TOI-6141.01: 1.538 16.209 nan 0.0390 2.66074 2459848.304998 1675.8 0
>TOI-6142: 341.7594590 38.3911390 11.983 0.960 0.969 5511.0 4.46 nan
 TOI-6142.01: 1.617 10.077 nan 0.0563 4.95648 2459852.072224 1097.3 0
>TOI-6144: 339.1764850 34.6994340 11.966 1.800 0.960 5433.0 3.91 nan
 TOI-6144.01: 5.303 10.914 nan 0.0664 6.37659 2459849.062660 1364.0 0
>TOI-6145: 334.4449990 15.7256310 12.363 1.380 1.076 5885.0 4.19 nan
 TOI-6145.01: 3.299 11.963 nan 0.0505 3.99214 2459852.114072 1483.5 0
>TOI-6146: 324.6791820 38.8539860 12.014 2.100 1.038 5770.0 3.81 nan
 TOI-6146.01: 4.962 14.682 nan 0.0547 4.58031 2459851.168508 1724.0 0
>TOI-6148: 332.0358630 19.5064730 10.517 1.760 1.156 6134.6 4.01 nan
 TOI-6148.01: 2.687 11.177 nan 0.0847 8.37532 2459849.631231 1348.4 0
>TOI-6149: 310.2700420 42.2176480 11.569 1.270 1.174 6122.0 4.30 nan
 TOI-6149.01: 7.214 8.526 nan 0.1162 13.35623 2459831.751003 975.9 0
>TOI-6150: 340.9920890 22.2888930 11.345 0.660 0.632 3818.0 4.60 nan
 TOI-6150.01: 1.108 13.794 nan 0.0201 1.30947 2459851.633598 1055.0 0
>TOI-6151: 313.3192220 48.0870110 10.474 2.270 1.107 6008.0 3.77 nan
 TOI-6151.01: 2.174 7.064 nan 0.0258 1.43548 2459852.311661 2717.5 0
>TOI-6153: 337.2896700 20.5351300 12.044 1.230 1.153 6158.0 4.32 nan
 TOI-6153.01: 3.064 14.495 nan 0.0488 3.67202 2459848.656116 1490.8 0
>TOI-6154: 356.5459530 17.0206720 11.269 0.790 0.736 4654.0 4.51 nan
 TOI-6154.01: 1.614 12.364 nan 0.0308 2.30192 2459850.434160 1136.6 0
>TOI-6155: 334.5508730 38.5789820 10.852 1.520 1.137 6049.0 4.13 nan
 TOI-6155.01: 0.955 11.634 nan 0.0280 1.60298 2459851.726873 2149.1 0
>TOI-6156: 319.2927520 34.9175600 12.005 1.450 1.797 7710.0 4.37 nan
 TOI-6156.01: 1.507 16.289 nan 0.1294 12.68851 2459852.126647 1244.5 0
>TOI-6159: 341.3044670 5.9188460 12.172 1.120 1.024 5714.9 4.35 nan
 TOI-6159.01: 1.805 11.200 nan 0.0512 4.18461 2459852.651612 1288.9 0
>TOI-616: 132.8739650 -51.3282220 9.384 nan nan nan nan nan
 TOI-616.01: 2.299 nan nan nan 2.80567 2460035.229242 nan 0
>TOI-6160: 302.5556450 53.5786240 11.046 0.880 0.853 5081.0 4.48 nan
 TOI-6160.01: 2.833 14.599 nan 0.2197 40.74011 2459832.762752 490.4 0
>TOI-6161: 307.6882320 45.2791370 11.741 1.420 1.139 6051.0 4.19 nan
 TOI-6161.01: 1.414 11.235 nan 0.0655 5.74157 2459846.665072 1358.6 0
>TOI-6162: 336.0857320 34.1587240 10.373 1.650 1.610 7218.8 4.21 nan
 TOI-6162.01: 2.809 18.442 nan 0.0345 1.84788 2459852.116690 2407.3 0
>TOI-6163: 351.1335480 4.6046840 11.652 1.000 0.959 5472.0 4.42 nan
 TOI-6163.01: 3.465 15.885 nan 0.0894 9.97547 2459843.241782 882.5 0
>TOI-6164: 341.7954890 26.9399350 10.959 0.750 0.679 4376.0 4.52 nan
 TOI-6164.01: 1.203 10.257 nan 0.0411 3.69480 2459850.906915 901.4 0
>TOI-6165: 327.4066930 35.4153100 11.994 0.630 0.617 3744.0 4.63 nan
 TOI-6165.01: 2.178 9.687 nan 0.0442 4.31729 2459852.213309 681.6 0
>TOI-6166: 325.9819630 46.5711600 11.152 1.100 1.108 6012.0 4.40 nan
 TOI-6166.01: 2.407 13.323 nan 0.0300 1.80212 2459850.643171 1755.4 0
>TOI-6167: 329.3010450 45.8221380 10.607 1.790 1.168 6174.0 4.00 nan
 TOI-6167.01: 4.670 10.643 nan 0.0733 6.70807 2459841.643838 1471.2 0
>TOI-6168: 340.3094240 30.3278930 11.093 1.970 1.124 6071.2 3.90 nan
 TOI-6168.01: 4.080 14.789 nan 0.0601 5.08097 2459848.409536 1676.1 0
>TOI-6169: 306.7703700 46.5184260 10.675 2.200 1.502 6891.0 3.93 nan
 TOI-6169.01: 3.791 11.322 nan 0.1538 17.96614 2459844.944589 1256.7 0
>TOI-6171: 349.6554000 32.3016510 10.075 2.180 1.069 5876.0 3.79 nan
 TOI-6171.01: 4.812 12.686 nan 0.0483 3.74739 2459848.430555 1903.6 0
>TOI-6173: 309.8536600 48.1720790 11.223 2.980 nan 4637.0 nan nan
 TOI-6173.01: 4.275 18.096 nan nan 3.87538 2459848.262349 nan 0
>TOI-6174: 336.4000150 32.5245360 12.196 1.230 1.004 5638.1 4.26 nan
 TOI-6174.01: 3.457 7.444 nan 0.0454 3.52573 2459847.722268 1415.1 0
>TOI-6175: 332.4798470 19.8288710 11.062 1.050 0.987 5543.0 4.39 nan
 TOI-6175.01: 1.891 13.660 nan 0.0506 4.18772 2459845.063156 1217.6 0
>TOI-6176: 325.8503550 24.2263090 11.824 0.750 0.780 4799.0 4.58 nan
 TOI-6176.01: 2.946 12.931 nan 0.0816 9.64227 2459844.363828 701.6 0
>TOI-6177: 330.3200650 45.4965570 11.566 1.410 1.149 6076.0 4.20 nan
 TOI-6177.01: 1.888 14.681 nan 0.0508 3.89989 2459847.553938 1543.6 0
>TOI-6178: 324.9572440 35.6839690 11.657 1.080 1.093 5925.0 4.41 nan
 TOI-6178.01: 1.815 12.117 nan 0.0657 5.88781 2459844.841088 1158.4 0
>TOI-6179: 329.8790690 39.0462950 12.293 1.250 1.191 6203.0 4.32 nan
 TOI-6179.01: 5.300 20.259 nan 0.1490 19.24452 2459818.612268 866.4 0
>TOI-618: 112.5706650 -39.3396300 9.323 1.430 1.326 6515.0 4.25 nan
 TOI-618.01: 4.156 7.858 nan 0.0843 7.76147 2459972.603908 1293.9 0
>TOI-6180: 331.3508630 27.0531150 12.115 1.270 1.147 6087.0 4.29 nan
 TOI-6180.01: 2.595 20.239 nan 0.0401 2.74322 2459849.581128 1651.8 0
>TOI-6182: 348.7573030 13.6652580 11.700 2.000 1.009 5622.0 3.84 nan
 TOI-6182.01: 5.374 13.250 nan 0.0557 4.77833 2459848.402483 1624.5 0
>TOI-6183: 305.0496170 53.9625910 12.031 1.690 1.116 6047.0 4.03 nan
 TOI-6183.01: 4.400 11.175 nan 0.0861 8.73111 2459840.156934 1291.9 0
>TOI-6184: 342.6384330 9.4434050 10.752 1.130 0.973 5516.0 4.32 nan
 TOI-6184.01: 2.714 13.689 nan 0.0457 3.61537 2459847.821903 1322.6 0
>TOI-6185: 356.8940890 56.0706820 11.781 1.500 1.271 6390.0 4.19 nan
 TOI-6185.01: 1.322 12.172 nan 0.0729 6.37208 2459880.180162 1397.7 0
>TOI-6187: 351.9211740 57.3970220 12.122 1.460 1.049 5785.0 4.13 nan
 TOI-6187.01: 3.601 12.462 nan 0.0621 5.51338 2459875.809804 1352.6 0
>TOI-6188: 329.5680970 55.8055780 10.801 1.000 1.004 5660.0 4.44 nan
 TOI-6188.01: 3.030 4.759 nan 0.0550 4.70611 2459873.021669 1163.8 0
>TOI-6189: 320.8027180 53.1412530 11.980 1.020 0.953 5444.0 4.40 nan
 TOI-6189.01: 2.460 13.039 nan 0.0606 5.58674 2459880.415341 1077.0 0
>TOI-6190: 6.7563390 29.4872710 10.563 0.940 1.019 5669.0 4.50 nan
 TOI-6190.01: 1.027 5.246 nan 0.0459 3.55954 2459878.295658 1237.1 0
>TOI-6191: 337.0431340 49.5736500 10.379 1.220 0.988 5585.0 4.26 nan
 TOI-6191.01: 1.465 10.759 nan 0.0473 3.77523 2459880.418253 1367.7 0
>TOI-6192: 1.6123310 37.8552750 10.892 0.850 0.709 4490.0 4.43 nan
 TOI-6192.01: 1.660 7.137 nan 0.0407 3.56304 2459880.976064 989.4 0
>TOI-6193: 325.4662080 50.5022380 11.525 1.980 1.334 6526.0 3.97 nan
 TOI-6193.01: 4.137 12.674 nan 0.0438 2.89531 2459876.615391 2115.8 0
>TOI-6194: 354.9177340 44.2622280 12.054 1.720 1.327 6446.0 4.09 nan
 TOI-6194.01: 2.582 12.643 nan 0.0908 8.67386 2459871.681397 1352.8 0
>TOI-6195: 359.6652840 33.8205080 9.757 1.540 1.309 6442.9 4.18 nan
 TOI-6195.01: 0.785 7.208 nan 0.0465 3.19898 2459881.257523 1787.9 0
>TOI-6197: 13.6388080 43.8483130 11.530 1.240 1.020 5719.9 4.26 nan
 TOI-6197.01: 3.315 9.777 nan 0.0474 3.72949 2459880.365159 1410.7 0
>TOI-6198: 6.5217980 49.5991740 11.418 1.850 1.978 8143.0 4.20 nan
 TOI-6198.01: 2.711 14.016 nan 0.0579 3.61661 2459877.340534 2219.5 0
>TOI-6199: 9.1995560 16.0971120 9.501 0.900 0.934 5366.0 4.50 nan
 TOI-6199.01: 1.892 5.750 nan 0.0468 3.83118 2459877.909014 1134.7 0
>TOI-6200: 22.1080310 32.1369610 10.635 1.830 1.114 6003.0 3.96 nan
 TOI-6200.01: 1.548 13.949 nan 0.0440 3.19232 2459877.870440 1866.8 0
>TOI-6201: 356.7131620 36.0266610 10.460 nan nan 4843.0 nan nan
 TOI-6201.01: 1.243 nan nan nan 2.91722 2459880.993679 nan 0
>TOI-6202: 335.8525740 55.0755290 10.582 1.970 nan 7767.0 nan nan
 TOI-6202.01: 2.932 12.415 nan nan 2.89794 2459876.667144 nan 0
>TOI-6203: 5.5998690 24.8669850 9.628 1.410 1.048 5776.9 4.16 nan
 TOI-6203.01: 4.865 6.787 nan 0.1708 25.17453 2459855.605714 800.4 0
>TOI-6204: 330.8886580 50.5678670 11.959 1.240 1.255 6333.0 4.35 nan
 TOI-6204.01: 2.623 13.116 nan 0.0538 4.06731 2459881.637411 1466.1 0
>TOI-6205: 342.5328510 45.2537820 11.862 1.870 1.037 5800.0 3.91 nan
 TOI-6205.01: 4.636 15.035 nan 0.0491 3.90894 2459874.301580 1726.0 0
>TOI-6206: 343.5160550 44.9129130 11.719 1.180 1.013 5670.0 4.30 nan
 TOI-6206.01: 4.471 9.632 nan 0.1095 13.14718 2459856.664269 897.5 0
>TOI-6208: 331.8381890 53.5195850 10.975 2.000 1.186 6205.0 3.91 nan
 TOI-6208.01: 5.412 15.627 nan 0.0624 5.22663 2459872.105147 1693.9 0
>TOI-6209: 339.4635920 45.1599580 11.351 0.860 0.796 4825.0 4.47 nan
 TOI-6209.01: 0.684 6.179 nan 0.0149 0.74769 2459881.944818 1767.6 0
>TOI-621: 134.7183410 -43.4527960 7.790 1.920 1.642 7850.0 4.09 nan
 TOI-621.01: 2.388 22.162 nan 0.0492 3.11233 2459304.418696 2364.7 0
>TOI-6210: 331.5624530 52.2686200 10.709 3.500 1.288 6406.0 3.46 nan
 TOI-6210.01: 6.999 21.478 nan 0.0842 7.85801 2459876.706893 1991.6 0
>TOI-6211: 10.0113950 24.3796760 11.612 1.140 1.013 5672.0 4.33 nan
 TOI-6211.01: 2.365 10.117 nan 0.0933 10.34736 2459881.500754 956.1 0
>TOI-6212: 349.0562200 45.0125680 11.833 1.880 0.934 5407.0 3.86 nan
 TOI-6212.01: 3.296 19.090 nan 0.0453 3.64444 2459879.477717 1679.7 0
>TOI-6213: 333.7342800 48.8765770 11.326 1.630 1.062 5817.0 4.04 nan
 TOI-6213.01: 2.792 12.295 nan 0.0357 2.39218 2459878.065088 1895.4 0
>TOI-6214: 318.8573990 56.1198270 11.589 2.440 2.026 8294.0 3.97 nan
 TOI-6214.01: 2.565 17.638 nan 0.0909 7.03463 2459868.609542 2072.1 0
>TOI-6215: 335.0395050 51.5561500 12.592 1.680 1.917 8011.0 4.27 nan
 TOI-6215.01: 2.786 15.332 nan 0.0390 2.03232 2459879.050673 2535.4 0
>TOI-6216: 344.6209820 57.4528000 10.868 0.940 1.225 6315.0 4.58 nan
 TOI-6216.01: 3.382 10.947 nan 0.2001 29.54060 2459831.799479 660.0 0
>TOI-6217: 315.2234130 54.9624640 11.718 2.060 1.071 5928.0 3.84 nan
 TOI-6217.01: 3.089 17.067 nan 0.0420 3.03658 2459881.159824 2001.9 0
>TOI-6218: 5.1112930 48.7677720 9.971 0.890 0.693 4476.1 4.38 nan
 TOI-6218.01: 2.420 12.055 nan 0.0517 5.15702 2459878.345760 895.5 0
>TOI-6219: 345.6551170 50.1049280 12.170 1.690 1.142 6115.0 4.04 nan
 TOI-6219.01: 1.687 12.539 nan 0.0375 2.47842 2459881.309267 1979.5 0
>TOI-6220: 331.1103910 49.6871440 9.997 1.560 1.254 6359.0 4.15 nan
 TOI-6220.01: 2.525 8.795 nan 0.1537 19.65185 2459868.567359 976.9 0
>TOI-6221: 26.6572890 22.7430590 11.466 1.410 1.097 5966.4 4.18 nan
 TOI-6221.01: 4.827 6.803 nan 0.0926 9.83264 2460223.782824 1122.7 0
>TOI-6222: 4.6995350 22.3544920 11.282 1.430 1.421 6704.0 4.28 nan
 TOI-6222.01: 3.852 11.091 nan 0.0982 9.43211 2459878.774673 1233.6 0
>TOI-6224: 341.8665590 52.3951330 11.941 1.010 0.913 5318.0 4.39 nan
 TOI-6224.01: 1.916 13.117 nan 0.0255 1.55542 2459881.612767 1613.9 0
>TOI-6225: 0.4850390 35.9977740 10.610 0.440 0.435 3376.0 4.79 nan
 TOI-6225.01: 1.865 5.093 nan 0.0620 8.55597 2459867.415663 433.7 0
>TOI-6226: 354.3407370 47.2886690 11.936 1.790 1.142 6084.0 3.99 nan
 TOI-6226.01: 1.928 13.803 nan 0.0506 3.88573 2459880.971907 1744.9 0
>TOI-6227: 14.5318350 29.9855660 12.144 0.680 0.656 3661.0 4.59 nan
 TOI-6227.01: 1.936 15.731 nan 0.0361 3.09225 2459879.248503 766.2 0
>TOI-6228: 342.0404870 48.5484980 11.156 2.170 1.883 7894.0 4.04 nan
 TOI-6228.01: 2.902 15.129 nan 0.0539 3.33380 2459880.856197 2415.3 0
>TOI-6229: 2.4170890 28.2436770 11.478 0.820 0.812 4928.0 4.52 nan
 TOI-6229.01: 2.266 10.614 nan 0.0506 4.60713 2459875.788906 956.6 0
>TOI-6230: 345.9434720 49.3663930 11.753 1.610 1.335 6496.3 4.15 nan
 TOI-6230.01: 3.284 12.016 nan 0.0574 4.35188 2459880.187207 1659.0 0
>TOI-6231: 325.3549290 61.4419160 11.485 0.890 1.232 6334.0 4.63 nan
 TOI-6231.01: 4.793 8.572 nan 0.1786 24.83670 2459836.451005 681.8 0
>TOI-6232: 4.0661460 49.1863840 11.904 1.110 1.006 5634.0 4.35 nan
 TOI-6232.01: 4.048 13.301 nan 0.0901 9.85381 2459870.641636 953.6 0
>TOI-6233: 358.4896220 52.5335240 10.249 1.490 1.375 6643.0 4.23 nan
 TOI-6233.01: 2.380 12.710 nan 0.0521 3.70695 2459876.499866 1713.1 0
>TOI-6234: 5.0691680 49.4659360 11.754 1.350 0.961 5528.0 4.16 nan
 TOI-6234.01: 4.344 9.659 nan 0.0681 6.62832 2459869.410711 1186.8 0
>TOI-6235: 4.2191340 20.4327850 11.778 0.710 1.058 5917.0 4.76 nan
 TOI-6235.01: 1.183 14.214 nan 0.0786 7.82098 2459872.368343 857.5 0
>TOI-6236: 359.1886110 28.6100760 10.493 1.380 1.153 6102.0 4.22 nan
 TOI-6236.01: 1.322 12.767 nan 0.0455 3.30459 2459882.031252 1620.5 0
>TOI-6237: 332.6759650 48.6527650 12.491 2.110 1.481 6866.0 3.96 nan
 TOI-6237.01: 3.857 15.506 nan 0.0576 4.15340 2459878.064073 2003.9 0
>TOI-6238: 355.0028210 40.6826840 12.000 1.260 0.939 5396.0 4.21 nan
 TOI-6238.01: 2.080 9.815 nan 0.0615 5.74195 2459879.172244 1177.7 0
>TOI-6239: 350.4344210 54.1121560 11.355 1.430 1.006 5643.0 4.13 nan
 TOI-6239.01: 2.728 10.056 nan 0.0653 6.07492 2459872.189739 1273.4 0
>TOI-6240: 339.6232420 50.5249110 12.119 1.550 1.266 6393.0 4.16 nan
 TOI-6240.01: 3.391 11.867 nan 0.0236 1.17974 2459881.923097 2498.3 0
>TOI-6241: 17.0826790 25.6525760 10.753 0.990 0.898 5209.0 4.40 nan
 TOI-6241.01: 2.130 4.975 nan 0.0458 3.78125 2459879.124490 1167.8 0
>TOI-6243: 329.0892060 54.4662740 9.682 1.000 1.028 5715.0 4.45 nan
 TOI-6243.01: 1.700 2.888 nan 0.0461 3.56532 2459875.523593 1283.5 0
>TOI-6244: 343.5532010 52.3837640 9.472 1.300 1.023 5739.2 4.22 nan
 TOI-6244.01: 2.332 15.434 nan 0.0369 2.55531 2459879.165546 1642.6 0
>TOI-6245: 88.6992530 80.0946140 9.438 0.236 0.206 3106.0 5.01 nan
 TOI-6245.01: 0.702 0.904 nan 0.0252 3.21499 2458818.754695 458.3 0
>TOI-6246: 356.6216260 81.3780610 7.212 2.594 1.778 7665.0 3.86 nan
 TOI-6246.01: 1.896 13.815 nan 0.0849 6.77864 2459723.376477 2043.0 0
>TOI-6247: 323.5822560 72.7576340 8.943 1.490 1.407 6675.0 4.24 nan
 TOI-6247.01: 4.759 2.876 nan 0.1829 24.09162 2460602.195042 918.7 0
>TOI-6248: 342.4106290 46.3499830 11.743 1.356 1.240 6306.0 4.27 nan
 TOI-6248.01: 2.204 18.891 nan 0.0517 3.85289 2459828.699823 1557.3 0
>TOI-6249: 101.4920340 66.8906440 7.604 0.751 0.780 4813.0 4.58 nan
 TOI-6249.01: 5.605 3.138 nan 1.9104 1092.00230 2458853.470005 145.5 0
 TOI-6249.02: 2.427 2.586 nan 0.1123 15.57391 2458844.107949 600.2 0
>TOI-6250: 357.3518360 36.9004560 8.496 1.088 1.056 5848.0 4.39 nan
 TOI-6250.01: 6.780 2.751 nan 2.0934 1076.60942 2458780.693422 203.3 0
>TOI-6252: 171.5967070 28.0580280 11.752 0.650 0.628 3954.0 4.61 nan
 TOI-6252.01: 1.779 12.041 nan 0.0275 2.10774 2459661.706445 927.0 0
>TOI-6253: 253.6972830 60.7027970 10.240 0.744 0.802 4902.0 4.60 nan
 TOI-6253.01: 0.962 1.388 nan 0.0800 9.23473 2458686.243474 720.9 0
>TOI-6254: 14.3227770 37.0289800 9.314 0.886 0.916 5317.0 4.51 nan
 TOI-6254.01: 1.137 2.434 nan 0.0253 1.53611 2458765.540760 1517.2 0
>TOI-6256: 359.9330060 77.8037310 9.351 1.302 1.152 6088.0 4.27 nan
 TOI-6256.01: 4.765 3.480 nan 0.0820 7.99455 2459722.052653 1169.8 0
>TOI-6257: 293.3234670 76.9216940 9.889 1.319 1.262 6353.0 4.30 nan
 TOI-6257.01: 4.193 2.555 nan 0.0740 6.54520 2458796.051294 1293.4 0
>TOI-6258: 13.0853790 20.9388760 9.671 0.380 0.369 3392.0 4.85 nan
 TOI-6258.01: 0.992 1.215 nan 0.0095 0.55709 2458764.784402 1034.5 0
>TOI-6259: 140.1156580 -51.6604550 9.906 2.190 2.587 10023.0 4.17 nan
 TOI-6259.01: 2.038 5.649 nan 0.0588 3.23765 2460009.295861 2949.6 0
>TOI-626: 108.1231140 -24.9535600 9.248 2.320 2.103 8489.0 4.03 nan
 TOI-626.01: 4.757 19.744 nan 0.0673 4.40105 2459980.873931 2403.4 0
>TOI-6260: 140.5957930 -6.0606350 6.680 1.960 1.805 7707.0 4.11 nan
 TOI-6260.01: 2.766 2.328 nan 0.0426 2.38982 2460009.508249 2520.8 0
>TOI-6261: 132.0552410 -39.6862920 9.496 1.530 1.125 6090.0 4.12 nan
 TOI-6261.01: 2.934 8.834 nan 0.0634 5.49209 2460013.716939 1442.6 0
>TOI-6262: 129.1580470 -36.5231740 9.782 1.750 2.443 9532.0 4.34 nan
 TOI-6262.01: 2.710 2.791 nan 0.0345 1.49459 2460013.011321 3273.6 0
>TOI-6263: 139.1997470 -49.3008440 7.545 0.710 0.749 4717.0 4.61 nan
 TOI-6263.01: 2.679 0.931 nan 0.0371 3.01787 2460009.249357 995.0 0
>TOI-6264: 111.5238990 -52.4632000 9.397 2.470 1.372 6610.0 3.79 nan
 TOI-6264.01: 4.261 3.806 nan 0.0693 5.69288 2460011.204616 1902.9 0
>TOI-6265: 151.6275880 3.4743580 6.810 1.370 1.275 6387.1 4.27 nan
 TOI-6265.01: 3.395 1.507 nan 0.0684 5.79357 2460280.914997 1378.4 0
 TOI-6265.02: 3.012 1.202 nan 0.0551 4.17933 2460282.885839 1535.8 0
>TOI-6266: 155.5978510 -28.8474870 7.227 0.740 0.832 5039.0 4.62 nan
 TOI-6266.01: 1.969 0.986 nan 0.0365 2.78955 2460013.265158 1094.1 0
>TOI-6267: 142.1792700 -14.6864490 8.275 1.270 1.022 5699.6 4.24 nan
 TOI-6267.01: 4.719 4.814 nan 1.6041 733.99109 2460005.986483 244.5 0
>TOI-6268: 156.1210190 -23.0041690 11.431 1.410 1.210 6249.0 4.22 nan
 TOI-6268.01: 1.799 13.878 nan 0.0424 2.89592 2459989.600491 1737.7 0
>TOI-6270: 155.0321870 -29.2761090 11.847 1.565 1.110 6001.0 4.09 nan
 TOI-6270.01: 4.431 14.865 nan 0.0530 4.22754 2459992.528067 1572.4 0
>TOI-6271: 122.4137930 -37.3710990 12.352 nan nan 5780.0 4.44 nan
 TOI-6271.01: 2.276 nan nan nan 1.60461 2459963.609262 nan 0
>TOI-6272: 149.9184400 -6.9060640 10.113 1.825 1.490 6880.0 4.09 nan
 TOI-6272.01: 2.542 17.777 nan 0.0413 2.51414 2459989.253135 2205.4 0
>TOI-6274: 164.7638800 -60.0829380 9.692 2.332 0.928 6498.6 3.67 nan
 TOI-6274.01: 1.980 12.805 nan 0.0205 1.11093 2460014.407066 3342.3 0
>TOI-6277: 150.4638300 -55.6603730 10.955 1.099 1.020 5704.0 4.36 nan
 TOI-6277.01: 2.854 14.581 nan 0.0443 3.37339 2460016.245278 1370.0 0
>TOI-6282: 47.0314430 -70.1104590 8.360 1.090 1.114 6055.0 4.41 nan
 TOI-6282.01: 3.937 1.565 nan 0.1091 12.47516 2460205.518926 922.9 0
>TOI-6283: 143.8421800 -65.2161810 8.780 1.910 1.563 7115.0 4.07 nan
 TOI-6283.01: 3.449 12.878 nan 0.3151 51.67082 2459287.316463 844.7 0
>TOI-6284: 150.3501070 -38.8410390 7.460 0.470 0.474 3548.0 4.77 nan
 TOI-6284.01: 1.731 0.830 nan 0.0348 3.44759 2460035.841876 628.7 0
>TOI-6285: 24.2177200 51.6315730 9.769 2.120 1.363 6605.0 3.92 nan
 TOI-6285.01: 5.186 10.970 nan 0.0783 6.85813 2459908.497832 1657.3 0
>TOI-6287: 37.9637750 28.9660100 11.654 1.520 1.218 6262.0 4.16 nan
 TOI-6287.01: 1.326 8.613 nan 0.0291 1.64076 2459908.580448 2182.3 0
>TOI-6288: 10.1597960 52.6544080 11.213 0.850 0.935 5400.0 4.55 nan
 TOI-6288.01: 2.356 7.859 nan 0.1316 18.03702 2459895.113278 661.8 0
>TOI-6289: 32.6197140 43.9750300 12.077 1.040 0.991 5620.2 4.40 nan
 TOI-6289.01: 2.662 11.536 nan 0.0467 3.70775 2459905.132375 1278.9 0
>TOI-629: 95.8279080 0.8833470 8.533 2.380 2.318 9165.0 4.05 nan
 TOI-629.01: 6.143 12.312 nan 0.1097 8.71797 2459221.689296 2058.5 0
>TOI-6290: 327.3415240 67.0295490 9.473 0.960 0.905 5265.0 4.43 nan
 TOI-6290.01: 3.574 2.746 nan 0.1281 17.60380 2459893.809226 695.0 0
>TOI-6291: 56.3153600 32.1368030 10.469 2.260 nan 5061.0 nan nan
 TOI-6291.01: 3.434 15.108 nan nan 5.25564 2459900.051272 nan 0
>TOI-6292: 44.0895610 43.0922130 10.645 1.690 1.196 6202.0 4.06 nan
 TOI-6292.01: 1.710 5.534 nan 0.0183 0.82361 2459908.735558 2874.0 0
>TOI-6293: 48.0223660 28.4646800 11.407 0.930 0.792 4831.0 4.40 nan
 TOI-6293.01: 3.630 9.620 nan 0.1020 13.36740 2459899.168188 703.4 0
 TOI-6293.02: 5.339 9.316 nan 0.9914 405.07566 2459480.391456 225.6 0
>TOI-6294: 345.8246680 60.3111490 10.921 0.750 0.762 4753.0 4.57 nan
 TOI-6294.01: 3.019 9.623 nan 0.0790 9.28870 2459893.518010 706.2 0
>TOI-6295: 52.2257990 46.4430430 10.338 1.670 1.195 6199.0 4.07 nan
 TOI-6295.01: 3.759 14.786 nan 2.2214 1106.22083 2458799.419698 259.2 0
>TOI-6296: 28.2918560 60.2238150 11.676 1.880 1.413 6696.0 4.04 nan
 TOI-6296.01: 4.384 14.403 nan 0.0574 4.22343 2459908.370097 1847.9 0
>TOI-6297: 20.5619560 56.7781960 11.199 1.910 1.426 6707.0 4.03 nan
 TOI-6297.01: 3.867 13.316 nan 0.0580 4.27715 2459904.298736 1855.9 0
>TOI-6299: 28.0030180 50.9209390 9.349 0.850 0.677 4351.7 4.41 nan
 TOI-6299.01: 0.942 6.864 nan 0.0483 4.70890 2459905.450417 880.3 0
>TOI-630: 90.9160110 -19.0408400 9.276 1.700 1.358 7210.5 4.11 nan
 TOI-630.01: 4.042 20.527 nan 0.0626 4.90917 2459226.360983 1811.9 0
>TOI-6300: 354.6578260 60.2672450 11.643 2.030 1.538 7006.0 4.01 nan
 TOI-6300.01: 1.973 20.130 nan 0.0459 2.89768 2459909.013557 2246.7 0
>TOI-6301: 22.4065920 46.7593510 12.074 1.920 1.376 6604.0 4.01 nan
 TOI-6301.01: 5.668 11.487 nan 0.0807 7.14363 2459899.627921 1553.3 0
>TOI-6302: 47.2771200 37.0760870 11.707 0.830 0.794 4802.0 4.50 nan
 TOI-6302.01: 1.419 12.822 nan 0.0364 2.84657 2459907.648297 1105.7 0
>TOI-6304: 34.3975630 36.8370550 11.788 1.700 0.939 5421.0 3.95 nan
 TOI-6304.01: 4.787 12.169 nan 0.0454 3.64536 2459908.949571 1599.6 0
>TOI-6305: 8.0972820 54.2107400 11.798 1.290 1.055 5874.0 4.24 nan
 TOI-6305.01: 2.751 8.743 nan 0.0703 6.62459 2459909.455446 1213.3 0
>TOI-6306: 14.3917300 56.9781830 11.250 2.080 1.042 5826.0 3.82 nan
 TOI-6306.01: 4.253 13.377 nan 0.0471 3.66222 2459902.833152 1866.9 0
>TOI-6307: 36.4505400 42.1545780 12.495 0.620 0.598 3810.0 4.63 nan
 TOI-6307.01: 1.553 12.634 nan 0.0300 2.45895 2459909.820633 835.2 0
>TOI-6308: 36.2358530 52.4157940 11.505 0.780 0.670 4249.0 4.48 nan
 TOI-6308.01: 1.355 10.789 nan 0.0249 1.75551 2459908.862323 1146.7 0
>TOI-6309: 329.7007840 63.0551120 11.504 1.440 1.145 6051.0 4.18 nan
 TOI-6309.01: 3.773 12.616 nan 0.1923 28.80055 2459901.581317 798.5 0
>TOI-6310: 37.7611170 25.4132900 9.819 0.710 0.595 3896.8 4.51 nan
 TOI-6310.01: 2.080 3.275 nan 0.0369 3.35286 2459906.481901 824.2 0
>TOI-6311: 16.0488380 60.3026330 11.691 1.150 0.985 5602.0 4.31 nan
 TOI-6311.01: 3.366 10.048 nan 0.0663 6.28082 2459899.571654 1125.0 0
>TOI-6312: 357.6123160 65.8154950 11.094 2.140 1.874 7823.0 4.05 nan
 TOI-6312.01: 3.778 15.518 nan 0.1586 16.84985 2459907.258256 1385.7 0
>TOI-6313: 46.5042920 47.4613890 12.792 2.620 1.988 8120.6 3.90 nan
 TOI-6313.01: 6.687 15.935 nan 0.0715 4.95710 2459906.770206 2370.4 0
>TOI-6314: 355.6823790 62.4683620 11.845 2.060 1.620 7233.0 4.02 nan
 TOI-6314.01: 3.922 19.271 nan 0.0497 3.17774 2459904.680527 2245.5 0
>TOI-6315: 6.1868700 58.4685460 10.588 2.970 0.994 5613.0 3.49 nan
 TOI-6315.01: 6.572 13.821 nan 0.0529 4.45329 2459906.723061 2028.1 0
>TOI-6316: 25.1770880 61.0097200 11.812 1.740 1.750 7581.0 4.20 nan
 TOI-6316.01: 3.594 17.970 nan 0.0491 3.00575 2459905.111048 2176.2 0
>TOI-6317: 26.1932270 34.2440890 11.826 0.500 0.501 3518.0 4.74 nan
 TOI-6317.01: 1.969 7.134 nan 0.0407 4.24434 2459903.350981 594.6 0
>TOI-6318: 34.2703040 44.5869890 9.616 0.950 0.994 5617.5 4.48 nan
 TOI-6318.01: 0.682 7.231 nan 0.0633 5.83103 2459903.846019 1049.4 0
>TOI-6319: 34.5009860 62.7634010 10.423 2.090 1.077 5883.0 3.83 nan
 TOI-6319.01: 3.959 16.999 nan 0.0444 3.29640 2459906.834900 1946.3 0
>TOI-6320: 15.5276570 46.3872270 12.123 1.490 1.254 6358.0 4.19 nan
 TOI-6320.01: 4.088 18.920 nan 0.0499 3.63601 2459903.193487 1675.3 0
>TOI-6321: 40.5394350 53.5558020 11.612 1.180 0.946 5401.0 4.27 nan
 TOI-6321.01: 2.887 12.289 nan 0.0391 2.90868 2459909.227937 1430.7 0
>TOI-6322: 351.2975390 60.0945910 11.763 1.650 1.221 6274.0 4.09 nan
 TOI-6322.01: 3.900 11.971 nan 0.0552 4.28079 2459906.805369 1654.1 0
>TOI-6323: 32.5550000 32.9834390 11.622 1.680 1.103 6008.0 4.03 nan
 TOI-6323.01: 2.988 13.936 nan 0.0516 4.07110 2459908.696077 1653.1 0
>TOI-6325: 53.6731870 37.6946880 11.344 0.520 0.899 5273.1 4.96 nan
 TOI-6325.01: 1.587 6.786 nan 0.0454 3.73076 2459908.419586 860.5 0
>TOI-6326: 14.9768750 49.0341740 11.441 1.750 1.406 6708.0 4.10 nan
 TOI-6326.01: 3.351 16.750 nan 0.0388 2.35567 2459907.561815 2172.3 0
>TOI-6327: 20.6899770 43.9944530 11.437 0.880 0.893 5208.2 4.50 nan
 TOI-6327.01: 3.208 9.721 nan 0.0901 10.46128 2459900.576040 784.9 0
>TOI-6328: 38.3999320 49.1694610 10.465 1.680 1.558 7025.0 4.18 nan
 TOI-6328.01: 2.703 11.748 nan 0.1481 16.67223 2459886.611066 1140.9 0
>TOI-6329: 8.4847830 60.0843310 11.333 1.480 1.006 5675.0 4.10 nan
 TOI-6329.01: 1.947 13.769 nan 0.1205 15.23340 2459905.914070 959.0 0
>TOI-6331: 27.8899540 43.6665580 12.142 1.050 1.010 5684.0 4.40 nan
 TOI-6331.01: 3.410 7.923 nan 0.0608 5.44545 2459905.574700 1139.0 0
>TOI-6332: 54.9771310 34.4595150 12.124 2.040 1.416 6690.3 3.97 nan
 TOI-6332.01: 3.133 16.747 nan 0.0309 1.66301 2459906.799332 2621.3 0
>TOI-6333: 33.3462920 26.5445380 10.567 0.960 1.039 5784.6 4.49 nan
 TOI-6333.01: 2.321 3.022 nan 0.0386 2.72059 2459909.673379 1391.1 0
>TOI-6334: 33.8700910 35.3572370 10.562 2.600 1.101 5982.0 3.65 nan
 TOI-6334.01: 7.175 18.853 nan 0.0495 3.83631 2459905.971048 2090.6 0
>TOI-6335: 5.8869490 67.7757230 10.585 2.750 1.176 6176.0 3.63 nan
 TOI-6335.01: 6.012 11.263 nan 0.0587 4.79240 2459900.666047 2038.4 0
>TOI-6336: 3.4039590 56.1846570 10.986 2.340 2.189 8796.0 4.04 nan
 TOI-6336.01: 3.576 12.891 nan 0.2963 39.81053 2459893.689503 1192.0 0
>TOI-6337: 30.5091080 37.8914830 11.399 0.690 0.660 3993.0 4.58 nan
 TOI-6337.01: 1.299 9.848 nan 0.0616 6.87935 2459909.763948 644.4 0
>TOI-6338: 45.9596670 40.3245560 12.032 0.600 0.586 3581.0 4.65 nan
 TOI-6338.01: 1.051 10.794 nan 0.0210 1.44912 2459909.930562 923.0 0
>TOI-6339: 19.7907360 59.0999610 9.782 1.550 1.155 6110.0 4.12 nan
 TOI-6339.01: 2.706 4.934 nan 0.0388 2.59388 2459909.082915 1862.2 0
>TOI-6340: 340.8369900 70.3367840 11.028 2.380 1.216 6275.0 3.77 nan
 TOI-6340.01: 4.906 15.943 nan 0.0854 8.26863 2459904.952825 1597.4 0
>TOI-6341: 12.6441640 61.0462320 12.187 1.590 1.302 6433.0 4.15 nan
 TOI-6341.01: 1.682 20.770 nan 0.0416 2.71826 2459907.877418 1917.8 0
>TOI-6342: 33.3489510 36.5219950 11.605 0.610 1.053 5866.0 4.89 nan
 TOI-6342.01: 1.117 13.669 nan 0.0884 9.35681 2459895.572362 743.0 0
>TOI-6344: 23.7751410 47.7510060 11.954 1.480 1.053 5846.0 4.12 nan
 TOI-6344.01: 3.283 15.512 nan 0.0462 3.52980 2459907.818792 1595.5 0
>TOI-6345: 21.9085150 51.7109540 10.439 0.990 0.919 5301.0 4.41 nan
 TOI-6345.01: 3.174 4.559 nan 0.0645 6.23787 2459905.064219 1001.4 0
>TOI-6346: 62.7858100 56.1949560 11.905 1.140 0.968 5531.0 4.31 nan
 TOI-6346.01: 3.039 14.844 nan 0.0661 6.31117 2459933.411238 1107.6 0
>TOI-6347: 61.1696640 34.1861140 10.288 1.890 1.428 6699.9 4.04 nan
 TOI-6347.01: 4.438 14.124 nan 0.0549 3.93326 2459935.419244 1895.6 0
>TOI-6348: 82.2980020 57.6563270 11.911 1.630 1.038 5776.0 4.03 nan
 TOI-6348.01: 2.085 16.501 nan 0.0473 3.68942 2459933.238043 1635.0 0
>TOI-6349: 66.2024030 53.1282110 10.836 1.210 0.994 5635.0 4.27 nan
 TOI-6349.01: 2.800 5.705 nan 0.0387 2.79347 2459931.665595 1519.4 0
>TOI-6350: 61.4111260 50.0533940 11.860 1.140 1.190 6197.6 4.40 nan
 TOI-6350.01: 2.457 11.475 nan 0.0380 2.47667 2459933.220302 1636.9 0
>TOI-6351: 56.4111320 63.9649670 11.506 1.670 nan 5024.0 nan nan
 TOI-6351.01: 4.011 13.809 nan nan 6.75103 2459926.653788 nan 0
>TOI-6352: 61.4607880 64.2543020 10.007 0.950 1.065 5822.0 4.51 nan
 TOI-6352.01: 1.682 6.409 nan 0.0763 7.45627 2459936.484090 990.6 0
>TOI-6353: 63.1939350 46.7614640 11.219 1.620 1.124 6080.0 4.07 nan
 TOI-6353.01: 3.434 12.534 nan 0.0375 2.50481 2459935.210603 1927.0 0
>TOI-6354: 78.0434290 53.7067780 11.086 1.370 1.398 6681.2 4.31 nan
 TOI-6354.01: 3.925 11.641 nan 0.1545 18.75414 2459907.478398 959.4 0
>TOI-6356: 67.6050110 56.3944650 10.749 1.140 1.137 6121.6 4.38 nan
 TOI-6356.01: 3.493 16.250 nan 0.0496 3.77992 2459930.555384 1415.2 0
>TOI-6357: 77.5889030 39.6736570 11.952 1.080 1.145 6085.6 4.43 nan
 TOI-6357.01: 1.581 10.804 nan 0.0614 5.19419 2459933.829498 1230.7 0
>TOI-6358: 62.8008270 43.6008980 11.332 1.980 1.334 6476.4 3.97 nan
 TOI-6358.01: 3.538 13.524 nan 0.0662 5.38025 2459930.308840 1707.9 0
>TOI-6359: 63.1650740 50.1589500 11.958 1.670 1.983 8184.6 4.29 nan
 TOI-6359.01: 3.751 11.128 nan 0.0446 2.43981 2459934.924254 2415.0 0
>TOI-6360: 59.3688180 64.3212420 10.429 1.250 1.465 6799.0 4.41 nan
 TOI-6360.01: 1.347 8.956 nan 0.0350 1.97658 2459936.550769 1959.3 0
>TOI-6361: 71.4534070 57.2720360 11.851 0.810 0.869 5206.0 4.56 nan
 TOI-6361.01: 2.361 12.389 nan 0.0613 5.94197 2459926.607636 912.5 0
>TOI-6362: 77.7618170 62.6778800 12.259 1.220 1.215 6252.0 4.35 nan
 TOI-6362.01: 3.036 11.038 nan 0.0694 6.06021 2459932.637758 1264.0 0
>TOI-6363: 86.1550990 50.3776880 10.731 2.450 1.381 6600.9 3.80 nan
 TOI-6363.01: 4.635 19.117 nan 0.0766 6.58369 2459929.149780 1800.1 0
>TOI-6364: 2.7320860 78.8997290 11.970 0.800 0.929 5326.0 4.60 nan
 TOI-6364.01: 3.737 11.264 nan 0.1671 25.88662 2459899.625001 561.9 0
>TOI-6365: 67.5759910 48.3202070 11.801 1.500 0.986 5568.0 4.08 nan
 TOI-6365.01: 3.455 13.776 nan 0.0410 3.04966 2459934.072463 1624.0 0
>TOI-6366: 53.2948100 61.3429270 10.341 nan nan 13896.0 nan nan
 TOI-6366.01: 3.457 nan nan nan 18.89347 2459932.031487 nan 0
>TOI-6367: 75.5595590 48.7418560 12.108 0.540 0.545 3510.0 4.71 nan
 TOI-6367.01: 2.732 7.313 nan 0.0268 2.16533 2459933.713713 759.7 0
>TOI-6369: 69.2505350 49.6148610 10.084 1.670 1.310 6461.3 4.11 nan
 TOI-6369.01: 6.245 7.505 nan 0.1198 13.23291 2459934.394703 1163.3 0
>TOI-637: 120.7874180 -38.7420100 7.676 nan nan 5637.0 4.52 nan
 TOI-637.01: 3.818 nan nan nan 2.85792 2460008.594941 nan 0
>TOI-6370: 46.5421820 57.0756690 10.753 1.890 1.135 6051.0 3.94 nan
 TOI-6370.01: 4.175 16.423 nan 0.0416 2.91250 2459934.386386 1966.7 0
>TOI-6371: 52.6137440 61.6357720 10.911 1.350 1.029 5751.0 4.19 nan
 TOI-6371.01: 1.156 13.328 nan 0.0299 1.85978 2459934.367358 1863.4 0
>TOI-6372: 84.4808060 35.2947170 9.531 0.660 0.678 4337.0 4.63 nan
 TOI-6372.01: 2.196 2.567 nan 0.0602 6.55874 2459934.577923 692.5 0
>TOI-6373: 82.7826240 60.3867690 11.589 1.720 1.358 6592.0 4.10 nan
 TOI-6373.01: 4.318 14.238 nan 0.0630 4.96136 2459932.578534 1660.9 0
>TOI-6374: 13.8722980 73.4641640 11.461 1.300 1.071 5890.0 4.24 nan
 TOI-6374.01: 3.482 14.293 nan 0.0553 4.59449 2459933.264523 1377.1 0
>TOI-6375: 43.0418290 63.6395210 11.936 1.700 1.389 6632.0 4.12 nan
 TOI-6375.01: 2.645 15.007 nan 0.0461 3.06791 2459934.243960 1942.0 0
>TOI-6376: 68.7096550 55.8891170 11.210 2.060 1.121 6039.7 3.86 nan
 TOI-6376.01: 5.576 12.510 nan 0.0572 4.71859 2459934.822357 1747.8 0
>TOI-6378: 45.8198030 59.3086160 12.032 0.940 1.067 5925.0 4.52 nan
 TOI-6378.01: 3.683 11.973 nan 0.1103 12.95900 2459916.231219 834.1 0
>TOI-6379: 71.4960060 57.3137850 10.982 0.640 0.667 4335.0 4.65 nan
 TOI-6379.01: 0.244 12.148 nan 0.0225 1.50571 2459936.127449 1114.9 0
>TOI-6380: 48.4593070 65.2678600 10.564 0.930 0.869 5155.0 4.44 nan
 TOI-6380.01: 1.988 5.661 nan 0.0556 5.14049 2459933.989586 1016.6 0
>TOI-6381: 85.7195530 44.6700050 9.644 0.850 0.957 5492.0 4.56 nan
 TOI-6381.01: 2.409 4.549 nan 0.0830 8.92703 2459929.634393 847.5 0
>TOI-6382: 78.4999210 33.2832380 11.670 1.320 1.423 6702.0 4.35 nan
 TOI-6382.01: 1.907 13.054 nan 0.2372 35.37129 2459894.738530 762.4 0
>TOI-6384: 102.6845960 40.8728650 12.155 0.600 0.586 3691.0 4.65 nan
 TOI-6384.01: 1.541 8.871 nan 0.0300 2.48102 2459959.556369 796.0 0
>TOI-6385: 105.7777730 39.5514290 12.595 1.510 1.288 6451.9 4.19 nan
 TOI-6385.01: 3.647 18.732 nan 0.0432 2.88960 2459958.847447 1839.4 0
>TOI-6386: 85.3923230 79.5037650 12.223 1.220 1.243 6316.0 4.36 nan
 TOI-6386.01: 1.359 12.275 nan 0.0715 6.26636 2459958.684389 1258.1 0
>TOI-6387: 256.3217840 64.9300990 12.694 0.480 0.483 3452.0 4.76 nan
 TOI-6387.01: 0.562 12.746 nan 0.0170 1.16697 2459961.822257 884.5 0
>TOI-6388: 122.9789370 38.3461340 12.228 0.980 0.943 5402.0 4.43 nan
 TOI-6388.01: 0.925 20.013 nan 0.0239 1.39406 2459962.155168 1668.0 0
>TOI-6389: 113.1856750 33.5568260 11.895 1.490 1.118 6039.2 4.14 nan
 TOI-6389.01: 1.648 14.685 nan 0.1279 15.80348 2459960.486110 994.0 0
>TOI-6390: 108.7136920 51.0455490 12.162 1.370 1.189 6174.0 4.24 nan
 TOI-6390.01: 2.190 15.763 nan 0.0626 5.24344 2459956.120171 1392.7 0
>TOI-6391: 97.0911300 35.7413330 11.828 1.070 0.956 5505.9 4.36 nan
 TOI-6391.01: 3.437 9.199 nan 0.0565 5.01345 2459958.667743 1155.4 0
>TOI-6392: 105.5237950 65.2866840 11.733 1.360 1.069 5837.0 4.20 nan
 TOI-6392.01: 3.734 11.906 nan 0.0730 6.96040 2459961.921815 1214.9 0
>TOI-6394: 99.1329970 40.3698070 11.478 1.460 1.049 5817.2 4.13 nan
 TOI-6394.01: 5.160 16.531 nan 0.1101 13.02698 2459944.684979 1021.5 0
>TOI-6395: 103.8029230 45.3242060 10.953 2.220 1.716 7487.8 3.98 nan
 TOI-6395.01: 4.309 12.904 nan 0.0467 2.81403 2459958.614324 2489.5 0
>TOI-6397: 280.0648400 58.9875080 11.874 0.930 0.849 5041.0 4.43 nan
 TOI-6397.01: 0.707 17.251 nan 0.0261 1.67073 2459960.018674 1451.0 0
>TOI-6399: 110.7748360 65.4724070 12.087 1.760 0.984 5605.0 3.94 nan
 TOI-6399.01: 7.917 10.816 nan 0.1056 12.64274 2459960.222820 1103.4 0
>TOI-6400: 123.1921890 -4.2477110 11.827 2.570 1.705 7455.0 3.85 nan
 TOI-6400.01: 6.391 15.097 nan 0.0687 5.03585 2459983.780715 2198.7 0
>TOI-6401: 117.6231010 -33.5082590 11.818 nan nan nan nan nan
 TOI-6401.01: 2.129 nan nan nan 3.01994 2459983.676263 nan 0
>TOI-6402: 127.1628360 2.7104400 11.301 1.320 1.156 6111.0 4.26 nan
 TOI-6402.01: 1.794 12.264 nan 0.0465 3.40532 2459986.099782 1570.0 0
>TOI-6403: 115.5270730 -13.4608410 11.907 0.980 1.082 5931.0 4.49 nan
 TOI-6403.01: 5.052 9.501 nan 1.6479 742.68281 2459979.393533 220.6 0
>TOI-6404: 117.1374860 -22.4696510 11.148 0.920 0.870 5114.0 4.45 nan
 TOI-6404.01: 1.378 8.951 nan 0.0450 3.74430 2459985.463213 1115.0 0
>TOI-6405: 119.2574960 -20.4636230 10.551 0.770 0.716 4557.0 4.52 nan
 TOI-6405.01: 0.839 8.738 nan 0.0625 6.73921 2459980.170942 771.3 0
>TOI-6406: 127.8902760 -0.5353410 11.475 0.750 0.798 4956.1 4.59 nan
 TOI-6406.01: 1.255 11.739 nan 0.0310 2.23142 2459984.134429 1175.5 0
>TOI-6407: 107.8484390 -33.0705870 11.070 1.880 1.072 5863.0 3.92 nan
 TOI-6407.01: 6.905 10.912 nan 0.0866 8.99138 2459973.681274 1317.3 0
>TOI-6408: 120.5764160 2.5047110 11.726 0.690 0.660 3821.0 4.58 nan
 TOI-6408.01: 2.047 11.097 nan 0.0687 8.09243 2459986.095759 583.9 0
>TOI-6409: 106.4501370 -35.2561370 11.359 1.720 1.327 6476.0 4.09 nan
 TOI-6409.01: 2.951 19.193 nan 0.0286 1.53043 2459987.356029 2421.7 0
>TOI-641: 101.0717000 -23.8191870 8.901 1.040 0.991 5646.0 4.40 nan
 TOI-641.01: 1.339 3.118 nan 0.0299 1.89307 2459223.641588 1605.7 0
>TOI-6410: 119.3372940 -18.7589190 11.896 1.460 1.382 6648.0 4.25 nan
 TOI-6410.01: 4.667 12.808 nan 0.0650 5.14911 2459979.307311 1519.3 0
>TOI-6411: 110.2751320 -26.7995450 12.136 1.090 1.166 6114.0 4.43 nan
 TOI-6411.01: 3.438 7.330 nan 0.0839 8.21654 2459987.565605 1062.7 0
>TOI-6412: 121.4886870 -18.3832740 12.228 1.520 1.111 5991.0 4.12 nan
 TOI-6412.01: 1.382 11.698 nan 0.0509 3.98029 2459981.680244 1578.7 0
>TOI-6413: 122.5491900 -6.8027510 11.762 0.980 0.965 5524.8 4.44 nan
 TOI-6413.01: 1.516 11.385 nan 0.0947 10.83102 2459974.167838 857.0 0
>TOI-6414: 127.2891010 -2.1166700 9.541 1.310 1.192 6180.8 4.28 nan
 TOI-6414.01: 4.474 4.526 nan 0.1413 17.76077 2459987.730483 907.5 0
>TOI-6415: 104.7567800 -36.3610610 12.295 1.030 1.168 6165.0 4.48 nan
 TOI-6415.01: 3.561 10.498 nan 0.1561 20.83806 2459981.628151 763.6 0
>TOI-6416: 110.1652710 -27.6612360 12.127 nan nan nan nan nan
 TOI-6416.01: 3.172 nan nan nan 8.23309 2459980.202369 nan 0
>TOI-6417: 115.8482640 -8.5232140 10.809 1.750 1.143 6089.0 4.01 nan
 TOI-6417.01: 3.821 14.823 nan 0.0458 3.34583 2459987.101904 1815.0 0
>TOI-6418: 118.0041250 -11.4124310 11.456 1.190 0.984 5510.0 4.28 nan
 TOI-6418.01: 3.454 11.760 nan 0.0542 4.64781 2459980.519131 1245.0 0
>TOI-6419: 126.6027880 -23.8908080 11.971 1.160 1.074 5963.0 4.34 nan
 TOI-6419.01: 2.572 10.705 nan 0.0518 4.16045 2459981.589903 1360.7 0
>TOI-642: 104.0557750 -20.0524990 9.073 2.630 2.147 8550.0 3.93 nan
 TOI-642.01: 1.924 12.681 nan 0.0437 2.27860 2459227.230752 3198.4 0
>TOI-6421: 111.1531470 -25.0717620 12.582 1.540 1.435 6751.0 4.22 nan
 TOI-6421.01: 3.127 17.425 nan 0.0533 3.75078 2459985.803053 1749.8 0
>TOI-6422: 116.2668410 -22.1787970 11.682 1.190 1.079 5917.0 4.32 nan
 TOI-6422.01: 2.100 9.012 nan 0.0485 3.75216 2459985.504594 1413.3 0
>TOI-6423: 117.2577610 -19.2319800 12.432 1.850 1.277 6392.0 4.01 nan
 TOI-6423.01: 1.250 15.839 nan 0.0261 1.36483 2459985.558593 2595.0 0
>TOI-6424: 108.1999410 -32.5200610 12.391 1.220 1.363 6559.0 4.40 nan
 TOI-6424.01: 2.473 7.505 nan 0.0349 2.03968 2459984.928734 1870.0 0
>TOI-6425: 111.5023160 -25.4915860 11.312 1.830 1.435 6716.0 4.07 nan
 TOI-6425.01: 3.453 11.796 nan 0.1166 12.14224 2459977.389004 1283.0 0
>TOI-6426: 118.6099500 -19.6569810 12.323 1.430 1.266 6371.0 4.23 nan
 TOI-6426.01: 3.656 12.719 nan 0.0523 3.88016 2459984.741697 1606.4 0
>TOI-6427: 109.4425640 -40.8860520 11.275 1.530 1.050 5822.0 4.09 nan
 TOI-6427.01: 4.807 8.407 nan 0.1385 18.37256 2459961.906987 933.1 0
>TOI-6428: 93.9905740 -52.4802130 12.302 1.520 1.137 6087.0 4.13 nan
 TOI-6428.01: 1.509 17.737 nan 0.0288 1.67638 2459986.706088 2132.4 0
>TOI-6429: 113.6731530 -19.3670180 11.449 1.850 1.400 6658.0 4.05 nan
 TOI-6429.01: 2.581 8.371 nan 0.0395 2.42572 2459987.620891 2197.2 0
>TOI-6430: 112.1696680 -14.9911690 12.307 0.670 0.637 3967.0 4.59 nan
 TOI-6430.01: 2.055 9.876 nan 0.0396 3.60250 2459981.428415 786.8 0
>TOI-6431: 118.1386210 -12.1082540 12.189 1.150 1.184 6195.0 4.39 nan
 TOI-6431.01: 1.350 8.426 nan 0.0481 3.54235 2459981.409845 1460.7 0
>TOI-6432: 117.8984900 -21.3880030 11.802 1.080 1.093 5941.0 4.41 nan
 TOI-6432.01: 1.434 11.038 nan 0.0452 3.35617 2459984.307515 1400.3 0
>TOI-6433: 118.8275770 4.7793800 10.262 1.680 1.006 5589.0 3.99 nan
 TOI-6433.01: 3.178 9.703 nan 0.0888 9.63550 2459237.888296 1172.2 0
>TOI-6434: 117.3287320 -11.2423470 10.299 0.660 0.632 3982.0 4.60 nan
 TOI-6434.01: 1.900 4.500 nan 0.0332 2.77758 2459987.239352 856.1 0
>TOI-6435: 111.5636560 -44.5951210 9.986 1.310 1.063 5858.0 4.23 nan
 TOI-6435.01: 1.424 6.704 nan 0.0668 6.11614 2459987.023429 1250.9 0
>TOI-6436: 128.3871440 1.7069010 11.736 1.170 1.067 5925.5 4.33 nan
 TOI-6436.01: 2.432 12.500 nan 0.0674 6.18790 2459976.878311 1190.5 0
>TOI-6437: 112.0765600 -23.2700420 10.798 2.480 1.383 6649.0 3.79 nan
 TOI-6437.01: 7.754 18.264 nan 0.0895 8.31001 2459987.838206 1687.7 0
>TOI-6438: 120.7841020 -12.3984200 8.999 0.770 0.785 4833.0 4.56 nan
 TOI-6438.01: 2.019 2.929 nan 0.1152 16.12683 2459980.013021 602.5 0
>TOI-6439: 118.1540660 -4.3350760 11.481 1.670 1.437 6689.6 4.15 nan
 TOI-6439.01: 2.168 19.522 nan 0.0458 2.98967 2459982.473246 1947.9 0
>TOI-6440: 121.0179660 -17.4592260 10.788 1.610 1.275 6379.0 4.13 nan
 TOI-6440.01: 1.199 10.822 nan 0.0519 3.81901 2459982.180104 1713.2 0
>TOI-6441: 122.3223370 -16.7374050 11.192 0.810 0.830 4977.0 4.54 nan
 TOI-6441.01: 2.621 11.128 nan 0.0506 4.55791 2459981.657715 960.2 0
>TOI-6443: 114.9043860 -25.4654470 10.973 1.750 1.312 6453.0 4.07 nan
 TOI-6443.01: 2.861 10.288 nan 0.0994 9.98721 2459971.064943 1305.6 0
>TOI-6444: 107.0323610 -30.5956690 12.363 1.490 1.118 6019.0 4.14 nan
 TOI-6444.01: 5.394 14.024 nan 0.1082 12.29253 2459978.355540 1077.1 0
>TOI-6445: 136.0079110 8.7341400 11.098 0.990 0.984 5543.0 4.44 nan
 TOI-6445.01: 1.812 8.338 nan 0.1726 26.39266 2459965.970231 640.1 0
>TOI-6446: 117.6932040 -2.0778090 11.908 0.590 0.580 3724.0 4.66 nan
 TOI-6446.01: 1.605 11.524 nan 0.0427 4.22400 2459983.882874 667.5 0
>TOI-6449: 125.9304550 -5.1894960 12.597 0.450 0.445 3356.0 4.78 nan
 TOI-6449.01: 1.354 12.139 nan 0.0271 2.44041 2459984.192328 659.4 0
>TOI-6450: 134.6086210 -6.3138010 11.454 0.790 0.771 4823.0 4.53 nan
 TOI-6450.01: 2.376 6.676 nan 0.0422 3.60927 2459984.168620 1006.3 0
>TOI-6451: 117.6245260 -31.7301500 12.327 1.500 1.493 6852.0 4.26 nan
 TOI-6451.01: 2.962 10.078 nan 0.0697 5.49508 2459978.277606 1532.8 0
>TOI-6452: 114.3249590 -11.7373200 11.794 1.100 1.011 5647.0 4.36 nan
 TOI-6452.01: 3.138 8.534 nan 0.0593 5.24777 2459987.078877 1172.8 0
>TOI-6453: 109.2739900 -24.1367170 12.266 1.980 1.397 6621.0 3.99 nan
 TOI-6453.01: 5.418 12.816 nan 0.0791 6.86885 2459977.256094 1597.4 0
>TOI-6454: 123.9129550 -29.9719550 9.962 0.900 0.956 5443.0 4.51 nan
 TOI-6454.01: 4.055 5.017 nan 0.1537 22.50129 2459948.818566 635.1 0
 TOI-6454.02: 3.260 3.692 nan 0.0953 10.98358 2459974.384105 806.6 0
>TOI-6455: 96.8616350 -52.2978080 9.947 1.848 0.750 5811.0 3.78 nan
 TOI-6455.01: 1.769 15.846 nan 0.0165 0.89706 2459963.646985 2965.5 0
>TOI-6456: 135.1397040 1.3901370 11.060 1.337 1.108 6763.0 4.23 nan
 TOI-6456.01: 2.461 19.781 nan 0.0350 2.26859 2459963.887975 2015.6 0
>TOI-6457: 108.5617080 33.0703630 9.635 1.414 1.130 6080.7 4.19 nan
 TOI-6457.01: 8.117 10.734 nan 0.2440 41.41863 2460280.041806 705.9 0
>TOI-6458: 80.0030790 32.7854330 5.663 2.091 1.190 6200.9 3.87 nan
 TOI-6458.01: 3.587 2.536 nan 0.0949 9.78319 2458817.030487 1403.6 0
>TOI-6459: 120.4057950 -48.8216030 9.391 1.130 0.867 5588.0 4.27 nan
 TOI-6459.01: 3.670 2.767 nan 0.0557 5.14944 2460008.619686 1213.7 0
>TOI-6460: 114.9210630 -8.9189690 10.616 1.040 1.014 5754.0 4.41 nan
 TOI-6460.01: 2.581 4.135 nan 0.0528 4.40444 2459984.409752 1231.4 0
>TOI-6461: 118.6771800 -4.3421490 10.329 nan nan 6876.0 4.15 nan
 TOI-6461.01: 1.304 nan nan nan 4.06463 2459982.300342 nan 0
>TOI-6462: 123.0163350 2.7823700 11.253 1.830 1.537 6976.0 4.10 nan
 TOI-6462.01: 3.999 14.848 nan 0.0557 3.87202 2459980.581682 1928.1 0
>TOI-6463: 130.2569860 -40.5847890 10.528 1.519 1.244 6543.5 4.17 nan
 TOI-6463.01: 8.531 10.771 nan 0.0969 9.87388 2459992.239565 1249.3 0
>TOI-6464: 133.4770300 -38.9971120 10.572 2.660 1.451 6803.0 3.75 nan
 TOI-6464.01: 6.594 11.718 nan 0.1006 9.67425 2460008.968908 1686.8 0
>TOI-6465: 127.9819810 -37.4626520 11.842 0.550 0.540 3421.0 4.69 nan
 TOI-6465.01: 0.395 13.894 nan 0.0121 0.65937 2460013.850462 1112.2 0
>TOI-6466: 133.2333640 -31.9981240 12.006 0.820 1.022 5712.0 4.62 nan
 TOI-6466.01: 0.568 8.184 nan 0.0253 1.45719 2460013.533512 1568.1 0
>TOI-6467: 153.8906170 -14.7085660 11.884 1.640 1.235 6311.0 4.10 nan
 TOI-6467.01: 5.207 10.816 nan 0.1100 11.99641 2460009.154035 1175.1 0
>TOI-6468: 129.9972150 -36.1817860 11.234 1.450 1.461 6799.0 4.28 nan
 TOI-6468.01: 4.577 10.552 nan 0.1172 12.12282 2460007.969960 1153.2 0
>TOI-6469: 141.2199020 -39.0309760 10.420 1.180 1.061 5876.0 4.32 nan
 TOI-6469.01: 5.259 6.841 nan 0.1693 24.71047 2459972.631689 748.0 0
>TOI-647: 83.9554840 -18.6495910 8.719 5.010 nan 4900.0 nan nan
 TOI-647.01: 3.753 13.271 nan nan 4.90765 2458470.601840 nan 0
>TOI-6470: 146.7163590 -35.2065010 11.272 1.400 1.301 6415.0 4.26 nan
 TOI-6470.01: 1.641 9.423 nan 0.1225 13.73338 2459998.192483 1045.7 0
>TOI-6471: 107.1908110 -49.8218260 12.032 1.150 1.031 5745.0 4.33 nan
 TOI-6471.01: 2.567 5.099 nan 0.0418 3.07584 2460008.932044 1453.1 0
>TOI-6472: 128.4640350 -43.7843950 11.857 2.000 1.675 7349.0 4.06 nan
 TOI-6472.01: 4.872 14.349 nan 0.0449 2.68083 2460011.106992 2365.1 0
>TOI-6473: 149.9708480 -22.9225850 12.260 0.870 1.002 5636.0 4.56 nan
 TOI-6473.01: 1.044 7.470 nan 0.0209 1.09929 2460011.956516 1753.4 0
>TOI-6474: 140.4221640 -29.1080790 11.816 nan nan 8753.0 nan nan
 TOI-6474.01: 2.609 nan nan nan 1.60694 2460012.369919 nan 0
>TOI-6475: 119.4515270 -40.7364410 11.212 1.620 1.416 6685.0 4.17 nan
 TOI-6475.01: 9.151 15.707 nan 0.1958 26.59886 2459997.919926 927.2 0
>TOI-6476: 140.1999490 -18.6674700 11.717 1.330 1.258 6381.0 4.29 nan
 TOI-6476.01: 5.237 10.867 nan 0.0853 8.11687 2459998.505612 1215.0 0
>TOI-6477: 146.1503100 -30.1047540 11.694 1.760 1.183 6206.0 4.02 nan
 TOI-6477.01: 3.531 12.750 nan 0.0494 3.68607 2460006.687707 1786.2 0
>TOI-6479: 130.7321650 -37.6343540 11.423 1.060 1.103 6037.0 4.43 nan
 TOI-6479.01: 1.507 12.012 nan 0.0413 2.91938 2460008.643088 1474.8 0
>TOI-6480: 122.6941020 -43.8534010 11.080 1.430 1.708 7459.0 4.36 nan
 TOI-6480.01: 3.922 9.688 nan 1.9317 750.23955 2460010.445952 309.5 0
>TOI-6481: 155.5559830 -14.0521490 11.204 0.900 0.872 5159.0 4.47 nan
 TOI-6481.01: 2.260 6.386 nan 0.0636 6.27965 2460007.897962 935.8 0
>TOI-6482: 141.9296380 -24.9650290 12.099 1.580 1.045 5782.0 4.06 nan
 TOI-6482.01: 5.424 17.471 nan 2.5835 1483.51751 2458522.214136 218.0 0
>TOI-6483: 110.3011460 -49.1348580 11.069 0.780 0.824 4961.0 4.57 nan
 TOI-6483.01: 0.887 6.028 nan 0.0551 5.20770 2460007.257989 900.1 0
>TOI-6484: 109.3229450 -54.1171930 10.728 0.780 0.844 5057.0 4.58 nan
 TOI-6484.01: 3.640 3.872 nan 0.1282 18.24578 2459989.462343 601.5 0
>TOI-6485: 150.9569900 -19.2825000 12.427 1.260 1.054 5782.0 4.26 nan
 TOI-6485.01: 4.558 14.550 nan 0.1318 17.01809 2460013.556944 862.1 0
>TOI-6487: 135.7666760 -29.2807100 11.190 1.540 1.309 6466.0 4.18 nan
 TOI-6487.01: 2.273 9.822 nan 0.1252 14.13519 2459994.435005 1093.5 0
>TOI-6488: 105.5972210 -50.8723500 10.686 1.020 0.975 5560.0 4.41 nan
 TOI-6488.01: 2.817 3.892 nan 0.0782 8.08505 2460010.258574 968.3 0
>TOI-6489: 157.8203590 -18.8085440 10.818 0.670 0.731 4593.4 4.65 nan
 TOI-6489.01: 1.483 3.088 nan 0.0360 2.91788 2460010.705790 955.6 0
>TOI-649: 102.2226700 -13.5272690 9.332 2.430 1.456 6779.0 3.83 nan
 TOI-649.01: 1.312 9.499 nan 0.0212 0.93709 2459225.989665 3499.7 0
>TOI-6490: 134.5819480 -22.7009340 12.192 1.530 1.292 6428.0 4.18 nan
 TOI-6490.01: 4.914 12.327 nan 0.0841 7.84221 2460012.251052 1322.1 0
>TOI-6491: 143.5254690 -34.0383200 11.358 1.580 1.070 5936.0 4.07 nan
 TOI-6491.01: 4.338 8.431 nan 0.0770 7.55204 2459999.851216 1296.6 0
>TOI-6492: 145.0120870 -10.9771680 12.034 0.540 0.533 3556.0 4.70 nan
 TOI-6492.01: 2.747 12.442 nan 1.2886 731.83197 2459262.123700 111.0 0
>TOI-6493: 112.9812850 -49.1341210 10.343 0.570 0.567 3808.0 4.68 nan
 TOI-6493.01: 1.486 3.394 nan 0.0342 3.06671 2460007.949022 749.6 0
>TOI-6494: 142.3725270 -54.4331480 11.531 nan nan 8706.0 nan nan
 TOI-6494.01: 2.093 nan nan nan 3.53279 2460037.919088 nan 0
>TOI-6495: 150.7192760 -46.3747180 11.987 1.770 1.143 6118.0 4.00 nan
 TOI-6495.01: 4.416 11.691 nan 0.0496 3.77817 2460034.982322 1762.3 0
>TOI-6496: 151.0489140 -60.1262290 12.780 nan nan nan nan nan
 TOI-6496.01: 2.554 nan nan nan 0.99422 2460037.882769 nan 0
>TOI-6497: 164.1417350 -57.7044270 12.175 1.440 1.474 6788.0 4.29 nan
 TOI-6497.01: 1.793 16.845 nan 0.0370 2.14398 2460035.301628 2042.0 0
>TOI-6498: 147.8853340 -67.1130470 11.504 0.840 0.814 4952.0 4.50 nan
 TOI-6498.01: 4.509 12.016 nan 0.1457 22.50952 2460031.276647 573.4 0
>TOI-6499: 149.6376540 -37.7075840 12.331 0.570 0.567 3642.0 4.68 nan
 TOI-6499.01: 1.196 10.215 nan 0.0703 9.04415 2460024.214602 500.1 0
>TOI-6500: 152.5675200 -40.6473600 10.864 1.100 0.988 5599.0 4.35 nan
 TOI-6500.01: 1.091 7.757 nan 0.0525 4.41569 2460038.185655 1235.8 0
>TOI-6501: 149.3652720 -42.8611810 11.757 1.430 1.103 5973.0 4.17 nan
 TOI-6501.01: 3.561 9.082 nan 0.0548 4.45818 2460035.416251 1471.3 0
>TOI-6502: 139.1721610 -44.5848080 11.908 2.430 1.634 7304.0 3.88 nan
 TOI-6502.01: 6.032 15.400 nan 0.0680 5.07117 2460030.946212 2105.4 0
>TOI-6503: 151.6111420 -47.0242800 11.951 1.980 1.162 6166.0 3.91 nan
 TOI-6503.01: 3.684 13.612 nan 0.0514 3.95350 2460032.665492 1845.4 0
>TOI-6504: 102.2929450 -76.2457190 12.065 1.450 0.988 5657.0 4.11 nan
 TOI-6504.01: 5.311 9.182 nan 0.0702 6.83281 2460040.002324 1239.8 0
>TOI-6505: 153.4705260 -63.4901430 12.030 0.570 0.554 3792.0 4.67 nan
 TOI-6505.01: 3.711 11.934 nan 0.1016 15.89519 2460020.455900 433.1 0
>TOI-6506: 144.0653860 -49.2456740 11.816 0.920 0.976 5555.0 4.50 nan
 TOI-6506.01: 4.918 9.661 nan 0.1078 13.07959 2460015.235883 782.5 0
>TOI-6507: 160.6027350 -30.2499320 11.586 0.800 0.809 4930.0 4.54 nan
 TOI-6507.01: 1.743 6.029 nan 0.0552 5.26717 2460034.719502 905.0 0
>TOI-6508: 180.7642690 -33.6655000 11.496 0.210 0.180 3003.0 5.05 nan
 TOI-6508.01: 1.506 10.231 nan 0.0787 18.99269 2460038.984559 236.5 0
>TOI-6509: 139.1060480 -63.6410650 10.995 2.490 1.214 6237.0 3.73 nan
 TOI-6509.01: 6.027 16.286 nan 0.0659 5.60224 2460035.128051 1848.7 0
>TOI-651: 92.1056620 -11.1473330 6.451 nan nan 8576.7 nan nan
 TOI-651.01: 1.979 nan nan nan 1.06979 2459226.896187 nan 0
>TOI-6510: 143.6925570 -63.7355120 11.225 1.290 1.104 5983.0 4.26 nan
 TOI-6510.01: 4.309 10.111 nan 0.2286 37.98781 2459987.504092 685.3 0
>TOI-6511: 155.1642040 -69.4883660 11.702 1.090 1.114 6012.0 4.41 nan
 TOI-6511.01: 4.511 9.421 nan 0.1573 21.59622 2460001.825924 763.1 0
>TOI-6512: 151.5879150 -39.0920190 12.267 2.250 1.277 6421.0 3.84 nan
 TOI-6512.01: 1.366 15.743 nan 0.0391 2.50110 2460038.289329 2348.8 0
>TOI-6513: 64.9613410 -69.8542070 12.513 0.640 0.623 3642.0 4.62 nan
 TOI-6513.01: 1.395 9.943 nan 0.0301 2.42147 2460037.851741 809.8 0
>TOI-6514: 143.5239300 -54.9054210 11.189 2.140 2.528 9833.0 4.18 nan
 TOI-6514.01: 5.030 16.953 nan 0.0674 4.02368 2460034.691388 2671.8 0
>TOI-6515: 153.7142240 -43.5151620 12.224 1.890 1.011 5709.0 3.89 nan
 TOI-6515.01: 4.366 13.218 nan 0.0480 3.81494 2460034.628679 1727.4 0
>TOI-6516: 155.8863270 -52.9533550 12.027 1.420 1.113 5972.0 4.18 nan
 TOI-6516.01: 4.036 10.510 nan 0.1436 18.83928 2460018.647355 905.6 0
>TOI-6517: 143.5956470 -41.5257720 11.364 1.040 1.337 6478.0 4.53 nan
 TOI-6517.01: 1.096 6.088 nan 0.0410 2.61850 2460038.989920 1573.3 0
>TOI-6518: 151.8347120 -53.3433070 10.909 2.610 nan 5147.0 nan nan
 TOI-6518.01: 1.619 15.702 nan nan 2.19789 2460035.739125 nan 0
>TOI-6519: 162.1688120 -24.7194270 9.986 2.470 nan 4953.5 nan nan
 TOI-6519.01: 9.970 13.800 nan nan 10.39726 2460026.546049 nan 0
>TOI-6520: 137.2905000 -51.0739560 11.529 3.380 nan 5200.0 nan nan
 TOI-6520.01: 2.116 19.355 nan nan 7.60162 2460029.644705 nan 0
>TOI-6521: 81.2375850 -57.0354770 12.920 0.580 0.561 3873.0 4.66 nan
 TOI-6521.01: 1.874 12.252 nan 0.0378 3.58125 2460033.081590 731.6 0
>TOI-6522: 156.4030660 -32.5928270 10.103 0.890 0.872 5109.0 4.48 nan
 TOI-6522.01: 1.935 4.751 nan 0.0528 4.73835 2460034.344843 1011.5 0
>TOI-6523: 103.4027870 -64.4374030 11.871 1.330 1.348 5816.0 4.32 nan
 TOI-6523.01: 4.133 14.045 nan 0.0851 7.80946 2460908.229186 1108.7 0
>TOI-6524: 135.5570360 -62.6470580 11.914 0.540 0.533 3254.0 4.70 nan
 TOI-6524.01: 0.648 16.072 nan 0.0143 0.85154 2460039.991677 964.2 0
>TOI-6525: 162.2710120 -45.0855460 12.304 1.120 1.048 5794.0 4.36 nan
 TOI-6525.01: 3.429 15.334 nan 1.6136 731.35484 2460018.452985 232.8 0
>TOI-6526: 174.1256440 -31.5351440 11.353 0.960 0.864 5167.0 4.41 nan
 TOI-6526.01: 2.355 7.683 nan 0.1121 14.74782 2460026.901592 729.1 0
>TOI-6527: 141.6114720 -59.6734780 12.350 0.670 0.652 3493.0 4.60 nan
 TOI-6527.01: 2.000 14.381 nan 0.0522 5.38949 2460037.607112 603.4 0
>TOI-6528: 164.2966040 -27.5236980 12.005 0.800 0.996 5602.0 4.63 nan
 TOI-6528.01: 3.050 8.944 nan 2.5427 1484.19343 2458551.974298 151.5 0
>TOI-6529: 160.9490070 -33.1550270 9.240 0.730 0.706 4526.0 4.56 nan
 TOI-6529.01: 2.266 2.191 nan 0.0664 7.44764 2460035.361451 723.6 0
>TOI-6530: 164.6762910 -35.3410720 9.341 0.700 0.664 4189.0 4.57 nan
 TOI-6530.01: 2.142 2.923 nan 0.0521 5.33280 2460031.360183 740.4 0
>TOI-6531: 142.4932240 -50.7251860 12.022 2.320 nan 5186.0 nan nan
 TOI-6531.01: 4.677 16.839 nan nan 4.41608 2460037.428926 nan 0
>TOI-6532: 151.6810830 -39.7107750 11.656 1.500 1.214 6229.4 4.17 nan
 TOI-6532.01: 2.699 18.816 nan 0.0648 5.47369 2460037.030104 1445.2 0
>TOI-6533: 156.6173460 -56.5455370 12.663 1.560 2.229 8849.0 4.40 nan
 TOI-6533.01: 3.523 11.184 nan 0.0516 2.86564 2460036.616077 2346.2 0
>TOI-6534: 163.0909770 -56.2638990 11.710 nan nan nan nan nan
 TOI-6534.01: 3.930 nan nan nan 3.45426 2460035.270028 nan 0
>TOI-6535: 132.0234040 -58.7585440 10.945 1.710 1.472 6838.0 4.14 nan
 TOI-6535.01: 3.321 7.562 nan 0.1686 20.83592 2460020.202715 1050.1 0
>TOI-6536: 144.3579070 -48.2752310 12.318 0.990 1.130 6030.0 4.50 nan
 TOI-6536.01: 3.699 6.481 nan 0.0534 4.23803 2460031.461041 1252.0 0
>TOI-6537: 165.1402200 -49.0773280 10.904 0.980 nan 5005.4 nan nan
 TOI-6537.01: 2.667 3.963 nan nan 3.64779 2460033.390882 nan 0
>TOI-6538: 166.5579210 -54.5732520 11.040 1.830 1.193 6219.0 3.99 nan
 TOI-6538.01: 5.215 9.559 nan 0.0664 5.71807 2460037.150566 1574.3 0
>TOI-6539: 152.6809450 -48.2726300 12.711 2.020 1.831 7743.0 4.09 nan
 TOI-6539.01: 2.442 14.386 nan 0.0425 2.36459 2460036.316219 2574.1 0
>TOI-6540: 179.9777800 -30.2215990 12.358 1.250 1.013 5643.0 4.25 nan
 TOI-6540.01: 3.110 10.696 nan 0.0537 4.51278 2460035.449501 1312.8 0
>TOI-6541: 157.2435070 -58.7941380 7.690 0.760 0.941 5419.4 4.65 nan
 TOI-6541.01: 4.815 1.100 nan 0.0626 5.89915 2460065.150815 910.6 0
>TOI-6543: 183.6114700 -58.0587890 8.295 1.180 1.037 5759.0 4.31 nan
 TOI-6543.01: 5.554 3.549 nan 0.1234 15.55237 2460067.846787 858.7 0
>TOI-6544: 190.1580970 -48.1407480 8.130 1.940 nan 4935.7 nan nan
 TOI-6544.01: 2.294 5.132 nan nan 3.62495 2460067.409044 nan 0
>TOI-6545: 187.6515420 -43.9535610 8.943 2.480 1.233 6315.0 3.74 nan
 TOI-6545.01: 2.307 5.609 nan 0.0663 5.61775 2460067.553154 1862.4 0
>TOI-6548: 132.7678830 -69.3441770 11.664 1.899 1.377 6619.0 4.02 nan
 TOI-6548.01: 3.545 10.397 nan 0.0910 8.54730 2460047.264124 1458.0 0
>TOI-6549: 84.8589880 -52.9333110 11.195 1.561 1.010 5681.0 4.06 nan
 TOI-6549.01: 5.126 19.137 nan 0.0656 6.10796 2460042.872392 1336.3 0
>TOI-6550: 121.4546640 -41.1356310 10.196 2.050 3.593 6649.3 4.37 nan
 TOI-6550.01: 6.156 15.962 nan 0.1088 6.91539 2460002.897395 1391.8 0
>TOI-6552: 74.7566260 -56.7159960 11.588 1.531 1.746 5933.0 4.31 nan
 TOI-6552.01: 4.010 13.584 nan 0.0519 3.27062 2460017.528216 1553.9 0
>TOI-6553: 209.1623750 -61.1829930 8.300 2.310 1.045 5829.0 3.73 nan
 TOI-6553.01: 3.683 4.362 nan 0.0469 3.63425 2460090.512031 1972.6 0
>TOI-6554: 241.9224140 -33.2493670 9.125 1.460 1.001 5650.0 4.11 nan
 TOI-6554.01: 2.639 3.603 nan 0.0372 2.61410 2460089.671764 1706.8 0
>TOI-6555: 223.6277100 -68.3845420 8.829 1.900 1.477 6802.0 4.05 nan
 TOI-6555.01: 4.796 3.768 nan 0.1043 10.12989 2460090.426135 1399.9 0
>TOI-6556: 213.6671890 -41.5597030 9.253 1.390 1.117 5996.0 4.20 nan
 TOI-6556.01: 3.564 5.946 nan 0.1120 12.96232 2460085.168154 1018.6 0
>TOI-6557: 228.5030440 -45.0122670 8.918 1.230 1.101 6018.0 4.30 nan
 TOI-6557.01: 3.084 3.449 nan 0.1091 12.53833 2460082.161972 974.4 0
>TOI-6558: 216.1339910 -52.8317180 8.678 0.720 0.719 4504.0 4.58 nan
 TOI-6558.01: 2.550 2.391 nan 0.0788 9.53271 2460090.325874 656.5 0
>TOI-6559: 202.1578810 -62.1699380 9.070 1.220 1.058 5878.0 4.29 nan
 TOI-6559.01: 4.101 6.172 nan 1.6220 733.37967 2460071.107871 245.8 0
>TOI-6560: 220.4092440 -26.7907810 8.337 1.630 1.307 6470.6 4.13 nan
 TOI-6560.01: 1.464 8.176 nan 0.1426 17.20515 2460086.740768 1054.9 0
>TOI-6561: 245.2244460 -38.6902240 8.367 3.950 nan 4999.0 nan nan
 TOI-6561.01: 1.192 15.526 nan nan 3.17393 2460089.816641 nan 0
>TOI-6562: 220.2997510 -32.3633520 10.918 2.199 3.283 5983.0 4.27 nan
 TOI-6562.01: 5.191 17.361 nan 0.0744 4.09475 2460071.647261 1568.5 0
>TOI-6563: 212.2004420 -55.7123030 10.442 1.846 0.960 5476.0 3.89 nan
 TOI-6563.01: 3.352 19.938 nan 0.0347 2.40530 2460069.195099 1926.0 0
>TOI-6565: 218.7294360 -34.0571530 10.647 1.463 1.190 6210.0 4.18 nan
 TOI-6565.01: 1.009 6.174 nan 0.0190 0.87787 2460069.279602 2627.7 0
>TOI-6566: 225.7063660 -40.1676150 11.245 1.895 1.309 6457.0 4.00 nan
 TOI-6566.01: 2.060 10.710 nan 0.0826 7.58378 2460070.365899 1491.3 0
>TOI-6567: 219.0424830 -34.4960570 10.658 0.912 0.970 5524.0 4.50 nan
 TOI-6567.01: 1.330 10.695 nan 0.0563 4.94861 2460070.335763 1072.1 0
>TOI-6568: 194.6840030 -58.4767420 10.187 1.475 1.250 6332.0 4.20 nan
 TOI-6568.01: 4.379 18.684 nan 0.1418 17.43681 2460068.759071 984.8 0
>TOI-6569: 184.8009280 -46.7803050 12.282 0.530 0.525 3322.0 4.71 nan
 TOI-6569.01: 1.089 19.934 nan 0.0518 5.93372 2460059.263217 512.4 0
>TOI-657: 147.4067000 -33.2185030 11.510 1.283 1.152 6122.0 4.28 nan
 TOI-657.01: 3.954 13.058 nan 0.0565 4.56967 2459283.031579 1406.7 0
>TOI-6570: 190.4386880 -45.7436290 11.391 1.340 1.038 5754.2 4.20 nan
 TOI-6570.01: 3.390 8.317 nan 0.0979 10.97998 2460052.705385 1026.5 0
>TOI-6571: 206.3946090 -42.8263020 10.015 1.010 1.048 5835.0 4.45 nan
 TOI-6571.01: 3.661 3.827 nan 0.1015 11.53792 2460062.226210 887.6 0
>TOI-6572: 200.0070620 -34.6349370 12.196 1.840 1.027 5707.0 3.92 nan
 TOI-6572.01: 3.662 14.220 nan 0.0468 3.64623 2460062.895722 1725.5 0
>TOI-6573: 191.3009440 -55.3189650 11.707 1.590 1.639 7238.0 4.25 nan
 TOI-6573.01: 2.170 11.849 nan 0.0935 8.16185 2460056.670983 1439.3 0
>TOI-6574: 156.5120150 -56.3297980 11.000 1.540 1.167 6103.0 4.13 nan
 TOI-6574.01: 1.925 8.334 nan 0.1145 13.09531 2460045.509051 1079.3 0
>TOI-6575: 187.5832150 -59.4131430 11.381 1.300 1.380 6636.0 4.35 nan
 TOI-6575.01: 3.735 4.709 nan 0.0483 3.30475 2460062.603665 1660.1 0
>TOI-6576: 164.9276220 -58.6590280 11.891 0.920 1.070 5850.0 4.54 nan
 TOI-6576.01: 3.920 9.913 nan 0.1441 19.31114 2460045.171715 712.8 0
>TOI-6577: 189.6300310 -41.4738900 10.509 0.770 0.881 5136.9 4.61 nan
 TOI-6577.01: 1.515 15.229 nan 1.5209 729.93918 2460047.808240 176.3 0
>TOI-6578: 188.1323360 -37.0738440 9.784 0.540 0.533 3573.0 4.70 nan
 TOI-6578.01: 1.471 2.114 nan 0.0312 2.75432 2460061.045162 716.8 0
>TOI-6579: 167.2122090 -54.3151210 12.506 1.630 1.571 7081.0 4.21 nan
 TOI-6579.01: 2.541 13.050 nan 0.0522 3.47325 2460066.773925 1908.0 0
>TOI-6580: 185.6242620 -32.3369100 10.676 2.040 1.003 5586.7 3.82 nan
 TOI-6580.01: 6.171 9.914 nan 0.0967 10.96010 2460061.735735 1237.3 0
>TOI-6581: 176.3970490 -50.5665300 10.377 1.200 1.001 5656.0 4.28 nan
 TOI-6581.01: 2.561 5.598 nan 0.0566 4.91567 2460058.281391 1255.8 0
>TOI-6582: 201.8992910 -46.3867920 10.744 2.850 2.247 8968.0 3.88 nan
 TOI-6582.01: 2.277 14.454 nan 0.1867 19.65009 2460030.550090 1689.6 0
>TOI-6583: 154.6985010 -62.7930240 10.820 1.700 1.918 7936.0 4.26 nan
 TOI-6583.01: 1.479 13.167 nan 0.0927 7.44740 2460066.407060 1638.8 0
>TOI-6584: 149.9113560 -62.9754970 11.255 1.570 1.056 5860.0 4.07 nan
 TOI-6584.01: 1.859 10.204 nan 0.0475 3.68508 2460065.199093 1624.6 0
>TOI-6586: 147.3966420 -63.4940290 11.116 2.340 1.231 6269.0 3.79 nan
 TOI-6586.01: 5.025 12.043 nan 0.0621 5.09535 2460067.268245 1855.6 0
>TOI-6587: 191.6793880 -35.4180440 11.139 0.910 1.023 5668.0 4.53 nan
 TOI-6587.01: 3.129 8.555 nan 0.1304 17.01168 2460039.044084 722.0 0
>TOI-6588: 202.2387400 -56.7825370 12.430 0.620 0.598 3458.0 4.63 nan
 TOI-6588.01: 1.415 13.251 nan 0.0244 1.79889 2460064.512133 840.5 0
>TOI-6589: 171.4738910 -53.3100610 12.549 1.780 1.489 6821.0 4.11 nan
 TOI-6589.01: 3.696 17.659 nan 0.0471 3.05895 2460066.991139 2022.0 0
>TOI-659: 150.1538610 -34.6814460 8.682 1.420 0.752 5990.0 4.01 nan
 TOI-659.01: 1.594 9.690 nan 0.0501 4.71928 2460030.273214 1537.7 0
>TOI-6590: 186.3456760 -44.0432700 12.518 1.370 1.085 5924.0 4.20 nan
 TOI-6590.01: 5.635 14.521 nan 0.0742 7.09117 2460064.240702 1227.5 0
>TOI-6591: 154.8962390 -57.0710890 10.962 3.740 nan 5668.0 nan nan
 TOI-6591.01: 6.879 11.658 nan nan 5.78816 2460061.434997 nan 0
>TOI-6592: 190.6378180 -34.0905960 11.650 1.140 0.968 5478.0 4.31 nan
 TOI-6592.01: 1.448 16.501 nan 0.0869 9.50990 2460059.616028 956.7 0
>TOI-6593: 203.6044070 -49.2911920 11.640 0.980 0.900 5300.0 4.41 nan
 TOI-6593.01: 1.731 9.455 nan 0.0783 8.43252 2460056.002371 904.2 0
>TOI-6594: 205.6079790 -29.8006420 12.027 1.660 1.181 6171.0 4.07 nan
 TOI-6594.01: 2.288 15.704 nan 0.0399 2.67581 2460064.819932 1919.4 0
>TOI-6595: 143.9457100 -60.0834780 9.644 0.890 0.872 5139.0 4.48 nan
 TOI-6595.01: 2.121 3.230 nan 0.0717 7.51387 2460064.504203 873.1 0
>TOI-6596: 166.7284630 -54.7388760 9.692 1.140 1.163 6139.0 4.39 nan
 TOI-6596.01: 3.631 10.123 nan 0.1814 26.16221 2460059.058585 742.1 0
>TOI-6597: 190.9782660 -33.2659590 11.793 1.090 1.064 5822.0 4.39 nan
 TOI-6597.01: 1.044 6.927 nan 0.0188 0.90979 2460065.943685 2137.7 0
>TOI-6598: 184.3492870 -46.1736320 12.166 1.490 1.508 6876.0 4.27 nan
 TOI-6598.01: 2.710 11.791 nan 0.1097 10.80896 2460066.239550 1222.0 0
>TOI-6599: 205.9239280 -40.0418740 9.248 0.202 0.178 3087.0 5.08 nan
 TOI-6599.01: 0.940 1.037 nan 0.0187 2.20592 2460041.770755 489.2 0
>TOI-6600: 187.4419960 -69.6518390 9.760 1.010 0.833 5035.0 4.35 nan
 TOI-6600.01: 2.537 4.189 nan 0.0449 3.80302 2460091.633257 1151.5 0
>TOI-6601: 101.5681270 -62.3474020 12.175 0.380 0.364 3230.0 4.84 nan
 TOI-6601.01: 1.661 11.995 nan 0.1425 32.54448 2460131.942667 254.3 0
>TOI-6602: 174.1719910 -71.1838440 10.450 1.720 0.877 5188.0 3.91 nan
 TOI-6602.01: 1.134 5.908 nan 0.0255 1.58401 2460094.284112 2054.6 0
>TOI-6603: 204.2126540 -55.2704520 11.896 2.370 1.590 7155.0 3.89 nan
 TOI-6603.01: 5.154 14.653 nan 0.0669 5.01581 2460090.855431 2053.5 0
>TOI-6604: 220.6526990 -25.5539300 11.327 1.540 1.309 6466.0 4.18 nan
 TOI-6604.01: 2.619 13.477 nan 0.0532 3.91748 2460088.668722 1677.5 0
>TOI-6605: 230.3891050 -66.2644260 12.066 0.870 0.979 5614.0 4.55 nan
 TOI-6605.01: 3.980 9.710 nan 0.1036 12.29813 2460087.153755 784.5 0
>TOI-6606: 215.1165960 -44.3543160 12.049 1.340 0.969 5526.0 4.17 nan
 TOI-6606.01: 1.744 15.299 nan 0.0360 2.53540 2460092.591766 1625.7 0
>TOI-6607: 167.5848240 -69.3449920 11.374 1.690 1.342 6520.0 4.11 nan
 TOI-6607.01: 5.989 10.366 nan 0.1080 11.18609 2460080.819177 1243.7 0
>TOI-6608: 218.9446370 -32.7192930 11.476 0.990 0.877 5137.0 4.39 nan
 TOI-6608.01: 1.481 13.336 nan 0.0706 7.31448 2460093.589256 927.6 0
>TOI-6609: 217.9854950 -54.4006520 11.885 1.010 1.048 5832.0 4.45 nan
 TOI-6609.01: 3.750 10.679 nan 0.1096 12.94146 2460083.772410 853.7 0
>TOI-6610: 224.5714780 -49.2759790 10.293 1.570 1.270 6396.0 4.15 nan
 TOI-6610.01: 3.416 14.287 nan 0.0457 3.16515 2460089.141513 1807.7 0
>TOI-6611: 229.8837120 -73.5226010 11.251 1.360 1.145 6139.0 4.23 nan
 TOI-6611.01: 2.755 12.667 nan 0.0717 6.55687 2460111.963815 1289.3 0
>TOI-6612: 229.2948970 -33.9692930 9.793 1.200 0.692 4390.0 4.12 nan
 TOI-6612.01: 1.797 14.043 nan 0.0303 2.32072 2460092.286886 1332.2 0
>TOI-6613: 237.0061470 -66.8108240 12.478 1.420 1.165 6158.0 4.20 nan
 TOI-6613.01: 1.610 17.746 nan 0.0379 2.50013 2460121.932395 1817.6 0
>TOI-6614: 81.7002040 -65.2897130 11.396 0.940 0.996 5624.0 4.49 nan
 TOI-6614.01: 2.379 11.994 nan 0.1674 25.07100 2460150.584875 642.6 0
>TOI-6615: 230.1342230 -45.5412200 11.049 0.990 1.130 6094.0 4.50 nan
 TOI-6615.01: 1.623 11.623 nan 0.0478 3.59114 2460090.248705 1337.3 0
>TOI-6616: 220.6640820 -79.4540950 12.668 0.580 0.574 3505.0 4.67 nan
 TOI-6616.01: 1.039 12.559 nan 0.0176 1.12351 2460123.871658 970.2 0
>TOI-6617: 195.7995980 -64.8221030 11.063 1.560 1.407 6707.0 4.20 nan
 TOI-6617.01: 6.135 8.304 nan 0.0581 4.31566 2460093.414898 1675.9 0
>TOI-6618: 84.8859280 -59.0057360 10.543 1.903 1.204 6218.9 3.96 nan
 TOI-6618.01: 8.692 9.205 nan 0.2261 35.78910 2459997.460352 870.0 0
>TOI-6619: 163.5069460 -70.8922530 11.625 1.640 1.101 6010.0 4.05 nan
 TOI-6619.01: 2.759 16.217 nan 0.0287 1.69302 2460092.280152 2190.7 0
>TOI-6620: 207.1956820 -53.5759270 11.923 1.830 1.166 6119.0 3.98 nan
 TOI-6620.01: 4.038 13.710 nan 0.0507 3.86476 2460094.093286 1772.7 0
>TOI-6621: 88.9635690 -65.5074960 11.064 0.690 0.675 4354.0 4.59 nan
 TOI-6621.01: 2.073 2.839 nan 0.0453 4.28078 2460118.609287 819.4 0
>TOI-6622: 96.9490490 -54.2795180 12.292 1.170 1.092 5980.0 4.34 nan
 TOI-6622.01: 7.424 7.358 nan 0.2272 37.85756 2460075.149187 654.4 0
>TOI-6623: 207.4216210 -57.1500130 11.898 1.160 1.321 6452.0 4.43 nan
 TOI-6623.01: 2.844 12.956 nan 0.0464 3.17917 2460094.305669 1555.6 0
>TOI-6624: 198.8882980 -61.4430760 9.785 2.010 1.283 6387.0 3.94 nan
 TOI-6624.01: 3.440 11.045 nan 0.1007 10.30316 2460087.460245 1376.0 0
>TOI-6625: 221.8057010 -68.5211480 12.081 1.610 1.335 6498.0 4.15 nan
 TOI-6625.01: 4.339 14.247 nan 0.0670 5.48638 2460088.145466 1536.0 0
>TOI-6626: 231.0250330 -39.9093930 11.987 0.450 0.455 3172.0 4.79 nan
 TOI-6626.01: 1.328 14.000 nan 0.0178 1.28649 2460092.410385 769.1 0
>TOI-6627: 179.5877350 -68.7169990 11.911 1.560 1.254 6332.0 4.15 nan
 TOI-6627.01: 3.157 15.840 nan 0.0608 4.89347 2460092.036359 1546.6 0
>TOI-6629: 223.1358220 -38.8616610 11.932 0.590 0.580 3598.0 4.66 nan
 TOI-6629.01: 2.004 9.525 nan 0.0436 4.36647 2460086.317717 638.2 0
>TOI-6630: 210.8471380 -51.9274240 12.063 1.200 1.381 6617.0 4.42 nan
 TOI-6630.01: 4.406 8.525 nan 0.0851 7.71032 2460082.169306 1198.2 0
>TOI-6631: 206.3527300 -57.3312840 11.715 1.410 1.382 6604.0 4.28 nan
 TOI-6631.01: 3.245 13.248 nan 0.0500 3.47148 2460094.270096 1691.1 0
>TOI-6632: 221.4257200 -65.8513000 10.359 3.340 1.095 5965.0 3.43 nan
 TOI-6632.01: 3.392 11.278 nan 0.0657 5.87783 2460085.934710 2050.9 0
>TOI-6633: 63.9377450 -62.7250170 10.742 0.730 0.792 4853.5 4.61 nan
 TOI-6633.01: 2.331 2.286 nan 0.0634 6.54795 2460149.073884 794.2 0
>TOI-6634: 166.5961150 -66.7033430 10.577 2.040 1.825 7723.0 4.08 nan
 TOI-6634.01: 7.179 9.054 nan 0.1942 23.13676 2460073.545149 1207.0 0
>TOI-6635: 211.9693210 -60.6202030 11.398 1.470 1.934 7944.0 4.39 nan
 TOI-6635.01: 5.584 16.207 nan 0.1026 8.62431 2460091.419966 1450.0 0
>TOI-6636: 209.7967770 -54.7629280 11.380 2.160 1.291 6386.0 3.88 nan
 TOI-6636.01: 2.327 14.661 nan 0.0493 3.51712 2460092.869314 2038.3 0
>TOI-6637: 199.5771150 -59.7586830 12.331 1.190 1.239 6356.0 4.38 nan
 TOI-6637.01: 1.796 15.380 nan 0.0359 2.23129 2460094.009392 1764.6 0
>TOI-6638: 222.5628170 -49.5962170 12.094 0.820 0.911 5359.0 4.57 nan
 TOI-6638.01: 2.896 16.903 nan 0.0489 4.14010 2460092.279142 1058.2 0
>TOI-6639: 232.6052220 -67.9387980 11.455 1.400 1.057 5831.0 4.17 nan
 TOI-6639.01: 4.056 11.825 nan 0.0798 8.01367 2460117.137039 1177.7 0
>TOI-6640: 102.5406760 -63.4655990 10.883 0.710 0.766 4758.0 4.62 nan
 TOI-6640.01: 3.256 3.597 nan 0.1181 16.93569 2460128.654886 562.6 0
>TOI-6641: 206.5490400 -53.3571870 12.208 0.640 0.623 3314.0 4.62 nan
 TOI-6641.01: 1.586 15.957 nan 0.0262 1.96478 2460092.673541 789.8 0
>TOI-6642: 219.5399700 -27.4183510 12.059 1.460 1.098 6022.0 4.15 nan
 TOI-6642.01: 1.284 16.302 nan 0.0451 3.34216 2460093.397359 1652.2 0
>TOI-6643: 216.3218370 -51.8180410 11.680 2.110 1.290 6431.0 3.90 nan
 TOI-6643.01: 4.323 14.631 nan 0.0609 4.83325 2460088.116450 1825.3 0
>TOI-6644: 85.0837700 -60.9175840 11.316 0.830 0.912 5247.0 4.56 nan
 TOI-6644.01: 5.591 4.038 nan 0.2320 42.73056 2460150.015347 478.6 0
>TOI-6646: 280.8823340 20.5606740 8.827 1.380 1.519 6967.0 4.34 nan
 TOI-6646.01: 5.578 4.730 nan 0.1531 17.75059 2459763.657293 1008.6 0
>TOI-6647: 1.2121500 42.8681960 8.626 1.520 1.013 5684.0 4.08 nan
 TOI-6647.01: 3.878 3.525 nan 0.0495 3.99640 2460606.995622 1518.8 0
>TOI-6648: 5.4622650 42.7706400 9.149 1.200 1.176 6153.0 4.35 nan
 TOI-6648.01: 5.624 3.843 nan 0.1565 20.86399 2459879.945252 821.6 0
>TOI-6649: 9.2081880 24.2677980 9.000 1.370 1.246 6336.4 4.26 nan
 TOI-6649.01: 0.904 10.582 nan 0.0694 5.98679 2459881.362939 1357.6 0
>TOI-6650: 338.8053320 54.7735570 9.291 1.370 1.430 6500.6 4.32 nan
 TOI-6650.01: 6.584 14.207 nan 0.1642 20.32921 2460582.711665 905.4 0
 TOI-6650.02: 6.967 5.660 nan 0.2153 30.50556 2460578.526718 790.7 0
 TOI-6650.04: 6.426 5.188 nan nan nan 2459878.034895 nan 0
>TOI-6652: 2.2140120 33.8787560 8.261 1.010 1.025 5745.0 4.44 nan
 TOI-6652.01: 2.391 1.949 nan 0.0484 3.83888 2459881.334131 1265.5 0
>TOI-6653: 4.1824630 20.8567650 7.658 0.750 0.798 4859.0 4.59 nan
 TOI-6653.01: 2.623 2.436 nan nan nan 2459856.471891 nan 0
>TOI-6655: 278.0285780 -67.6645010 9.129 0.910 0.977 5564.0 4.51 nan
 TOI-6655.01: 2.937 2.215 nan 0.0702 6.86712 2460843.981883 966.0 0
 TOI-6655.02: 3.718 2.502 nan 0.1071 12.95877 2460836.183092 782.1 0
>TOI-6657: 264.9668910 -50.5748250 7.809 1.160 1.177 6193.0 4.38 nan
 TOI-6657.01: 1.964 2.576 nan 0.0526 4.06110 2460115.228364 1402.4 0
>TOI-6658: 278.6806240 -65.9531900 7.640 2.950 nan 5764.0 nan nan
 TOI-6658.01: 5.214 3.746 nan nan 5.64944 2460124.089204 nan 0
>TOI-6659: 278.4115700 -35.3480410 8.972 0.800 0.867 5159.0 4.57 nan
 TOI-6659.01: 1.556 2.615 nan 0.0703 7.31209 2460852.881403 839.2 0
>TOI-666: 124.1103520 -46.4298180 8.091 2.335 3.154 6680.0 4.20 nan
 TOI-666.01: 1.570 14.174 nan 0.1097 7.47607 2458521.504167 1486.1 0
>TOI-6660: 314.3811550 -86.6105300 10.948 1.483 1.150 6116.0 4.16 nan
 TOI-6660.01: 3.776 17.049 nan 0.0425 2.98522 2460097.764118 1742.1 0
>TOI-6661: 190.7693210 61.6017380 10.419 0.765 0.874 5164.0 4.61 nan
 TOI-6661.01: 2.844 3.001 nan 0.0902 10.57895 2459425.195710 725.2 0
>TOI-6662: 84.8560010 74.7674110 8.453 0.332 0.313 3359.0 4.89 nan
 TOI-6662.01: 0.542 0.937 nan 0.0059 0.29395 2458816.186150 1215.0 0
>TOI-6663: 142.0312710 78.9447520 9.704 1.000 1.000 6487.0 4.44 nan
 TOI-6663.01: 7.116 5.656 nan nan nan 2459598.653805 nan 0
>TOI-6664: 143.1373780 69.7294840 7.365 2.289 1.347 6534.0 3.85 nan
 TOI-6664.01: 18.154 9.532 nan nan nan 2459391.966673 nan 0
>TOI-6665: 103.9068790 42.0429310 8.009 1.245 1.096 5972.6 4.29 nan
 TOI-6665.01: 5.948 2.767 nan 1.6445 735.79792 2458847.263963 250.6 0
>TOI-6666: 325.0032480 69.0866120 7.688 1.567 1.321 6477.0 4.17 nan
 TOI-6666.01: 16.657 4.555 nan nan nan 2458962.161311 nan 0
>TOI-6667: 339.3578300 -53.3190500 11.122 1.192 1.090 5952.0 4.32 nan
 TOI-6667.01: 6.662 8.651 nan nan nan 2459083.310651 nan 0
>TOI-6668: 356.6285340 -48.9580060 7.455 1.395 1.110 6002.0 4.19 nan
 TOI-6668.01: 14.655 3.447 nan 1.6257 718.65200 2458363.222084 268.1 0
>TOI-6670: 137.0466780 -50.6137580 8.192 1.782 1.640 7271.0 4.15 nan
 TOI-6670.01: 22.903 9.391 nan nan nan 2459284.365229 nan 0
>TOI-6671: 327.6388750 -26.5565120 8.950 0.815 0.750 4713.0 4.49 nan
 TOI-6671.01: 2.476 3.192 nan nan nan 2458328.036098 nan 0
>TOI-6672: 330.5530600 47.0903520 9.329 1.675 2.097 8450.0 4.31 nan
 TOI-6672.01: 6.664 6.359 nan nan nan 2458757.026893 nan 0
>TOI-6673: 172.2581880 63.5736080 6.595 1.407 1.300 6439.2 4.26 nan
 TOI-6673.01: 7.166 2.620 nan 0.1560 19.74681 2458703.010134 932.5 0
>TOI-6674: 8.3343220 59.1099230 10.649 0.664 0.637 3907.0 4.60 nan
 TOI-6674.01: 5.172 11.679 nan nan nan 2458810.577102 nan 0
>TOI-6675: 101.5469210 78.5047500 8.756 1.333 1.381 6608.0 4.33 nan
 TOI-6675.01: 5.465 6.125 nan nan nan 2459410.616258 nan 0
>TOI-6676: 14.9019110 -1.3263720 7.025 1.256 1.100 5988.0 4.28 nan
 TOI-6676.01: 5.327 2.273 nan 0.1619 22.69571 2458397.063928 804.2 0
>TOI-6678: 283.5362750 -36.6568600 7.458 0.770 0.767 4794.0 4.55 nan
 TOI-6678.01: 1.288 2.126 nan 0.0407 3.42684 2460149.834970 1005.5 0
>TOI-6679: 286.1422500 -55.3473360 9.628 1.043 1.088 5542.0 4.44 nan
 TOI-6679.01: 1.122 4.481 nan 0.0352 2.31701 2460128.277222 1454.7 0
>TOI-668: 154.1917410 -42.5590710 10.462 1.226 1.306 6159.0 4.38 nan
 TOI-668.01: 3.828 21.696 nan 0.0573 4.37873 2459283.065609 1373.8 0
>TOI-6680: 285.4498820 -50.0617100 9.983 1.995 1.490 6875.0 4.01 nan
 TOI-6680.01: 5.602 10.874 nan 0.0599 4.38170 2460130.649376 1913.2 0
>TOI-6682: 286.5391320 -40.6134100 10.127 1.000 1.000 5372.0 4.44 nan
 TOI-6682.01: 3.887 5.758 nan 0.0513 4.24362 2460127.201762 1143.7 0
>TOI-6683: 2.8796510 -70.9869350 14.045 0.849 0.830 5009.0 4.50 nan
 TOI-6683.01: 2.859 12.954 nan 0.0452 3.85680 2460129.293947 1046.8 0
>TOI-6684: 320.8261580 -80.7669660 11.945 0.851 0.790 4848.0 4.48 nan
 TOI-6684.01: 2.155 13.967 nan 0.0352 2.70864 2460100.292201 1149.4 0
>TOI-6685: 285.1067060 -50.2355120 9.369 1.134 1.130 6055.0 4.38 nan
 TOI-6685.01: 4.220 4.157 nan 0.0994 10.77159 2460134.882060 986.2 0
>TOI-6687: 302.0384590 -76.1362500 11.317 1.431 1.090 5965.0 4.16 nan
 TOI-6687.01: 3.003 12.494 nan 0.0459 3.44142 2460129.194083 1606.0 0
>TOI-6688: 288.3712150 -61.0590970 9.213 0.881 0.800 4900.0 4.45 nan
 TOI-6688.01: 1.246 4.627 nan 0.0528 4.95950 2460128.994512 965.2 0
>TOI-6689: 327.4479850 -70.4550570 11.629 1.068 0.930 5377.0 4.35 nan
 TOI-6689.01: 2.760 12.030 nan 0.0492 4.12874 2460127.625425 1208.0 0
>TOI-6690: 90.4455620 -63.0504670 9.317 1.068 0.990 5599.2 4.38 nan
 TOI-6690.01: 7.630 2.558 nan 1.6268 761.70923 2458327.776304 218.8 0
 TOI-6690.02: 22.169 2.731 nan 1.8243 904.53480 2458433.203898 206.6 0
>TOI-6691: 82.7166140 -54.8981370 7.883 2.125 1.400 6649.0 3.93 nan
 TOI-6691.01: 15.106 2.949 nan nan nan 2458507.519753 nan 0
>TOI-6694: 215.0940920 41.2786730 12.174 0.769 0.750 4693.0 4.54 nan
 TOI-6694.01: 2.403 13.449 nan 0.0446 3.97593 2459667.751833 939.7 0
>TOI-6698: 193.3981970 -23.1197910 8.983 0.750 0.750 4677.0 4.56 nan
 TOI-6698.01: 3.668 2.674 nan nan nan 2459331.091898 nan 0
>TOI-6700: 95.7256390 -66.2731420 11.371 1.497 1.240 6314.9 4.18 nan
 TOI-6700.01: 1.257 9.483 nan 0.1308 15.51775 2459977.682137 1030.2 0
>TOI-6701: 113.3628470 -62.4859850 10.487 2.027 2.429 6697.0 4.21 nan
 TOI-6701.01: 2.656 12.317 nan 0.1223 10.01810 2459972.535480 1314.7 0
>TOI-6702: 80.3237330 -66.8332060 11.035 0.699 0.700 4454.0 4.59 nan
 TOI-6702.01: 6.154 3.333 nan 0.0293 2.18747 2459036.541035 1049.0 0
>TOI-6703: 96.0716380 -53.5756930 7.280 2.462 0.960 5494.7 3.64 nan
 TOI-6703.01: 14.076 2.473 nan 0.2607 49.61782 2458365.827298 814.2 0
>TOI-6704: 123.9985590 -59.3270350 9.150 nan nan 5780.0 4.44 nan
 TOI-6704.01: 1.896 nan nan nan 2.86074 2459229.783400 nan 0
 TOI-6704.02: 3.290 5.090 nan 0.0704 6.82751 2459235.555909 nan 0
>TOI-6705: 220.0039030 -52.9100490 9.225 2.893 0.965 6392.0 3.50 nan
 TOI-6705.01: 1.686 21.110 nan 0.0802 8.44570 2459336.341283 1851.2 0
>TOI-6706: 214.2728680 -55.5217050 7.740 1.893 1.939 8044.0 4.17 nan
 TOI-6706.01: 1.870 12.610 nan 0.0941 7.57574 2458597.457184 1739.7 0
>TOI-6708: 69.1445640 -81.2929430 10.391 0.321 0.300 3264.0 4.90 nan
 TOI-6708.01: 1.894 1.915 nan 0.0343 4.22909 2458326.156737 481.5 0
>TOI-671: 166.8889060 -40.2069180 8.864 1.820 1.964 7949.0 4.21 nan
 TOI-671.01: 4.694 23.845 nan 0.1152 10.19703 2460021.290156 1523.5 0
>TOI-6710: 118.9162320 -43.3567140 8.463 0.759 1.236 5113.3 4.77 nan
 TOI-6710.01: 1.926 1.514 nan 0.0341 2.06712 2458491.706730 1163.3 0
>TOI-6712: 154.9493880 -28.9623600 6.785 2.174 1.113 6016.3 3.81 nan
 TOI-6712.01: 1.926 2.204 nan 0.0311 1.89879 2458544.224717 2425.6 0
>TOI-6714: 90.9346820 -81.4574130 11.569 0.126 0.101 2824.0 5.24 nan
 TOI-6714.01: 1.321 1.037 nan 0.0258 4.76744 2458326.238234 300.9 0
>TOI-6715: 159.1579680 -64.7982310 9.976 0.794 0.760 4743.0 4.52 nan
 TOI-6715.01: 2.284 3.903 nan 0.0360 2.86188 2460014.968644 1074.1 0
>TOI-6717: 164.3250750 -4.6744140 11.542 0.220 0.189 3254.0 5.03 nan
 TOI-6717.01: 0.501 1.853 nan 0.0068 0.47075 2459281.317965 892.5 0
>TOI-6718: 357.3666010 -78.9329680 10.512 1.681 2.055 5483.2 4.30 nan
 TOI-6718.01: 3.980 10.240 nan 0.0512 2.95321 2460126.814381 1515.0 0
>TOI-6721: 337.4891200 -31.9290850 12.538 1.084 1.010 5693.0 4.37 nan
 TOI-6721.01: 3.561 17.984 nan 0.0544 4.60864 2460156.710458 1225.4 0
>TOI-6722: 42.4671980 -62.7235870 12.298 0.742 0.890 5221.0 4.65 nan
 TOI-6722.01: 2.584 9.232 nan 0.0471 3.96131 2460156.166339 999.3 0
>TOI-6723: 46.9875230 -66.1111860 12.801 1.026 1.020 5728.0 4.42 nan
 TOI-6723.01: 3.032 12.609 nan 0.0453 3.48524 2460156.827447 1314.5 0
>TOI-6724: 19.0675700 -79.8938990 9.588 1.610 1.036 5703.4 4.04 nan
 TOI-6724.01: 7.635 4.135 nan 0.2426 42.86147 2460117.812125 708.5 0
>TOI-6725: 95.6193500 -63.6977160 8.025 nan nan nan nan nan
 TOI-6725.01: 1.669 nan nan nan 2.14770 2460193.054335 nan 0
>TOI-6727: 342.7324590 -29.8091070 9.158 0.920 1.046 5791.0 4.53 nan
 TOI-6727.01: 3.703 2.534 nan 0.1227 15.34715 2460199.010164 764.6 0
>TOI-6728: 109.7774970 -55.8378430 8.723 2.610 1.283 6388.0 3.71 nan
 TOI-6728.01: 5.444 4.532 nan 0.1816 24.96366 2460190.897245 1167.8 0
>TOI-6729: 45.3103820 -75.2033080 8.366 1.860 1.233 6289.7 3.99 nan
 TOI-6729.01: 4.708 2.163 nan 0.0828 7.83746 2460931.459417 1437.5 0
 TOI-6729.02: 2.992 1.808 nan 0.0517 3.86383 2460204.991575 1819.2 0
>TOI-6730: 12.3588850 -53.9149440 11.652 0.978 0.876 5349.0 4.40 nan
 TOI-6730.01: 3.055 10.511 nan 0.0502 4.39347 2460186.072113 1138.5 0
>TOI-6731: 355.9117510 -11.2726310 12.850 0.805 0.770 4778.0 4.51 nan
 TOI-6731.01: 1.753 11.444 nan 0.0249 1.63223 2460183.745577 1310.0 0
>TOI-6732: 274.3988800 -53.0171300 12.037 0.580 0.574 3658.0 4.67 nan
 TOI-6732.01: 1.341 12.041 nan 0.0194 1.30034 2460121.498610 964.5 0
>TOI-6733: 248.4049240 -56.5561320 11.892 2.210 1.383 6623.0 3.89 nan
 TOI-6733.01: 4.813 15.589 nan 0.0479 3.25296 2460118.586103 2169.3 0
>TOI-6734: 262.9692800 -48.3711670 11.883 1.080 1.068 5917.0 4.40 nan
 TOI-6734.01: 3.286 12.733 nan 0.0554 4.60687 2460114.258841 1259.8 0
>TOI-6735: 271.1424850 -58.0144640 11.684 1.500 1.331 6517.0 4.21 nan
 TOI-6735.01: 1.390 11.190 nan 0.0481 3.33580 2460123.698289 1754.9 0
>TOI-6736: 275.6539060 -41.4764410 12.179 0.960 0.905 5315.0 4.43 nan
 TOI-6736.01: 2.501 11.667 nan 0.0393 2.98793 2460121.987455 1266.7 0
>TOI-6737: 255.4586520 -56.8159040 12.170 1.360 1.285 6372.0 4.28 nan
 TOI-6737.01: 2.979 16.269 nan 0.0427 2.84756 2460119.938915 1734.1 0
>TOI-6738: 275.2797810 -45.4698510 11.049 1.950 1.052 5815.0 3.88 nan
 TOI-6738.01: 4.383 9.130 nan 0.0470 3.62344 2460122.480944 1806.1 0
>TOI-6739: 278.1457920 -44.7177060 11.029 0.830 0.776 4768.0 4.49 nan
 TOI-6739.01: 1.429 10.071 nan 0.0502 4.65884 2460115.369124 934.9 0
>TOI-6740: 258.4105620 -55.7294050 12.154 1.350 0.983 5579.0 4.17 nan
 TOI-6740.01: 3.542 11.428 nan 0.0436 3.35059 2460121.946449 1497.0 0
>TOI-6742: 267.7309830 -61.6143930 12.200 1.740 1.054 5859.0 3.98 nan
 TOI-6742.01: 4.797 10.766 nan 0.0808 8.16786 2460116.805629 1311.1 0
>TOI-6743: 242.8172200 -67.0003060 11.467 2.140 1.327 6508.0 3.90 nan
 TOI-6743.01: 5.732 18.733 nan 0.0703 5.90971 2460118.469508 1731.5 0
>TOI-6744: 277.4120030 -62.2018060 12.361 1.720 1.327 6470.0 4.09 nan
 TOI-6744.01: 1.457 12.808 nan 0.0196 0.86746 2460124.072758 2922.6 0
>TOI-6745: 255.1056010 -69.6178720 11.989 1.930 1.079 5928.0 3.90 nan
 TOI-6745.01: 5.117 11.986 nan 0.0606 5.24529 2460122.255614 1613.2 0
>TOI-6746: 260.6937230 -56.8176090 11.222 0.970 0.669 4204.0 4.29 nan
 TOI-6746.01: 1.028 12.832 nan 0.0194 1.20306 2460124.081770 1433.4 0
>TOI-6747: 273.0293270 -72.8773470 11.193 1.240 1.044 5875.0 4.27 nan
 TOI-6747.01: 0.733 5.498 nan 0.0157 0.70259 2460124.204944 2517.7 0
>TOI-6748: 252.5680790 -56.0838380 12.099 1.410 1.097 5988.0 4.18 nan
 TOI-6748.01: 3.185 11.983 nan 0.0558 4.59328 2460124.161299 1451.5 0
>TOI-6749: 236.8919540 -67.5066470 11.587 1.890 1.883 7929.0 4.16 nan
 TOI-6749.01: 4.155 12.087 nan 0.1015 8.61213 2460111.873430 1649.9 0
>TOI-6751: 257.3814180 -47.4034340 11.701 1.420 1.646 7277.0 4.35 nan
 TOI-6751.01: 3.363 15.390 nan 0.0474 2.94198 2460117.399031 1920.6 0
>TOI-6753: 255.2257240 -70.5301500 12.172 1.430 0.983 5616.0 4.12 nan
 TOI-6753.01: 2.353 12.198 nan 0.0197 1.01698 2460122.789122 2307.3 0
>TOI-6754: 259.2904050 -48.7634150 12.296 1.690 1.613 7247.0 4.19 nan
 TOI-6754.01: 3.316 17.654 nan 0.0364 1.99431 2460120.227280 2381.1 0
>TOI-6755: 269.5859170 -51.7975590 11.668 0.990 0.857 5090.0 4.38 nan
 TOI-6755.01: 2.737 11.226 nan 0.0597 5.75860 2460111.552813 999.5 0
>TOI-6756: 278.4700620 -40.1685520 12.655 1.630 1.337 6500.0 4.14 nan
 TOI-6756.01: 4.672 16.612 nan 0.0625 4.93542 2460121.785937 1600.7 0
>TOI-6757: 275.6643750 -44.3798840 12.222 1.510 1.000 5620.0 4.08 nan
 TOI-6757.01: 5.025 14.454 nan 0.0453 3.51934 2460117.588573 1564.6 0
>TOI-6758: 186.2895010 -86.8875480 9.620 0.560 0.560 3719.0 4.69 nan
 TOI-6758.01: 2.533 2.581 nan 0.0874 12.61370 2460099.197812 453.9 0
>TOI-6759: 274.0224520 -37.1531650 12.047 0.990 1.031 5764.0 4.46 nan
 TOI-6759.01: 1.758 10.138 nan 0.0238 1.31868 2460120.891242 1792.6 0
>TOI-676: 171.2059760 -18.6172780 12.133 1.232 1.435 5430.0 4.41 nan
 TOI-676.01: 1.977 14.125 nan 0.0368 2.15030 2458544.344126 1515.0 0
>TOI-6760: 243.1653160 -67.3391000 11.985 1.050 0.943 5415.0 4.37 nan
 TOI-6760.01: 2.762 9.847 nan 0.0582 5.28204 2460120.980857 1109.1 0
>TOI-6761: 251.0151140 -47.7140090 11.248 1.470 1.401 6594.0 4.25 nan
 TOI-6761.01: 4.425 13.600 nan 0.0583 4.34303 2460117.006376 1596.6 0
>TOI-6762: 262.1879180 -57.9127990 12.298 0.660 0.632 3599.0 4.60 nan
 TOI-6762.01: 1.718 11.928 nan 0.0503 5.17788 2460118.397701 628.6 0
>TOI-6763: 265.3236370 -49.1638990 12.520 1.670 1.575 7085.0 4.19 nan
 TOI-6763.01: 2.834 17.319 nan 0.0414 2.45194 2460120.726052 2169.9 0
>TOI-6765: 251.0370590 -58.9846340 11.336 2.610 1.759 7566.0 3.85 nan
 TOI-6765.01: 1.626 19.373 nan 0.0469 2.79673 2460122.567238 2721.7 0
>TOI-6766: 262.4078700 -76.5867900 11.309 1.580 0.932 5421.0 4.01 nan
 TOI-6766.01: 2.925 13.635 nan 0.0324 2.21049 2460123.680189 1825.4 0
>TOI-6767: 276.2900460 -43.9062570 11.871 1.370 1.136 6026.0 4.22 nan
 TOI-6767.01: 1.430 18.051 nan 0.0361 2.35191 2460121.855547 1790.1 0
>TOI-6769: 259.5955730 -62.9318140 11.801 1.410 0.956 5492.0 4.12 nan
 TOI-6769.01: 4.185 13.193 nan 0.0614 5.68588 2460118.790382 1269.1 0
>TOI-6770: 289.7210120 -64.2494990 12.031 0.770 0.901 5230.0 4.62 nan
 TOI-6770.01: 2.617 9.653 nan 0.1133 14.67689 2460122.610587 657.5 0
>TOI-6771: 288.7375570 -42.7026040 10.847 1.960 1.467 6847.0 4.02 nan
 TOI-6771.01: 3.525 11.707 nan 0.0802 6.85525 2460140.325183 1632.2 0
>TOI-6772: 304.8207520 -64.9741690 11.228 1.500 0.964 5493.0 4.07 nan
 TOI-6772.01: 3.780 7.738 nan 0.0482 3.94055 2460144.814548 1477.6 0
>TOI-6773: 307.1134100 -45.9674400 12.099 1.390 0.995 5668.0 4.15 nan
 TOI-6773.01: 3.300 10.582 nan 0.0431 3.27206 2460149.775459 1552.1 0
>TOI-6774: 295.7434040 -44.7597270 11.621 1.390 1.066 5853.0 4.18 nan
 TOI-6774.01: 2.275 9.630 nan 0.0552 4.58331 2460150.349919 1416.3 0
>TOI-6775: 306.5010730 -48.9204190 12.417 1.170 1.019 5663.0 4.31 nan
 TOI-6775.01: 1.035 7.912 nan 0.0139 0.59402 2460150.900730 2505.3 0
>TOI-6776: 321.8147280 -68.7393640 11.813 0.550 0.540 3498.0 4.69 nan
 TOI-6776.01: 1.056 10.477 nan 0.0249 1.95191 2460150.311774 792.7 0
>TOI-6777: 290.5949590 -31.3832190 11.110 1.900 1.229 6258.0 3.97 nan
 TOI-6777.01: 4.502 16.527 nan 0.0470 3.36157 2460150.328123 1918.7 0
>TOI-6778: 300.9366710 -55.3678790 11.805 1.120 1.123 6064.0 4.39 nan
 TOI-6778.01: 1.090 8.296 nan 0.0510 3.97185 2460150.496193 1370.3 0
>TOI-6779: 282.2051240 -75.4319530 11.237 0.820 0.793 4858.0 4.51 nan
 TOI-6779.01: 1.586 8.650 nan 0.0221 1.35049 2460151.439845 1426.9 0
>TOI-678: 109.3307340 -55.5979290 9.845 1.057 1.003 5624.0 4.39 nan
 TOI-678.01: 4.475 3.413 nan 0.0988 11.32985 2458493.024505 887.0 0
>TOI-6780: 324.4803010 -66.4366720 12.130 1.060 0.818 5771.0 4.30 nan
 TOI-6780.01: 4.073 10.249 nan 0.1035 13.45706 2460132.486562 890.6 0
>TOI-6781: 290.6716420 -62.0228590 12.258 1.350 1.182 6155.0 4.25 nan
 TOI-6781.01: 1.559 11.927 nan 0.0408 2.76388 2460146.790510 1707.3 0
>TOI-6782: 287.7013320 -36.5156100 12.315 1.380 1.293 6460.0 4.27 nan
 TOI-6782.01: 2.771 17.158 nan 0.0307 1.72780 2460150.087656 2088.5 0
>TOI-6784: 283.2700160 -38.3994660 12.315 1.700 1.389 6610.0 4.12 nan
 TOI-6784.01: 4.023 15.553 nan 0.0470 3.15393 2460145.683610 1916.9 0
>TOI-6785: 306.5300710 -55.5400660 11.103 1.580 1.200 6177.0 4.12 nan
 TOI-6785.01: 7.487 8.047 nan 0.1334 16.25020 2460129.520123 1025.1 0
>TOI-6786: 282.7333860 -37.5346170 12.329 1.150 1.131 6063.0 4.37 nan
 TOI-6786.01: 3.440 17.729 nan 0.0397 2.71423 2460150.086210 1573.5 0
>TOI-6787: 288.7021620 -54.2425150 10.906 1.740 1.297 6405.0 4.07 nan
 TOI-6787.01: 3.438 16.201 nan 0.0440 2.95886 2460146.920966 1942.2 0
>TOI-6788: 290.9722570 -54.1490680 11.957 1.060 0.939 5388.0 4.36 nan
 TOI-6788.01: 3.907 12.465 nan 0.1598 24.09236 2460116.929651 669.2 0
>TOI-6789: 308.1987170 -44.6633260 11.594 1.020 0.998 5589.8 4.42 nan
 TOI-6789.01: 2.921 7.931 nan 0.0511 4.22216 2460143.989118 1204.3 0
>TOI-6790: 304.4018270 -47.0965600 11.715 1.410 1.149 6057.0 4.20 nan
 TOI-6790.01: 3.689 16.397 nan 0.0685 6.10303 2460140.927713 1325.1 0
>TOI-6791: 299.5430660 -53.8724320 11.906 1.100 1.011 5661.0 4.36 nan
 TOI-6791.01: 1.760 12.506 nan 0.1390 18.82241 2460131.538820 767.9 0
>TOI-6792: 308.3407890 -29.4416130 10.991 0.850 0.853 5081.5 4.51 nan
 TOI-6792.01: 3.236 5.943 nan 0.0740 7.96059 2460151.019184 830.5 0
>TOI-6793: 323.0403900 -77.4269020 10.893 0.730 0.774 4841.8 4.60 nan
 TOI-6793.01: 0.786 7.011 nan 0.0629 6.55161 2460149.312562 795.4 0
>TOI-6794: 296.3555540 -34.5343990 11.243 2.380 1.274 6391.0 3.79 nan
 TOI-6794.01: 6.439 12.453 nan 0.0799 7.30995 2460140.000542 1682.0 0
>TOI-6795: 291.6889160 -36.8313520 11.878 1.510 0.933 5355.0 4.05 nan
 TOI-6795.01: 2.897 12.631 nan 0.0316 2.12504 2460149.798408 1785.0 0
>TOI-6796: 289.9000260 -35.8094070 12.000 1.190 0.984 5594.0 4.28 nan
 TOI-6796.01: 3.257 8.917 nan 0.0473 3.78714 2460145.113806 1353.0 0
>TOI-6797: 304.3950690 -28.8213690 11.798 1.660 0.916 5339.0 3.96 nan
 TOI-6797.01: 1.352 11.446 nan 0.0189 0.98989 2460149.846988 2412.8 0
>TOI-6798: 330.9580610 -72.4408300 9.645 1.470 1.369 6477.7 4.24 nan
 TOI-6798.01: 11.966 12.812 nan 0.1726 22.37511 2460136.574569 911.6 0
>TOI-6799: 312.6962690 -58.9433020 10.894 1.350 1.266 6333.0 4.28 nan
 TOI-6799.01: 0.660 5.368 nan 0.0161 0.66479 2460150.892425 2796.4 0
>TOI-680: 179.1636010 -12.3775190 8.045 1.763 1.009 5967.0 3.95 nan
 TOI-680.01: 0.978 4.876 nan 0.0112 0.43357 2459281.007126 3610.0 0
>TOI-6800: 287.2587610 -41.1000820 10.696 2.710 1.406 6702.0 3.72 nan
 TOI-6800.01: 2.653 10.211 nan 0.0566 4.15181 2460150.796117 2236.2 0
>TOI-6801: 308.1850810 -44.5812390 10.274 0.700 0.679 4337.4 4.58 nan
 TOI-6801.01: 1.091 19.601 nan 0.0197 1.22451 2460148.794994 1246.7 0
>TOI-6802: 312.1310660 -36.4323450 12.789 0.590 0.580 3969.0 4.66 nan
 TOI-6802.01: 1.106 12.739 nan 0.0175 1.10791 2460149.841929 1111.3 0
>TOI-6803: 305.0275540 -48.1295330 11.434 1.390 1.091 5951.0 4.19 nan
 TOI-6803.01: 1.934 10.931 nan 0.0451 3.35226 2460149.719129 1593.1 0
>TOI-6804: 306.5828010 -48.9847980 11.173 1.380 1.179 6170.0 4.23 nan
 TOI-6804.01: 2.099 13.010 nan 0.0501 3.77246 2460148.145956 1561.5 0
>TOI-6805: 292.3840760 -34.0969270 11.564 0.860 0.760 4750.0 4.45 nan
 TOI-6805.01: 0.979 11.629 nan 0.0183 1.04042 2460150.270020 1570.2 0
>TOI-6806: 355.5457060 -47.9130290 9.635 0.690 0.776 4849.0 4.65 nan
 TOI-6806.01: 3.914 15.747 nan 0.1465 23.24908 2460202.860746 507.4 0
>TOI-6807: 323.2847140 -29.1176070 11.843 0.790 0.771 4790.0 4.53 nan
 TOI-6807.01: 2.297 9.483 nan 0.0633 6.62109 2460166.639771 816.0 0
>TOI-6808: 21.6046880 -79.6107470 11.411 1.360 1.119 6026.0 4.22 nan
 TOI-6808.01: 2.988 20.761 nan 0.0427 3.04492 2460177.656706 1639.9 0
>TOI-6809: 316.1742140 -26.5070970 12.331 0.620 0.612 3822.0 4.64 nan
 TOI-6809.01: 1.744 11.073 nan 0.0321 2.68560 2460177.250009 810.0 0
>TOI-6810: 340.3623080 -38.4131110 12.340 1.180 1.111 6009.0 4.34 nan
 TOI-6810.01: 4.564 12.274 nan 0.1024 11.34983 2460174.448428 983.6 0
>TOI-6811: 322.1185310 -37.6492750 12.185 0.700 0.664 3692.0 4.57 nan
 TOI-6811.01: 0.489 18.336 nan 0.0189 1.16027 2460178.787320 1083.5 0
>TOI-6812: 314.3737190 -35.6399770 11.538 1.410 1.072 5951.0 4.17 nan
 TOI-6812.01: 3.717 13.133 nan 0.1087 12.63572 2460160.520834 1033.5 0
>TOI-6813: 114.4196610 -58.0618480 10.546 0.720 0.788 4851.0 4.62 nan
 TOI-6813.01: 1.866 1.984 nan 0.0320 2.35572 2460175.787286 1109.6 0
>TOI-6814: 320.4122010 -34.4590750 10.515 1.550 1.266 6397.0 4.16 nan
 TOI-6814.01: 0.905 8.865 nan 0.0182 0.79418 2460178.823544 2846.7 0
>TOI-6815: 36.3511440 -65.0553810 11.866 0.760 0.607 5144.1 4.46 nan
 TOI-6815.01: 4.309 16.787 nan 0.1135 17.92177 2460196.836562 641.9 0
>TOI-6816: 332.4241270 -36.9628100 12.092 1.460 1.551 5792.8 4.30 nan
 TOI-6816.01: 6.548 13.790 nan 0.1116 10.92679 2460163.798501 1010.3 0
>TOI-6817: 353.4771240 -47.4992640 12.204 1.150 0.962 5430.0 4.30 nan
 TOI-6817.01: 1.816 6.976 nan 0.0420 3.19980 2460203.125303 1370.1 0
>TOI-6818: 10.1350450 -56.5490450 10.557 1.210 1.041 5791.0 4.29 nan
 TOI-6818.01: 1.526 7.453 nan 0.0933 10.19569 2460191.693968 1005.6 0
>TOI-6819: 1.9937900 -68.2266430 10.503 1.580 0.975 5557.6 4.03 nan
 TOI-6819.01: 3.813 6.734 nan 0.0811 8.54672 2460168.772416 1182.9 0
>TOI-6820: 89.5168750 -56.3467080 11.485 0.820 0.850 5039.0 4.54 nan
 TOI-6820.01: 1.854 2.551 nan 0.0296 2.01421 2460203.143750 1278.9 0
>TOI-6822: 21.8233850 -77.9411250 12.320 0.600 0.586 3794.0 4.65 nan
 TOI-6822.01: 1.866 10.486 nan 0.0321 2.74921 2460176.063659 791.0 0
>TOI-6823: 40.7563050 -70.5142840 11.238 1.190 0.962 5517.0 4.27 nan
 TOI-6823.01: 1.993 5.548 nan 0.0387 2.84112 2460206.518219 1475.2 0
>TOI-6824: 328.5297990 -41.8457260 11.468 1.030 0.950 5417.0 4.39 nan
 TOI-6824.01: 2.870 12.027 nan 0.0593 5.40747 2460177.600940 1088.6 0
>TOI-6825: 327.2379930 -40.0865690 10.506 0.980 1.034 5826.0 4.47 nan
 TOI-6825.01: 4.517 4.115 nan 0.1280 16.45475 2460170.128876 777.3 0
>TOI-6826: 70.3717110 -60.4075560 10.928 0.740 0.892 5203.0 4.65 nan
 TOI-6826.01: 2.572 2.106 nan 0.0652 6.43751 2460197.006591 845.2 0
>TOI-6827: 322.6220510 -26.7739710 10.643 2.530 nan 4943.1 nan nan
 TOI-6827.01: 6.406 11.209 nan nan 4.47384 2460177.942017 nan 0
>TOI-6828: 334.4874960 -38.0327160 11.747 1.190 1.297 5415.7 4.40 nan
 TOI-6828.01: 2.134 11.118 nan 0.0491 3.48945 2460174.845087 1285.6 0
>TOI-6829: 358.8585500 -54.4949610 11.786 1.450 nan 5923.2 nan nan
 TOI-6829.01: 5.577 17.185 nan nan 23.84200 2460144.981658 nan 0
>TOI-6830: 313.6248610 -29.5278910 10.305 0.928 0.788 5100.0 4.40 nan
 TOI-6830.01: 1.518 13.223 nan 0.0275 1.87786 2460154.705372 1428.6 0
>TOI-6837: 348.1610660 2.6855890 6.184 1.190 nan 5872.1 nan nan
 TOI-6837.01: 1.392 1.371 nan nan 0.94944 2460232.290266 nan 0
>TOI-6839: 24.1926150 12.6933580 11.510 1.441 1.030 5756.0 4.13 nan
 TOI-6839.01: 3.100 8.683 nan 0.0411 2.99447 2460210.870870 1643.5 0
>TOI-684: 150.4336360 -59.8500290 9.689 2.359 2.416 9488.0 4.08 nan
 TOI-684.01: 2.249 8.779 nan 0.1925 19.85076 2460015.416494 1601.6 0
>TOI-6841: 0.0846800 5.0443880 11.563 0.836 0.860 5103.4 4.53 nan
 TOI-6841.01: 3.999 9.578 nan 0.1077 13.92851 2460217.184676 685.6 0
>TOI-6842: 20.6369350 13.3522270 10.578 1.419 1.030 5752.2 4.15 nan
 TOI-6842.01: 4.243 18.245 nan 0.0608 5.39210 2460209.338746 1340.0 0
>TOI-6843: 15.4531400 9.7985440 10.372 1.727 1.230 6281.0 4.05 nan
 TOI-6843.01: 4.940 14.038 nan 0.0653 5.49779 2460210.092790 1557.6 0
>TOI-6844: 352.2327350 -14.2102270 12.147 0.648 0.626 3913.0 4.61 nan
 TOI-6844.01: 2.269 8.654 nan 0.0408 3.80687 2460209.334584 752.0 0
>TOI-6845: 341.1604390 -18.9358000 11.327 0.750 0.649 5420.1 4.50 nan
 TOI-6845.01: 1.139 7.573 nan 0.0478 4.74436 2460199.691734 1035.3 0
>TOI-6846: 354.8900850 -27.6541290 11.886 0.930 1.021 5771.0 4.51 nan
 TOI-6846.01: 2.559 10.569 nan 0.0440 3.33488 2460203.094247 1279.4 0
>TOI-6847: 91.2006460 -60.1940760 12.248 1.090 1.140 6140.0 4.42 nan
 TOI-6847.01: 0.922 8.873 nan 0.0255 1.39395 2460205.921102 1935.7 0
>TOI-6848: 24.4182830 -54.8093900 11.520 0.570 0.567 3768.0 4.68 nan
 TOI-6848.01: 2.533 13.117 nan 0.0626 7.59548 2460199.335830 548.3 0
>TOI-6850: 352.1571670 -23.2704940 8.920 0.890 0.677 4275.7 4.37 nan
 TOI-6850.01: 2.486 3.366 nan 0.0573 6.08038 2460198.638691 812.6 0
>TOI-6851: 90.3965370 -58.4707320 10.531 0.670 0.637 4073.0 4.59 nan
 TOI-6851.01: 2.820 2.288 nan 0.0883 12.01011 2460185.036480 541.0 0
>TOI-6852: 34.4033550 -52.8677580 10.746 0.700 0.711 4551.0 4.60 nan
 TOI-6852.01: 3.529 9.092 nan 0.1143 16.73822 2460176.964493 543.1 0
>TOI-6853: 53.7762030 -57.6219740 11.750 1.650 1.250 6297.0 4.10 nan
 TOI-6853.01: 5.378 8.169 nan 0.1020 10.63698 2460189.688644 1221.3 0
>TOI-6854: 77.0149750 -65.0490610 12.237 1.190 1.297 6413.0 4.40 nan
 TOI-6854.01: 1.212 6.359 nan 0.0421 2.76635 2460203.737449 1644.1 0
>TOI-6855: 33.9336410 -49.4435270 10.971 0.930 0.910 5309.0 4.46 nan
 TOI-6855.01: 2.783 9.073 nan 0.1678 26.33339 2460165.854371 602.7 0
>TOI-6856: 355.4099970 -28.3367270 12.838 0.690 0.660 3657.0 4.58 nan
 TOI-6856.01: 0.823 15.392 nan 0.0128 0.65415 2460206.118513 1294.7 0
>TOI-6857: 8.8106680 -55.8892960 12.256 0.380 0.364 3428.0 4.84 nan
 TOI-6857.01: 1.763 5.579 nan 0.0651 10.05121 2460195.356780 399.4 0
>TOI-6858: 1.5121560 -58.9352210 9.657 0.490 0.492 3634.0 4.75 nan
 TOI-6858.01: 1.465 1.739 nan 0.0343 3.30248 2460202.532610 662.3 0
>TOI-6859: 21.6487850 -63.9645100 11.668 1.160 1.002 5622.0 4.31 nan
 TOI-6859.01: 3.922 11.570 nan 0.0890 9.68048 2460188.562657 978.7 0
>TOI-686: 111.6010660 -54.4520650 9.246 1.590 1.678 6279.8 4.26 nan
 TOI-686.01: 1.758 3.340 nan 0.0537 3.51376 2458492.222242 1647.7 0
>TOI-6860: 342.7923640 -6.7797910 11.724 1.200 0.892 5272.0 4.23 nan
 TOI-6860.01: 0.587 10.227 nan 0.0137 0.61835 2460232.578666 2379.2 0
>TOI-6861: 4.0439330 3.1371810 11.474 1.600 1.024 5753.6 4.04 nan
 TOI-6861.01: 3.769 11.360 nan 0.0480 3.79425 2460232.158547 1601.8 0
>TOI-6862: 3.5394060 7.1155380 10.799 1.310 1.015 5669.2 4.21 nan
 TOI-6862.01: 3.501 11.958 nan 0.0801 8.22419 2460225.545740 1105.5 0
>TOI-6863: 31.0915450 4.3396800 12.038 1.310 1.015 5703.0 4.21 nan
 TOI-6863.01: 2.891 9.866 nan 0.0776 7.84072 2460247.384759 1129.9 0
>TOI-6864: 51.5705240 23.0003470 11.273 1.060 0.961 5472.0 4.37 nan
 TOI-6864.01: 4.356 6.937 nan 0.1201 15.51066 2460255.849520 783.9 0
>TOI-6865: 0.9356690 11.3322340 11.001 0.880 0.662 4185.5 4.37 nan
 TOI-6865.01: 1.753 4.744 nan 0.0310 2.44657 2460231.800776 1075.3 0
>TOI-6867: 0.3181980 12.0400730 11.855 0.950 0.949 5465.0 4.46 nan
 TOI-6867.01: 2.490 8.856 nan 0.0459 3.68108 2460231.339643 1198.9 0
>TOI-6868: 3.2761190 7.6602670 11.504 1.890 0.881 5222.0 3.83 nan
 TOI-6868.01: 4.174 11.900 nan 0.0425 3.41064 2460227.771761 1679.2 0
>TOI-6869: 49.5935260 24.2778140 11.973 0.530 0.525 3671.0 4.71 nan
 TOI-6869.01: 3.659 8.205 nan 1.3197 763.97011 2459466.023416 112.2 0
>TOI-687: 137.6728150 -45.0988450 8.044 0.618 0.517 4253.9 4.57 nan
 TOI-687.01: 4.433 2.212 nan 0.1722 36.29951 2459977.554802 388.6 0
>TOI-6870: 104.1155900 20.4207680 9.421 1.800 1.326 6466.5 4.05 nan
 TOI-6870.01: 3.398 3.900 nan 0.0764 6.69686 2460277.871744 1513.5 0
>TOI-6871: 48.9368360 18.4845360 7.914 0.880 1.002 5647.1 4.55 nan
 TOI-6871.01: 3.635 2.520 nan 0.1053 12.46521 2460258.271979 787.2 0
>TOI-6873: 121.4549940 20.8039310 7.574 0.869 0.950 5450.0 4.54 nan
 TOI-6873.01: 2.402 3.575 nan 0.1361 18.82043 2460236.840703 664.1 0
>TOI-6875: 105.0097640 11.0454770 12.253 1.177 1.190 6203.0 4.37 nan
 TOI-6875.01: 3.150 17.349 nan 0.0480 3.52457 2460235.651353 1481.2 0
>TOI-6879: 163.0250600 10.7946720 9.541 1.430 1.053 5854.0 4.15 nan
 TOI-6879.01: 5.271 3.825 nan 0.1134 13.58532 2460263.238568 1002.4 0
>TOI-6880: 117.0706560 30.1844450 9.176 0.810 0.953 5434.0 4.60 nan
 TOI-6880.01: 3.709 1.921 nan 0.1167 14.91666 2460257.596462 690.3 0
>TOI-6881: 56.2284200 45.5079760 11.500 1.650 1.309 6440.5 4.12 nan
 TOI-6881.01: 3.021 15.898 nan 0.0337 1.97694 2459934.873589 2173.1 0
>TOI-6885: 207.4883690 66.7737690 11.266 0.891 0.920 5335.0 4.50 nan
 TOI-6885.01: 4.113 11.065 nan 0.0978 11.65153 2459617.529465 776.5 0
>TOI-6886: 183.6089780 5.2980300 11.089 0.712 0.740 4664.6 4.60 nan
 TOI-6886.01: 2.000 5.567 nan 0.0504 4.80033 2459638.336302 845.4 0
>TOI-6887: 184.0838370 39.1498530 11.396 1.249 1.180 6186.7 4.32 nan
 TOI-6887.01: 5.365 9.517 nan 0.0727 6.58835 2459647.313490 1236.5 0
>TOI-6888: 12.9724000 57.3642370 9.803 1.584 1.196 6213.0 4.12 nan
 TOI-6888.01: 7.158 10.836 nan 0.1527 19.92539 2459886.753156 964.9 0
>TOI-6889: 199.4845520 16.4180070 12.114 1.092 1.020 5726.0 4.37 nan
 TOI-6889.01: 3.417 18.853 nan 0.0947 10.54658 2459665.724956 937.6 0
>TOI-6890: 139.2311230 -20.6762340 10.158 1.263 1.090 5964.0 4.27 nan
 TOI-6890.01: 8.806 6.578 nan nan nan 2459256.542863 nan 0
>TOI-6891: 185.2059420 53.1608170 12.329 0.802 1.010 5675.0 4.63 nan
 TOI-6891.01: 1.651 8.109 nan 0.0806 8.31066 2459614.499062 863.2 0
>TOI-6892: 178.3693560 47.9714710 12.118 1.301 1.030 5767.3 4.22 nan
 TOI-6892.01: 5.830 11.050 nan 0.1352 17.89618 2459616.904120 862.7 0
>TOI-6893: 2.8927230 4.7672120 7.349 2.507 1.164 6140.0 3.71 nan
 TOI-6893.01: 13.413 8.561 nan nan nan 2460231.546682 nan 0
>TOI-6896: 358.0059050 -9.3495380 9.783 1.035 1.100 5985.0 4.45 nan
 TOI-6896.01: 4.970 3.582 nan 0.1475 19.73577 2459107.486055 764.5 0
>TOI-6897: 339.0775920 -46.3128010 12.680 1.327 1.282 5858.0 4.30 nan
 TOI-6897.01: 3.777 13.523 nan 0.0874 8.33017 2459068.397736 1100.7 0
>TOI-6898: 333.1558460 -24.2095350 8.626 0.678 0.630 4024.0 4.58 nan
 TOI-6898.01: 3.274 2.917 nan 0.1157 18.10814 2460876.356919 469.7 0
 TOI-6898.02: 2.639 2.425 nan 0.2087 43.86816 2460172.083716 349.7 0
>TOI-6899: 326.3814040 -51.5647850 8.320 0.930 0.970 5503.0 4.49 nan
 TOI-6899.01: 2.664 1.178 nan 0.0391 2.86259 2458327.520562 1294.2 0
>TOI-6900: 76.8187600 -73.2458570 9.926 0.737 0.700 4468.0 4.55 nan
 TOI-6900.01: 3.090 1.720 nan 0.1006 13.92234 2458332.823317 583.2 0
>TOI-6901: 9.8665580 -80.5693210 9.000 0.688 0.720 4550.0 4.62 nan
 TOI-6901.01: 1.703 1.454 nan 0.0387 3.27279 2459036.647119 925.1 0
>TOI-6903: 352.7564210 -19.4899290 8.139 1.575 1.530 6971.2 4.23 nan
 TOI-6903.01: 0.927 3.841 nan 0.0657 4.96768 2458357.606713 1645.9 0
>TOI-6904: 312.3592360 -57.4800620 9.443 0.629 0.611 3944.0 4.63 nan
 TOI-6904.01: 2.410 2.965 nan 0.1091 16.82674 2459038.047363 456.6 0
>TOI-6905: 300.5596210 -39.5065720 9.485 2.521 1.110 6002.0 3.68 nan
 TOI-6905.01: 8.350 13.856 nan 2.1377 1083.55760 2459044.538434 314.3 0
>TOI-6907: 245.5546700 63.7175800 12.446 0.799 0.880 5203.0 4.58 nan
 TOI-6907.01: 2.706 10.862 nan 0.0422 3.37951 2460286.464218 1091.7 0
>TOI-6908: 95.6896860 36.5981030 10.119 1.293 0.965 5501.1 4.20 nan
 TOI-6908.01: 3.073 5.118 nan 0.0464 3.71208 2460288.919876 1400.3 0
>TOI-6909: 104.8713260 51.0458270 12.023 0.680 0.649 3893.0 4.59 nan
 TOI-6909.01: 2.450 7.976 nan 0.0457 4.42847 2460286.806094 724.1 0
>TOI-6910: 271.5113070 78.0616270 12.645 1.102 0.990 5585.0 4.35 nan
 TOI-6910.01: 2.991 12.986 nan 0.0361 2.51393 2460286.751606 1488.0 0
>TOI-6911: 43.3508990 83.5106200 8.162 2.240 1.420 6696.0 3.89 nan
 TOI-6911.01: 8.647 2.972 nan 0.1412 16.25205 2460645.525605 1286.0 0
>TOI-6912: 83.1451900 36.1123030 7.666 1.310 1.088 5924.0 4.24 nan
 TOI-6912.01: 2.251 2.228 nan 0.0781 7.63779 2460302.339448 1169.9 0
>TOI-6913: 74.0864360 38.6695370 9.453 1.460 1.481 6870.8 4.28 nan
 TOI-6913.01: 0.555 5.717 nan 0.0156 0.58431 2460312.097225 3205.2 0
>TOI-6914: 108.6538710 21.4038600 11.048 1.100 1.134 6076.4 4.41 nan
 TOI-6914.01: 3.235 18.225 nan 0.0903 9.30798 2459541.688032 1022.7 0
>TOI-6915: 78.3324350 31.3758290 10.005 1.980 1.929 8013.0 4.13 nan
 TOI-6915.01: 1.200 5.468 nan 0.0448 2.49155 2460307.879824 2568.8 0
>TOI-6916: 108.3820770 9.6394570 12.006 1.620 1.233 6285.0 4.11 nan
 TOI-6916.01: 3.720 16.532 nan 0.0521 3.91555 2459222.284340 1690.0 0
>TOI-6917: 80.7016070 12.2891960 11.773 1.470 1.338 6518.8 4.23 nan
 TOI-6917.01: 5.281 9.129 nan 0.0986 9.77168 2460251.990426 1213.7 0
>TOI-6918: 64.9697370 10.4693850 10.786 1.770 1.042 5787.9 3.96 nan
 TOI-6918.01: 5.835 9.759 nan 0.1165 14.23085 2460237.500570 1087.9 0
>TOI-6919: 75.4083170 22.8904470 10.333 0.720 0.641 4069.0 4.53 nan
 TOI-6919.01: 0.363 14.931 nan 0.0141 0.76031 2460257.988955 1402.1 0
>TOI-6922: 88.2525510 19.2882310 11.815 1.240 1.227 6305.0 4.34 nan
 TOI-6922.01: 2.118 7.742 nan 0.0621 5.09895 2460279.448492 1358.6 0
>TOI-6923: 147.0843950 8.0554860 11.500 0.940 0.888 5221.4 4.44 nan
 TOI-6923.01: 2.944 11.394 nan 0.0670 6.72749 2460279.688465 943.1 0
>TOI-6924: 88.6866240 17.2125150 11.293 1.130 1.143 6118.4 4.39 nan
 TOI-6924.01: 4.343 9.220 nan 0.4168 91.92834 2459402.288342 485.8 0
>TOI-6925: 101.9887600 22.9352090 12.697 0.590 0.580 3674.0 4.66 nan
 TOI-6925.01: 2.481 13.937 nan 0.0538 5.97853 2460282.555616 586.7 0
>TOI-6926: 87.3242200 28.3691980 10.884 1.760 1.007 5643.0 3.95 nan
 TOI-6926.01: 5.859 9.776 nan 0.0803 8.28642 2460278.003661 1273.9 0
>TOI-6927: 120.6902400 21.6596860 12.075 1.120 1.024 5737.3 4.35 nan
 TOI-6927.01: 1.230 13.716 nan 0.0525 4.34273 2460285.161253 1277.8 0
>TOI-6928: 92.3432120 23.7918310 12.250 1.240 1.227 6280.0 4.34 nan
 TOI-6928.01: 3.523 13.805 nan 0.0519 3.89784 2460284.495498 1480.2 0
>TOI-6929: 175.5788070 -0.6993360 11.245 0.780 0.787 4854.0 4.55 nan
 TOI-6929.01: 2.942 10.939 nan 1.4511 719.57409 2459561.065029 171.6 0
>TOI-6930: 111.7644980 26.9283410 12.039 1.150 1.184 6172.8 4.39 nan
 TOI-6930.01: 2.116 13.506 nan 0.0774 7.22188 2460273.053249 1147.3 0
>TOI-6931: 98.8406430 15.1834220 11.792 1.890 1.244 6307.0 3.98 nan
 TOI-6931.01: 2.773 11.938 nan 0.0358 2.21836 2460283.230469 2209.8 0
>TOI-6932: 158.1586320 12.6785950 12.179 1.460 1.025 5808.0 4.12 nan
 TOI-6932.01: 5.747 11.745 nan 0.0851 8.95330 2460267.799670 1160.0 0
>TOI-6933: 177.7604070 -0.6746830 10.808 2.350 1.082 5887.0 3.73 nan
 TOI-6933.01: 5.010 12.131 nan 0.0918 9.76548 2460279.092063 1436.3 0
>TOI-6934: 84.1794640 23.9023450 11.518 1.480 1.078 5954.0 4.13 nan
 TOI-6934.01: 3.091 13.755 nan 0.0402 2.83987 2460282.962785 1742.0 0
>TOI-6935: 114.8713250 9.2360810 12.464 0.670 0.637 3958.0 4.59 nan
 TOI-6935.01: 1.849 9.556 nan 0.0246 1.76303 2460285.453378 996.0 0
>TOI-6936: 117.9905080 18.1263860 10.445 0.670 0.667 4201.6 4.61 nan
 TOI-6936.01: 2.022 4.008 nan 0.0809 10.29857 2460266.812702 583.1 0
>TOI-6937: 93.2400350 11.9926400 11.095 1.530 1.703 7445.4 4.30 nan
 TOI-6937.01: 1.229 5.734 nan 0.0290 1.38098 2460283.743107 2607.8 0
>TOI-6938: 88.4415600 18.4787480 12.082 2.460 1.330 6473.0 3.78 nan
 TOI-6938.01: 6.112 15.364 nan 0.0619 4.87900 2460277.283118 1967.7 0
>TOI-6939: 89.3722270 17.7724530 12.123 1.380 1.101 6039.4 4.20 nan
 TOI-6939.01: 1.448 13.677 nan 0.0312 1.92077 2460282.144870 1936.8 0
>TOI-6940: 111.8706960 11.4662810 10.071 0.370 0.353 3338.0 4.85 nan
 TOI-6940.01: 0.309 2.034 nan 0.0063 0.30526 2460285.534539 1233.5 0
>TOI-6941: 83.5540330 26.6795690 12.263 2.170 1.396 6610.0 3.91 nan
 TOI-6941.01: 4.009 15.950 nan 0.0449 2.93718 2460280.356726 2215.9 0
>TOI-6942: 90.9510090 19.2133280 10.060 1.060 1.209 6234.0 4.47 nan
 TOI-6942.01: 2.549 7.845 nan 0.1046 11.23207 2460266.427734 956.9 0
>TOI-6943: 106.5224830 10.7322960 11.732 3.030 1.428 6749.0 3.63 nan
 TOI-6943.01: 5.548 15.155 nan 0.0703 5.69068 2460285.451604 2136.6 0
>TOI-6944: 111.9280440 9.9695500 9.467 0.760 0.878 5181.1 4.62 nan
 TOI-6944.01: 3.596 2.610 nan 0.0999 12.30275 2460271.568328 689.1 0
>TOI-6945: 104.1010960 19.3216220 12.120 1.390 1.282 6397.0 4.26 nan
 TOI-6945.01: 5.931 11.426 nan 0.1285 14.85478 2460271.367836 1014.5 0
>TOI-6946: 124.7133790 20.0524560 11.953 1.130 0.996 5648.0 4.33 nan
 TOI-6946.01: 1.676 12.046 nan 0.1093 13.22727 2460269.632960 875.7 0
>TOI-6947: 105.3640620 16.3691920 11.242 1.680 1.388 6628.0 4.13 nan
 TOI-6947.01: 4.730 16.023 nan 0.0762 6.52020 2460274.152856 1500.7 0
>TOI-6948: 97.0035350 12.6139570 11.383 1.300 1.202 6250.0 4.29 nan
 TOI-6948.01: 0.523 11.618 nan 0.0648 5.49118 2460282.695103 1349.9 0
>TOI-6949: 93.0368220 20.5771240 12.443 1.440 1.617 7164.1 4.33 nan
 TOI-6949.01: 3.185 11.457 nan 0.0501 3.22325 2460280.811771 1852.1 0
>TOI-695: 73.1382350 -64.9288680 9.604 0.811 0.578 5591.0 4.38 nan
 TOI-695.01: 4.767 2.682 nan 0.1255 21.37642 2458346.404484 685.3 0
>TOI-6950: 110.7410540 22.4893100 12.856 0.630 0.617 3854.0 4.63 nan
 TOI-6950.01: 1.559 12.255 nan 0.0269 2.04784 2460284.719845 899.4 0
>TOI-6951: 94.2453620 24.8030140 12.302 1.580 1.347 6514.0 4.17 nan
 TOI-6951.01: 3.303 18.100 nan 0.0520 3.72799 2460279.795164 1731.4 0
>TOI-6953: 114.5864210 19.5319260 11.880 1.550 1.103 5956.8 4.10 nan
 TOI-6953.01: 1.171 8.708 nan 0.0177 0.82047 2460285.315548 2688.0 0
>TOI-6955: 92.9340090 25.0389450 11.000 2.550 1.365 6547.8 3.76 nan
 TOI-6955.01: 6.274 11.797 nan 0.0645 5.11857 2460277.209487 1985.3 0
>TOI-6956: 93.0812270 13.9533130 12.286 1.330 1.478 6824.2 4.36 nan
 TOI-6956.01: 5.787 9.889 nan 0.1194 12.39005 2460276.864165 1098.3 0
>TOI-6957: 75.7939980 -66.3583460 9.786 1.024 0.754 5389.7 4.29 nan
 TOI-6957.01: 9.534 3.216 nan 0.5266 160.67602 2458377.045676 362.4 0
>TOI-6958: 271.1783060 70.4303480 12.239 0.667 0.690 4403.0 4.63 nan
 TOI-6958.01: 2.557 13.666 nan 0.0570 5.98157 2460316.951093 726.3 0
>TOI-6959: 291.1913880 64.6182520 12.992 1.017 0.890 5210.0 4.37 nan
 TOI-6959.01: 2.731 12.710 nan 0.0404 3.13819 2460313.989260 1260.5 0
>TOI-6960: 326.6470100 -31.0062410 11.075 0.732 nan 5107.3 nan nan
 TOI-6960.01: 1.087 7.489 nan nan 1.30595 2459062.124632 nan 0
>TOI-6961: 30.2183140 12.5832890 10.130 1.169 1.080 5911.1 4.34 nan
 TOI-6961.01: 5.530 3.926 nan 0.1340 17.23674 2459460.590554 841.9 0
>TOI-6964: 45.8606560 17.8082830 8.911 1.046 0.947 5432.2 4.38 nan
 TOI-6964.01: 0.933 3.159 nan 0.0544 4.76458 2460210.583136 1148.6 0
>TOI-6968: 289.3328530 38.3488990 11.057 1.204 1.080 5924.0 4.31 nan
 TOI-6968.01: 2.828 5.415 nan 0.0355 2.34751 2460340.703809 1663.6 0
>TOI-6969: 308.1605330 40.7784430 11.514 1.392 1.380 6616.0 4.29 nan
 TOI-6969.02: 2.797 11.372 nan 0.0599 4.55656 2460342.859563 1537.9 0
>TOI-6971: 168.4168290 51.1774520 7.758 2.854 1.241 6309.0 3.62 nan
 TOI-6971.01: 6.554 13.676 nan 0.0546 4.18670 2460343.972407 2199.5 0
>TOI-6972: 204.4396160 48.2463840 9.475 1.720 1.054 5907.0 3.99 nan
 TOI-6972.01: 4.908 8.443 nan 0.0619 5.48091 2459661.074326 1501.5 0
>TOI-6973: 352.2917730 66.0992750 7.764 1.000 1.004 5626.0 4.44 nan
 TOI-6973.01: 3.720 3.175 nan 0.1961 31.65275 2459857.549027 612.6 0
>TOI-6974: 133.9929700 -14.3589670 10.598 1.270 1.022 5741.0 4.24 nan
 TOI-6974.01: 3.975 7.243 nan 0.0772 7.75177 2459976.900453 1122.8 0
>TOI-6975: 163.5748920 -36.2710690 10.595 nan nan nan nan nan
 TOI-6975.01: 3.043 nan nan nan 2.14490 2460038.793473 nan 0
>TOI-6976: 144.0742770 -40.6269720 9.242 1.490 1.473 6850.0 4.26 nan
 TOI-6976.01: 1.084 4.463 nan 0.0321 1.73460 2460037.517533 2250.4 0
>TOI-6978: 299.6382480 -54.9374230 6.068 0.751 0.760 4747.1 4.57 nan
 TOI-6978.01: 3.173 0.970 nan 0.0780 9.12581 2458661.083459 710.3 0
>TOI-698: 87.7390870 -76.6196100 9.830 0.472 0.551 3570.0 4.83 nan
 TOI-698.01: 2.125 2.091 nan 0.0980 15.08677 2458328.941861 377.8 0
>TOI-6980: 38.2066340 5.2098010 7.221 1.174 1.180 6186.0 4.37 nan
 TOI-6980.01: 2.855 2.416 nan nan nan 2459463.700632 nan 0
>TOI-6981: 121.0599670 11.2669370 9.151 0.297 0.273 3261.0 4.93 nan
 TOI-6981.01: 2.947 2.076 nan 0.7181 425.45070 2459559.051804 101.1 0
>TOI-6983: 38.7422130 9.8458050 8.805 1.378 1.244 6317.1 4.25 nan
 TOI-6983.01: 5.984 2.695 nan 0.2084 31.15716 2459465.951361 783.3 0
>TOI-6985: 108.9938310 18.6916580 7.137 0.845 0.890 5235.0 4.53 nan
 TOI-6985.01: 6.669 3.431 nan 1.5522 748.71463 2459509.801369 186.3 0
>TOI-6986: 75.8769950 35.1839430 12.250 0.660 0.632 3521.0 4.60 nan
 TOI-6986.01: 1.046 12.646 nan 0.0191 1.21174 2460310.606085 998.1 0
>TOI-6987: 72.6300090 43.0654980 11.970 1.370 1.217 6233.0 4.25 nan
 TOI-6987.01: 2.615 17.873 nan 0.0578 4.60174 2460311.481638 1463.3 0
>TOI-6988: 90.2447470 62.6939850 11.963 1.160 1.002 5614.0 4.31 nan
 TOI-6988.01: 4.578 8.766 nan 0.1106 13.41403 2460291.074464 876.7 0
>TOI-699: 83.3822400 -62.1090220 9.063 1.420 0.864 6138.6 4.07 nan
 TOI-699.01: 3.278 2.396 nan 0.1124 14.80114 2460967.168587 1052.1 0
 TOI-699.02: 5.352 2.305 nan 0.1942 33.63361 2460175.078683 800.4 0
 TOI-699.03: 7.488 2.975 nan 1.4300 672.63662 2458374.209051 295.0 0
>TOI-6990: 89.8363310 35.2781550 12.237 0.810 1.145 6047.9 4.68 nan
 TOI-6990.01: 1.640 8.460 nan 0.0278 1.58294 2460309.569095 1574.2 0
>TOI-6991: 91.9950280 46.1178840 12.151 1.250 1.013 5643.0 4.25 nan
 TOI-6991.01: 1.405 15.385 nan 0.0195 0.99024 2460311.068106 2178.6 0
>TOI-6992: 70.7153280 51.5271770 9.145 0.700 0.711 4448.2 4.60 nan
 TOI-6992.01: 2.710 4.031 nan 0.1069 15.13898 2460306.676320 548.9 0
>TOI-6993: 78.4660620 68.4677930 11.120 0.940 1.019 5661.0 4.50 nan
 TOI-6993.01: 0.446 4.984 nan 0.0101 0.36956 2460312.391299 2633.5 0
>TOI-6995: 284.1434200 33.5029220 10.560 2.100 1.369 6576.0 3.93 nan
 TOI-6995.01: 3.171 11.338 nan 0.1005 9.94450 2460320.796139 1449.5 0
>TOI-6997: 282.2691540 25.6932240 11.522 1.070 0.979 5576.0 4.37 nan
 TOI-6997.01: 3.903 10.346 nan 0.1243 16.17937 2460310.677091 788.9 0
>TOI-6998: 287.7027770 78.7321910 10.761 0.660 0.662 4225.0 4.62 nan
 TOI-6998.01: 3.477 6.014 nan 0.1537 27.03589 2460370.355785 422.2 0
>TOI-7000: 206.0867810 85.1128260 11.487 2.920 1.030 5794.0 3.52 nan
 TOI-7000.01: 3.375 15.253 nan 0.0392 2.78976 2460336.036755 2411.3 0
>TOI-7001: 275.4405500 28.4679180 12.472 0.650 0.628 3662.0 4.61 nan
 TOI-7001.01: 1.873 13.214 nan 0.1079 16.34755 2460317.243400 433.4 0
>TOI-7002: 280.4618220 26.9370220 12.067 2.070 1.393 6677.0 3.95 nan
 TOI-7002.01: 4.331 12.048 nan 0.0637 4.97928 2460338.349222 1835.4 0
>TOI-7003: 136.6310850 70.8868290 11.857 0.460 0.454 3326.0 4.77 nan
 TOI-7003.01: 0.559 13.856 nan 0.0122 0.73312 2460338.155539 984.8 0
>TOI-7004: 282.6433600 40.6012360 11.555 2.180 1.021 5755.9 3.77 nan
 TOI-7004.01: 5.370 9.908 nan 0.0903 9.81630 2460321.753883 1363.7 0
>TOI-7005: 164.9882660 64.6437180 11.857 1.270 1.145 6089.0 4.29 nan
 TOI-7005.01: 1.890 8.962 nan 0.0829 8.14201 2460366.005379 1149.2 0
>TOI-7006: 310.0405940 62.2804070 11.477 0.860 0.957 5437.0 4.55 nan
 TOI-7006.01: 4.975 9.693 nan 0.2684 51.91209 2460393.557616 469.3 0
>TOI-7010: 304.3607600 58.4273820 11.895 1.180 0.990 5617.0 4.29 nan
 TOI-7010.01: 1.971 11.352 nan 0.0508 4.19760 2460415.354189 1305.4 0
>TOI-7011: 319.5769600 41.3989440 11.834 1.080 0.952 5493.0 4.35 nan
 TOI-7011.01: 4.082 10.589 nan 0.1390 19.39404 2460369.656214 738.3 0
>TOI-7012: 309.1166340 50.5971220 12.326 1.420 1.193 6208.0 4.21 nan
 TOI-7012.01: 3.180 9.473 nan 0.0525 4.01978 2460387.423383 1556.9 0
>TOI-7013: 311.7699680 37.2648800 11.520 1.050 0.943 5358.0 4.37 nan
 TOI-7013.01: 2.663 7.670 nan 0.0503 4.24519 2460362.063352 1180.4 0
>TOI-7014: 288.0165640 44.4964380 11.650 1.080 1.172 6204.8 4.44 nan
 TOI-7014.01: 0.598 6.536 nan 0.0169 0.74068 2460366.837105 2391.8 0
>TOI-7015: 178.1762780 48.3522110 11.943 0.470 0.474 3368.0 4.77 nan
 TOI-7015.01: 0.515 14.024 nan 0.0562 7.06875 2460359.065148 469.7 0
>TOI-7016: 307.8981680 39.7967550 12.168 1.320 2.416 9488.0 4.58 nan
 TOI-7016.01: 2.438 15.491 nan 0.0359 1.59880 2460366.663055 2774.3 0
>TOI-7017: 299.0743890 44.4322980 nan 2.420 1.444 6743.0 3.83 nan
 TOI-7017.01: 5.110 19.003 nan 0.0654 5.08269 2460363.019969 1977.9 0
>TOI-7018: 221.0738710 77.9460440 11.838 0.910 1.023 5725.0 4.53 nan
 TOI-7018.01: 5.276 17.866 nan 0.1468 20.31587 2460352.534386 687.3 0
>TOI-7019: 273.7889010 50.8627390 11.726 0.850 1.073 5936.0 4.61 nan
 TOI-7019.01: 6.299 7.879 nan 0.2656 48.25909 2460328.380324 512.1 0
>TOI-702: 56.1749490 -65.1983390 9.792 0.578 0.502 4015.0 4.62 nan
 TOI-702.01: 1.456 2.048 nan 0.0363 3.56814 2458326.815950 772.6 0
>TOI-7020: 300.3662360 54.9271260 10.635 2.020 1.523 6975.0 4.01 nan
 TOI-7020.01: 1.115 10.434 nan 0.0485 3.16425 2460394.056309 2170.6 0
>TOI-7021: 304.2098480 56.5903410 11.328 1.330 1.174 6173.0 4.26 nan
 TOI-7021.01: 8.483 10.562 nan 0.2785 49.53550 2459881.260010 650.5 0
>TOI-7022: 320.9141250 37.7595220 11.634 1.190 0.962 5537.0 4.27 nan
 TOI-7022.01: 1.236 16.099 nan 0.0389 2.85837 2460392.427201 1476.7 0
>TOI-7023: 312.7810680 34.4406420 12.281 1.330 1.411 6686.0 4.34 nan
 TOI-7023.01: 2.522 13.009 nan 0.0387 2.34042 2460365.559902 1890.0 0
>TOI-7024: 168.7038120 53.5117080 12.069 0.710 0.609 3914.3 4.52 nan
 TOI-7024.01: 1.467 12.042 nan 0.0260 1.96392 2459634.914183 986.3 0
>TOI-7025: 266.1222210 62.5551160 10.494 1.510 1.148 6078.0 4.14 nan
 TOI-7025.01: 2.024 11.721 nan 0.3380 66.99542 2460340.028469 619.5 0
>TOI-7026: 266.8369550 65.6322570 11.205 0.740 0.692 4340.0 4.54 nan
 TOI-7026.01: 4.167 5.533 nan 0.2815 65.55804 2460314.948852 339.3 0
>TOI-7028: 287.1606370 57.3775720 11.750 0.920 0.932 5340.0 4.48 nan
 TOI-7028.01: 2.168 4.094 nan 0.0348 2.45961 2460420.816602 1324.0 0
>TOI-7029: 183.5190020 48.3591330 12.462 0.550 0.553 3516.0 4.70 nan
 TOI-7029.01: 1.201 13.364 nan 0.0249 1.92715 2460392.777339 796.8 0
>TOI-703: 57.9998230 -59.8824420 9.077 0.910 1.066 5384.0 4.55 nan
 TOI-703.01: 2.960 2.283 nan 0.0844 8.67297 2458356.921235 852.5 0
 TOI-703.02: 4.975 2.480 nan 0.1528 22.56827 2458370.302728 633.6 0
>TOI-7030: 334.1635010 52.9244930 8.027 0.770 0.750 4679.0 4.54 nan
 TOI-7030.01: 1.339 1.601 nan 0.0333 2.56045 2460419.652587 1084.9 0
>TOI-7031: 186.0127620 42.6841240 12.220 0.637 0.617 3718.0 4.62 nan
 TOI-7031.01: 1.319 7.073 nan 0.0246 1.79110 2460368.419612 912.3 0
>TOI-7032: 205.8466320 39.2487890 6.525 0.720 0.702 4526.0 4.57 nan
 TOI-7032.01: 2.675 2.448 nan 0.1184 17.74560 2460397.022821 538.2 0
>TOI-7033: 133.6417420 -45.4838290 9.033 0.970 0.967 5508.0 4.45 nan
 TOI-7033.01: 1.289 1.732 nan 0.0157 0.73128 2460013.337525 2087.7 0
>TOI-7034: 6.5784810 62.9310960 9.898 2.180 nan 8482.0 nan nan
 TOI-7034.01: 1.461 5.316 nan nan 0.90822 2460448.381202 nan 0
>TOI-7035: 356.7810980 69.0485000 9.504 1.760 1.239 6293.8 4.04 nan
 TOI-7035.01: 4.430 14.794 nan 0.0546 4.18142 2460448.966726 1723.1 0
>TOI-7036: 237.8065820 29.4479200 12.493 0.654 0.630 3937.0 4.61 nan
 TOI-7036.01: 1.491 11.189 nan 0.0353 3.05133 2460434.686218 817.1 0
>TOI-7037: 128.3281530 5.1063010 10.987 1.230 1.051 5865.0 4.28 nan
 TOI-7037.01: 1.698 15.153 nan 0.0512 4.12800 2459244.902440 1386.2 0
>TOI-7038: 246.0577410 -32.1437890 8.297 1.420 1.508 6920.0 4.31 nan
 TOI-7038.01: 3.059 3.125 nan 0.0942 8.60005 2460079.460235 1295.6 0
>TOI-7039: 192.3390040 -70.9165540 8.920 1.330 1.046 5768.0 4.21 nan
 TOI-7039.01: 4.732 3.018 nan 0.0442 3.32064 2460088.850177 1525.7 0
>TOI-7040: 283.4432130 -34.7841030 10.367 0.950 0.930 5376.0 4.45 nan
 TOI-7040.01: 4.419 5.195 nan 0.1457 21.05624 2460128.288364 661.9 0
>TOI-7043: 251.8061600 37.8859570 7.857 0.820 0.890 5228.2 4.56 nan
 TOI-7043.01: 3.932 1.694 nan 0.1263 17.38401 2460463.610974 642.4 0
>TOI-7044: 250.4147390 15.2005300 9.182 1.550 1.053 5888.0 4.08 nan
 TOI-7044.01: 3.514 6.726 nan 0.1263 15.96698 2460473.081723 994.6 0
>TOI-7045: 256.0540620 31.5653690 9.015 1.300 1.258 6320.0 4.31 nan
 TOI-7045.01: 1.300 4.164 nan 0.0366 2.27760 2460477.847283 1816.3 0
>TOI-7046: 40.5870280 -59.4663900 11.284 1.300 1.122 6024.0 4.26 nan
 TOI-7046.01: 2.534 13.217 nan 0.0433 3.10846 2459139.157588 1591.6 0
>TOI-7047: 81.3977160 -25.5173090 10.539 0.810 0.910 5294.0 4.58 nan
 TOI-7047.01: 3.738 2.569 nan 0.0574 5.27297 2459199.606231 959.0 0
>TOI-7048: 353.4302630 -62.6433790 11.368 1.800 1.100 5969.0 3.97 nan
 TOI-7048.01: 2.213 13.137 nan 0.0516 4.08636 2460175.328426 1700.0 0
>TOI-7049: 39.8242910 7.4708350 9.033 0.250 0.218 3236.0 4.98 nan
 TOI-7049.01: 2.345 2.034 nan 0.1387 40.38339 2460214.323255 209.5 0
>TOI-705: 106.4771480 -72.5587650 10.249 0.878 1.357 5249.2 4.68 nan
 TOI-705.01: 5.866 3.101 nan 0.2822 47.01964 2458352.133670 446.5 0
>TOI-7050: 278.5192370 17.1991390 9.983 1.750 2.333 9267.0 4.32 nan
 TOI-7050.01: 0.654 9.601 nan 0.0328 1.41830 2460505.634065 3264.0 0
>TOI-7052: 268.9585300 33.4196230 7.144 0.640 0.667 4269.0 4.65 nan
 TOI-7052.01: 0.487 1.719 nan 0.0347 2.88620 2460500.659766 884.1 0
>TOI-7053: 281.7084800 12.5545090 7.534 4.620 2.405 9416.0 3.49 nan
 TOI-7053.01: 2.746 7.759 nan 0.0529 2.86380 2460503.942370 4243.2 0
>TOI-7054: 269.0951230 -2.4042310 10.468 0.570 0.753 4708.0 4.80 nan
 TOI-7054.01: 5.579 7.345 nan 0.1071 14.75956 2460482.548909 523.7 0
>TOI-706: 74.7526570 -49.7361790 7.531 1.498 0.277 5709.6 3.53 nan
 TOI-706.01: 5.424 16.633 nan 1.0243 719.03813 2458434.911525 333.0 0
>TOI-7060: 300.0471160 -71.9668650 9.236 1.350 1.103 6009.6 4.22 nan
 TOI-7060.01: 3.450 2.730 nan 0.0656 5.84968 2460844.812136 1314.6 0
 TOI-7060.02: 3.285 4.452 nan 2.1084 1064.70040 2460121.599960 231.9 0
>TOI-7062: 313.2920910 -9.0440550 7.515 0.770 0.822 4942.0 4.58 nan
 TOI-7062.01: 2.275 3.187 nan 0.0880 10.51379 2460528.435521 704.9 0
>TOI-7063: 313.7262890 -2.3344190 7.710 0.830 0.912 5263.0 4.56 nan
 TOI-7063.01: 1.938 1.415 nan 0.0459 3.75705 2460527.926189 1079.2 0
>TOI-7064: 276.1046890 69.0977680 7.670 1.800 1.237 6298.0 4.02 nan
 TOI-7064.01: 6.996 2.180 nan 0.3275 61.55560 2460466.125236 712.0 0
>TOI-7069: 322.6485150 32.0061890 9.292 0.850 0.957 5443.0 4.56 nan
 TOI-7069.01: 3.110 2.358 nan 0.0817 8.72017 2460549.089507 846.6 0
>TOI-707: 98.7295890 -67.5372740 8.972 0.978 0.990 5424.0 4.39 0.16
 TOI-707.02: 4.691 1.363 nan 0.1361 17.47575 2458328.766769 701.1 0
>TOI-7070: 314.8416080 18.0717870 8.541 1.800 1.006 5658.0 3.93 nan
 TOI-7070.01: 3.316 2.985 nan 0.0531 4.45638 2460555.634073 1588.5 0
>TOI-7071: 305.9462520 37.9827400 8.442 2.280 2.678 10409.0 4.15 nan
 TOI-7071.01: 6.740 2.573 nan 0.0850 5.53341 2460555.517038 2599.6 0
>TOI-7072: 324.3613070 28.0084430 8.985 1.710 1.117 6019.0 4.02 nan
 TOI-7072.01: 0.909 6.545 nan 0.0177 0.81189 2460557.683136 2852.8 0
>TOI-7073: 306.2385330 50.4885930 11.390 2.200 1.221 6282.0 3.84 nan
 TOI-7073.01: 7.607 11.437 nan 0.1167 13.16898 2460554.021047 1315.2 0
>TOI-7074: 319.9087960 46.0672710 11.808 2.340 1.231 6274.0 3.79 nan
 TOI-7074.01: 5.051 18.837 nan 0.0584 4.65048 2460555.870633 1915.0 0
>TOI-7075: 311.1642320 41.1398840 11.973 0.910 nan 6004.1 nan nan
 TOI-7075.01: 1.647 9.960 nan nan 2.81204 2460557.746647 nan 0
>TOI-7076: 319.3411710 44.5603380 11.741 1.650 1.371 6572.0 4.14 nan
 TOI-7076.01: 3.054 16.288 nan 0.0499 3.47477 2460553.136841 1822.3 0
>TOI-7077: 308.9805040 44.8848690 10.752 1.530 nan 5713.3 nan nan
 TOI-7077.01: 5.820 7.961 nan nan 6.40301 2460557.395627 nan 0
>TOI-7078: 299.7842480 54.9710490 11.195 1.130 1.067 5847.0 4.36 nan
 TOI-7078.01: 2.826 5.105 nan 0.0689 6.39626 2460553.361723 1141.8 0
>TOI-7079: 292.6362860 54.6805390 10.451 2.390 nan 4951.0 nan nan
 TOI-7079.01: 6.998 15.296 nan nan 12.12529 2460388.539526 nan 0
>TOI-7080: 311.7632620 43.5819730 11.472 1.120 1.414 6647.0 4.49 nan
 TOI-7080.01: 6.446 9.186 nan 0.2425 36.68922 2460377.247914 688.8 0
>TOI-7081: 197.3001940 65.3161000 12.619 1.060 1.237 6305.0 4.48 nan
 TOI-7081.01: 4.223 16.831 nan 0.1147 12.76178 2460394.126272 924.3 0
>TOI-7082: 202.2493170 40.1957220 11.918 0.330 0.315 3340.0 4.90 nan
 TOI-7082.01: 1.118 11.901 nan 0.0229 2.25317 2460393.685953 611.4 0
>TOI-7083: 203.6296940 53.8669310 11.665 2.190 0.939 5408.0 3.73 nan
 TOI-7083.01: 6.702 9.439 nan 0.0743 7.62535 2460380.018139 1415.8 0
>TOI-7084: 316.4988260 37.6652630 10.400 0.870 0.935 5399.0 4.53 nan
 TOI-7084.01: 4.087 3.968 nan 0.1494 21.81534 2460544.198459 628.2 0
>TOI-7085: 310.6821220 53.4477720 12.447 0.520 0.518 3388.0 4.72 nan
 TOI-7085.01: 1.046 11.270 nan 0.0266 2.20226 2460554.822529 722.3 0
>TOI-7087: 299.7184570 54.8400330 11.968 1.790 1.041 5797.0 3.95 nan
 TOI-7087.01: 3.996 9.399 nan 0.0787 7.90399 2460555.516756 1333.1 0
>TOI-7088: 318.9514230 37.1324230 10.967 2.780 1.514 6919.0 3.73 nan
 TOI-7088.01: 2.213 19.674 nan 0.0834 7.15547 2460545.183019 1926.3 0
>TOI-7089: 310.7666660 45.8370070 9.234 2.740 3.072 11678.0 4.05 nan
 TOI-7089.01: 1.137 5.779 nan 0.0387 1.58521 2460366.591502 4738.3 0
>TOI-709: 65.6553860 -54.1471790 13.842 0.147 0.500 50000.0 5.80 nan
 TOI-709.01: 3.883 3.677 nan 0.1578 32.37660 2458392.822001 2327.1 0
 TOI-709.02: 4.388 1.340 nan 1.3132 777.05167 2458399.221135 806.7 0
>TOI-7090: 217.3368840 65.9300970 10.495 1.480 1.078 5918.0 4.13 nan
 TOI-7090.01: 3.983 16.088 nan 0.3098 60.68258 2460291.411091 623.7 0
>TOI-7091: 306.6090940 49.0412490 11.823 1.900 nan 5578.5 nan nan
 TOI-7091.01: 3.132 17.834 nan nan 4.85108 2460549.960401 nan 0
>TOI-7092: 310.1424520 47.2996050 12.154 2.510 1.703 7469.0 3.87 nan
 TOI-7092.01: 1.538 16.288 nan 0.0249 1.10222 2460558.163842 3616.0 0
>TOI-7093: 319.4100120 48.1633550 10.952 1.540 1.936 7980.0 4.35 nan
 TOI-7093.01: 1.904 18.303 nan 0.0489 2.83719 2460556.437706 2159.4 0
>TOI-7094: 338.6352740 53.6108700 11.344 nan nan nan nan nan
 TOI-7094.01: 1.228 nan nan nan 2.11251 2460422.037504 nan 0
>TOI-7095: 335.2596620 57.0810720 10.835 3.800 1.027 5759.0 3.29 nan
 TOI-7095.01: 8.627 13.784 nan 0.0552 4.67457 2460416.357819 2304.1 0
>TOI-7096: 334.8840590 45.9864680 11.360 2.210 1.516 6940.0 3.93 nan
 TOI-7096.01: 4.633 11.486 nan 0.0503 3.35057 2460565.044613 2218.2 0
>TOI-7097: 297.8234470 56.5684250 11.709 1.550 1.129 6056.0 4.11 nan
 TOI-7097.01: 2.954 7.191 nan 0.0527 4.15601 2460554.558834 1583.7 0
>TOI-7098: 345.3832650 53.9682410 12.602 1.940 1.809 7662.0 4.12 nan
 TOI-7098.01: 2.435 17.618 nan 0.0296 1.38217 2460420.866667 2991.1 0
>TOI-7099: 332.6247580 48.0970610 11.931 2.460 1.213 6231.0 3.74 nan
 TOI-7099.01: 6.059 14.870 nan 0.0563 4.42649 2460570.432916 1986.1 0
>TOI-7100: 331.0966890 53.4651870 12.064 1.500 1.331 6446.0 4.21 nan
 TOI-7100.01: 2.760 16.113 nan 0.0819 7.41560 2460418.422197 1330.2 0
>TOI-7101: 352.3010580 54.9710760 11.451 nan nan nan nan nan
 TOI-7101.01: 1.958 nan nan nan 1.84716 2460422.426526 nan 0
>TOI-7102: 318.0051960 59.0314100 12.215 1.680 1.708 7433.0 4.22 nan
 TOI-7102.01: 1.307 11.623 nan 0.0262 1.18381 2460422.721923 2870.1 0
>TOI-7103: 336.7304830 49.1497270 9.584 0.810 0.792 4845.0 4.52 nan
 TOI-7103.01: 2.477 4.368 nan 0.0555 5.35908 2460565.253325 892.5 0
>TOI-7105: 317.5329780 61.0392870 11.781 1.380 1.027 5769.0 4.17 nan
 TOI-7105.01: 4.555 9.809 nan 0.1308 17.05483 2460421.980929 903.6 0
>TOI-7106: 341.5030210 52.1346490 12.412 1.560 1.254 6345.0 4.15 nan
 TOI-7106.01: 2.978 13.703 nan 0.0419 2.79455 2460568.642831 1866.9 0
>TOI-7107: 306.5704790 60.6684220 11.294 1.380 1.323 6467.0 4.28 nan
 TOI-7107.01: 4.840 12.146 nan 0.0903 8.61457 2460418.354009 1219.1 0
>TOI-7108: 332.5709630 50.5042510 12.158 nan nan nan nan nan
 TOI-7108.01: 2.964 nan nan nan 2.44251 2460419.743954 nan 0
>TOI-7109: 334.0510350 50.3903660 11.648 nan nan nan nan nan
 TOI-7109.01: 2.420 nan nan nan 3.23966 2460419.556623 nan 0
>TOI-711: 62.5161310 -61.9426680 10.001 0.681 0.681 4356.0 4.60 nan
 TOI-711.01: 3.492 2.151 nan 0.1200 18.38413 2458329.915053 500.4 0
 TOI-711.02: 2.724 2.738 nan 0.1876 35.94328 2458342.537652 400.2 0
>TOI-7110: 296.5841590 56.1666770 12.263 1.840 1.126 6052.0 3.96 nan
 TOI-7110.01: 2.169 13.187 nan 0.0869 8.81826 2460541.666163 1342.9 0
>TOI-7111: 338.8833700 45.8341780 11.930 1.340 1.248 6354.0 4.28 nan
 TOI-7111.01: 2.056 11.209 nan 0.0776 7.06343 2460422.363607 1273.2 0
>TOI-7112: 341.0117080 49.6874590 12.171 nan nan nan nan nan
 TOI-7112.01: 2.134 nan nan nan 3.42499 2460569.248825 nan 0
>TOI-7113: 332.9209330 60.7581240 11.280 1.570 1.009 5691.0 4.05 nan
 TOI-7113.01: 3.856 15.825 nan 0.0546 4.63520 2460418.978111 1471.6 0
>TOI-7115: 341.1093940 54.2021310 11.818 1.290 1.055 5838.0 4.24 nan
 TOI-7115.01: 1.229 10.214 nan 0.0182 0.87382 2460422.939267 2370.0 0
>TOI-7116: 331.5138150 48.3419540 11.188 0.950 0.971 5583.0 4.47 nan
 TOI-7116.01: 4.108 10.080 nan 0.1377 18.94386 2460547.318760 707.1 0
>TOI-7117: 335.5877810 47.3470270 11.188 nan nan nan nan nan
 TOI-7117.01: 1.588 nan nan nan 8.86913 2460570.346055 nan 0
>TOI-7118: 318.3461950 61.7545710 9.230 1.610 nan 6783.0 nan nan
 TOI-7118.01: 3.788 6.555 nan nan 37.80169 2460335.382473 nan 0
>TOI-7119: 344.8819000 54.8882070 10.930 1.570 nan 6258.1 nan nan
 TOI-7119.01: 3.253 15.345 nan nan 2.59334 2460422.161169 nan 0
>TOI-7120: 321.7425520 52.1613520 11.452 3.170 1.600 7099.0 3.64 nan
 TOI-7120.01: 3.650 17.413 nan 0.0494 3.17392 2460417.301478 2742.2 0
>TOI-7123: 321.0319930 53.7531290 12.442 0.370 0.362 3257.0 4.86 nan
 TOI-7123.01: 0.490 17.227 nan 0.0064 0.30760 2460422.955042 1194.2 0
>TOI-7124: 356.1805080 56.8433390 12.181 1.060 1.029 5753.0 4.40 nan
 TOI-7124.01: 2.508 13.626 nan 0.0378 2.64143 2460448.586834 1469.0 0
>TOI-7125: 356.7731970 60.2498590 11.630 0.400 0.394 3437.0 4.83 nan
 TOI-7125.01: 2.924 8.183 nan 0.1118 21.72766 2460435.644849 313.5 0
>TOI-7126: 354.9442770 58.0007500 10.853 2.120 1.215 6259.0 3.87 nan
 TOI-7126.01: 3.965 14.860 nan 0.0463 3.29661 2460443.355876 2042.3 0
>TOI-7127: 15.5543840 62.0132170 11.037 2.410 1.500 6902.0 3.85 nan
 TOI-7127.01: 4.630 13.356 nan 0.0503 3.36840 2460443.235696 2303.7 0
>TOI-7128: 350.0577820 60.4240420 11.934 nan nan nan nan nan
 TOI-7128.01: 2.412 nan nan nan 2.96507 2460446.225112 nan 0
>TOI-7129: 342.3172080 61.2012930 11.273 2.070 1.009 5672.0 3.81 nan
 TOI-7129.01: 7.630 11.532 nan 0.0838 8.82041 2460446.144686 1359.4 0
>TOI-713: 102.0213760 -65.6242570 8.883 0.651 0.628 4316.7 4.61 nan
 TOI-713.01: 4.181 2.225 nan 0.1827 35.99936 2458346.710529 392.9 0
 TOI-713.02: 1.021 1.062 nan 0.0254 1.87152 2458325.894696 1053.8 0
>TOI-7130: 342.7131990 64.9704720 11.791 1.470 1.308 6488.0 4.22 nan
 TOI-7130.01: 1.650 8.076 nan 0.0247 1.24339 2460448.282106 2413.5 0
>TOI-7131: 8.4063360 63.2673440 11.837 nan nan nan nan nan
 TOI-7131.01: 3.713 nan nan nan 5.32959 2460442.171452 nan 0
>TOI-7132: 323.7836340 64.0774140 11.924 1.070 0.913 5298.0 4.34 nan
 TOI-7132.01: 1.230 21.451 nan 0.0246 1.47166 2460447.098472 1684.9 0
>TOI-7133: 10.7873420 62.3628820 11.486 2.050 1.304 6455.0 3.93 nan
 TOI-7133.01: 3.891 11.980 nan 0.0523 3.82821 2460444.955587 1948.7 0
>TOI-7134: 349.3850150 63.7684790 11.009 2.870 1.196 6224.0 3.60 nan
 TOI-7134.01: 3.434 18.046 nan 0.0487 3.58996 2460447.741586 2304.0 0
>TOI-7135: 237.2229930 35.3980170 11.663 1.190 1.079 5925.9 4.32 nan
 TOI-7135.01: 1.537 12.568 nan 0.0970 10.61855 2460428.760564 1000.9 0
>TOI-7136: 357.8732540 60.9332690 11.477 nan nan nan nan nan
 TOI-7136.01: 4.153 nan nan nan 5.68978 2460439.074838 nan 0
>TOI-7138: 350.5858700 60.7546990 11.189 2.750 1.908 7979.0 3.84 nan
 TOI-7138.01: 1.240 16.183 nan 0.0749 5.41496 2460449.126023 2331.3 0
>TOI-7139: 350.3062710 65.2576950 11.648 1.480 1.594 7162.0 4.30 nan
 TOI-7139.01: 1.209 11.986 nan 0.0565 3.88502 2460446.086485 1767.6 0
>TOI-714: 92.3924170 -53.8229880 9.468 0.473 0.224 3782.0 4.44 nan
 TOI-714.01: 1.578 1.501 nan 0.0315 4.32393 2458412.826255 706.7 0
 TOI-714.02: 2.040 1.571 nan 0.0558 10.17755 2458419.106130 531.0 0
>TOI-7140: 349.0217660 59.0195160 11.211 2.900 1.402 6617.0 3.66 nan
 TOI-7140.01: 5.979 14.853 nan 0.0656 5.18795 2460444.617322 2121.5 0
>TOI-7141: 254.6621510 83.2717450 11.822 0.610 0.592 3438.0 4.64 nan
 TOI-7141.01: 1.329 5.831 nan 0.0296 2.41411 2460478.279335 752.6 0
>TOI-7142: 250.4469800 14.7727880 12.104 1.070 0.913 5295.0 4.34 nan
 TOI-7142.01: 3.114 16.067 nan 0.0664 6.54331 2460468.090924 1025.0 0
>TOI-7143: 92.3818590 85.8207030 10.750 0.740 0.661 4244.0 4.52 nan
 TOI-7143.01: 1.020 2.775 nan 0.0186 1.13770 2460478.124385 1290.8 0
>TOI-7144: 263.0538970 14.2680500 11.487 1.340 1.038 5739.6 4.20 nan
 TOI-7144.01: 1.087 6.678 nan 0.0130 0.52891 2460479.275372 2809.9 0
>TOI-7145: 246.0985600 32.0294360 11.881 1.010 1.048 5839.1 4.45 nan
 TOI-7145.01: 2.031 13.902 nan 0.1619 23.24711 2460411.471118 703.3 0
>TOI-7147: 256.7539520 38.7845880 11.424 0.640 0.617 3576.0 4.62 nan
 TOI-7147.01: 0.444 9.679 nan 0.0203 1.34740 2460478.300226 968.2 0
>TOI-7148: 254.1468810 22.5696070 10.775 0.870 0.834 5031.1 4.48 nan
 TOI-7148.01: 1.534 3.993 nan 0.0224 1.34326 2460479.465086 1511.9 0
>TOI-7150: 19.2471410 71.0936470 12.138 2.140 1.358 6571.0 3.91 nan
 TOI-7150.01: 1.558 9.472 nan 0.0199 0.88181 2460478.398152 3285.8 0
>TOI-7151: 69.6417010 74.3093400 10.625 1.150 1.211 6252.0 4.40 nan
 TOI-7151.01: 3.913 3.639 nan 0.0774 7.14674 2460466.657210 1162.1 0
>TOI-7152: 10.2123780 71.3647820 11.204 nan nan nan nan nan
 TOI-7152.01: 1.825 nan nan nan 3.18757 2460475.218903 nan 0
>TOI-7153: 190.2560940 88.0820250 10.971 0.900 0.956 5469.0 4.51 nan
 TOI-7153.01: 4.509 3.929 nan 0.1761 27.61750 2460435.799232 596.2 0
>TOI-7154: 264.5703140 15.2135370 10.858 0.970 0.967 5481.0 4.45 nan
 TOI-7154.01: 2.493 9.206 nan 0.0829 8.86005 2460464.049893 904.1 0
>TOI-7156: 45.2802340 69.9160530 12.209 0.460 0.465 3554.0 4.78 nan
 TOI-7156.01: 0.370 11.758 nan 0.0235 1.92996 2460478.565091 758.2 0
>TOI-7157: 318.0054080 59.0327390 11.611 2.110 2.241 8996.0 4.14 nan
 TOI-7157.01: 1.233 9.296 nan 0.0287 1.18381 2460422.722728 3719.5 0
>TOI-7158: 334.6786180 53.7813930 12.321 2.130 1.732 7482.0 4.02 nan
 TOI-7158.01: 3.519 11.919 nan 0.0525 3.33858 2460423.522830 2298.1 0
>TOI-7159: 342.5205340 58.9061740 11.279 nan nan nan nan nan
 TOI-7159.01: 3.709 nan nan nan 8.89221 2460418.158216 nan 0
>TOI-7160: 342.0522680 47.1704830 11.733 1.690 nan 6001.8 nan nan
 TOI-7160.01: 3.708 10.226 nan nan 3.08251 2460571.181382 nan 0
>TOI-7161: 337.3140490 56.0147140 11.049 2.800 1.571 7075.0 3.74 nan
 TOI-7161.01: 5.248 12.762 nan 0.0557 3.82855 2460417.120955 2418.9 0
>TOI-7162: 314.7246210 59.5952970 11.922 0.560 0.547 3468.0 4.68 nan
 TOI-7162.01: 2.325 8.175 nan 0.0674 8.63937 2460555.536835 482.0 0
>TOI-7163: 341.7169650 54.0118370 9.886 0.710 0.880 5179.0 4.68 nan
 TOI-7163.01: 1.995 4.287 nan 0.0577 5.39139 2460414.450374 876.0 0
>TOI-7167: 0.0992910 16.4938280 10.963 1.349 1.270 6374.4 4.28 nan
 TOI-7167.01: 2.359 7.708 nan 0.1215 13.72375 2460563.749169 1024.2 0
>TOI-7170: 117.9747780 21.3399530 10.641 0.523 0.520 3653.0 4.72 nan
 TOI-7170.01: 1.040 3.574 nan 0.0243 1.91710 2460234.779918 817.2 0
>TOI-7171: 338.0153960 49.1567400 8.557 1.690 1.729 7487.0 4.22 nan
 TOI-7171.01: 5.715 3.386 nan 0.1929 23.53670 2460577.801284 1068.6 0
>TOI-7172: 8.7354800 17.0563910 10.466 0.978 0.973 5531.0 4.45 nan
 TOI-7172.01: 2.265 3.742 nan 0.0381 2.75479 2460585.788869 1351.3 0
>TOI-7174: 351.6817680 50.0523750 10.802 1.924 1.200 6223.0 3.95 nan
 TOI-7174.01: 2.861 14.405 nan 0.0545 4.24228 2460586.045380 1782.9 0
>TOI-7175: 356.3163550 53.7507770 8.976 3.020 1.706 7465.0 3.71 nan
 TOI-7175.01: 3.621 15.498 nan 0.0486 2.99449 2460607.532780 2837.6 0
>TOI-7176: 345.3498330 32.9496910 8.646 0.840 0.646 4122.8 4.40 nan
 TOI-7176.01: 4.281 10.783 nan nan nan 2459835.668518 nan 0
>TOI-7177: 337.6634590 12.5563450 9.115 1.140 1.137 6060.0 4.38 nan
 TOI-7177.01: 3.179 2.931 nan 0.0736 6.84342 2460584.132916 1150.1 0
>TOI-7178: 337.6533860 11.8926620 7.528 1.100 1.083 5966.0 4.39 nan
 TOI-7178.01: 2.299 2.010 nan 0.0605 5.21691 2460581.426091 1226.7 0
>TOI-7179: 311.0116230 45.8353250 8.757 3.560 nan 4964.0 nan nan
 TOI-7179.01: 3.018 10.431 nan nan 2.73844 2460581.193199 nan 0
>TOI-7180: 336.6524680 21.4607850 9.489 1.390 1.091 5975.0 4.19 nan
 TOI-7180.01: 3.152 3.181 nan 0.0443 3.26078 2460582.917360 1613.9 0
>TOI-7181: 337.6753500 9.1581740 9.323 2.210 1.073 5946.0 3.78 nan
 TOI-7181.01: 4.628 5.828 nan 0.0600 5.17944 2460583.260996 1740.1 0
>TOI-7182: 359.2621220 9.7846590 7.373 1.340 1.164 6156.0 4.25 nan
 TOI-7182.01: 3.560 2.086 nan 0.1236 14.71267 2460563.963848 977.4 0
>TOI-7183: 335.6231020 58.0830920 8.571 2.300 nan 9088.0 nan nan
 TOI-7183.01: 3.484 4.608 nan nan 10.57394 2460602.073075 nan 0
>TOI-7184: 2.4945640 18.7738300 8.641 0.910 1.000 5598.9 4.52 nan
 TOI-7184.01: 1.257 1.536 nan 0.0221 1.19766 2460608.104995 1732.4 0
>TOI-7185: 42.8238040 30.2813030 11.622 0.233 0.203 3244.0 5.01 nan
 TOI-7185.01: 0.922 3.537 nan 0.0222 2.68813 2460611.292588 506.8 0
>TOI-7186: 288.6860000 -11.3825170 11.262 2.000 1.107 6026.0 3.88 nan
 TOI-7186.01: 2.913 16.026 nan 0.0289 1.70245 2460506.050366 2417.3 0
>TOI-7187: 283.8641860 18.9646890 12.206 nan nan nan nan nan
 TOI-7187.01: 1.688 nan nan nan 2.15710 2460504.187865 nan 0
>TOI-7188: 275.0096950 11.2105100 11.069 nan nan nan nan nan
 TOI-7188.01: 3.987 nan nan nan 4.77366 2460500.980635 nan 0
>TOI-7190: 268.6425030 11.6781940 10.960 1.280 nan 6116.7 nan nan
 TOI-7190.01: 3.103 11.974 nan nan 4.12235 2460498.570097 nan 0
>TOI-7191: 266.9813690 22.5437360 11.330 1.600 1.024 5711.0 4.04 nan
 TOI-7191.01: 4.651 8.321 nan 0.0626 5.66047 2460497.252216 1392.3 0
>TOI-7192: 281.2458340 44.0673930 9.434 0.950 1.090 5946.0 4.52 nan
 TOI-7192.01: 3.985 3.454 nan 0.1297 16.34253 2460492.948027 776.0 0
>TOI-7194: 271.8767240 11.3300610 11.769 1.590 1.364 6552.0 4.17 nan
 TOI-7194.01: 4.056 12.579 nan 0.0562 4.16731 2460499.275203 1680.5 0
>TOI-7195: 269.0936550 -0.4919360 11.233 1.000 0.895 5211.0 4.39 nan
 TOI-7195.01: 2.337 13.081 nan 0.0461 3.82427 2460498.742600 1170.3 0
>TOI-7196: 263.0187370 34.3798080 11.645 0.730 0.690 4412.0 4.55 nan
 TOI-7196.01: 1.415 12.343 nan 0.0343 2.79985 2460503.962418 981.5 0
>TOI-7197: 276.8995020 5.4531430 11.861 1.530 1.178 6156.0 4.14 nan
 TOI-7197.01: 2.230 15.893 nan 0.0382 2.51229 2460501.955250 1878.7 0
>TOI-7198: 280.2612110 28.4420420 11.972 1.200 1.072 5913.0 4.31 nan
 TOI-7198.01: 3.250 13.559 nan 0.0524 4.22718 2460501.081878 1364.5 0
>TOI-7199: 284.5633420 -12.4729880 11.295 0.740 0.709 4521.0 4.55 nan
 TOI-7199.01: 1.662 11.879 nan 0.0375 3.15409 2460500.309790 968.4 0
>TOI-7200: 288.9928670 -10.5250680 12.031 1.000 0.916 5269.0 4.40 nan
 TOI-7200.01: 2.042 12.534 nan 0.0561 5.06607 2460500.369706 1072.7 0
>TOI-7201: 269.5376420 38.4758680 11.826 nan nan 5753.1 nan nan
 TOI-7201.01: 4.132 nan nan nan 7.22298 2460501.339233 nan 0
>TOI-7202: 268.0535490 39.5919270 12.313 1.270 1.095 5940.0 4.27 nan
 TOI-7202.01: 1.477 16.173 nan 0.0791 7.76009 2460491.080651 1147.7 0
>TOI-7203: 267.3390120 12.6495020 11.940 0.770 0.841 5042.0 4.59 nan
 TOI-7203.01: 2.927 9.877 nan 0.0592 5.73519 2460502.668438 876.8 0
>TOI-7204: 301.7368640 -8.7010880 10.636 1.380 1.264 6343.0 4.26 nan
 TOI-7204.01: 2.916 11.371 nan 0.0516 3.80809 2460532.059652 1581.8 0
>TOI-7205: 296.8282820 13.1197240 12.277 1.110 1.078 5917.0 4.38 nan
 TOI-7205.01: 2.963 11.735 nan 0.0461 3.48442 2460524.417105 1400.1 0
>TOI-7206: 284.5977950 38.1458120 11.836 1.350 1.266 6326.0 4.28 nan
 TOI-7206.01: 0.900 7.900 nan 0.0494 3.56894 2460532.556430 1594.7 0
>TOI-7207: 295.7121670 14.1942230 10.232 1.500 nan 6554.0 nan nan
 TOI-7207.01: 4.649 7.168 nan nan 12.00803 2460524.501577 nan 0
>TOI-7208: 300.2582940 13.3922950 11.499 1.440 1.093 5978.0 4.16 nan
 TOI-7208.01: 3.385 12.444 nan 0.0477 3.63662 2460529.165726 1583.8 0
>TOI-7209: 288.2086390 28.9508990 12.016 2.390 1.733 7495.0 3.92 nan
 TOI-7209.01: 4.765 13.538 nan 0.0448 2.63432 2460529.881502 2639.8 0
>TOI-721: 63.1993850 -64.3478050 9.322 1.300 1.018 6008.6 4.22 nan
 TOI-721.01: 4.370 2.063 nan 0.1048 12.28771 2460980.120898 1020.5 0
>TOI-7210: 311.7337400 1.8240630 11.245 2.200 nan 6453.0 nan nan
 TOI-7210.01: 1.972 13.250 nan nan 2.26091 2460530.938115 nan 0
>TOI-7211: 308.2954130 10.7064620 11.127 0.920 0.932 5421.0 4.48 nan
 TOI-7211.01: 2.901 7.837 nan 0.0920 10.54850 2460533.070197 826.6 0
>TOI-7212: 286.1256760 59.8593500 11.435 0.910 0.933 5422.0 4.49 nan
 TOI-7212.01: 6.261 6.795 nan 0.3422 75.69795 2460572.944785 426.4 0
>TOI-7213: 281.4548590 40.8307610 11.652 1.140 1.137 6110.1 4.38 nan
 TOI-7213.01: 3.771 8.838 nan 0.2268 36.98709 2460475.688854 660.6 0
>TOI-7214: 296.9374800 -3.8026660 11.903 1.650 1.279 6375.0 4.11 nan
 TOI-7214.01: 4.595 13.945 nan 0.0913 8.90938 2460517.837184 1306.8 0
>TOI-7215: 313.2723020 -7.4748750 11.358 nan nan nan nan nan
 TOI-7215.01: 2.502 nan nan nan 2.77057 2460528.863508 nan 0
>TOI-7216: 291.8208070 12.2827560 11.455 1.710 0.950 5477.0 3.95 nan
 TOI-7216.01: 3.930 12.964 nan 0.0411 3.12438 2460532.675988 1703.5 0
>TOI-7217: 305.0332260 -6.0732790 11.301 1.710 0.973 5566.0 3.96 nan
 TOI-7217.01: 3.729 13.154 nan 0.0487 3.98595 2460530.653241 1590.4 0
>TOI-7218: 299.2296850 23.0018480 10.994 1.640 1.004 5663.0 4.01 nan
 TOI-7218.01: 3.098 11.371 nan 0.0566 4.90302 2460528.877221 1469.9 0
>TOI-7219: 293.9524590 -9.6139360 10.592 1.220 1.034 5744.0 4.28 nan
 TOI-7219.01: 1.568 13.854 nan 0.0403 2.90696 2460532.393060 1524.0 0
>TOI-722: 62.3795680 -62.8506560 9.967 0.661 0.682 4082.0 4.63 nan
 TOI-722.01: 3.195 2.397 nan 0.1062 15.30049 2458339.134431 491.1 0
>TOI-7221: 297.6069180 2.0671490 12.288 nan nan nan nan nan
 TOI-7221.01: 2.169 nan nan nan 1.62331 2460530.577486 nan 0
>TOI-7222: 311.1003300 3.0376270 10.748 2.590 1.118 6018.0 3.66 nan
 TOI-7222.01: 4.736 10.181 nan 0.0609 5.18695 2460525.773378 1892.5 0
>TOI-7223: 280.2555250 38.2094420 12.442 2.100 1.220 6250.7 3.88 nan
 TOI-7223.01: 3.152 13.252 nan 0.0639 5.33840 2460532.148419 1727.9 0
>TOI-7224: 312.2055840 5.0824230 11.313 1.480 1.326 6500.0 4.22 nan
 TOI-7224.01: 3.807 8.792 nan 0.0676 5.56983 2460524.480696 1466.6 0
>TOI-7225: 288.7135070 9.9492360 10.712 1.600 1.259 6319.0 4.13 nan
 TOI-7225.01: 4.218 8.360 nan 0.0964 9.74617 2460515.967610 1241.4 0
>TOI-7226: 284.1848000 20.0258210 11.769 nan nan nan nan nan
 TOI-7226.01: 3.162 nan nan nan 3.51912 2460524.612751 nan 0
>TOI-7227: 301.0447220 23.6669100 12.005 1.100 1.364 6613.0 4.49 nan
 TOI-7227.01: 2.092 10.844 nan 0.0385 2.35933 2460529.786285 1704.5 0
>TOI-7228: 288.2573730 13.1507810 11.627 1.440 1.814 7696.0 4.38 nan
 TOI-7228.01: 2.758 13.553 nan 0.0489 2.93241 2460528.227293 2013.8 0
>TOI-7229: 304.7287570 20.3917090 11.973 nan nan nan nan nan
 TOI-7229.01: 2.882 nan nan nan 16.78808 2460530.325697 nan 0
>TOI-723: 103.2433350 -70.6416860 8.655 0.760 0.797 4908.0 4.58 nan
 TOI-723.01: 1.484 1.071 nan 0.0229 1.41786 2460986.915959 1363.4 0
>TOI-7230: 298.6470530 -8.6568450 11.950 0.910 0.794 4856.0 4.42 nan
 TOI-7230.01: 2.640 12.216 nan 0.0480 4.30419 2460530.797207 1019.6 0
>TOI-7231: 289.7986000 28.9168020 11.673 1.400 0.987 5617.0 4.14 nan
 TOI-7231.01: 2.254 16.780 nan 0.0968 11.06589 2460531.193621 1030.1 0
>TOI-7232: 309.5219340 8.4180130 11.537 0.460 0.454 3300.0 4.77 nan
 TOI-7232.01: 1.052 20.083 nan 0.0335 3.32214 2460528.404538 589.7 0
>TOI-7233: 291.5692770 32.6487020 11.952 nan nan nan nan nan
 TOI-7233.01: 3.631 nan nan nan 3.84138 2460530.610836 nan 0
>TOI-7234: 300.4189720 11.3704990 11.740 1.600 1.149 6095.0 4.09 nan
 TOI-7234.01: 3.766 11.984 nan 0.0465 3.42027 2460532.544337 1724.0 0
>TOI-7235: 284.3713430 34.8982160 9.985 nan nan nan nan nan
 TOI-7235.01: 2.014 nan nan nan 3.49402 2460531.032727 nan 0
>TOI-7236: 305.8119450 6.0047460 12.512 1.220 1.083 5990.0 4.30 nan
 TOI-7236.01: 3.090 11.742 nan 0.0558 4.62630 2460529.436692 1350.6 0
>TOI-7237: 297.7261410 -5.0424120 11.460 nan nan nan nan nan
 TOI-7237.01: 4.625 nan nan nan 5.76944 2460532.468185 nan 0
>TOI-7238: 296.6551050 -3.4518280 10.977 0.910 0.813 4913.0 4.43 nan
 TOI-7238.01: 2.281 12.158 nan 0.0455 3.93047 2460526.803768 1059.5 0
>TOI-7239: 311.7794470 6.0869820 10.290 1.460 1.481 6891.0 4.28 nan
 TOI-7239.01: 3.298 11.546 nan 0.1320 14.39389 2460524.136030 1105.1 0
>TOI-724: 112.5552580 -58.5396600 8.621 0.883 0.920 5330.0 4.51 nan
 TOI-724.01: 0.601 2.058 nan 0.0414 3.21264 2458382.865527 1187.0 0
>TOI-7240: 285.6620750 32.0363960 12.179 1.520 1.398 6628.0 4.22 nan
 TOI-7240.01: 4.811 9.101 nan 0.0793 6.89119 2460532.456668 1399.3 0
>TOI-7241: 305.7730540 15.8016850 10.518 1.220 nan 5974.0 nan nan
 TOI-7241.01: 1.639 12.635 nan nan 6.33779 2460532.793481 nan 0
>TOI-7242: 287.7147350 34.8042800 11.511 1.540 1.140 6059.0 4.12 nan
 TOI-7242.01: 3.088 17.013 nan 0.0419 2.93839 2460530.429330 1771.3 0
>TOI-7243: 276.7201570 40.5031850 12.433 1.180 1.061 5816.0 4.32 nan
 TOI-7243.01: 2.892 13.201 nan 0.0481 3.73520 2460530.263939 1389.1 0
>TOI-7245: 304.5212810 18.9611270 11.012 1.440 1.376 6599.0 4.26 nan
 TOI-7245.01: 2.189 5.767 nan 0.0309 1.68776 2460530.018458 2172.3 0
>TOI-7246: 287.6138840 27.7568250 11.803 nan nan nan nan nan
 TOI-7246.01: 2.412 nan nan nan 2.56983 2460529.280209 nan 0
>TOI-7248: 283.9920950 27.3411060 12.041 1.390 1.312 6425.6 4.27 nan
 TOI-7248.01: 1.404 12.626 nan 0.0523 3.81486 2460532.255737 1597.4 0
>TOI-7249: 268.9207220 67.1441450 12.618 0.410 0.405 3374.0 4.82 nan
 TOI-7249.01: 1.637 6.870 nan 0.0480 6.03877 2460659.002541 475.5 0
>TOI-7250: 315.5639420 10.3323250 11.337 1.150 1.105 5977.0 4.36 nan
 TOI-7250.01: 1.893 9.638 nan 0.0873 8.96535 2460552.910086 1046.1 0
>TOI-7251: 308.6466550 27.3577150 11.101 0.800 0.847 5029.0 4.56 nan
 TOI-7251.01: 2.368 5.142 nan 0.0947 11.55887 2460556.207025 704.8 0
>TOI-7253: 311.7165890 8.8729310 10.633 1.000 0.937 5386.0 4.41 nan
 TOI-7253.01: 2.487 5.124 nan 0.0591 5.42410 2460549.611028 1068.3 0
>TOI-7254: 326.3108440 36.4643800 10.869 1.900 1.229 6271.0 3.97 nan
 TOI-7254.01: 1.171 10.953 nan 0.0619 5.07700 2460580.975917 1675.3 0
>TOI-7255: 317.5584640 35.9000580 11.720 2.000 1.213 6264.0 3.92 nan
 TOI-7255.01: 1.382 10.022 nan 0.0295 1.68312 2460555.161485 2487.1 0
>TOI-7256: 253.2942140 57.0630110 10.313 3.580 nan 5168.0 nan nan
 TOI-7256.01: 11.208 9.077 nan nan 8.57480 2460651.068411 nan 0
>TOI-7257: 316.4255500 45.5799390 10.630 1.440 1.198 6222.0 4.20 nan
 TOI-7257.01: 1.540 3.760 nan 0.0215 1.04957 2460584.336274 2455.4 0
>TOI-7258: 308.5160470 24.2410650 11.790 1.100 0.965 5448.0 4.34 nan
 TOI-7258.01: 2.066 12.693 nan 0.0655 6.23843 2460555.634937 1076.6 0
>TOI-7259: 321.9450020 32.5848810 11.148 1.370 1.110 5975.0 4.21 nan
 TOI-7259.01: 5.575 8.175 nan 0.1311 16.45918 2460570.814668 931.4 0
>TOI-7261: 313.4186360 47.8683900 12.064 1.310 1.088 5957.0 4.24 nan
 TOI-7261.01: 1.740 13.039 nan 0.0353 2.32735 2460583.450880 1749.9 0
>TOI-7262: 312.1188290 16.4074680 11.381 0.960 1.039 5792.0 4.49 nan
 TOI-7262.01: 3.114 9.966 nan 0.0684 6.40937 2460555.256621 1046.3 0
>TOI-7263: 299.6243350 42.8044410 10.080 1.550 1.421 6657.0 4.21 nan
 TOI-7263.01: 4.537 7.695 nan 0.2955 49.21452 2460273.197819 735.2 0
>TOI-7264: 314.5348060 12.6894560 12.347 1.080 0.974 5533.0 4.36 nan
 TOI-7264.01: 2.227 10.598 nan 0.0934 10.56375 2460538.176764 907.3 0
>TOI-7266: 316.1339870 12.6424880 10.719 1.300 nan 6148.0 nan nan
 TOI-7266.01: 4.488 10.777 nan nan 3.87893 2460552.586115 nan 0
>TOI-7267: 308.0941540 57.1348770 12.110 1.360 1.021 5748.0 4.18 nan
 TOI-7267.01: 5.780 8.851 nan 0.0936 10.34867 2460594.266726 1056.5 0
>TOI-7268: 309.0560800 22.0301230 11.621 0.770 nan 5528.0 nan nan
 TOI-7268.01: 3.170 7.430 nan nan 13.56477 2460536.608775 nan 0
>TOI-7269: 293.4845980 57.0284380 10.648 0.660 0.632 4004.0 4.60 nan
 TOI-7269.01: 2.665 2.950 nan 0.0864 11.65630 2460597.476483 533.6 0
>TOI-727: 130.7369310 -2.4985850 8.827 0.500 0.501 3653.0 4.74 nan
 TOI-727.01: 0.999 1.976 nan 0.0438 4.72444 2459245.518460 595.2 0
 TOI-727.02: 1.058 1.080 nan 0.0128 0.74997 2458518.087839 1100.9 0
>TOI-7270: 296.5119840 37.4287000 11.787 1.780 1.267 6348.0 4.04 nan
 TOI-7270.01: 2.763 12.183 nan 0.0911 8.91972 2460546.403491 1353.1 0
>TOI-7271: 319.7584720 51.4306950 11.333 1.930 1.104 6014.0 3.91 nan
 TOI-7271.01: 3.081 12.869 nan 0.0749 7.13041 2460573.096573 1472.1 0
>TOI-7272: 313.0910030 16.1667850 11.550 2.160 1.074 5860.0 3.80 nan
 TOI-7272.01: 5.019 11.334 nan 0.0773 7.58014 2460543.181468 1493.7 0
>TOI-7273: 308.4988260 38.1796380 10.852 1.680 nan 6037.8 nan nan
 TOI-7273.01: 1.325 13.277 nan nan 2.24732 2460553.795518 nan 0
>TOI-7274: 297.6468000 35.7340480 12.159 0.310 0.285 3267.0 4.91 nan
 TOI-7274.01: 1.142 8.821 nan 0.0553 8.90887 2460550.490620 373.0 0
>TOI-7276: 293.0823010 56.8895530 11.059 3.210 1.084 5914.0 3.46 nan
 TOI-7276.01: 8.372 8.275 nan 0.1181 14.23177 2460591.368539 1486.8 0
>TOI-7277: 315.4621150 2.4568470 12.286 1.070 1.002 5638.0 4.38 nan
 TOI-7277.01: 4.614 12.167 nan 0.0778 7.91527 2460543.106593 1008.2 0
>TOI-7278: 298.2190910 37.7737730 12.374 0.950 0.994 5655.0 4.48 nan
 TOI-7278.01: 3.452 15.830 nan 0.0757 7.63165 2460552.718219 966.0 0
>TOI-7279: 301.6235520 40.7712820 12.787 0.610 0.592 3734.0 4.64 nan
 TOI-7279.01: 1.742 10.689 nan 0.0351 3.11687 2460555.311247 750.6 0
>TOI-7280: 328.7363220 11.2717850 11.556 0.880 0.979 5576.0 4.54 nan
 TOI-7280.01: 0.486 5.929 nan 0.0110 0.42461 2460558.081293 2404.9 0
>TOI-7281: 256.4181190 58.1741180 12.055 0.270 0.248 3195.0 4.97 nan
 TOI-7281.01: 0.224 6.957 nan 0.0326 4.30955 2460658.637173 443.4 0
>TOI-7282: 317.0144200 2.6912090 12.017 1.070 0.979 5509.3 4.37 nan
 TOI-7282.01: 3.181 11.138 nan 0.0593 5.33467 2460558.617621 1128.5 0
>TOI-7283: 308.5042160 24.1882550 10.474 1.540 1.064 5876.0 4.09 nan
 TOI-7283.01: 6.985 5.278 nan 0.0868 9.06128 2460540.259174 1193.5 0
>TOI-7284: 323.0698190 16.0189010 11.613 1.410 1.231 6306.0 4.23 nan
 TOI-7284.01: 0.969 14.632 nan 0.0192 0.87606 2460556.495248 2605.8 0
>TOI-7285: 319.8141460 17.9883830 10.498 1.410 1.414 6708.0 4.29 nan
 TOI-7285.01: 1.111 5.694 nan 0.0365 2.13845 2460554.876539 2010.4 0
>TOI-7286: 327.7500070 29.7100010 11.590 0.990 0.984 5548.0 4.44 nan
 TOI-7286.01: 4.858 8.754 nan 0.0951 10.79943 2460568.169556 863.2 0
>TOI-7287: 307.0207810 30.1817900 11.281 nan nan nan nan nan
 TOI-7287.01: 2.993 nan nan nan 3.92587 2460552.765807 nan 0
>TOI-7288: 286.0786350 51.0230790 10.255 0.680 0.671 4254.0 4.60 nan
 TOI-7288.01: 2.382 2.827 nan 0.0685 7.98712 2460554.000941 646.3 0
>TOI-7289: 322.7348080 9.9882900 11.424 1.430 1.053 5780.4 4.15 nan
 TOI-7289.01: 2.734 13.103 nan 0.0401 2.85599 2460557.318845 1664.5 0
>TOI-7290: 318.9276210 51.2460270 11.238 1.960 1.307 6446.0 3.97 nan
 TOI-7290.01: 3.671 18.674 nan 0.0519 3.77697 2460581.584440 1910.2 0
>TOI-7291: 280.4212140 60.8453300 10.993 0.880 0.893 5238.0 4.50 nan
 TOI-7291.01: 1.645 4.141 nan 0.1567 23.97124 2460620.739957 598.6 0
>TOI-7292: 322.2533330 33.3969310 12.344 1.170 1.092 5945.0 4.34 nan
 TOI-7292.01: 3.708 11.646 nan 0.0975 10.64173 2460564.802348 993.1 0
>TOI-7293: 308.6663740 17.8819390 11.698 1.660 1.295 6443.0 4.11 nan
 TOI-7293.01: 3.766 12.377 nan 0.0475 3.32028 2460554.418528 1836.7 0
>TOI-7294: 302.2218120 40.0341300 11.949 1.280 1.087 5972.0 4.26 nan
 TOI-7294.01: 2.097 16.783 nan 0.0276 1.60475 2460559.167573 1961.1 0
>TOI-7295: 310.2243430 29.9401550 12.017 1.210 1.223 6269.0 4.36 nan
 TOI-7295.01: 1.022 7.496 nan 0.0176 0.77291 2460557.298119 2506.5 0
>TOI-7296: 277.7088440 60.4512180 11.752 0.970 0.990 5621.0 4.46 nan
 TOI-7296.01: 4.173 11.692 nan 0.5993 170.33639 2460536.411577 344.8 0
>TOI-7297: 313.3832480 5.4731800 12.105 1.020 nan 6366.8 nan nan
 TOI-7297.01: 1.852 11.376 nan nan 8.15631 2460555.103641 nan 0
>TOI-7298: 309.2721670 55.4909720 10.036 0.860 0.914 5298.0 4.53 nan
 TOI-7298.01: 2.109 2.634 nan 0.0574 5.25548 2460609.093853 988.9 0
>TOI-7299: 311.9400710 15.3024120 11.699 0.950 0.906 5289.0 4.44 nan
 TOI-7299.01: 1.104 9.640 nan 0.0370 2.72995 2460556.839056 1292.3 0
>TOI-7300: 316.2729640 17.7346650 11.719 0.660 0.873 5225.0 4.74 nan
 TOI-7300.01: 0.645 12.616 nan 0.0139 0.64399 2460557.356019 1736.1 0
>TOI-7301: 315.4925090 58.4907470 9.160 nan nan nan nan nan
 TOI-7301.01: 2.641 nan nan nan 21.68366 2460608.037238 nan 0
>TOI-7303: 333.9049310 9.0781630 8.995 0.760 0.697 4439.0 4.52 nan
 TOI-7303.01: 1.405 6.321 nan 0.0306 2.33684 2460557.775680 1066.8 0
>TOI-7304: 317.7834910 8.4117590 11.091 0.920 nan 5209.0 nan nan
 TOI-7304.01: 0.475 9.164 nan nan 3.49780 2460553.558312 nan 0
>TOI-7305: 318.7175950 7.6715210 12.246 0.860 0.935 5382.0 4.54 nan
 TOI-7305.01: 4.503 9.703 nan 0.1110 13.97536 2460553.593628 722.4 0
>TOI-7306: 322.3529030 36.6034120 12.202 1.250 nan 5918.5 nan nan
 TOI-7306.01: 3.525 16.066 nan nan 6.14184 2460582.235596 nan 0
>TOI-7307: 324.5853350 41.1760510 11.240 1.530 1.385 6609.0 4.21 nan
 TOI-7307.01: 6.011 11.103 nan 0.1813 23.95565 2460566.453403 925.8 0
>TOI-7308: 327.2853180 33.5315060 11.752 1.480 1.522 6971.0 4.28 nan
 TOI-7308.01: 4.459 13.923 nan 0.0539 3.70026 2460579.276403 1761.4 0
>TOI-7309: 235.9970050 58.1551630 11.843 0.440 0.434 3462.0 4.79 nan
 TOI-7309.01: 2.036 5.982 nan 0.0580 7.75615 2460544.093060 459.8 0
>TOI-7310: 313.3326150 6.3687340 12.236 1.170 0.996 5601.0 4.30 nan
 TOI-7310.01: 2.870 11.516 nan 0.1431 19.80884 2460528.746789 772.3 0
>TOI-7311: 318.4464580 1.1781340 11.698 1.750 1.019 5730.0 3.96 nan
 TOI-7311.01: 1.490 16.028 nan 0.0264 1.55254 2460555.005617 2249.6 0
>TOI-7312: 322.9685320 9.7899420 10.756 1.530 1.100 6013.0 4.11 nan
 TOI-7312.01: 3.805 10.936 nan 0.0534 4.29910 2460555.350036 1552.0 0
>TOI-7313: 310.5913730 12.0344490 11.597 1.930 1.104 5998.0 3.91 nan
 TOI-7313.01: 5.025 10.415 nan 0.0520 4.11867 2460557.122528 1762.0 0
>TOI-7314: 314.0697180 22.1862160 11.210 nan nan nan nan nan
 TOI-7314.01: 3.416 nan nan nan 2.50341 2460555.836709 nan 0
>TOI-7315: 330.1713680 21.9504630 10.236 1.800 1.078 5902.0 3.96 nan
 TOI-7315.01: 1.660 18.173 nan 0.0911 9.67137 2460580.324500 1265.1 0
>TOI-7316: 324.6307750 15.8222290 10.985 0.680 0.641 3455.0 4.58 nan
 TOI-7316.01: 0.327 15.873 nan 0.0139 0.74747 2460556.647928 1165.3 0
>TOI-7317: 323.6569490 39.2407250 11.468 1.630 1.804 7713.0 4.27 nan
 TOI-7317.01: 1.241 13.390 nan 0.0492 2.97120 2460579.947685 2140.8 0
>TOI-7318: 318.3241730 2.5961010 12.314 1.020 1.021 5731.0 4.43 nan
 TOI-7318.01: 2.448 12.618 nan 0.0448 3.42200 2460555.372343 1318.6 0
>TOI-7319: 300.4055680 40.2788800 12.311 2.080 1.067 5891.0 3.83 nan
 TOI-7319.01: 3.933 15.546 nan 0.0377 2.59184 2460557.098275 2110.0 0
>TOI-7320: 317.3047740 18.8535030 11.418 1.610 1.036 5801.0 4.04 nan
 TOI-7320.01: 4.664 11.198 nan 0.0703 6.68020 2460551.826064 1338.7 0
>TOI-7321: 329.6459620 21.8602740 12.174 1.590 1.011 5623.0 4.04 nan
 TOI-7321.01: 3.621 11.641 nan 0.0409 3.00400 2460555.072412 1690.6 0
>TOI-7322: 306.5680900 29.3188270 12.128 1.830 1.468 6814.0 4.08 nan
 TOI-7322.01: 3.910 11.066 nan 0.0696 5.53163 2460554.922759 1684.8 0
>TOI-7323: 288.8638320 55.4467950 10.428 1.070 nan 5625.0 nan nan
 TOI-7323.01: 1.706 4.232 nan nan 4.77669 2460607.938140 nan 0
>TOI-7325: 313.6871980 20.5971650 11.030 nan nan 5392.0 nan nan
 TOI-7325.01: 2.635 nan nan nan 2.03942 2460555.970444 nan 0
>TOI-7326: 304.9169050 46.8365680 12.062 2.240 1.237 6309.0 3.83 nan
 TOI-7326.01: 4.164 10.072 nan 0.0651 5.45841 2460576.037023 1784.5 0
>TOI-7327: 317.0628080 20.3474350 12.307 1.440 1.044 5826.0 4.14 nan
 TOI-7327.01: 4.451 14.979 nan 0.0587 5.07897 2460552.846016 1391.4 0
>TOI-7328: 305.3102960 27.6773200 11.020 nan nan nan nan nan
 TOI-7328.01: 5.739 nan nan nan 12.50699 2460556.908662 nan 0
>TOI-7329: 317.2438640 5.9094540 11.318 2.290 1.152 6142.0 3.78 nan
 TOI-7329.01: 6.011 12.335 nan 0.0589 4.86221 2460549.817574 1846.7 0
>TOI-7330: 326.5051770 35.4908970 10.717 1.810 1.041 5801.0 3.94 nan
 TOI-7330.01: 1.453 13.105 nan 0.0398 2.84117 2460581.094802 1886.4 0
>TOI-7331: 323.0214920 35.2458480 11.869 1.020 0.889 5265.0 4.37 nan
 TOI-7331.01: 1.990 14.912 nan 0.0622 6.00120 2460573.212560 1028.1 0
>TOI-7334: 297.1822010 58.3844110 12.202 1.610 nan 6059.5 nan nan
 TOI-7334.01: 0.917 8.420 nan nan 1.70852 2460607.644263 nan 0
>TOI-7336: 353.5258530 65.5414480 7.342 0.770 0.822 4954.0 4.58 nan
 TOI-7336.01: 0.776 0.924 nan 0.0122 0.54186 2460635.731403 1897.8 0
>TOI-7337: 333.3553200 67.3941750 8.846 2.720 1.483 6846.0 3.74 nan
 TOI-7337.01: 5.145 8.153 nan 0.0587 4.26193 2460634.782199 2247.2 0
>TOI-7338: 25.2261550 50.3003340 7.317 0.770 0.881 5199.0 4.61 nan
 TOI-7338.01: 3.475 3.520 nan 0.0423 3.38472 2460629.884208 1069.6 0
>TOI-7339: 101.4005490 9.1907220 10.496 2.070 1.185 6232.3 3.88 nan
 TOI-7339.01: 4.263 14.528 nan 0.0543 4.24709 2459219.710284 1855.5 0
>TOI-7340: 359.7997470 17.4808540 9.434 0.868 0.868 5143.3 4.50 nan
 TOI-7340.01: 1.826 3.986 nan 0.0715 7.48947 2460563.616921 864.1 0
 TOI-7340.02: 2.325 3.039 nan 0.0426 3.44383 2460581.957858 1119.5 0
>TOI-7341: 12.3416900 54.8241660 9.188 1.340 1.500 6927.0 4.36 nan
 TOI-7341.01: 0.377 9.147 nan 0.0140 0.49254 2460635.070989 3267.9 0
>TOI-7342: 348.7071020 29.4565510 11.581 0.850 0.853 5063.0 4.51 nan
 TOI-7342.01: 4.443 8.021 nan 0.1086 14.15328 2460562.262828 683.0 0
>TOI-7343: 352.3690180 29.9386920 11.730 1.090 1.088 5959.8 4.40 nan
 TOI-7343.01: 1.267 12.418 nan 0.0330 2.10120 2460580.932781 1651.7 0
>TOI-7344: 329.0609550 28.9339340 12.408 1.430 1.488 6844.0 4.30 nan
 TOI-7344.01: 0.978 11.384 nan 0.0405 2.43646 2460582.652289 1961.0 0
>TOI-7346: 355.8974170 23.3072730 11.747 nan nan nan nan nan
 TOI-7346.01: 1.792 nan nan nan 1.76870 2460581.827979 nan 0
>TOI-7347: 302.6568720 53.9502440 12.351 0.510 0.509 3736.0 4.73 nan
 TOI-7347.01: 6.109 11.464 nan 0.2418 60.83449 2460525.834220 261.6 0
>TOI-7348: 315.1703640 52.6143790 10.623 0.750 0.695 4436.0 4.53 nan
 TOI-7348.01: 0.433 8.760 nan 0.0387 3.33901 2460580.738338 941.7 0
>TOI-7349: 342.1117820 39.3387700 12.280 1.570 nan 6283.8 nan nan
 TOI-7349.01: 3.635 15.492 nan nan 2.98034 2460582.275155 nan 0
>TOI-7351: 339.5846060 26.4621270 12.457 1.420 1.165 6123.9 4.20 nan
 TOI-7351.01: 1.438 14.668 nan 0.0505 3.84051 2460576.973568 1565.9 0
>TOI-7353: 329.2222140 39.3567560 11.125 1.650 1.114 6015.2 4.05 nan
 TOI-7353.01: 3.295 10.056 nan 0.0686 6.21575 2460582.686755 1422.5 0
>TOI-7354: 316.5686390 48.7955290 9.598 4.610 nan 4939.0 nan nan
 TOI-7354.01: 2.156 15.787 nan nan 3.64877 2460583.073929 nan 0
>TOI-7355: 323.2471850 33.4540960 11.950 2.570 1.076 5956.0 3.65 nan
 TOI-7355.01: 5.084 13.576 nan 0.0478 3.68142 2460583.557935 2105.9 0
>TOI-7356: 357.4095710 11.0917880 9.916 0.800 0.973 5589.0 4.62 nan
 TOI-7356.01: 3.485 3.900 nan 0.1302 17.39861 2460565.340323 668.0 0
>TOI-7357: 231.2561520 72.4712170 10.657 1.060 0.983 5658.0 4.38 nan
 TOI-7357.01: 6.682 6.665 nan 0.2994 60.35416 2460516.135267 513.4 0
>TOI-7358: 355.2714800 8.5416980 11.070 1.500 1.009 5628.6 4.09 nan
 TOI-7358.01: 2.440 6.614 nan 0.0722 7.05487 2460578.016230 1237.1 0
>TOI-7359: 329.3817140 26.1755710 12.394 1.780 1.030 5748.0 3.95 nan
 TOI-7359.01: 4.791 13.487 nan 0.0528 4.36561 2460580.414015 1609.3 0
>TOI-7360: 332.8697190 18.5622720 12.077 1.250 0.990 5607.0 4.24 nan
 TOI-7360.01: 5.473 18.288 nan 0.1914 30.73315 2460582.084405 691.0 0
>TOI-7361: 337.2271550 39.4637240 10.634 1.020 1.045 5820.0 4.44 nan
 TOI-7361.01: 3.659 3.372 nan 0.0809 8.21590 2460568.344536 996.5 0
>TOI-7362: 330.2160630 31.7786300 11.752 2.190 1.078 5906.0 3.79 nan
 TOI-7362.01: 1.196 13.243 nan 0.0226 1.19310 2460582.727079 2803.5 0
>TOI-7363: 347.4660070 34.6658120 12.340 1.050 1.082 5916.7 4.43 nan
 TOI-7363.01: 4.832 7.635 nan 0.0735 6.99296 2460580.546880 1078.4 0
>TOI-7364: 329.4521830 35.4025170 11.543 1.240 1.020 5688.0 4.26 nan
 TOI-7364.01: 1.448 10.875 nan 0.0403 2.92578 2460584.089082 1521.4 0
>TOI-7365: 354.2379390 27.9069540 12.270 1.260 1.103 5964.0 4.28 nan
 TOI-7365.01: 3.211 14.559 nan 0.0438 3.19248 2460580.641468 1542.5 0
>TOI-7366: 351.2106870 30.6295960 10.618 0.700 0.634 4049.0 4.55 nan
 TOI-7366.01: 1.209 6.204 nan 0.0406 3.75388 2460578.561665 810.7 0
>TOI-7367: 323.9620830 44.3126190 11.261 0.930 1.172 6168.0 4.57 nan
 TOI-7367.01: 2.431 13.049 nan 0.0427 2.98149 2460578.688447 1388.1 0
>TOI-7368: 329.3188700 36.0531340 9.888 1.430 1.238 6294.0 4.22 nan
 TOI-7368.01: 4.713 8.916 nan 0.2187 33.57930 2460546.553568 776.1 0
>TOI-7369: 344.9524980 18.4727560 10.491 1.080 1.068 5853.0 4.40 nan
 TOI-7369.01: 2.967 9.850 nan 0.0946 10.28870 2460574.789538 953.6 0
>TOI-7370: 348.8013370 17.3207680 11.406 1.340 1.062 5854.4 4.21 nan
 TOI-7370.01: 3.420 9.053 nan 0.1121 13.30799 2460573.539447 976.0 0
>TOI-7371: 327.7915180 24.6205110 11.799 0.800 0.773 4801.0 4.52 nan
 TOI-7371.01: 3.243 7.904 nan 0.1275 18.91042 2460559.124766 579.9 0
>TOI-7374: 341.4310010 13.5228180 12.202 1.110 1.053 5797.0 4.37 nan
 TOI-7374.01: 4.125 16.135 nan 0.1318 17.03031 2460582.682876 811.2 0
>TOI-7375: 326.6540480 48.0441590 10.709 0.940 1.067 5859.0 4.52 nan
 TOI-7375.01: 5.476 5.402 nan 0.1809 27.19705 2460580.648685 644.0 0
>TOI-7376: 346.4369340 22.7221400 12.233 1.110 0.983 5658.0 4.34 nan
 TOI-7376.01: 2.425 11.649 nan 0.0745 7.48617 2460581.133031 1053.1 0
>TOI-7377: 304.3667380 53.3159740 11.955 1.120 0.852 5080.0 4.27 nan
 TOI-7377.01: 2.360 7.816 nan 0.0664 6.77351 2460572.501975 1006.1 0
>TOI-7378: 319.9041470 36.1039650 8.816 0.650 0.628 4024.0 4.61 nan
 TOI-7378.01: 2.055 2.134 nan 0.0618 7.08147 2460582.875797 629.3 0
>TOI-7379: 351.2674080 18.8215920 11.838 1.010 0.814 4915.3 4.34 nan
 TOI-7379.01: 1.559 21.588 nan 0.0903 10.99116 2460573.721491 792.7 0
>TOI-738: 94.5354710 -57.5587270 11.550 0.942 0.883 5324.0 4.44 nan
 TOI-738.01: 2.544 8.897 nan 0.0428 3.44059 2458544.257701 1204.4 0
>TOI-7380: 102.8916920 -26.9926310 12.513 1.690 1.390 6627.0 4.13 nan
 TOI-7380.01: 3.411 18.234 nan 0.0588 4.41369 2460663.330929 1713.2 0
>TOI-7381: 99.2559360 -0.8106990 12.660 1.255 1.310 6463.5 4.36 nan
 TOI-7381.01: 3.498 15.668 nan 0.0462 3.16534 2460664.333169 1624.4 0
>TOI-7382: 92.1930960 -18.0481190 8.388 0.922 0.850 5075.0 4.44 nan
 TOI-7382.01: 1.519 1.602 nan 0.0190 1.03703 2460663.461613 1704.7 0
>TOI-7385: 86.1441220 -45.2684560 12.301 0.714 0.840 5036.0 4.66 nan
 TOI-7385.01: 2.092 11.443 nan 0.0394 3.11912 2460664.871072 1033.8 0
>TOI-7386: 125.3488790 -13.5077550 11.492 1.924 1.200 6226.0 3.95 nan
 TOI-7386.01: 6.353 15.973 nan 0.0687 6.00422 2460693.847326 1588.8 0
>TOI-7387: 111.3403990 -67.0673510 11.449 1.415 1.110 5999.0 4.18 nan
 TOI-7387.01: 2.974 12.278 nan 0.0882 9.08566 2460724.869283 1158.7 0
>TOI-7388: 158.9031630 -5.3559980 15.922 nan nan 5780.0 4.44 nan
 TOI-7388.01: 0.399 nan nan nan 0.33286 2460718.288712 nan 0
>TOI-7389: 255.3362810 56.9881870 7.938 1.160 1.065 5895.0 4.34 nan
 TOI-7389.01: 6.144 1.291 nan 0.1770 26.34511 2460658.743973 727.7 0
>TOI-739: 104.9910030 -57.6186750 10.606 1.158 1.023 6083.6 4.32 nan
 TOI-739.01: 1.600 12.228 nan 0.0854 9.01504 2458547.482086 1080.2 0
>TOI-7390: 221.0734210 84.4485700 9.379 0.536 0.533 3861.0 4.71 nan
 TOI-7390.01: 4.855 1.643 nan 0.2979 81.37167 2458689.030976 249.7 0
>TOI-7391: 286.4690510 70.6374860 10.511 0.417 0.410 3578.0 4.81 nan
 TOI-7391.01: 1.972 1.561 nan 0.0553 7.41085 2458685.982489 473.8 0
>TOI-7392: 244.2813320 60.0211220 8.965 0.928 0.933 5382.0 4.47 nan
 TOI-7392.01: 3.253 1.335 nan 0.0720 7.30506 2458711.827601 931.7 0
>TOI-7397: 293.0583980 70.8890850 9.696 1.049 1.255 6339.0 4.49 nan
 TOI-7397.01: 5.567 2.055 nan 0.1885 26.67967 2458688.865674 721.1 0
>TOI-7399: 263.9499370 66.7589710 8.058 2.189 1.370 6582.0 3.89 nan
 TOI-7399.01: 14.448 4.409 nan nan nan 2458770.689852 nan 0
>TOI-740: 152.1180340 -50.3075030 8.614 0.970 0.875 5776.0 4.41 nan
 TOI-740.01: 3.006 1.984 nan 0.0310 2.13123 2460036.326522 1558.0 0
>TOI-7400: 353.4884420 37.3914040 12.801 0.650 0.628 3835.0 4.61 nan
 TOI-7400.01: 1.166 11.087 nan 0.0251 1.82896 2460608.304783 941.1 0
>TOI-7401: 359.9411950 47.6503120 11.963 2.080 1.170 6139.3 3.87 nan
 TOI-7401.01: 3.557 13.885 nan 0.0547 4.31819 2460605.876222 1825.5 0
>TOI-7402: 357.1662820 40.5299330 9.406 1.120 1.123 6070.0 4.39 nan
 TOI-7402.01: 4.424 4.018 nan 0.1202 14.36408 2460599.475512 893.5 0
>TOI-7403: 349.1018430 42.0954810 11.748 1.040 0.946 5456.2 4.38 nan
 TOI-7403.01: 2.991 14.187 nan 0.0899 10.11706 2460604.194642 894.9 0
>TOI-7404: 15.6534830 40.9271140 11.505 2.260 1.319 6456.6 3.85 nan
 TOI-7404.01: 3.420 11.553 nan 0.0277 1.46344 2460608.458229 2812.2 0
>TOI-7405: 347.4411520 36.5238700 12.478 0.560 0.547 3635.0 4.68 nan
 TOI-7405.01: 1.785 9.617 nan 0.0993 15.44745 2460604.369491 416.3 0
>TOI-7406: 348.6332460 47.3189840 10.980 1.590 1.188 6207.0 4.11 nan
 TOI-7406.01: 2.662 11.976 nan 0.0420 2.88856 2460606.164783 1841.6 0
>TOI-7407: 0.9901910 47.4684600 11.787 0.940 0.996 5672.6 4.49 nan
 TOI-7407.01: 1.764 18.425 nan 0.0530 4.46400 2460607.117558 1152.0 0
>TOI-7408: 7.5399740 50.7464320 11.651 1.500 0.964 5531.0 4.07 nan
 TOI-7408.01: 2.189 10.036 nan 0.0775 8.02424 2460600.375529 1173.4 0
>TOI-7409: 352.5798450 30.7177680 11.598 1.690 1.169 6164.0 4.05 nan
 TOI-7409.01: 1.828 13.776 nan 0.0398 2.68008 2460608.457188 1936.9 0
>TOI-7410: 357.4319480 33.4433680 10.042 1.090 1.114 6000.0 4.41 nan
 TOI-7410.01: 0.536 5.283 nan 0.0468 3.50436 2460603.493826 1396.3 0
>TOI-7411: 2.5413490 44.2559490 12.088 1.500 1.057 5808.3 4.11 nan
 TOI-7411.01: 2.970 11.381 nan 0.0429 3.15515 2460604.178838 1656.1 0
>TOI-7412: 358.6511480 46.6475240 10.709 1.230 1.180 6201.0 4.33 nan
 TOI-7412.01: 1.346 5.750 nan 0.0302 1.76361 2460608.293547 1908.3 0
>TOI-7413: 343.1865340 47.5647030 12.230 0.320 0.304 3326.0 4.91 nan
 TOI-7413.01: 1.507 4.546 nan 0.0320 3.80377 2460609.793966 507.2 0
>TOI-7414: 6.0425550 39.1086590 11.149 1.170 0.951 5461.1 4.28 nan
 TOI-7414.01: 1.721 11.052 nan 0.0763 7.89946 2460601.373333 1031.2 0
>TOI-7419: 334.2410010 46.9243810 12.297 1.710 1.312 6461.0 4.09 nan
 TOI-7419.01: 1.862 8.963 nan 0.0265 1.37775 2460608.298102 2502.7 0
>TOI-7420: 350.7704890 38.4682370 11.549 nan nan nan nan nan
 TOI-7420.01: 3.660 nan nan nan 25.52496 2460592.498987 nan 0
>TOI-7421: 358.1470570 37.5204400 10.605 0.780 0.863 5086.7 4.59 nan
 TOI-7421.01: 0.310 5.036 nan 0.0092 0.34893 2460610.284840 2258.5 0
>TOI-7422: 41.8791190 53.2864790 11.820 2.340 0.978 5547.0 3.69 nan
 TOI-7422.01: 5.044 15.402 nan 0.0436 3.35933 2460635.772641 1959.5 0
>TOI-7423: 354.2824790 66.8234750 9.895 1.260 1.078 5949.0 4.27 nan
 TOI-7423.01: 2.528 2.570 nan 0.0407 2.88998 2460635.873701 1596.1 0
>TOI-7424: 25.3053520 32.4004160 11.625 0.910 0.933 5414.0 4.49 nan
 TOI-7424.01: 2.492 6.093 nan 0.0409 3.12715 2460631.491286 1231.4 0
>TOI-7425: 13.1322580 64.3342380 10.911 1.600 1.231 6327.0 4.12 nan
 TOI-7425.01: 2.230 18.964 nan 0.0247 1.28157 2460633.587611 2455.5 0
>TOI-7426: 21.0223610 38.0155620 11.859 1.230 1.101 5978.7 4.30 nan
 TOI-7426.01: 0.927 8.271 nan 0.0169 0.76653 2460635.879998 2459.5 0
>TOI-7427: 355.0197010 68.4579710 11.440 1.630 0.925 5366.0 3.98 nan
 TOI-7427.01: 1.013 14.193 nan 0.0442 3.52546 2460629.067323 1571.3 0
>TOI-7428: 343.8513660 64.4454550 10.954 0.780 0.991 5525.0 4.65 nan
 TOI-7428.01: 2.128 4.890 nan 0.0419 3.14680 2460631.620681 1149.5 0
>TOI-7429: 42.7208630 28.8735760 11.975 1.670 1.168 6134.0 4.06 nan
 TOI-7429.01: 2.216 10.430 nan 0.0579 4.71174 2460632.919652 1588.5 0
>TOI-743: 156.5726460 -23.5080630 13.087 0.824 0.729 5156.0 4.47 nan
 TOI-743.01: 1.571 10.956 nan 0.0300 2.22847 2459989.182624 1303.0 0
>TOI-7430: 318.6572090 78.9796100 10.188 0.720 0.770 4734.0 4.61 nan
 TOI-7430.01: 3.609 2.385 nan 0.1387 21.49309 2460633.869166 520.1 0
>TOI-7432: 45.6588130 46.4008700 11.863 2.390 1.227 6301.0 3.77 nan
 TOI-7432.01: 5.120 12.873 nan 0.0769 7.03091 2460626.511505 1693.9 0
>TOI-7433: 9.4330120 57.1748410 11.534 1.780 1.422 6725.0 4.09 nan
 TOI-7433.01: 3.057 18.254 nan 0.0328 1.81793 2460635.003251 2388.9 0
>TOI-7434: 30.9237170 53.9005700 11.743 1.920 2.082 8409.0 4.19 nan
 TOI-7434.01: 1.829 7.645 nan 0.0451 2.42284 2460635.364930 2645.7 0
>TOI-7435: 40.8171220 32.3044460 11.915 2.000 0.986 5565.5 3.83 nan
 TOI-7435.01: 4.503 10.714 nan 0.0545 4.68213 2460631.289575 1625.8 0
>TOI-7436: 12.9333600 48.5806410 11.296 3.260 1.344 6525.0 3.54 nan
 TOI-7436.01: 2.202 13.905 nan 0.0550 4.06161 2460629.162988 2422.4 0
>TOI-7437: 40.0817780 35.4104090 11.409 0.340 0.320 3163.0 4.88 nan
 TOI-7437.01: 0.927 13.013 nan 0.0251 2.57261 2460630.908505 561.4 0
>TOI-7438: 312.2798030 71.3817810 12.190 1.680 1.103 5972.0 4.03 nan
 TOI-7438.01: 2.394 18.199 nan 0.0219 1.12533 2460661.882320 2522.2 0
>TOI-7439: 331.9759900 64.1383850 11.868 1.410 1.231 6309.0 4.23 nan
 TOI-7439.01: 1.840 15.662 nan 0.0488 3.54661 2460633.469113 1635.3 0
>TOI-7440: 353.5714080 56.4434920 11.559 0.660 0.726 4517.4 4.66 nan
 TOI-7440.01: 4.571 9.398 nan 0.1849 34.07969 2460621.625543 411.6 0
>TOI-7441: 48.4086150 30.7288570 12.061 1.080 1.199 6229.6 4.45 nan
 TOI-7441.01: 1.735 14.021 nan 0.0355 2.23517 2460635.017813 1656.9 0
>TOI-7442: 14.9129100 46.1464860 12.702 1.780 1.389 6639.0 4.08 nan
 TOI-7442.01: 2.938 14.777 nan 0.0417 2.63588 2460635.299158 2091.6 0
>TOI-7443: 28.3456610 30.3100190 11.690 1.130 0.973 5528.0 4.32 nan
 TOI-7443.01: 2.548 11.919 nan 0.0380 2.74721 2460632.210599 1453.6 0
>TOI-7444: 42.3162390 58.7695220 10.581 2.720 1.233 6294.0 3.66 nan
 TOI-7444.01: 1.870 18.522 nan 0.0684 5.88560 2460640.734825 1913.9 0
>TOI-7445: 40.1855610 58.0784120 10.074 nan nan nan nan nan
 TOI-7445.01: 2.994 nan nan nan 6.21440 2460658.656299 nan 0
>TOI-7446: 31.2930620 60.0031440 11.945 0.970 0.924 5367.0 4.43 nan
 TOI-7446.01: 2.087 13.258 nan 0.0440 3.50447 2460635.953424 1215.1 0
>TOI-7447: 25.1507620 56.0577260 9.955 1.840 1.645 7284.0 4.12 nan
 TOI-7447.01: 1.894 9.505 nan 0.0303 1.50163 2460634.265020 2737.1 0
>TOI-7448: 44.0783550 49.3776850 11.607 1.700 1.078 5959.0 4.01 nan
 TOI-7448.01: 4.594 16.195 nan 0.0590 5.04585 2460629.552439 1542.4 0
>TOI-7449: 323.7146510 75.0505460 11.372 1.260 0.939 5424.0 4.21 nan
 TOI-7449.01: 3.480 12.078 nan 0.1055 12.91533 2460653.817057 903.9 0
>TOI-745: 147.7574370 -55.3182990 9.530 0.973 1.022 5741.0 4.47 nan
 TOI-745.01: 3.802 3.542 nan 0.0207 1.07909 2458544.259371 1898.0 0
>TOI-7450: 40.2868660 34.3793630 12.723 0.580 0.574 3583.0 4.67 nan
 TOI-7450.01: 0.428 14.319 nan 0.0139 0.79387 2460634.920306 1116.1 0
>TOI-7451: 43.3995160 46.1745620 10.627 2.320 nan 9225.0 nan nan
 TOI-7451.01: 2.496 11.848 nan nan 3.94618 2460632.112731 nan 0
>TOI-7452: 3.5117500 58.1670800 12.039 1.840 1.263 6336.0 4.01 nan
 TOI-7452.01: 2.079 10.852 nan 0.0445 3.04933 2460632.527065 1964.6 0
>TOI-7453: 34.0035350 57.3460710 11.746 1.330 1.201 6240.0 4.27 nan
 TOI-7453.01: 4.407 11.790 nan 0.0859 8.38739 2460621.924882 1184.0 0
>TOI-7454: 37.7773660 40.7249630 12.406 2.230 1.198 6227.0 3.82 nan
 TOI-7454.01: 3.857 17.950 nan 0.0449 3.17340 2460634.731366 2116.1 0
>TOI-7455: 14.4108560 47.5220360 12.157 1.170 0.951 5443.0 4.28 nan
 TOI-7455.01: 3.137 11.010 nan 0.1075 13.20264 2460613.499772 865.9 0
>TOI-7459: 138.0597370 65.3472110 9.388 0.746 0.825 4986.0 4.61 nan
 TOI-7459.01: 3.079 2.432 nan 0.0791 8.95118 2458846.872354 738.4 0
>TOI-746: 99.6207950 -67.6489500 10.276 0.958 0.987 5614.9 4.47 nan
 TOI-746.01: 2.036 10.183 nan 0.0963 10.98031 2458599.298747 854.0 0
>TOI-7464: 139.7937430 53.5945570 10.803 0.520 0.518 3560.0 4.72 nan
 TOI-7464.01: 3.862 11.140 nan 0.1159 20.04171 2459580.868263 363.6 0
>TOI-7465: 162.4310780 -23.3495040 11.065 1.179 0.905 5278.0 4.25 nan
 TOI-7465.01: 3.835 7.821 nan 0.0639 6.20620 2460749.810162 1093.2 0
>TOI-7466: 91.2908100 6.4476850 8.609 0.782 0.920 5343.0 4.62 nan
 TOI-7466.01: 3.034 2.076 nan 0.1086 13.62285 2460680.466841 691.4 0
>TOI-7467: 99.5908880 5.1460090 9.509 1.677 1.383 6610.9 4.13 nan
 TOI-7467.01: 3.197 19.229 nan 0.0441 2.87667 2460684.810785 1965.8 0
>TOI-7475: 181.6762880 0.2740080 7.451 1.726 1.279 6389.3 4.07 nan
 TOI-7475.01: 4.471 12.775 nan 0.0466 3.25276 2460775.586536 1875.1 0
>TOI-7481: 262.7586770 -17.8435390 9.029 0.616 0.601 3894.0 4.64 nan
 TOI-7481.01: 5.405 2.588 nan 0.0884 12.38328 2460807.939722 495.7 0
>TOI-7483: 310.9949160 -23.0109800 9.974 0.282 0.256 3398.0 4.95 nan
 TOI-7483.01: 0.631 1.263 nan 0.0080 0.51277 2460803.045671 972.8 0
>TOI-7485: 324.8374070 -24.6842660 12.466 0.854 0.860 5113.0 4.51 nan
 TOI-7485.01: 2.711 11.694 nan 0.0420 3.38705 2460805.366309 1111.8 0
>TOI-7489: 313.0690350 -17.5119920 8.710 0.741 0.830 5018.0 4.62 nan
 TOI-7489.01: 3.871 2.581 nan 0.1126 15.14587 2460811.793804 620.7 0
>TOI-749: 187.7819880 -23.7737150 11.275 0.442 0.467 3602.0 4.82 nan
 TOI-749.01: 1.257 14.372 nan 0.0112 0.63554 2458569.933590 1091.1 0
>TOI-7494: 344.3264370 -17.3954850 11.623 0.480 0.478 3555.0 4.76 nan
 TOI-7494.01: 2.307 9.790 nan 0.0776 11.42121 2460804.362235 426.3 0
>TOI-7498: 323.4860440 -21.1377320 11.593 1.637 1.951 5880.0 4.30 nan
 TOI-7498.01: 4.127 17.447 nan 0.0485 2.78928 2460804.322907 1647.3 0
>TOI-7504: 114.7075340 -27.8185460 9.176 0.841 0.888 5216.0 4.54 nan
 TOI-7504.01: 1.649 2.972 nan 0.0842 9.47154 2460708.164893 794.9 0
 TOI-7504.02: 2.298 2.485 nan 0.0508 4.44431 2460714.291111 1023.4 0
>TOI-7505: 112.9170530 -15.1022760 10.386 4.731 3.032 11396.0 3.57 nan
 TOI-7505.01: 3.176 13.302 nan 0.0697 3.86182 2460710.339900 4527.4 0
>TOI-7506: 332.5837190 -71.9134110 12.501 0.765 0.630 4056.0 4.47 nan
 TOI-7506.01: 2.419 11.675 nan 0.0374 3.33351 2460857.579047 884.6 0
>TOI-7507: 101.6650650 -84.9382420 9.859 1.654 1.190 6203.0 4.08 nan
 TOI-7507.01: 7.727 10.263 nan 0.1386 17.28086 2460863.075816 1033.3 0
>TOI-7508: 310.6023690 -72.4307250 10.951 1.170 1.020 5725.0 4.31 nan
 TOI-7508.01: 1.011 5.722 nan 0.0198 1.00655 2460857.100342 2122.1 0
>TOI-7509: 303.8901960 -40.6027720 9.484 1.360 1.119 6052.7 4.22 nan
 TOI-7509.01: 0.610 4.353 nan 0.0162 0.71050 2460856.517861 2674.2 0
>TOI-7514: 77.8777230 41.1106320 12.187 1.747 1.990 8155.0 4.25 nan
 TOI-7514.01: 2.262 9.322 nan 0.0370 1.84606 2460662.096255 2702.1 0
>TOI-7515: 56.9304360 58.5036930 11.428 1.391 1.101 5983.9 4.19 nan
 TOI-7515.01: 1.630 12.794 nan 0.0474 3.58811 2460657.089039 1563.1 0
>TOI-7516: 55.8864640 42.3783790 11.349 0.648 0.625 3544.0 4.61 nan
 TOI-7516.01: 1.302 14.008 nan 0.0568 6.24946 2460652.784228 577.2 0
>TOI-7517: 351.8254420 87.4656410 11.307 1.754 0.990 5592.0 3.95 nan
 TOI-7517.01: 3.369 7.435 nan 0.0924 10.30679 2460653.133566 1174.8 0
>TOI-7518: 78.8739250 44.4333450 10.257 1.515 1.884 7884.0 4.35 nan
 TOI-7518.01: 4.317 10.384 nan 0.0841 6.48565 2460651.762327 1613.6 0
>TOI-7520: 51.6197550 42.6142360 11.681 1.517 1.473 6826.1 4.24 nan
 TOI-7520.01: 5.444 12.861 nan 0.1050 10.24611 2460656.721477 1251.1 0
>TOI-7521: 51.8014870 59.2159610 10.897 1.558 1.430 6713.0 4.21 nan
 TOI-7521.01: 1.030 7.174 nan 0.0200 0.86184 2460662.618974 2857.1 0
>TOI-7522: 60.6895520 63.6088640 11.791 0.485 0.483 3318.0 4.75 nan
 TOI-7522.01: 2.251 8.849 nan 0.1196 21.72625 2460660.562041 322.2 0
>TOI-7523: 78.8710850 39.3261070 12.094 nan nan nan nan nan
 TOI-7523.01: nan nan nan nan 4.66128 2460657.982326 nan 0
>TOI-7524: 304.8717960 77.0589710 11.208 1.751 1.020 5737.0 3.96 nan
 TOI-7524.01: 1.141 18.735 nan 0.0756 7.52440 2460650.352688 1331.4 0
>TOI-7525: 73.6199210 45.4431610 10.868 0.855 0.753 4707.0 4.45 nan
 TOI-7525.01: 1.273 13.482 nan 0.0255 1.71845 2460660.889987 1314.3 0
>TOI-7526: 101.7756370 83.8060710 10.128 1.248 1.180 6185.0 4.32 nan
 TOI-7526.01: 6.367 3.326 nan 0.2128 33.01792 2460468.413217 722.3 0
>TOI-7528: 51.4382730 49.7456380 11.710 1.521 1.000 5620.0 4.07 nan
 TOI-7528.01: 3.217 10.833 nan 0.0571 4.98269 2460655.936079 1398.7 0
>TOI-7529: 48.0180980 52.9277920 11.614 1.475 1.300 6436.9 4.21 nan
 TOI-7529.01: 4.601 10.112 nan 0.1390 16.60363 2459891.217674 1011.1 0
>TOI-753: 178.0744480 -47.5834140 13.130 1.062 0.989 5591.0 4.38 nan
 TOI-753.01: 1.622 18.631 nan 0.0132 0.55526 2458569.455416 2418.2 0
>TOI-7530: 111.7085550 5.7034170 10.971 1.733 1.760 7571.0 4.21 nan
 TOI-7530.01: 2.527 6.614 nan 0.0708 5.18185 2460679.278071 1806.2 0
>TOI-7531: 96.5610000 -33.4564780 8.231 2.008 1.400 6644.0 3.98 nan
 TOI-7531.01: 4.789 3.063 nan 0.0867 7.87649 2460679.254130 1541.8 0
>TOI-7532: 94.7066460 -63.6506790 11.789 1.144 1.190 6205.0 4.40 nan
 TOI-7532.01: 3.099 4.617 nan 0.1051 11.40310 2460767.492566 987.2 0
>TOI-7533: 104.9130720 -24.8541590 11.290 1.293 1.100 5975.0 4.26 nan
 TOI-7533.01: 2.529 4.445 nan 0.0294 1.75181 2460687.898061 1910.7 0
>TOI-7534: 84.7960690 -45.9640850 11.073 1.534 1.130 6067.0 4.12 nan
 TOI-7534.01: 7.321 5.283 nan 0.1186 14.02878 2460666.281405 1052.1 0
>TOI-7535: 96.6537060 -18.9227490 11.860 1.180 1.220 6261.0 4.38 nan
 TOI-7535.01: 4.735 20.910 nan 0.0807 7.58119 2460687.056745 1154.5 0
>TOI-7536: 96.6455190 12.4269610 11.627 2.752 1.360 6566.0 3.69 nan
 TOI-7536.01: 5.218 14.945 nan 0.0483 3.32878 2460685.917512 2389.9 0
>TOI-7538: 90.3737100 -29.5139840 8.079 1.850 1.238 6304.0 4.00 nan
 TOI-7538.01: 4.285 2.789 nan 0.1951 28.28646 2460678.586453 936.1 0
>TOI-7539: 92.6096810 -8.2494620 11.333 0.851 0.894 5237.2 4.53 nan
 TOI-7539.01: 1.342 13.118 nan 0.0791 8.60011 2460681.091363 828.3 0
>TOI-754: 189.2971130 -42.4136370 11.333 1.226 1.015 6214.0 4.27 nan
 TOI-754.01: 2.100 12.660 nan 0.0484 3.86397 2458572.225589 1508.1 0
>TOI-7540: 89.4768370 12.7709000 11.732 1.747 1.030 5751.0 3.97 nan
 TOI-7540.01: 1.190 10.543 nan 0.0258 1.49456 2460686.978801 2282.0 0
>TOI-7541: 94.1665830 -22.9707970 11.918 2.028 1.380 6594.0 3.96 nan
 TOI-7541.01: 3.687 13.280 nan 0.1302 14.60628 2460683.694794 1254.9 0
>TOI-7542: 96.6061980 7.8849550 11.401 1.580 1.580 7106.0 4.24 nan
 TOI-7542.01: 3.082 9.979 nan 0.0982 8.94527 2460674.034364 1374.5 0
>TOI-7543: 103.0615360 6.2652910 11.887 1.741 1.980 8135.0 4.25 nan
 TOI-7543.01: 4.805 11.049 nan 0.1088 9.31378 2460685.379572 1569.2 0
>TOI-7544: 95.9969000 -36.5282160 11.467 0.378 0.366 3394.0 4.85 nan
 TOI-7544.01: 1.665 6.249 nan 0.0402 4.87449 2460687.387037 501.9 0
>TOI-7545: 103.9609690 -2.5910460 11.617 0.867 0.948 5436.0 4.54 nan
 TOI-7545.01: 3.448 7.339 nan 0.1002 11.90394 2460685.633200 771.1 0
>TOI-7546: 118.0402370 -61.0693870 10.457 0.881 1.090 5949.0 4.59 nan
 TOI-7546.01: 2.000 3.560 nan 0.0912 9.64141 2460763.853771 891.6 0
>TOI-7547: 69.9378250 -72.7641890 11.382 1.912 1.100 5969.0 3.92 nan
 TOI-7547.01: 8.357 9.977 nan 0.1587 22.00893 2460750.364869 999.1 0
>TOI-7548: 101.6342560 2.7087230 11.441 1.294 1.090 5946.0 4.25 nan
 TOI-7548.01: 3.851 8.699 nan 0.0603 5.18366 2460681.852034 1328.2 0
>TOI-7549: 92.5636030 -7.0341850 11.444 0.829 0.937 5394.6 4.57 nan
 TOI-7549.01: 1.358 9.026 nan 0.0320 2.16101 2460684.337766 1324.0 0
>TOI-7550: 83.0488160 -44.6745700 9.966 0.631 0.613 3775.0 4.63 nan
 TOI-7550.01: 2.625 2.652 nan 0.0485 4.98440 2460684.733243 656.6 0
>TOI-7551: 108.9385900 -6.0935920 11.568 1.663 2.150 8603.0 4.33 nan
 TOI-7551.01: 2.142 15.221 nan 0.1709 17.59451 2460686.302959 1294.1 0
>TOI-7552: 83.3257460 -53.9056300 9.676 0.686 0.800 4906.0 4.67 nan
 TOI-7552.01: 3.066 1.642 nan 0.1013 13.17428 2460699.285280 615.6 0
>TOI-7553: 111.0220560 -2.6250950 12.497 2.462 1.890 7903.0 3.93 nan
 TOI-7553.01: 3.357 16.917 nan 0.0445 2.49712 2460686.452679 2834.6 0
>TOI-7554: 101.1000760 -12.4343960 12.395 0.460 0.457 3405.0 4.77 nan
 TOI-7554.01: 1.623 9.734 nan 0.0262 2.29486 2460688.706567 688.0 0
>TOI-7555: 123.1622990 -71.9484160 11.163 1.858 1.040 5784.0 3.92 nan
 TOI-7555.01: 2.747 5.917 nan 0.0398 2.84046 2460770.914052 1905.6 0
>TOI-7556: 90.5513370 2.9803630 11.189 2.087 0.990 5607.0 3.79 nan
 TOI-7556.01: 3.277 14.156 nan 0.0971 11.10354 2460672.853807 1253.5 0
>TOI-7557: 109.0730290 5.9110370 10.780 2.104 1.300 6425.1 3.91 nan
 TOI-7557.01: 1.538 15.446 nan 0.0733 6.35490 2460678.995034 1659.9 0
>TOI-7558: 110.9156220 9.9068490 11.833 1.631 1.240 6310.5 4.11 nan
 TOI-7558.01: 4.276 13.600 nan 0.0543 4.15316 2460685.627327 1667.7 0
>TOI-7559: 100.7244380 2.1180230 11.272 1.488 1.230 6287.0 4.18 nan
 TOI-7559.01: 4.030 10.405 nan 0.0943 9.53663 2460687.945574 1204.3 0
>TOI-7561: 89.8630580 -12.5134110 10.432 1.474 1.710 7457.0 4.33 nan
 TOI-7561.01: 3.380 17.213 nan 0.0371 1.99899 2460687.849605 2266.5 0
>TOI-7562: 85.2973630 -70.5304040 11.818 1.898 nan 12948.0 nan nan
 TOI-7562.01: 4.824 7.558 nan nan 13.22538 2460767.296171 nan 0
>TOI-7563: 90.5170850 -9.7013030 8.650 2.179 1.109 6006.0 3.81 nan
 TOI-7563.01: 6.001 4.133 nan 0.1163 13.75853 2460666.065967 1253.6 0
>TOI-7564: 112.0197810 1.0820670 10.817 1.098 1.297 5406.3 4.47 nan
 TOI-7564.01: 3.152 12.149 nan 0.0481 3.37999 2460683.322858 1245.6 0
>TOI-7565: 98.8821270 -0.9722880 11.232 1.085 1.280 6392.0 4.47 nan
 TOI-7565.01: 1.039 18.383 nan 0.0404 2.62417 2460685.559578 1597.3 0
>TOI-7566: 95.3302510 -1.9962490 11.121 2.783 1.590 7129.0 3.75 nan
 TOI-7566.01: 1.908 19.058 nan 0.0470 2.95382 2460684.620648 2645.3 0
>TOI-7567: 107.9095390 -4.9858810 10.437 1.035 0.800 4892.0 4.31 nan
 TOI-7567.01: 5.181 13.792 nan 0.0587 5.81196 2460680.237854 990.5 0
>TOI-7568: 96.2370750 4.4029890 11.413 2.298 1.520 6940.0 3.90 nan
 TOI-7568.01: 1.590 10.447 nan 0.0293 1.48939 2460688.252244 2963.7 0
>TOI-7569: 103.7409630 -16.8800370 10.940 1.329 1.240 6304.0 4.28 nan
 TOI-7569.01: 2.917 5.298 nan 0.0669 5.67280 2460686.424505 1354.9 0
>TOI-7570: 100.2046720 -28.4554600 10.182 1.007 0.997 5629.0 4.43 nan
 TOI-7570.01: 4.035 3.355 nan 0.1014 11.81067 2460671.596918 855.4 0
>TOI-7571: 106.1802390 8.0845340 12.130 1.543 1.330 6492.0 4.19 nan
 TOI-7571.01: 3.957 12.171 nan 0.0650 5.24568 2460685.963281 1525.2 0
>TOI-7572: 103.6380240 5.1731650 11.269 2.055 1.050 5834.0 3.83 nan
 TOI-7572.01: 2.822 22.316 nan 0.1013 11.49615 2460674.553933 1267.1 0
>TOI-7573: 93.6785220 7.3475210 11.887 1.119 1.110 6022.0 4.39 nan
 TOI-7573.01: 1.056 8.414 nan 0.0160 0.70146 2460688.361671 2428.4 0
>TOI-7574: 88.4180110 5.6431110 10.696 0.884 1.204 6231.0 4.63 nan
 TOI-7574.01: 2.565 11.570 nan 0.0566 4.48027 2460683.832618 1187.4 0
>TOI-7575: 94.2104470 -41.8508740 11.613 0.961 nan 5917.5 nan nan
 TOI-7575.01: 3.020 8.000 nan nan 13.24429 2460678.505396 nan 0
>TOI-7576: 97.3567250 11.4291540 11.976 0.851 nan 5752.4 nan nan
 TOI-7576.01: 2.194 8.725 nan nan 3.95317 2460682.960738 nan 0
>TOI-7577: 91.4657050 -2.6765200 11.498 1.514 1.320 6467.3 4.20 nan
 TOI-7577.01: 3.401 15.973 nan 0.0466 3.19699 2460682.669057 1777.6 0
>TOI-7578: 105.5131540 -8.7450120 11.290 0.988 nan 5711.1 nan nan
 TOI-7578.01: 3.415 9.588 nan nan 5.36035 2460679.539920 nan 0
>TOI-7579: 107.3575730 -16.4393390 10.075 0.997 nan 5450.3 nan nan
 TOI-7579.01: 1.331 8.764 nan nan 2.32770 2460685.452931 nan 0
>TOI-7580: 89.9001210 -30.1330450 9.616 0.713 0.732 4617.0 4.60 nan
 TOI-7580.01: 3.870 3.656 nan 0.1278 19.50992 2460668.361133 525.9 0
 TOI-7580.02: 2.227 2.266 nan 0.0578 5.92848 2460689.187565 781.9 0
 TOI-7580.03: 2.768 2.995 nan 0.0940 12.29713 2460668.351861 613.2 0
>TOI-7581: 90.9536310 -58.1610240 9.383 1.176 1.130 6067.0 4.35 nan
 TOI-7581.01: 9.444 2.355 nan 0.7569 226.28208 2460460.703803 364.7 0
>TOI-7582: 119.2464490 -18.2038850 11.446 2.079 1.550 7021.0 3.99 nan
 TOI-7582.01: 4.863 10.713 nan 0.0878 7.63243 2460711.884009 1647.5 0
>TOI-7583: 113.9182710 -24.7086740 10.951 1.051 1.160 6143.0 4.46 nan
 TOI-7583.01: 1.449 3.990 nan 0.0165 0.71803 2460717.690064 2364.1 0
>TOI-7584: 127.6744990 -35.1534060 10.588 0.939 0.980 5567.0 4.48 nan
 TOI-7584.01: 3.709 8.753 nan 0.1369 18.68833 2460739.851313 703.0 0
>TOI-7585: 109.4351060 -22.8345050 11.312 2.647 1.540 7004.0 3.78 nan
 TOI-7585.01: 7.963 10.691 nan 0.0973 8.93311 2460709.955051 1761.6 0
>TOI-7586: 119.0143370 -19.4860900 11.891 1.611 1.500 6899.0 4.20 nan
 TOI-7586.01: 5.512 10.254 nan 0.1071 10.44981 2460713.383204 1290.2 0
>TOI-7587: 70.6681310 -67.0938870 11.147 1.244 1.010 5689.6 4.25 nan
 TOI-7587.01: 6.321 4.033 nan 0.2177 36.90783 2460865.649717 655.8 0
>TOI-7588: 102.7978580 -55.2322620 11.393 1.110 1.100 5970.8 4.39 nan
 TOI-7588.01: 1.252 8.969 nan 0.0525 4.18353 2460892.269125 1323.9 0
>TOI-7589: 120.0544860 1.5327140 10.555 1.470 1.308 6488.0 4.22 nan
 TOI-7589.01: 1.355 10.687 nan 0.0279 1.48664 2460716.089033 2270.9 0
>TOI-759: 169.9094740 -39.4620800 10.758 1.530 1.115 6107.0 4.12 nan
 TOI-759.01: 2.904 12.966 nan 0.0529 4.21357 2459331.163575 1583.7 0
>TOI-7590: 101.6635590 -36.7397780 11.147 1.971 1.270 6374.0 3.95 nan
 TOI-7590.01: 1.373 11.287 nan 0.0800 7.33641 2460713.382013 1525.6 0
>TOI-7591: 112.9289330 -11.9615180 11.356 1.329 1.001 5643.0 4.19 nan
 TOI-7591.01: 5.449 9.426 nan 0.1150 14.22881 2460714.187417 925.0 0
>TOI-7592: 115.0593450 -48.6951480 11.220 0.868 0.930 5355.0 4.53 nan
 TOI-7592.01: 3.614 5.829 nan 0.1313 18.02143 2460743.285001 663.9 0
>TOI-7593: 120.7978680 -48.1695260 11.363 1.169 1.240 6298.0 4.40 nan
 TOI-7593.01: 4.683 8.157 nan 0.2221 34.32997 2460719.885583 696.7 0
>TOI-7594: 135.1819670 -15.7808000 11.121 1.548 1.040 5776.8 4.08 nan
 TOI-7594.01: 4.545 9.568 nan 0.0920 9.98921 2460702.651463 1142.6 0
>TOI-7595: 118.3040170 -17.1158980 11.602 2.186 1.350 6543.0 3.89 nan
 TOI-7595.01: 2.008 16.034 nan 0.1344 15.48212 2460694.205313 1272.4 0
>TOI-7596: 134.8466810 -11.0565260 11.658 1.763 1.410 6670.0 4.09 nan
 TOI-7596.01: 2.412 20.111 nan 0.0687 5.53786 2460713.876269 1629.3 0
>TOI-7597: 98.5803230 -71.2702520 11.702 1.312 1.050 5815.0 4.22 nan
 TOI-7597.01: 6.979 6.967 nan 0.2724 50.66607 2460887.213792 615.4 0
>TOI-7598: 130.3791210 -34.3146580 11.525 1.326 1.250 6319.0 4.29 nan
 TOI-7598.01: 2.127 20.762 nan 0.1184 13.31731 2460718.562922 1019.7 0
>TOI-7599: 118.9367270 -18.5265920 11.201 2.361 1.520 6941.0 3.87 nan
 TOI-7599.01: 1.289 12.776 nan 0.0397 2.34285 2460717.384483 2581.1 0
>TOI-760: 169.4143850 -44.0170880 10.194 2.297 3.079 7852.0 4.20 nan
 TOI-760.01: 6.266 28.833 nan 0.1520 12.33964 2458578.666284 1471.9 0
>TOI-7600: 130.9347130 3.6498750 9.875 0.716 0.839 5036.8 4.65 nan
 TOI-7600.01: 2.552 2.734 nan 0.0739 8.01051 2460705.564397 756.0 0
>TOI-7601: 111.1963490 -33.6876190 11.540 2.593 1.270 6371.0 3.71 nan
 TOI-7601.01: 5.587 14.169 nan 0.0755 6.72302 2460714.653262 1800.4 0
>TOI-7602: 103.1063020 -39.6875030 10.052 1.085 1.160 6129.0 4.43 nan
 TOI-7602.01: 3.796 2.943 nan 0.0973 10.29779 2460700.427709 986.9 0
>TOI-7603: 119.7888850 -3.3065240 10.982 2.630 1.310 6451.0 3.72 nan
 TOI-7603.01: 6.352 8.860 nan 0.0760 6.68029 2460712.433744 1829.9 0
>TOI-7604: 114.1454000 -16.8553670 10.252 2.966 2.070 8371.0 3.81 nan
 TOI-7604.01: 1.165 14.770 nan 0.1082 9.04099 2460712.312261 2113.4 0
>TOI-7606: 105.7296590 -27.0151580 10.673 2.240 1.747 6912.4 3.98 nan
 TOI-7606.01: 4.764 10.900 nan 0.0679 4.88706 2460710.535729 1914.5 0
>TOI-7607: 121.0818110 -68.4767610 11.470 1.581 1.050 5840.0 4.06 nan
 TOI-7607.01: 7.376 7.470 nan 0.1148 13.86726 2460879.849392 1045.1 0
>TOI-7608: 102.4092420 -70.9972930 11.707 1.515 1.130 6053.0 4.13 nan
 TOI-7608.01: 4.246 14.791 nan 0.1819 26.66311 2460858.033621 842.4 0
>TOI-7609: 112.5707010 -26.6154820 11.014 2.264 1.450 6779.0 3.89 nan
 TOI-7609.01: 2.087 9.858 nan 0.0481 3.19522 2460711.909408 2242.7 0
>TOI-761: 179.2629980 -38.1047940 8.977 0.685 0.631 4368.0 4.57 nan
 TOI-761.01: 2.816 2.777 nan 0.0808 10.55573 2458576.389610 613.3 0
 TOI-761.02: 1.423 1.362 nan 0.0251 1.83209 2458570.007581 1100.3 0
>TOI-7610: 129.2500450 -3.5309090 10.269 0.744 0.741 4658.3 4.56 nan
 TOI-7610.01: 4.705 11.087 nan 0.1397 22.14412 2460700.970803 518.4 0
>TOI-7611: 115.2601230 -23.8233560 12.143 2.015 2.200 8752.0 4.17 nan
 TOI-7611.01: 5.112 11.193 nan 0.1675 16.88127 2460691.729519 1463.8 0
>TOI-7612: 131.3461200 -14.9500990 10.098 0.822 0.870 5150.0 4.55 nan
 TOI-7612.01: 3.151 2.726 nan 0.0917 10.87397 2460697.314225 743.5 0
>TOI-7613: 126.3816880 -16.1938140 11.929 1.732 1.100 5970.0 4.00 nan
 TOI-7613.01: 2.917 19.263 nan 0.0690 6.31626 2460707.754729 1442.3 0
>TOI-7614: 119.9633600 -38.1275500 12.522 0.636 0.616 3944.0 4.62 nan
 TOI-7614.01: 6.401 11.104 nan 0.1298 21.74562 2460697.576014 421.0 0
>TOI-7615: 105.9915040 -61.1677970 9.636 0.630 0.612 3893.0 4.63 nan
 TOI-7615.01: 1.194 1.853 nan 0.0278 2.16701 2460891.658650 893.6 0
>TOI-7616: 119.8833210 -45.4537710 12.431 1.662 2.560 10002.0 4.40 nan
 TOI-7616.01: 1.560 11.866 nan 0.0420 1.96225 2460744.696219 3034.0 0
>TOI-7617: 111.0020260 -15.9111500 12.030 2.155 1.370 6586.0 3.91 nan
 TOI-7617.01: 4.613 10.857 nan 0.0542 3.93351 2460713.810843 2002.5 0
>TOI-7618: 118.3535060 -14.7995150 9.548 0.722 0.620 4001.0 4.51 nan
 TOI-7618.01: 2.300 2.954 nan 0.0597 6.77221 2460714.391010 670.9 0
>TOI-7619: 110.4870800 -23.4140360 10.184 1.962 1.238 6304.0 3.95 nan
 TOI-7619.01: 5.277 11.242 nan 0.2429 39.29595 2460694.523694 863.9 0
>TOI-7620: 96.8285560 -69.9037160 11.547 0.818 0.870 5156.0 4.55 nan
 TOI-7620.01: 7.760 6.291 nan 0.5161 145.19667 2460080.660945 313.0 0
>TOI-7621: 117.2839020 -37.6659470 11.921 1.036 1.360 6556.0 4.54 nan
 TOI-7621.01: 3.312 10.670 nan 0.1274 14.23920 2460692.774909 901.5 0
>TOI-7622: 82.8423470 -74.5148790 11.736 0.661 0.635 3919.0 4.60 nan
 TOI-7622.01: 3.733 6.530 nan 0.1995 40.82165 2460890.941494 344.0 0
>TOI-7623: 25.8203940 68.7139980 8.648 1.520 1.085 5955.0 4.11 nan
 TOI-7623.01: 4.357 2.864 nan 0.0536 4.35080 2460434.942225 1529.2 0
>TOI-7624: 283.6209940 55.9672500 8.415 1.530 1.305 6461.0 4.18 nan
 TOI-7624.01: 6.144 2.438 nan 0.1402 16.77882 2458718.694562 1029.2 0
>TOI-7625: 346.0767540 52.1205910 7.698 1.360 1.315 6433.6 4.29 nan
 TOI-7625.01: 3.983 2.709 nan 0.0955 9.39664 2460605.469868 1170.7 0
>TOI-7626: 273.6577330 77.8640820 9.210 1.205 1.147 6102.0 4.34 nan
 TOI-7626.01: 1.814 1.872 nan 0.0605 5.07121 2458687.940568 1313.2 0
>TOI-7627: 55.6643860 43.2798010 12.177 1.470 1.100 5973.0 4.14 nan
 TOI-7627.01: 3.965 13.844 nan 0.0613 5.28135 2460655.283981 1410.4 0
>TOI-7628: 59.1182910 53.6855860 10.729 2.155 nan 7691.3 nan nan
 TOI-7628.01: 4.219 5.597 nan nan 4.03913 2460655.445179 nan 0
>TOI-7629: 78.6946390 36.3712090 12.117 1.181 1.000 5627.0 4.29 nan
 TOI-7629.01: 1.372 16.634 nan 0.0292 1.82029 2460660.776460 1725.6 0
>TOI-7630: 60.3369250 44.5859760 10.592 2.346 nan 9390.0 nan nan
 TOI-7630.01: 2.248 15.410 nan nan 1.83080 2460660.030398 nan 0
>TOI-7631: 84.0614090 83.2834690 12.539 1.695 0.970 5507.0 3.97 nan
 TOI-7631.01: 6.159 8.274 nan 0.1214 15.68624 2460633.620542 992.3 0
>TOI-7632: 93.7445040 14.2356050 11.996 1.082 1.000 5641.0 4.37 nan
 TOI-7632.01: 1.545 14.767 nan 0.1405 19.22748 2460255.857639 754.9 0
>TOI-7633: 96.3489110 0.1538340 11.998 1.130 1.130 6048.0 4.39 nan
 TOI-7633.01: 2.751 13.198 nan 0.0485 3.67468 2460682.036124 1407.7 0
>TOI-7634: 92.3115510 -23.8087930 11.954 0.973 1.040 5810.0 4.48 nan
 TOI-7634.01: 1.699 6.943 nan 0.0344 2.28078 2460685.378705 1490.0 0
>TOI-7635: 89.4175330 -11.0220770 11.660 1.861 1.010 5686.0 3.90 nan
 TOI-7635.01: 5.783 9.841 nan 0.0762 7.65169 2460676.242511 1355.0 0
>TOI-7636: 90.3386850 13.0113390 12.065 0.988 1.070 5902.0 4.48 nan
 TOI-7636.01: 2.533 8.313 nan 0.0455 3.42911 2460684.783372 1326.2 0
>TOI-7637: 102.9595980 -29.7738970 12.453 1.182 1.090 5945.0 4.33 nan
 TOI-7637.01: 3.856 12.453 nan 0.0659 5.91628 2460682.904645 1214.1 0
>TOI-7638: 102.1929980 -9.0158550 11.849 0.901 0.994 5617.0 4.53 nan
 TOI-7638.01: 1.499 12.650 nan 0.0259 1.52285 2460687.094175 1597.5 0
>TOI-764: 174.3028370 -38.3071910 10.378 2.782 4.537 6632.0 4.21 nan
 TOI-764.01: 6.535 33.645 nan 0.1026 5.63167 2458574.583993 1665.3 0
>TOI-7640: 89.2654690 -16.9002750 12.361 1.140 1.130 6051.0 4.38 nan
 TOI-7640.01: 3.649 16.509 nan 0.0746 7.00637 2460684.484863 1140.6 0
>TOI-7641: 105.9355880 -16.6366330 12.223 1.181 1.210 6241.0 4.38 nan
 TOI-7641.01: 3.894 9.746 nan 0.0975 10.10839 2460677.624294 1047.4 0
>TOI-7642: 111.4087530 -2.8641180 11.265 2.749 2.091 5926.2 3.88 nan
 TOI-7642.01: 5.367 19.444 nan 0.0597 3.68228 2460687.212380 1939.1 0
>TOI-7643: 94.0190210 5.5204470 10.693 1.820 nan 7356.0 nan nan
 TOI-7643.01: 3.490 15.731 nan nan 4.05215 2460682.283204 nan 0
>TOI-7644: 111.1744700 -2.9915940 11.904 0.857 0.770 4788.0 4.46 nan
 TOI-7644.01: 3.471 9.278 nan 0.1045 14.05801 2460670.408988 661.2 0
>TOI-7645: 109.6038070 8.1977130 12.425 2.087 1.160 6140.0 3.86 nan
 TOI-7645.01: 5.101 11.492 nan 0.0581 4.75542 2460679.410108 1774.5 0
>TOI-7646: 92.9923730 2.6737930 11.861 1.372 1.090 5943.7 4.20 nan
 TOI-7646.01: 2.768 14.465 nan 0.0554 4.56384 2460684.429211 1426.3 0
>TOI-7647: 99.1678060 4.7716930 11.620 1.537 1.130 6059.3 4.12 nan
 TOI-7647.01: 4.955 13.103 nan 0.0510 3.95821 2460688.318417 1604.0 0
>TOI-7648: 100.5737100 -2.2775880 11.969 1.914 1.320 6475.0 3.99 nan
 TOI-7648.01: 1.275 16.563 nan 0.0410 2.63998 2460688.010282 2133.3 0
>TOI-7649: 117.1900250 -69.0592820 12.151 1.055 1.100 5994.0 4.43 nan
 TOI-7649.01: 1.325 10.691 nan 0.0434 3.14553 2460774.884680 1425.1 0
>TOI-7650: 110.9888580 -3.4957630 12.354 1.457 1.080 5938.0 4.14 nan
 TOI-7650.01: 3.827 13.874 nan 0.0456 3.42535 2460686.269931 1618.5 0
>TOI-7651: 87.7403520 -49.7940600 10.047 0.980 0.942 5892.2 4.43 nan
 TOI-7651.01: 1.299 10.018 nan 0.0249 1.47901 2460689.166830 1782.5 0
>TOI-7652: 110.6237570 -3.1202360 12.360 1.612 1.280 6384.0 4.13 nan
 TOI-7652.01: 3.822 14.600 nan 0.0584 4.55496 2460681.074726 1617.3 0
>TOI-7653: 97.0530920 -63.4729570 12.208 1.650 1.935 6055.0 4.29 nan
 TOI-7653.01: 5.662 10.136 nan 0.1210 11.04628 2460765.804854 1078.2 0
>TOI-7654: 114.3835170 -70.7999270 11.573 0.755 0.780 4819.0 4.57 nan
 TOI-7654.01: 3.063 4.954 nan 0.1620 26.97014 2460740.287161 501.7 0
>TOI-7655: 128.2941270 -22.9592310 11.256 2.052 2.120 8518.0 4.14 nan
 TOI-7655.01: 5.044 9.161 nan 0.2694 35.08430 2460704.476735 1133.6 0
>TOI-7656: 127.3199430 5.7819810 11.380 0.762 nan 5483.9 nan nan
 TOI-7656.01: 0.843 10.725 nan nan 0.73862 2460715.629875 nan 0
>TOI-7657: 114.6560790 -20.8029650 12.135 2.020 1.200 6230.0 3.91 nan
 TOI-7657.01: 5.378 12.947 nan 0.0513 3.87517 2460717.661255 1885.1 0
>TOI-7658: 108.4269320 -38.2135690 11.239 1.443 nan 6247.3 nan nan
 TOI-7658.01: 2.407 13.403 nan nan 1.64250 2460716.929364 nan 0
>TOI-7659: 97.6839520 -75.2799620 12.050 1.721 1.000 5637.0 3.97 nan
 TOI-7659.01: 2.821 10.100 nan 0.0686 6.55708 2460887.644911 1361.5 0
>TOI-7660: 76.8738630 -74.7481960 12.019 1.589 1.010 5669.0 4.04 nan
 TOI-7660.01: 4.312 7.302 nan 0.0687 6.54628 2460881.071973 1314.7 0
>TOI-7661: 122.7278600 -4.4066340 11.087 1.885 nan 6692.6 nan nan
 TOI-7661.01: 1.414 10.725 nan nan 12.52678 2460706.130995 nan 0
>TOI-7662: 109.8617550 -20.1560420 11.703 1.211 nan 6507.7 nan nan
 TOI-7662.01: 4.140 10.285 nan nan 5.02870 2460712.209427 nan 0
>TOI-7663: 122.2336540 -1.1455050 12.201 1.837 1.080 5926.1 3.94 nan
 TOI-7663.01: 1.513 12.650 nan 0.0394 2.75315 2460711.730485 1951.2 0
>TOI-7664: 113.1574640 -22.7856350 10.552 nan nan 4940.4 nan nan
 TOI-7664.01: 1.714 nan nan nan 5.94415 2460716.709103 nan 0
>TOI-7665: 124.6597030 -40.6187480 8.343 0.709 0.790 4867.0 4.63 nan
 TOI-7665.01: 2.946 2.033 nan 0.1518 24.30310 2460699.321653 507.2 0
 TOI-7665.02: 2.843 1.325 nan 0.0784 9.02702 2460745.012170 705.8 0
>TOI-7666: 103.9503820 -45.9970500 11.896 0.875 0.940 5419.0 4.53 nan
 TOI-7666.01: 1.671 7.391 nan 0.0562 5.01460 2460717.770654 1031.1 0
>TOI-7667: 59.8271090 -76.9122710 12.045 0.608 nan 5356.9 nan nan
 TOI-7667.01: 1.312 6.824 nan nan 16.95370 2460878.048610 nan 0
>TOI-7668: 133.6474760 -24.0029450 11.140 1.662 nan nan nan nan
 TOI-7668.01: 4.915 10.032 nan nan 16.28170 2460741.212899 nan 0
>TOI-7669: 101.4851200 -38.3106040 11.766 nan nan nan nan nan
 TOI-7669.01: 2.965 nan nan nan 13.18523 2460696.324979 nan 0
>TOI-7670: 132.3588480 -17.8973040 10.192 3.319 nan 5335.0 nan nan
 TOI-7670.01: 5.515 11.187 nan nan 10.48655 2460703.349134 nan 0
>TOI-7671: 127.6002650 -41.9690240 11.803 nan nan nan nan nan
 TOI-7671.01: 2.098 nan nan nan 6.42879 2460746.069535 nan 0
>TOI-7672: 111.4426580 -24.2134800 12.432 1.518 1.280 6390.0 4.18 nan
 TOI-7672.01: 0.781 23.569 nan 0.0216 1.02720 2460716.664824 2583.1 0
>TOI-7673: 63.1074130 -66.7655720 9.945 3.109 nan 5065.5 nan nan
 TOI-7673.01: 12.596 6.923 nan nan 27.48393 2460854.316888 nan 0
>TOI-7674: 124.7399530 6.7161790 11.630 1.788 nan 6905.2 nan nan
 TOI-7674.01: 5.137 6.540 nan nan 3.88313 2460715.796295 nan 0
>TOI-7675: 115.0785060 -17.1114570 11.718 3.898 nan 10791.1 nan nan
 TOI-7675.01: 8.230 17.137 nan nan 8.17617 2460706.368768 nan 0
>TOI-7677: 112.4485050 -63.2090030 12.099 0.972 0.960 5481.0 4.44 nan
 TOI-7677.01: 1.706 11.154 nan 0.1007 11.90964 2460886.049566 821.1 0
>TOI-7678: 110.6165270 -36.5043290 12.017 2.665 1.410 6681.0 3.74 nan
 TOI-7678.01: 1.089 17.338 nan 0.0307 1.65712 2460716.225118 3001.6 0
>TOI-7679: 113.9807550 -34.9736870 11.872 nan nan nan nan nan
 TOI-7679.01: 7.365 nan nan nan 5.24841 2460708.453049 nan 0
>TOI-768: 198.6356260 -24.1441900 11.273 1.150 0.991 5956.0 4.31 nan
 TOI-768.01: 4.881 18.714 nan 0.0996 11.52944 2459316.291690 975.9 0
>TOI-7680: 122.7686510 7.1273630 10.191 1.155 nan 5884.1 nan nan
 TOI-7680.01: 3.657 10.749 nan nan 13.30405 2460699.171601 nan 0
>TOI-7681: 109.0788110 -42.7874080 12.305 1.815 1.170 6158.0 3.99 nan
 TOI-7681.01: 1.870 14.547 nan 0.0288 1.64980 2460715.900441 2357.3 0
>TOI-7682: 318.0933540 -41.9317980 8.778 1.982 1.200 6229.0 3.92 nan
 TOI-7682.01: 2.410 5.713 nan 0.0253 1.34098 2460882.383820 2658.5 0
>TOI-7684: 7.2307120 -38.7878650 11.897 0.681 0.650 3982.0 4.58 nan
 TOI-7684.01: 1.868 6.381 nan 0.0369 3.21298 2460908.314904 824.9 0
>TOI-7685: 356.7056840 -24.1363750 12.934 0.829 0.920 5348.0 4.57 nan
 TOI-7685.01: 2.773 10.760 nan 0.0437 3.48282 2460909.675022 1123.2 0
>TOI-7686: 31.6330150 -67.7788840 12.285 0.673 0.644 4002.0 4.59 nan
 TOI-7686.01: 1.698 8.891 nan 0.0982 14.00164 2460917.176050 505.2 0
>TOI-7687: 15.4712010 -67.2335290 10.537 1.486 1.000 5635.5 4.09 nan
 TOI-7687.01: 7.019 9.744 nan 0.1166 14.54214 2460929.791539 970.1 0
>TOI-7688: 11.0985610 -45.5623710 11.228 0.419 0.413 3444.0 4.81 nan
 TOI-7688.01: 1.779 2.949 nan 0.0271 2.53956 2460908.178919 653.0 0
>TOI-7689: 346.8573260 -28.3534670 10.998 0.251 0.222 3478.0 4.98 nan
 TOI-7689.01: 0.339 4.185 nan 0.0154 1.48261 2460908.553430 677.1 0
>TOI-7690: 328.3576320 65.6801210 7.602 0.950 1.041 5840.0 4.50 nan
 TOI-7690.01: 2.737 2.991 nan 0.2216 37.35222 2460406.073409 583.1 0
>TOI-7691: 280.1532660 51.8817620 10.519 0.613 0.625 4001.0 4.66 nan
 TOI-7691.01: 1.005 2.759 nan 0.0325 2.70453 2460313.512323 837.9 0
>TOI-7692: 245.2503600 59.1857920 9.610 1.170 1.283 6394.0 4.41 nan
 TOI-7692.01: 3.508 2.348 nan 0.1551 19.68699 2458712.344680 846.8 0
>TOI-7693: 275.2459410 71.9021390 9.970 1.108 0.984 5576.0 4.34 nan
 TOI-7693.01: 3.289 3.890 nan 0.1987 32.60456 2460302.148834 634.9 0
>TOI-7694: 241.5193950 60.9482190 10.662 0.378 0.366 3366.0 4.85 nan
 TOI-7694.01: 2.974 2.068 nan 0.0801 13.67157 2458718.010982 352.6 0
>TOI-7695: 329.7881250 3.1980620 6.645 0.875 0.930 5385.0 4.52 nan
 TOI-7695.01: 2.444 1.163 nan 0.0717 7.27290 2459800.972914 907.1 0
>TOI-7696: 351.8228260 -15.1878750 9.257 1.870 1.150 6104.0 3.95 nan
 TOI-7696.01: 2.995 3.101 nan 0.0386 2.58244 2460932.308870 2048.7 0
>TOI-7697: 23.6910200 -7.3750040 8.539 2.347 nan 7373.0 3.79 nan
 TOI-7697.01: 2.726 18.997 nan nan 2.53546 2460987.293591 nan 0
>TOI-7698: 25.9282350 -2.6282280 8.771 0.828 nan 5352.9 4.41 nan
 TOI-7698.01: 2.221 1.668 nan nan 4.57014 2460981.792433 nan 0
 TOI-7698.02: 3.578 2.197 nan nan 14.71577 2460978.978391 nan 0
 TOI-7698.03: 1.417 1.538 nan nan 1.23772 2460988.134667 nan 0
>TOI-7699: 62.1766130 -57.5945980 11.460 0.952 1.060 5874.0 4.51 nan
 TOI-7699.01: 5.977 6.887 nan 0.1817 27.47131 2460937.329627 648.3 0
>TOI-7700: 24.9747390 -18.9511940 10.175 1.216 0.940 5390.9 4.24 nan
 TOI-7700.01: 1.582 9.602 nan 0.0450 3.59077 2460936.435324 1351.3 0
>TOI-7701: 38.5830610 -31.8484390 9.939 1.763 1.200 6230.0 4.02 nan
 TOI-7701.01: 7.977 7.821 nan 0.1563 20.61267 2460945.157754 1008.9 0
>TOI-7702: 30.6247500 -9.1938800 10.596 1.664 1.100 5990.0 4.04 nan
 TOI-7702.01: 6.181 10.715 nan 0.0878 9.06634 2460937.556888 1257.4 0
>TOI-7703: 47.7705600 -29.7580640 10.636 0.780 0.760 4737.0 4.53 nan
 TOI-7703.01: 2.171 12.160 nan 0.0298 2.15231 2460934.319372 1168.6 0
>TOI-7704: 33.1781160 -38.9508610 11.697 1.170 1.283 5360.3 4.41 nan
 TOI-7704.01: 3.159 11.467 nan 0.0476 3.34347 2460935.634295 1281.5 0
>TOI-7705: 32.7182450 -34.9084070 11.354 0.801 nan nan nan nan
 TOI-7705.01: 2.060 12.510 nan nan 4.04778 2460933.871822 nan 0
>TOI-7706: 30.6088110 -11.1682960 10.575 0.875 1.440 6750.1 4.71 nan
 TOI-7706.01: 3.339 10.849 nan 0.1720 21.72013 2460938.845562 734.1 0
>TOI-7707: 31.2272680 -30.9493540 12.047 1.190 1.104 5806.7 4.33 nan
 TOI-7707.01: 2.927 13.740 nan 0.0383 2.61039 2460933.964925 1560.8 0
>TOI-7708: 43.5787230 -41.1810700 11.714 0.757 0.780 4811.0 4.57 nan
 TOI-7708.01: 2.761 5.686 nan 0.0685 7.41639 2460938.771010 771.2 0
>TOI-7709: 278.0620530 55.1910470 10.339 0.474 0.472 3508.0 4.76 nan
 TOI-7709.01: 2.941 2.095 nan 0.1157 20.92028 2458703.317924 342.4 0
>TOI-7710: 26.0978000 -80.5738760 8.000 0.906 0.940 5413.0 4.50 nan
 TOI-7710.01: 2.424 1.255 nan 0.0471 3.84585 2460902.127920 1144.8 0
>TOI-7712: 81.1671170 1.7543200 12.881 0.938 0.870 5147.0 4.43 nan
 TOI-7712.01: 2.627 13.585 nan 0.0397 3.09256 2460988.712833 1206.4 0
>TOI-7714: 70.9197140 -26.6502550 10.213 0.641 1.110 5627.7 4.87 nan
 TOI-7714.01: 4.792 9.843 nan 0.1720 24.73499 2461002.683470 523.9 0
>TOI-7715: 86.1400770 5.3000490 8.623 0.669 0.630 4006.0 4.59 nan
 TOI-7715.01: 0.947 1.543 nan 0.0079 0.32363 2460988.797651 1777.6 0
 TOI-7715.02: 2.571 3.158 nan 0.0607 6.88962 2460988.604449 641.3 0
>TOI-7717: 86.7933520 -13.7849280 9.311 1.610 1.430 6720.0 4.18 nan
 TOI-7717.01: 7.382 11.141 nan 0.1896 25.20874 2461011.591862 944.3 0
>TOI-772: 190.1914010 -21.8727820 9.587 0.815 0.909 5184.0 4.57 nan
 TOI-772.01: 3.524 6.912 nan 0.0939 11.01634 2458575.945327 736.5 0
 TOI-772.02: 4.311 5.314 nan 1.5568 744.20076 2459313.643175 180.9 0
 TOI-772.03: 2.295 2.585 nan 0.0376 2.79124 2458571.751440 1163.8 0
>TOI-7720: 175.3871140 -46.1961750 9.828 3.179 1.040 5790.0 3.45 nan
 TOI-7720.01: 8.882 13.043 nan 0.0795 8.03154 2461048.446626 1765.5 0
>TOI-7721: 191.0290840 -48.1030220 11.156 0.949 0.940 5415.0 4.46 nan
 TOI-7721.01: 2.128 6.947 nan 0.0359 2.56397 2461046.358123 1342.5 0
>TOI-7722: 184.8221140 -49.8720050 11.300 1.870 1.280 6402.0 4.00 nan
 TOI-7722.01: 5.230 13.575 nan 0.0669 5.59021 2461047.261024 1632.1 0
>TOI-7723: 168.3069960 -45.0887370 11.323 0.565 0.559 3800.0 4.68 nan
 TOI-7723.01: 1.761 5.798 nan 0.0552 6.33404 2461047.698955 586.2 0
>TOI-7725: 139.0049560 -35.4827090 10.885 1.282 nan 6024.0 4.56 nan
 TOI-7725.01: 1.291 9.744 nan nan 0.96213 2460746.491837 nan 0
>TOI-7726: 161.1185560 -17.5588300 12.370 0.837 nan 5639.0 4.40 nan
 TOI-7726.01: 3.696 6.774 nan nan 7.66214 2460744.007596 nan 0
>TOI-7727: 159.1757800 -13.1293320 10.707 0.740 nan 4908.0 4.50 nan
 TOI-7727.01: 2.120 2.854 nan nan 2.57664 2460741.587743 nan 0
>TOI-7728: 144.5916360 -21.4840140 10.525 1.192 nan 5593.0 4.46 nan
 TOI-7728.01: 1.124 6.272 nan nan 4.37400 2460740.630587 nan 0
>TOI-7729: 121.0151690 -43.1779270 12.203 1.425 nan 6976.0 4.21 nan
 TOI-7729.01: 3.581 10.108 nan nan 13.61614 2460735.097318 nan 0
>TOI-7730: 142.5073890 -42.5405460 12.271 1.430 nan 6627.0 4.16 nan
 TOI-7730.01: 2.831 10.694 nan nan 2.78759 2460743.009758 nan 0
>TOI-7731: 146.9034100 1.1798080 11.768 1.210 nan 6096.3 4.22 nan
 TOI-7731.01: 3.473 17.103 nan nan 3.28748 2460743.039435 nan 0
>TOI-7732: 145.8830290 -37.1606680 12.586 2.388 nan 6305.0 4.30 nan
 TOI-7732.01: 1.302 18.185 nan nan 1.59250 2460746.749543 nan 0
>TOI-7733: 158.6962630 -13.3241740 9.693 1.064 nan 5324.0 4.36 nan
 TOI-7733.01: 1.249 5.373 nan nan 1.18388 2460743.571608 nan 0
>TOI-7734: 120.9916420 -40.7420500 11.284 1.346 nan 6671.0 4.19 nan
 TOI-7734.01: 6.936 8.263 nan nan 26.31257 2460722.047962 nan 0
>TOI-7735: 134.4532230 -28.8405150 10.743 2.321 nan 5821.0 4.31 nan
 TOI-7735.01: 1.188 11.326 nan nan 3.16136 2460745.473897 nan 0
>TOI-7736: 159.0354820 -21.2465130 11.285 1.787 nan 4959.0 4.46 nan
 TOI-7736.01: 1.549 10.991 nan nan 3.15099 2460738.949868 nan 0
>TOI-7737: 120.6093070 -49.3255080 11.464 2.901 nan 6882.0 3.51 nan
 TOI-7737.01: 6.465 14.634 nan nan 6.16823 2460739.393725 nan 0
>TOI-7738: 150.4438660 -13.4270930 11.474 0.556 nan 4588.0 4.63 nan
 TOI-7738.01: 3.638 7.502 nan nan 22.53983 2460720.636238 nan 0
>TOI-7739: 144.1520830 -11.3334940 9.999 0.538 nan 3964.0 4.63 nan
 TOI-7739.01: 1.573 1.992 nan nan 1.34512 2460743.883254 nan 0
>TOI-7740: 150.6918880 -42.6037190 11.469 0.680 nan 4808.0 4.53 nan
 TOI-7740.01: 2.977 4.446 nan nan 10.19638 2460771.361415 nan 0
>TOI-7741: 121.9010100 -64.7776220 11.866 2.022 nan 6626.0 3.82 nan
 TOI-7741.01: 5.443 13.097 nan nan 3.56863 2460773.850366 nan 0
>TOI-7742: 155.3498230 -39.3956420 10.545 1.053 nan 6101.0 4.28 nan
 TOI-7742.01: 4.922 5.568 nan nan 18.49035 2460738.255897 nan 0
>TOI-7743: 175.5834220 -41.3090150 10.661 1.756 nan 5633.0 3.79 nan
 TOI-7743.01: 8.561 8.980 nan nan 10.96551 2460769.091190 nan 0
>TOI-7744: 153.5880210 -34.5936140 11.494 1.222 nan 5898.0 4.13 nan
 TOI-7744.01: 3.723 12.519 nan nan 9.26179 2460771.101035 nan 0
>TOI-7745: 138.2949150 -56.6045210 10.708 0.963 nan 5904.0 nan nan
 TOI-7745.01: 1.920 8.426 nan nan 1.54270 2460774.594157 nan 0
>TOI-7746: 145.1248210 -48.5622100 11.902 nan nan nan nan nan
 TOI-7746.01: nan nan nan nan 4.79025 2460771.253774 nan 0
>TOI-7747: 146.7009290 -66.6142130 11.351 0.795 nan 5168.0 4.47 nan
 TOI-7747.01: 3.234 5.839 nan nan 9.65050 2460774.545634 nan 0
>TOI-7748: 124.3346020 -63.7516260 12.279 1.135 nan 6024.0 4.26 nan
 TOI-7748.01: 3.139 6.457 nan nan 8.32565 2460773.775435 nan 0
>TOI-7749: 157.6080450 -54.5342950 10.489 1.186 nan 6630.0 4.36 nan
 TOI-7749.01: 1.907 8.006 nan nan 20.64480 2460766.372214 nan 0
>TOI-7750: 165.8054810 -43.2793150 10.791 1.545 nan 6734.0 4.34 nan
 TOI-7750.01: 1.428 5.702 nan nan 1.34046 2460773.592397 nan 0
>TOI-7751: 145.1120590 -51.8103740 10.511 1.372 nan 6013.0 4.00 nan
 TOI-7751.01: 5.202 4.493 nan nan 2.67596 2460773.087068 nan 0
>TOI-7752: 167.4352380 -32.0161550 9.640 1.448 1.400 6657.0 4.26 nan
 TOI-7752.01: 3.721 4.464 nan 0.0808 7.09393 2460773.792472 1358.9 0
>TOI-7753: 180.3231180 -18.1309310 10.198 0.507 nan 4376.2 4.73 nan
 TOI-7753.01: 3.343 3.000 nan nan 10.67805 2460771.376511 nan 0
 TOI-7753.02: 1.650 2.159 nan nan 4.86324 2460764.613838 nan 0
>TOI-7754: 156.4123010 -38.8593660 11.213 2.225 nan 5858.2 4.37 nan
 TOI-7754.01: 2.155 18.089 nan nan 23.72910 2460744.937842 nan 0
>TOI-7755: 151.0133340 -40.1202000 12.339 1.350 nan 6135.0 4.09 nan
 TOI-7755.01: 6.544 10.567 nan nan 7.92506 2460766.888819 nan 0
>TOI-7756: 159.0352540 -54.3822540 10.467 0.725 nan 5167.0 4.53 nan
 TOI-7756.01: 4.004 3.103 nan nan 12.05510 2460770.924985 nan 0
>TOI-7757: 175.5512590 -49.8569390 12.186 1.844 nan 6046.0 4.08 nan
 TOI-7757.01: 1.175 11.611 nan nan 0.82581 2460773.637339 nan 0
>TOI-7758: 178.9816860 -31.8849320 11.644 0.467 nan 3565.0 4.70 nan
 TOI-7758.01: 1.842 5.467 nan nan 4.17573 2460767.084379 nan 0
>TOI-7759: 173.1437230 -47.3163810 11.797 0.956 nan 5850.0 4.31 nan
 TOI-7759.01: 4.166 6.755 nan nan 20.00771 2460751.621213 nan 0
>TOI-7760: 144.8325030 -50.7616020 11.932 1.736 nan 8858.0 4.24 nan
 TOI-7760.01: 2.465 18.385 nan nan 2.70019 2460771.585379 nan 0
>TOI-7761: 130.8538350 -58.5123370 10.487 2.304 nan 6035.0 4.35 nan
 TOI-7761.01: 1.779 17.784 nan nan 26.65562 2460725.387890 nan 0
>TOI-7762: 177.7299620 -16.7416310 11.603 0.670 nan 5560.0 4.63 nan
 TOI-7762.01: 3.240 6.192 nan nan 15.71786 2460754.277052 nan 0
>TOI-7763: 146.1001500 -43.5362800 11.000 1.255 nan 7073.0 4.43 nan
 TOI-7763.01: 2.951 6.175 nan nan 6.66875 2460764.315074 nan 0
>TOI-7764: 162.3999120 -37.7795330 10.584 0.927 nan 5807.0 4.34 nan
 TOI-7764.01: 6.525 3.360 nan nan 22.43408 2460749.261542 nan 0
>TOI-7765: 166.8697730 -31.3002030 12.392 1.149 nan 5971.0 4.27 nan
 TOI-7765.01: 6.203 8.874 nan nan 10.50371 2460771.362419 nan 0
>TOI-7766: 136.6055330 -57.3882610 11.171 2.147 nan 5778.0 3.63 nan
 TOI-7766.01: 5.400 12.798 nan nan 3.67272 2460772.107988 nan 0
>TOI-7767: 174.0772210 -43.0158770 12.206 2.153 nan 5977.0 3.68 nan
 TOI-7767.01: 2.083 16.557 nan nan 2.50824 2460774.575158 nan 0
>TOI-7768: 150.6926320 -47.8015190 11.242 2.887 nan 6179.0 3.44 nan
 TOI-7768.01: 7.693 14.847 nan nan 5.40188 2460774.803598 nan 0
>TOI-7769: 140.3015540 -68.8450480 10.785 0.573 nan 4447.0 4.59 nan
 TOI-7769.01: 1.723 2.485 nan nan 3.14368 2460773.140819 nan 0
>TOI-777: 183.1187310 -49.0077400 8.604 1.603 2.139 7199.0 4.36 nan
 TOI-777.01: 4.850 8.551 nan 0.1034 8.30086 2458575.779958 1366.8 0
>TOI-7770: 233.8339690 -21.4329730 11.967 0.963 nan 5672.0 4.36 nan
 TOI-7770.01: 2.082 11.997 nan nan 2.99973 2460799.533259 nan 0
>TOI-7771: 254.8335240 -18.9974980 10.842 2.455 nan 6411.0 nan nan
 TOI-7771.01: 1.115 14.355 nan nan 0.58530 2460800.293762 nan 0
>TOI-7773: 241.2190240 -8.4957300 11.385 1.055 nan 5748.0 4.27 nan
 TOI-7773.01: 2.619 12.189 nan nan 3.23978 2460795.244729 nan 0
>TOI-7774: 212.1409830 -24.0903700 12.752 0.542 nan 3683.0 4.62 nan
 TOI-7774.01: 1.675 10.070 nan nan 1.79853 2460800.430561 nan 0
>TOI-7775: 251.2163580 -28.7054620 11.173 1.891 nan 6290.0 3.72 nan
 TOI-7775.01: 7.215 12.701 nan nan 6.27135 2460790.246543 nan 0
>TOI-7776: 216.1215780 -20.4058700 10.924 0.802 nan 5143.0 nan nan
 TOI-7776.01: 2.266 12.511 nan nan 2.21605 2460799.050601 nan 0
>TOI-7777: 242.6702220 -29.4794590 12.127 1.349 nan 7418.0 4.24 nan
 TOI-7777.01: 4.782 11.182 nan nan 6.29909 2460796.487974 nan 0
>TOI-7778: 214.8721610 -16.5302730 12.044 0.616 nan 3594.0 4.59 nan
 TOI-7778.01: 1.135 11.380 nan nan 0.69640 2460802.377342 nan 0
>TOI-7779: 254.7839070 -17.9504560 10.204 1.173 nan 6313.0 4.26 nan
 TOI-7779.01: 2.458 10.572 nan nan 2.89873 2460799.614671 nan 0
>TOI-7780: 225.1379200 -19.5990060 9.936 0.670 nan 4775.0 4.58 nan
 TOI-7780.01: 2.157 13.325 nan nan 2.69781 2460798.738170 nan 0
>TOI-7781: 241.7029300 -24.6227890 11.310 1.237 nan 5792.0 4.12 nan
 TOI-7781.01: 3.032 14.438 nan nan 4.01605 2460793.684691 nan 0
>TOI-7782: 239.0285400 -29.4087640 12.063 0.962 nan 5255.0 4.29 nan
 TOI-7782.01: 1.599 14.160 nan nan 3.46953 2460794.923319 nan 0
>TOI-7783: 211.9701380 -4.8518480 11.097 1.375 nan 5531.7 3.94 nan
 TOI-7783.01: 4.071 10.102 nan nan 3.01016 2460794.304612 nan 0
>TOI-7784: 220.5789020 -10.6596670 11.671 0.671 nan 5501.0 4.67 nan
 TOI-7784.01: 0.953 5.981 nan nan 0.61099 2460802.528906 nan 0
>TOI-7785: 201.8918690 -1.6521090 12.214 0.520 nan 3701.0 4.63 nan
 TOI-7785.01: 1.394 10.956 nan nan 1.29327 2460798.514722 nan 0
>TOI-7786: 217.2619030 -15.0050710 9.948 3.309 nan 5947.0 3.97 nan
 TOI-7786.01: 1.371 16.420 nan nan 1.07303 2460801.656879 nan 0
>TOI-7787: 254.5821800 -24.3350800 11.077 1.406 nan 6103.0 4.05 nan
 TOI-7787.01: 3.304 13.583 nan nan 2.21896 2460799.292447 nan 0
>TOI-7788: 237.7346080 -28.3453430 11.668 0.971 nan 5773.0 4.30 nan
 TOI-7788.01: 2.533 12.202 nan nan 3.21601 2460798.981686 nan 0
>TOI-7789: 231.7637280 -10.1248170 9.773 1.967 nan 5346.1 nan nan
 TOI-7789.01: 5.617 13.479 nan nan 6.29490 2460791.316715 nan 0
>TOI-779: 159.9330060 -48.9966870 8.142 nan nan 5780.0 4.44 nan
 TOI-779.01: 1.642 nan nan nan 0.78391 2458543.830640 nan 0
>TOI-7790: 258.6622550 -15.6352560 11.472 1.281 nan 5916.0 4.17 nan
 TOI-7790.01: 3.717 11.358 nan nan 3.17648 2460797.497432 nan 0
>TOI-7791: 311.6210300 -8.4869670 12.144 1.041 nan 5556.0 4.22 nan
 TOI-7791.01: 5.454 9.796 nan nan 10.51419 2460823.688549 nan 0
>TOI-7792: 344.5451400 -8.2089930 10.360 1.375 nan 5678.8 4.05 nan
 TOI-7792.01: 4.618 9.433 nan nan 14.73110 2460812.012761 nan 0
>TOI-7793: 330.7480220 -15.1679500 12.328 nan nan nan nan nan
 TOI-7793.01: nan nan nan nan 3.63378 2460827.756992 nan 0
>TOI-7794: 283.5767100 -18.2513230 11.508 1.116 nan 6281.0 4.26 nan
 TOI-7794.01: 3.965 11.559 nan nan 4.74647 2460826.120236 nan 0
>TOI-7795: 295.4887180 -18.9792960 10.653 1.393 nan 6483.4 nan nan
 TOI-7795.01: 3.918 12.201 nan nan 3.99481 2460822.181021 nan 0
>TOI-7796: 300.3793310 -26.6057670 12.214 1.182 nan 5854.0 4.15 nan
 TOI-7796.01: 4.044 11.738 nan nan 3.25700 2460824.487287 nan 0
>TOI-7797: 267.1252850 -26.3156850 11.248 0.841 nan 5451.0 4.40 nan
 TOI-7797.01: 3.426 11.575 nan nan 6.35863 2460818.894601 nan 0
>TOI-7798: 297.2611660 -11.4158300 10.564 nan nan nan nan nan
 TOI-7798.01: nan nan nan nan 7.71918 2460822.371450 nan 0
>TOI-7799: 284.2939430 -15.4260380 12.134 0.433 nan 3318.0 4.74 nan
 TOI-7799.01: 1.235 14.238 nan nan 2.35170 2460827.357322 nan 0
>TOI-7800: 284.7660010 -16.7555230 11.206 1.215 nan 5797.0 4.16 nan
 TOI-7800.01: 2.840 15.445 nan nan 1.69925 2460827.294104 nan 0
>TOI-7801: 351.3258120 -2.0693760 9.108 0.850 0.967 5508.0 4.56 nan
 TOI-7801.01: 3.771 2.396 nan 0.1328 17.96979 2460799.725495 672.0 0
 TOI-7801.02: 3.111 2.433 nan 0.0790 8.24852 2460819.490768 871.2 0
>TOI-7802: 342.0734550 -8.7303760 11.610 1.173 nan 5727.0 4.14 nan
 TOI-7802.01: 3.587 10.456 nan nan 3.69760 2460823.579168 nan 0
>TOI-7803: 286.9613380 -17.7216780 12.006 1.175 nan 5985.0 4.26 nan
 TOI-7803.01: 3.140 12.905 nan nan 2.99243 2460823.965294 nan 0
>TOI-7804: 339.6492450 -1.7619360 11.744 0.983 nan 5576.0 4.26 nan
 TOI-7804.01: 2.944 6.518 nan nan 5.85973 2460820.969741 nan 0
>TOI-7805: 284.1241430 -13.9419550 10.549 1.418 nan 5049.0 nan nan
 TOI-7805.01: 3.898 12.515 nan nan 3.10634 2460823.825665 nan 0
>TOI-7806: 342.0989530 4.6773040 11.851 1.432 nan 5839.8 4.34 nan
 TOI-7806.01: 1.198 11.156 nan nan 2.21224 2460824.747176 nan 0
>TOI-7807: 297.0291900 -18.6034120 11.672 1.550 nan 7387.0 4.15 nan
 TOI-7807.01: 3.968 14.953 nan nan 3.07805 2460824.559654 nan 0
>TOI-7808: 262.5354950 -19.2275450 10.373 2.158 nan 6639.0 3.88 nan
 TOI-7808.01: 6.243 12.897 nan nan 5.01848 2460820.381182 nan 0
>TOI-7809: 313.8244700 -12.6413710 12.146 nan nan 5599.0 nan nan
 TOI-7809.01: 2.519 nan nan nan 3.25260 2460824.190063 nan 0
>TOI-7810: 324.8890270 -1.9377820 11.785 1.604 nan 5756.0 4.03 nan
 TOI-7810.01: 6.980 10.718 nan nan 24.73013 2460797.346421 nan 0
>TOI-7811: 330.4864670 -1.4942490 9.936 2.185 nan 4972.2 nan nan
 TOI-7811.01: 6.258 8.311 nan nan 6.11785 2460819.143947 nan 0
>TOI-7812: 333.3504260 -18.8496050 11.668 0.398 nan 3490.0 4.79 nan
 TOI-7812.01: 1.744 4.495 nan nan 3.46623 2460823.194794 nan 0
>TOI-7813: 301.0694390 -14.1757460 12.078 1.412 nan 6113.0 4.06 nan
 TOI-7813.01: 3.917 12.995 nan nan 3.01351 2460822.888558 nan 0
>TOI-7814: 278.5362610 -23.3407810 8.171 2.143 1.002 5648.0 3.78 nan
 TOI-7814.01: 4.254 18.669 nan 0.0456 3.55757 2460824.499411 1867.1 0
>TOI-7815: 328.3088390 -11.3863900 10.711 1.097 nan 5771.0 4.15 nan
 TOI-7815.01: 4.132 9.253 nan nan 5.52485 2460827.338433 nan 0
>TOI-7816: 285.7881120 -18.8820710 11.799 0.672 nan 4637.0 4.44 nan
 TOI-7816.01: 1.824 11.309 nan nan 1.99793 2460825.108903 nan 0
>TOI-7817: 325.5536370 -12.3519510 7.976 3.684 nan 5049.0 nan nan
 TOI-7817.01: 2.104 16.919 nan nan 3.88042 2460828.438762 nan 0
>TOI-7818: 276.0819870 -26.0013470 11.180 0.723 nan 4749.0 4.36 nan
 TOI-7818.01: 2.260 11.512 nan nan 3.04488 2460826.422750 nan 0
>TOI-7819: 293.5346900 -28.8948180 11.094 0.853 nan 5455.0 4.42 nan
 TOI-7819.01: 3.194 8.367 nan nan 8.00944 2460822.300600 nan 0
>TOI-7820: 330.5292700 -2.8091710 10.213 1.415 nan 5517.3 4.01 nan
 TOI-7820.01: 4.782 8.503 nan nan 14.18655 2460821.950474 nan 0
>TOI-7821: 341.1632710 4.5351070 10.279 3.371 nan 4885.5 nan nan
 TOI-7821.01: 9.452 12.629 nan nan 13.69156 2460814.667377 nan 0
>TOI-7822: 158.4679820 -42.6994890 9.724 1.076 0.940 5394.0 4.35 nan
 TOI-7822.01: 3.604 5.888 nan 0.0522 4.49730 2461077.315812 1180.9 0
>TOI-7823: 235.1674870 -81.2041440 nan 1.591 1.090 5947.0 4.07 nan
 TOI-7823.01: 3.333 13.761 nan 0.0330 2.09773 2461074.547254 1991.2 0
>TOI-7824: 191.7999640 -43.8404570 11.307 1.429 0.990 5596.1 4.12 nan
 TOI-7824.01: 4.515 14.472 nan 0.0539 4.59470 2461078.106743 1389.4 0
>TOI-7825: 156.8736290 -27.5155380 11.103 0.978 0.980 5549.1 4.45 nan
 TOI-7825.01: 3.039 6.017 nan 0.0558 4.85789 2461077.651518 1120.2 0
>TOI-7826: 139.7378370 -19.2332210 10.385 1.104 1.030 5743.0 4.36 nan
 TOI-7826.01: 7.552 5.183 nan 0.1660 24.33440 2460730.012327 714.2 0
>TOI-7827: 142.9951490 -12.6866270 10.941 1.853 1.320 6482.0 4.02 nan
 TOI-7827.01: 4.446 6.319 nan 0.1195 13.14037 2460725.789828 1230.8 0
>TOI-7828: 145.0170090 -55.8481890 11.815 nan nan nan nan nan
 TOI-7828.01: 2.042 nan nan nan 3.80447 2460769.008180 nan 0
>TOI-7829: 175.8409330 -16.3418770 12.151 1.276 1.060 5846.0 4.25 nan
 TOI-7829.01: 3.843 9.996 nan 0.1528 21.19082 2460764.698545 814.6 0
>TOI-783: 172.1556370 -54.7842230 8.274 0.668 0.515 4498.9 4.50 nan
 TOI-783.01: 2.033 2.381 nan 0.0633 8.11251 2459312.121241 704.7 0
>TOI-7830: 238.0693910 -61.4439580 10.377 1.476 1.000 5622.0 4.10 nan
 TOI-7830.01: 2.748 5.554 nan 0.0505 4.14839 2460849.055810 1465.6 0
>TOI-7831: 267.5173430 -43.8233050 9.130 2.742 1.220 6262.0 3.65 nan
 TOI-7831.01: 6.687 12.729 nan 0.0639 5.34283 2460853.946213 1978.0 0
>TOI-7832: 276.1329860 -36.9536600 11.280 1.321 1.130 6061.3 4.25 nan
 TOI-7832.01: 2.905 20.031 nan 0.0295 1.73891 2460852.918314 1955.9 0
>TOI-7833: 252.4080020 -62.6269200 11.773 0.835 0.830 5009.0 4.51 nan
 TOI-7833.01: 4.617 16.196 nan 0.1061 13.86158 2460847.329127 677.6 0
>TOI-7834: 251.8511260 -46.9280610 10.357 1.411 1.590 7150.0 4.34 nan
 TOI-7834.01: 2.173 13.746 nan 0.0574 3.98186 2460851.041502 1709.4 0
>TOI-7835: 270.3775100 -40.0582930 11.298 0.927 0.990 5593.0 4.50 nan
 TOI-7835.01: 1.857 14.861 nan 0.0539 4.58800 2460853.010046 1118.5 0
>TOI-7836: 262.0748500 -35.6716520 10.701 1.523 1.390 6626.0 4.22 nan
 TOI-7836.01: 6.858 8.656 nan 0.1758 22.84395 2460826.042028 940.4 0
>TOI-7837: 270.5762120 -35.7857570 9.886 1.197 1.030 5740.0 4.29 nan
 TOI-7837.01: 1.064 5.968 nan 0.0119 0.46695 2460854.444139 2776.0 0
>TOI-7838: 136.8321910 -78.8730250 11.869 nan nan nan nan nan
 TOI-7838.01: 1.760 nan nan nan 2.07064 2460853.846602 nan 0
>TOI-7839: 263.6887030 -40.4706910 10.140 1.295 1.060 5859.0 4.24 nan
 TOI-7839.01: 3.162 12.718 nan 0.0548 4.55332 2460849.966203 1373.4 0
>TOI-7840: 205.1356700 -75.8727090 11.046 0.621 0.605 3817.0 4.63 nan
 TOI-7840.01: 2.842 9.059 nan 0.1236 20.40034 2460846.903587 412.6 0
>TOI-7841: 261.8988190 -34.0081040 11.134 1.811 1.020 5722.0 3.93 nan
 TOI-7841.01: 4.490 10.968 nan 0.0653 6.02847 2460849.208934 1453.1 0
>TOI-7842: 268.0519970 -64.7477800 11.628 1.246 1.050 5822.0 4.27 nan
 TOI-7842.01: 3.326 11.517 nan 0.0538 4.44684 2460853.046677 1351.1 0
>TOI-7843: 271.8336670 -33.7757140 11.181 1.258 1.260 6357.0 4.34 nan
 TOI-7843.01: 3.009 11.738 nan 0.0743 6.58356 2460843.812790 1261.3 0
>TOI-7844: 208.9127180 -77.3195560 9.550 0.863 0.930 5364.0 4.53 nan
 TOI-7844.01: 3.830 2.869 nan 0.1419 20.25508 2460838.235931 637.9 0
>TOI-7845: 234.1391910 -66.5961330 10.899 1.774 1.280 6387.0 4.05 nan
 TOI-7845.01: 2.561 6.561 nan 0.0678 5.70236 2460851.602616 1575.4 0
>TOI-7846: 271.3199420 -35.5189680 11.022 1.266 1.050 5817.0 4.25 nan
 TOI-7846.01: 1.420 14.300 nan 0.0496 3.93747 2460847.516379 1417.1 0
>TOI-7847: 260.9109410 -33.6309140 11.934 1.822 1.530 6982.0 4.10 nan
 TOI-7847.01: 1.708 15.984 nan 0.0753 6.10290 2460852.475039 1656.1 0
>TOI-7848: 259.7299280 -38.0304850 9.830 1.214 0.890 5215.0 4.22 nan
 TOI-7848.01: 3.361 12.413 nan 0.0475 4.00246 2460854.741483 1271.3 0
>TOI-7849: 252.5439240 -60.6254660 11.968 nan nan nan nan nan
 TOI-7849.01: 1.721 nan nan nan 1.60838 2460853.779473 nan 0
>TOI-785: 88.3372900 -65.6335000 9.363 0.561 0.315 3783.0 4.44 nan
 TOI-785.01: 30.016 1.642 nan 0.0936 18.62861 2458363.856387 446.6 0
>TOI-7850: 320.8738510 -71.2386170 11.953 1.340 1.350 6543.0 4.31 nan
 TOI-7850.01: 5.173 11.946 nan 0.1045 10.61299 2461104.277541 1129.8 0
>TOI-7851: 190.2437210 -43.1899720 9.113 0.938 0.980 5567.0 4.48 nan
 TOI-7851.01: 3.752 3.921 nan 0.0962 11.00080 2461102.904233 838.2 0
>TOI-7853: 318.5934840 -61.2951350 11.676 1.968 1.160 6138.0 3.91 nan
 TOI-7853.01: 1.229 12.810 nan 0.0292 1.68862 2461101.555301 2429.9 0
>TOI-7854: 196.2874010 -31.9869130 11.855 1.000 1.000 5780.0 4.44 nan
 TOI-7854.01: 0.973 10.923 nan 0.0212 1.12609 2461100.976498 1914.2 0
>TOI-7857: 316.5329000 2.5764080 10.703 1.150 1.070 5895.0 4.35 nan
 TOI-7857.01: 3.620 7.469 nan nan nan 2460543.209681 nan 0
>TOI-786: 100.1042150 -63.3391080 8.930 1.310 1.041 5853.8 4.22 nan
 TOI-786.01: 4.597 2.059 nan 0.1078 12.66938 2460987.395920 984.0 0
 TOI-786.02: 6.144 2.071 nan 0.2264 38.55393 2460932.121376 679.0 0
>TOI-7861: 124.3784250 -86.6843200 12.121 1.211 0.897 5724.0 4.22 nan
 TOI-7861.01: 5.630 7.825 nan 0.1193 15.89085 2460856.400624 879.4 0
>TOI-7862: 284.4497990 -56.4825010 11.543 2.729 1.080 5913.0 3.60 nan
 TOI-7862.01: 6.518 10.032 nan 0.0729 6.92163 2460870.126441 1744.5 0
>TOI-7863: 279.8623510 -64.2530400 10.218 1.469 1.540 6994.0 4.29 nan
 TOI-7863.01: 2.499 7.482 nan 0.1569 18.29932 2460853.970936 1031.9 0
>TOI-7864: 283.5537630 -59.7455150 11.784 1.459 0.970 5510.0 4.10 nan
 TOI-7864.01: 3.538 12.380 nan 0.0971 11.21706 2460859.816840 1029.9 0
>TOI-7865: 326.5178000 -22.0993790 12.263 1.752 1.109 5744.0 4.00 nan
 TOI-7865.01: 5.136 12.439 nan 0.0559 4.58481 2460905.735173 1550.6 0
>TOI-7866: 73.2366380 -82.5247060 11.883 1.095 1.020 5724.0 4.37 nan
 TOI-7866.01: 4.126 9.545 nan 0.1914 30.28603 2460887.479949 660.2 0
>TOI-7867: 347.2528500 -51.3427620 12.025 0.166 0.137 2943.0 5.13 nan
 TOI-7867.01: 0.902 5.134 nan 0.0188 2.53565 2460903.866796 421.7 0
>TOI-7868: 340.9112150 -24.2222440 12.339 0.550 0.545 3307.0 4.69 nan
 TOI-7868.01: 0.843 12.818 nan 0.0092 0.43492 2460932.336119 1233.0 0
>TOI-7869: 350.0511370 -13.0494590 10.706 1.306 1.180 6169.0 4.28 nan
 TOI-7869.01: 6.274 8.878 nan 0.2556 43.44882 2460200.335931 672.4 0
>TOI-787: 87.1160290 -56.0041190 8.794 1.316 1.527 6623.0 4.38 nan
 TOI-787.01: 2.629 1.776 nan 0.0373 2.12632 2458325.898549 1897.0 0
>TOI-7870: 71.5847490 -60.3128230 12.261 0.246 0.216 3168.0 4.99 nan
 TOI-7870.01: 1.585 3.420 nan 0.0613 11.91922 2460932.722898 306.0 0
>TOI-7871: 105.0760380 -59.3222500 10.936 2.207 1.360 6552.0 3.88 nan
 TOI-7871.01: 1.449 6.381 nan 0.0418 2.68122 2460931.895775 2295.7 0
>TOI-7872: 12.3583630 -52.4733050 12.164 0.526 0.523 3594.0 4.71 nan
 TOI-7872.01: 1.859 7.150 nan 0.0324 2.94290 2460930.503540 698.3 0
>TOI-7873: 27.6592220 -50.7275950 12.260 1.750 2.128 6528.0 4.28 nan
 TOI-7873.01: 1.683 24.672 nan 0.0862 6.34040 2460929.138598 1418.3 0
>TOI-7874: 28.5884920 -50.0785350 10.415 1.192 1.010 5676.0 4.29 nan
 TOI-7874.01: 4.001 8.588 nan 0.1876 29.53805 2460198.728523 689.9 0
>TOI-7875: 21.6935940 -66.0828530 11.291 0.858 0.960 5490.0 4.55 nan
 TOI-7875.01: 5.041 4.848 nan 0.2086 35.52644 2460910.940450 536.9 0
>TOI-7876: 87.2457060 -74.6932420 10.861 nan nan 5317.4 nan nan
 TOI-7876.01: 1.831 nan nan nan 23.52555 2460912.211051 nan 0
>TOI-7877: 24.6926620 2.1162370 11.224 nan nan nan nan nan
 TOI-7877.01: 3.296 nan nan nan 5.68137 2460984.330670 nan 0
>TOI-7878: 56.0186330 -48.5376050 12.410 1.482 1.230 5843.0 4.19 nan
 TOI-7878.01: 4.163 8.101 nan 0.0669 5.70497 2460982.938839 1326.1 0
>TOI-7879: 57.9044900 -63.8875290 11.411 1.231 1.120 6033.0 4.31 nan
 TOI-7879.01: 2.517 5.077 nan 0.1016 11.18274 2460974.740620 1012.6 0
>TOI-788: 113.6952880 -61.2400680 7.683 2.569 0.681 4997.0 3.45 nan
 TOI-788.01: 2.599 3.260 nan 0.0599 6.48724 2458329.387247 1578.0 0
>TOI-7880: 14.3052490 -12.0135180 10.894 1.471 1.010 5683.0 4.11 nan
 TOI-7880.01: 4.207 12.710 nan 0.0552 4.70717 2460983.572014 1414.6 0
>TOI-7881: 108.5224540 -58.3063430 12.397 1.611 1.160 6133.0 4.09 nan
 TOI-7881.01: 5.283 8.305 nan 0.1125 12.79995 2461040.987091 1119.1 0
>TOI-7882: 128.2822470 -70.7680000 11.999 0.915 0.896 5791.0 4.47 nan
 TOI-7882.01: 3.694 4.961 nan 0.1122 14.49215 2461027.919024 797.4 0
>TOI-7883: 71.9924130 -22.5217700 12.147 1.168 1.100 5987.0 4.34 nan
 TOI-7883.01: 0.829 7.008 nan 0.0116 0.43469 2461045.763067 2896.9 0
>TOI-7884: 76.5725220 -24.6116250 11.411 1.678 1.210 6254.0 4.07 nan
 TOI-7884.01: 2.230 8.263 nan 0.0413 2.78526 2461040.562034 1922.3 0
>TOI-7885: 76.5524190 -8.0505820 11.959 1.387 1.040 5797.0 4.17 nan
 TOI-7885.01: 3.270 6.586 nan 0.0383 2.68301 2461043.132713 1682.2 0
>TOI-7886: 83.3390850 -7.3886680 12.092 0.813 0.888 5413.0 4.57 nan
 TOI-7886.01: 1.210 5.063 nan 0.0140 0.64057 2461045.506024 1989.1 0
>TOI-7887: 101.1004780 -49.9857680 12.044 1.347 1.130 6069.4 4.23 nan
 TOI-7887.01: 5.002 12.960 nan 0.2212 35.74539 2460979.775761 722.2 0
>TOI-7888: 77.8387200 -49.3578340 11.550 0.642 0.621 3859.0 4.62 nan
 TOI-7888.01: 2.906 5.318 nan 0.0788 10.24258 2461017.004210 531.1 0
>TOI-7889: 74.4994370 -45.7807660 12.133 0.455 0.452 3620.0 4.78 nan
 TOI-7889.01: 1.807 9.424 nan 0.0491 5.90257 2461039.150458 531.4 0
>TOI-789: 115.2702250 -71.3037640 9.704 0.371 0.378 3471.0 4.88 nan
 TOI-789.01: 1.583 1.125 nan 0.0438 5.44706 2458329.104549 487.1 0
 TOI-789.02: 2.267 1.328 nan 0.0782 12.97070 2458334.767805 364.6 0
 TOI-789.03: 2.007 1.287 nan 0.0568 8.04323 2458329.979145 427.8 0
>TOI-7890: 89.1094410 -77.3583840 10.105 0.720 nan 4521.3 nan nan
 TOI-7890.01: 5.890 2.626 nan nan 33.29723 2460996.940043 nan 0
>TOI-7891: 74.6547040 7.5760210 11.343 1.638 0.960 5474.0 3.99 nan
 TOI-7891.01: 6.577 9.769 nan 0.1416 19.85623 2461023.417740 897.8 0
>TOI-7892: 73.5983580 -8.4629940 11.345 1.139 1.090 5949.0 4.36 nan
 TOI-7892.01: 1.626 8.380 nan 0.0281 1.64910 2461043.799295 1826.4 0
>TOI-7893: 73.3142660 -50.6786860 12.340 1.494 1.393 5722.0 4.23 nan
 TOI-7893.01: 5.287 12.504 nan 0.1643 20.61035 2461027.584113 832.0 0
>TOI-7894: 99.6282610 -69.0406100 11.922 0.497 nan 3732.0 4.69 nan
 TOI-7894.01: 1.559 3.449 nan nan 2.10559 2461042.306800 nan 0
>TOI-7895: 111.3190200 -64.7038210 11.617 1.065 1.090 5964.0 4.42 nan
 TOI-7895.01: 2.946 5.993 nan 0.2774 51.11487 2460903.924039 563.5 0
>TOI-7896: 73.8233180 -58.7601330 11.885 2.112 0.960 5482.0 3.77 nan
 TOI-7896.01: 3.216 10.472 nan 0.0567 5.03379 2461044.933207 1613.3 0
>TOI-7897: 77.6362140 0.1728300 11.569 1.160 1.030 5770.0 4.32 nan
 TOI-7897.01: 2.404 12.935 nan 0.0435 3.26380 2461039.490620 1436.8 0
>TOI-7898: 92.4501630 -54.7241250 11.363 1.858 0.960 5476.0 3.88 nan
 TOI-7898.01: 6.224 7.573 nan 0.1135 14.25014 2460979.029923 1068.4 0
>TOI-7899: 98.6725740 -61.6233830 12.089 1.519 1.010 5685.0 4.08 nan
 TOI-7899.01: 2.816 6.077 nan 0.0529 4.42778 2461037.924141 1469.0 0
>TOI-790: 123.3977800 -64.0909010 8.386 1.461 1.405 6988.0 4.26 nan
 TOI-790.01: 11.897 6.994 nan 0.7485 199.57791 2458352.487862 470.8 0
 TOI-790.02: 8.209 2.401 nan 0.2607 41.01752 2458345.441513 797.7 0
 TOI-790.03: 17.355 6.437 nan nan nan 2460203.621473 nan 0
>TOI-7900: 102.8923610 -66.5189810 10.657 1.251 1.070 5906.0 4.27 nan
 TOI-7900.01: 3.389 3.460 nan 0.1005 11.24323 2461028.329701 1004.8 0
>TOI-7905: 320.5204340 24.7434070 9.466 2.950 1.310 6464.0 3.62 nan
 TOI-7905.01: 1.769 6.336 nan 0.0362 2.19832 2459798.912541 2813.8 0
>TOI-7906: 290.9739060 48.1782060 nan 1.537 1.310 6447.9 4.18 nan
 TOI-7906.01: 15.711 7.134 nan nan nan 2460527.107696 nan 0
>TOI-7909: 295.4179130 51.1847630 nan 1.867 1.290 6418.0 4.01 nan
 TOI-7909.01: 3.749 11.987 nan 1.0552 348.57861 2459840.455462 411.7 0
>TOI-7911: 151.6446410 -25.8854270 8.832 2.420 nan 5364.0 nan nan
 TOI-7911.01: 5.950 5.655 nan nan 15.52440 2461071.359289 nan 0
>TOI-7912: 253.4754280 -58.7231620 12.354 1.389 1.330 6497.0 4.28 nan
 TOI-7912.01: 1.549 11.826 nan 0.0166 0.67702 2460854.335036 2865.8 0
>TOI-7913: 271.2300190 -53.9113560 11.821 1.313 1.180 6185.0 4.27 nan
 TOI-7913.01: 4.178 10.517 nan 0.1776 25.15720 2460831.740230 810.9 0
>TOI-7914: 252.7436760 -64.9770770 12.220 nan nan nan nan nan
 TOI-7914.01: 4.578 nan nan nan 3.75733 2460849.800788 nan 0
>TOI-7915: 259.9408820 -36.2423000 11.401 1.319 0.790 4869.0 4.10 nan
 TOI-7915.01: 2.895 10.522 nan 0.0594 5.94451 2460843.674824 1106.4 0
>TOI-7916: 69.3456790 -54.2463350 11.345 0.903 0.950 5439.6 4.50 nan
 TOI-7916.01: 1.334 11.931 nan 0.3257 69.65800 2460750.453189 436.8 0
>TOI-7917: 261.9504880 -59.6181530 11.762 1.148 0.890 5222.0 4.27 nan
 TOI-7917.01: 0.752 7.588 nan 0.0127 0.55143 2460854.453543 2394.1 0
>TOI-7918: 231.8429000 -85.7313090 10.257 1.042 0.590 3829.0 4.17 nan
 TOI-7918.01: 1.540 18.437 nan 0.1047 16.11635 2460827.952621 582.5 0
>TOI-7919: 261.0735970 -40.5817130 11.613 1.600 1.360 6568.0 4.16 nan
 TOI-7919.01: 3.888 11.952 nan 0.0941 9.04414 2460842.487717 1306.0 0
>TOI-7920: 356.0116800 -67.5163870 13.568 0.167 0.137 3701.0 5.13 nan
 TOI-7920.01: 0.363 6.942 nan 0.0062 0.47720 2461127.345968 926.2 0
>TOI-794: 106.6649220 -71.4468270 9.294 1.591 1.096 6270.0 4.07 nan
 TOI-794.01: 8.754 3.305 nan 0.2826 52.40727 2458392.474590 717.4 0
>TOI-795: 100.9703740 -55.6390000 9.521 1.311 1.094 6168.9 4.24 nan
 TOI-795.01: 0.951 3.228 nan 0.0857 8.76098 2460921.837777 1163.5 0
>TOI-797: 108.5630860 -74.6030950 9.557 0.474 0.487 3704.0 4.77 nan
 TOI-797.01: 1.186 1.190 nan 0.0228 1.80079 2458326.820677 814.4 0
 TOI-797.02: 1.031 1.323 nan 0.0397 4.14001 2458327.416156 617.2 0
 TOI-797.03: 1.112 1.018 nan 0.0301 2.73094 2458327.468650 708.8 0
>TOI-798: 97.8204940 -58.3204380 10.057 nan nan 4270.0 4.58 nan
 TOI-798.01: 1.599 nan nan nan 95.23918 2458358.460287 nan 0
>TOI-800: 79.7659150 -69.6379260 12.270 1.000 0.501 5780.0 4.14 nan
 TOI-800.01: 3.434 3.269 nan 0.0152 0.96573 2458354.979775 2260.7 0
>TOI-801: 102.2216910 -73.2993350 6.743 1.356 1.839 6283.4 4.44 nan
 TOI-801.01: 1.201 0.932 nan 0.0202 0.77570 2460932.758105 2482.5 0
>TOI-802: 97.9857150 -68.7118000 6.275 0.750 0.562 5235.8 4.44 nan
 TOI-802.01: 1.853 0.630 nan 0.0386 3.69391 2460854.027434 1112.9 0
>TOI-805: 61.1357990 -62.9891320 10.838 0.281 0.079 3376.0 4.44 nan
 TOI-805.01: 1.213 1.276 nan 0.0216 4.11776 2459357.993045 587.2 0
>TOI-806: 63.4160590 -76.0980130 10.048 0.632 0.399 4130.0 4.44 nan
 TOI-806.01: 3.379 2.285 nan 0.1128 21.91664 2458346.013246 471.4 0
>TOI-807: 75.9159210 -66.6549230 9.602 0.693 0.648 4662.0 4.57 nan
 TOI-807.01: 2.019 1.678 nan 0.0513 5.27026 2458327.653935 826.3 0
>TOI-809: 82.9795180 -60.4767240 9.459 1.307 0.484 5804.3 3.89 nan
 TOI-809.01: 10.765 3.379 nan 0.4960 183.45892 2458340.472565 454.3 0
>TOI-810: 62.8540090 -69.4748790 9.491 1.401 0.883 5704.6 4.09 nan
 TOI-810.01: 4.827 2.747 nan 0.1744 28.30570 2458332.251515 779.7 0
 TOI-810.02: 11.118 2.615 nan 0.3795 90.84792 2458406.670590 528.5 0
>TOI-811: 88.0303140 -32.9250740 10.076 1.240 1.119 6025.9 4.30 nan
 TOI-811.01: 4.418 14.201 nan 0.1745 25.17601 2459193.531565 774.6 0
>TOI-812: 89.2356580 -49.0069490 10.281 1.570 1.425 6707.0 4.20 nan
 TOI-812.01: 6.491 14.387 nan 0.1271 13.86659 2459249.587790 1136.7 0
>TOI-823: 218.6582930 -40.7398630 9.179 1.300 1.060 6309.0 4.24 nan
 TOI-823.01: 3.557 6.269 nan 0.1133 13.53376 2458609.010777 1030.5 0
>TOI-827: 98.8932690 -79.7157540 10.275 1.274 1.272 5848.0 4.33 nan
 TOI-827.01: 2.055 14.618 nan 0.0243 1.22827 2458597.454096 2041.8 0
>TOI-829: 224.2083910 -37.0429830 9.364 0.949 0.774 5636.0 4.37 nan
 TOI-829.01: 2.340 4.285 nan 0.0397 3.28779 2459334.531250 1328.7 0
>TOI-830: 129.7568610 -74.7631140 9.867 1.043 0.915 5900.0 4.36 nan
 TOI-830.01: 2.298 23.069 nan 0.1158 15.04052 2458584.453568 853.8 0
>TOI-831: 229.0334110 -38.8754100 7.714 1.145 1.045 5808.0 4.34 nan
 TOI-831.01: 2.131 7.773 nan 0.0267 1.56174 2458597.273868 1834.0 0
>TOI-835: 192.0573250 -56.8943180 9.719 0.883 1.661 6012.0 4.77 nan
 TOI-835.01: 1.490 4.734 nan 0.0659 4.79202 2458600.307433 1061.2 0
>TOI-840: 198.1328420 -45.5905740 11.864 0.970 0.938 5318.0 4.44 nan
 TOI-840.01: 2.302 8.548 nan 0.0466 3.79932 2459328.560231 1170.0 0
>TOI-841: 94.9429930 -53.2267070 11.168 0.900 0.870 5153.0 4.47 nan
 TOI-841.01: 1.453 11.466 nan 0.0430 3.49343 2459353.972698 1136.8 0
>TOI-842: 91.9375660 -73.3918620 11.324 1.001 0.972 5376.0 4.42 nan
 TOI-842.01: 1.842 12.002 nan 0.0384 2.78638 2458569.617192 1323.6 0
>TOI-847: 43.8755210 -53.6655450 10.873 2.290 nan 5286.9 nan nan
 TOI-847.01: 2.836 20.278 nan nan 3.20631 2459118.662958 nan 0
>TOI-850: 9.7659240 -17.2218060 10.370 1.280 1.433 5863.5 4.38 nan
 TOI-850.01: 3.283 34.177 nan 0.1046 10.32103 2458384.409210 989.1 0
>TOI-851: 7.3878430 -10.4682790 9.837 0.770 0.944 5485.0 4.64 nan
 TOI-851.01: 0.309 3.392 nan 0.0141 0.62960 2459141.240580 1954.5 0
>TOI-852: 24.7402650 -7.2809790 9.880 1.730 0.973 5574.0 3.95 nan
 TOI-852.01: 3.147 6.403 nan 0.0563 4.94334 2459138.585219 1489.9 0
>TOI-853: 32.9142890 -37.8929880 9.875 1.380 1.076 5937.0 4.19 nan
 TOI-853.01: 4.725 17.290 nan 0.0724 6.86466 2459139.838276 1249.9 0
>TOI-855: 15.5430420 -2.1445740 9.795 1.220 1.395 6671.0 4.41 nan
 TOI-855.01: 1.018 4.462 nan 0.0327 1.83012 2459497.639662 1964.9 0
>TOI-856: 14.0948940 -14.7883290 8.982 4.340 nan 5179.9 nan nan
 TOI-856.01: 1.442 16.722 nan nan 5.40140 2458387.387780 nan 0
>TOI-857: 25.8713640 -14.1491850 9.460 1.630 1.165 6143.0 4.08 nan
 TOI-857.01: 3.292 15.139 nan 0.0511 3.90802 2459137.830843 1673.0 0
>TOI-859: 97.1440140 -61.1503250 10.539 0.756 0.811 4971.0 4.59 nan
 TOI-859.01: 1.063 4.601 nan 0.0545 5.15433 2460935.657384 892.8 0
>TOI-860: 43.5461630 -41.5144210 10.731 1.580 1.070 5906.0 4.07 nan
 TOI-860.01: 2.202 19.752 nan 0.0694 6.45352 2459139.444944 1358.9 0
>TOI-862: 124.3000240 -65.6570800 7.944 nan nan nan nan nan
 TOI-862.01: 2.725 nan nan nan 3.31022 2459062.548458 nan 0
>TOI-863: 93.7294290 -49.7560870 8.920 0.850 1.037 5867.0 4.59 nan
 TOI-863.01: 1.045 1.438 nan 0.0129 0.52513 2458438.456112 2296.5 0
>TOI-864: 81.4433950 -51.3570310 9.219 0.399 0.159 3460.0 4.44 nan
 TOI-864.01: 0.571 1.005 nan 0.0069 0.52067 2458411.153070 1268.7 0
>TOI-865: 62.4543510 -26.0220910 8.604 1.198 0.731 5181.0 4.14 nan
 TOI-865.01: 0.490 3.402 nan 0.0145 0.74558 2458411.586206 2270.9 0
>TOI-867: 119.0142080 -64.9411540 9.436 1.235 1.120 5777.4 4.30 nan
 TOI-867.01: 4.712 2.287 nan 0.1258 15.40438 2458326.182858 872.9 0
>TOI-870: 63.3192900 -50.9442610 8.656 0.611 0.677 3927.0 4.70 nan
 TOI-870.01: 2.506 2.335 nan 0.1351 22.03795 2458390.800785 402.7 0
>TOI-872: 74.8681820 -55.9290600 10.379 0.756 1.021 4872.5 4.69 nan
 TOI-872.01: 1.123 2.748 nan 0.0337 2.23955 2458411.717988 1112.8 0
 TOI-872.02: 0.789 2.606 nan 0.0574 4.97277 2458415.298849 852.7 0
>TOI-873: 56.7366360 -63.3368780 9.951 0.520 0.543 3797.0 4.74 nan
 TOI-873.01: 2.031 1.798 nan 0.0523 5.93120 2458326.224903 577.3 0
>TOI-874: 96.0693450 -46.9376200 8.018 1.418 1.296 6437.0 4.25 nan
 TOI-874.01: 3.953 2.240 nan 0.0697 5.90497 2458439.488994 1400.0 0
>TOI-875: 78.0372150 -37.7084810 9.612 0.719 0.690 4407.0 4.56 nan
 TOI-875.01: 3.639 2.343 nan 0.0856 11.02015 2458442.024946 615.9 0
>TOI-876: 84.1093340 -24.2444440 9.508 0.604 0.649 3955.0 4.69 nan
 TOI-876.01: 2.363 2.773 nan 0.1617 29.48290 2458457.395450 368.6 0
>TOI-877: 99.1151100 -50.2974010 10.179 1.594 1.280 7836.0 4.14 nan
 TOI-877.01: 1.878 13.628 nan 0.0703 6.01580 2459174.826371 1799.3 0
>TOI-880: 94.1644730 -13.9873370 7.954 0.830 0.870 5050.0 4.53 0.23
 TOI-880.03: 1.596 2.849 nan 0.1077 14.33189 2459220.659691 676.0 0
>TOI-885: 98.2677800 -10.8706790 8.255 8.430 nan 4312.9 nan nan
 TOI-885.01: 2.767 17.610 nan nan 2.56876 2458471.200290 nan 0
>TOI-887: 94.5453080 15.9520490 7.683 2.260 1.996 7173.0 4.03 nan
 TOI-887.01: 2.791 10.949 nan 0.0793 5.77114 2458472.077540 1846.5 0
>TOI-890: 100.3631900 -12.2850430 10.107 1.670 1.504 6600.0 4.17 nan
 TOI-890.01: 3.510 34.556 nan 0.0487 3.20230 2459226.741148 1863.7 0
>TOI-893: 103.6785830 -7.1313160 11.171 2.590 2.503 9856.0 4.01 nan
 TOI-893.01: 3.829 9.621 nan 0.0839 5.61483 2459210.205916 2640.6 0
>TOI-899: 104.4924460 -71.5231060 10.510 1.188 1.043 5591.0 4.31 nan
 TOI-899.01: 3.116 11.887 nan 0.1089 12.84619 2458544.868477 890.5 0
>TOI-900: 245.9051290 -31.3735740 10.059 0.681 0.882 3861.0 4.72 nan
 TOI-900.01: 3.060 2.876 nan 0.0538 4.84952 2458626.476544 662.4 0
>TOI-901: 261.0628470 -50.3860510 8.833 1.384 2.190 7062.0 4.50 nan
 TOI-901.01: 0.928 11.144 nan 0.0555 3.23084 2459362.247825 1700.5 0
>TOI-902: 259.4957800 -45.8835550 8.109 2.295 2.758 7142.0 4.16 nan
 TOI-902.01: 1.716 15.900 nan 0.1903 18.25927 2458633.240139 1196.0 0
>TOI-903: 57.4890270 -72.7937310 10.921 2.210 3.317 6266.0 4.27 nan
 TOI-903.01: 4.626 11.580 nan 0.1096 7.27660 2460044.048378 1356.8 0
>TOI-906: 239.8255140 -49.3666640 7.712 1.420 0.357 5954.5 3.69 nan
 TOI-906.01: 1.152 5.259 nan 0.0195 1.66479 2460094.242152 2450.2 0
>TOI-911: 262.3352430 -38.6459690 7.056 1.447 2.094 5963.0 4.44 nan
 TOI-911.01: 2.093 21.405 nan 0.1050 8.58418 2458627.859074 1067.4 0
>TOI-913: 234.5723240 -80.8034270 8.273 0.733 0.820 4969.0 4.62 -0.13
 TOI-913.02: 5.949 2.458 nan 2.3350 1469.85120 2458648.072029 134.2 0
>TOI-917: 49.8164760 -59.4001090 10.345 2.629 1.126 6070.0 3.65 nan
 TOI-917.01: 3.051 24.163 nan 0.1806 26.41265 2459104.563086 1116.8 0
>TOI-919: 93.4135650 -62.2197230 10.193 1.137 nan 5811.1 nan nan
 TOI-919.01: 2.579 23.650 nan nan 20.02727 2459045.829480 nan 0
>TOI-924: 79.6568880 -55.8885620 10.245 0.994 1.015 5682.0 4.45 nan
 TOI-924.01: 2.037 20.316 nan 0.1038 12.12727 2459045.879938 847.9 0
>TOI-926: 48.3787280 -32.0055700 9.632 2.610 nan 5658.4 nan nan
 TOI-926.01: 1.666 7.764 nan nan 1.79579 2459168.347895 nan 0
>TOI-930: 54.3087020 -44.4720060 7.426 4.180 1.331 6504.0 3.32 nan
 TOI-930.01: 3.506 6.568 nan 0.0621 4.90038 2459165.027663 2573.1 0
>TOI-931: 57.3368550 -47.9181900 10.653 2.310 nan 5928.0 nan nan
 TOI-931.01: 2.722 20.689 nan nan 3.24521 2459169.291398 nan 0
>TOI-932: 95.9409410 -54.5780240 9.048 0.734 0.697 4444.0 4.55 nan
 TOI-932.01: 3.783 2.747 nan 0.1249 19.31060 2459068.256452 519.5 0
 TOI-932.02: 2.729 1.707 nan 0.0691 7.98565 2459380.465927 698.4 0
>TOI-933: 92.3053350 -55.4037540 9.542 1.787 0.991 5546.9 3.93 nan
 TOI-933.01: 8.309 12.652 nan 0.3887 88.93506 2458611.742342 573.5 0
>TOI-934: 75.3506780 -56.1414160 11.259 0.870 0.907 4833.0 4.52 nan
 TOI-934.01: 2.409 12.439 nan 0.0460 3.78174 2458625.082479 1013.5 0
>TOI-936: 111.0361570 -78.4425880 10.525 0.850 0.984 4320.0 4.57 nan
 TOI-936.01: 1.849 7.764 nan 0.0775 7.93653 2460127.938065 689.9 0
>TOI-939: 63.7868410 -7.3157480 10.119 1.530 1.178 6159.5 4.14 nan
 TOI-939.01: 4.249 12.486 nan 0.0800 7.61072 2459199.364902 1298.9 0
>TOI-940: 77.4035930 -5.6709700 9.375 0.850 nan 5100.2 nan nan
 TOI-940.01: 0.594 3.618 nan nan 0.73867 2459199.145034 nan 0
>TOI-943: 74.5551440 8.9808250 10.318 1.450 1.461 6794.0 4.28 nan
 TOI-943.01: 5.963 13.434 nan 0.1187 12.35611 2458444.270260 1145.0 0
>TOI-945: 80.4553330 -36.6737920 10.483 1.650 1.538 7019.0 4.19 nan
 TOI-945.01: 1.203 4.601 nan 0.0215 0.92980 2459199.603438 2965.0 0
>TOI-947: 78.3188220 4.8098980 9.658 1.790 1.168 6251.5 4.00 nan
 TOI-947.01: 1.832 17.881 nan 0.0777 7.31523 2458444.938200 1446.9 0
>TOI-948: 75.5317350 -22.7118640 9.669 1.920 0.601 6092.9 3.65 nan
 TOI-948.01: 3.208 10.540 nan 0.0899 12.70090 2458442.135290 1357.8 0
>TOI-952: 61.7794600 -13.7668590 9.441 2.330 1.573 7110.0 3.90 nan
 TOI-952.01: 1.372 7.388 nan 0.0336 1.79011 2459168.200400 2855.0 0
>TOI-958: 83.2158250 -19.5750730 10.031 1.430 1.029 5745.1 4.14 nan
 TOI-958.01: 1.344 14.327 nan 0.0139 0.58750 2459199.980070 2809.9 0
>TOI-963: 119.1493000 -0.7728490 9.689 1.066 1.041 5814.9 4.40 nan
 TOI-963.01: 4.560 8.852 nan 0.0988 11.11785 2459235.097859 921.0 0
>TOI-970: 114.6990060 -39.1355180 9.199 1.065 0.885 5189.0 4.33 nan
 TOI-970.01: 3.671 2.792 nan 0.0548 4.98578 2459229.048399 1103.1 0
>TOI-978: 120.2041250 -2.0108370 9.593 1.520 1.275 6368.0 4.18 nan
 TOI-978.01: 4.668 11.391 nan 0.1183 13.16601 2459977.379099 1100.7 0
>TOI-989: 110.5065340 10.2386350 9.745 2.060 nan 7814.0 nan nan
 TOI-989.01: 1.417 5.743 nan nan 3.12118 2460255.030178 nan 0
>TOI-990: 121.9135540 -5.7700770 9.886 1.860 2.094 8388.0 4.22 nan
 TOI-990.01: 4.360 10.634 nan 0.0691 4.58739 2459981.051319 2098.5 0
>TOI-991: 114.3461660 -11.1513010 9.989 2.130 2.504 9855.0 4.18 nan
 TOI-991.01: 1.999 12.919 nan 0.0487 2.48432 2459987.447924 3142.8 0
>TOI-993: 113.9608410 -15.4994550 9.567 1.670 1.938 8035.0 4.28 nan
 TOI-993.01: 1.518 4.759 nan 0.0315 1.46350 2459985.812048 2821.1 0
