hostname_nn,letter_nn,Event,ProposalCategory,ProposalID,Cycle,Observation,Status,ObservingMode,GratingGrism,Subarray,ReadoutPattern,Groups,StartTime,EndTime,Hours,LastName,ProprietaryPeriod,EquatorialCoordinates,sy_kmag,sy_dist,st_teff,st_mass,st_rad,st_logg,pl_orbper,pl_orbsmax,pl_orbincl,pl_massj,pl_radj,pl_g_SI,pl_dens_cgs,pl_Teq_K,pl_trandep,pl_trandur,pl_TSM_K,pl_ESM_3um,PlanWindow,st_met
WASP-164,b,Transit,COM,1541,0,4,Withdrawn,SOSS,X,SUBSTRIP256,NISRAPID,30.0,X,X,7.38,Espinoza,12,22 59 29.6611 -60 26 52.15,10.959,327.51,5806.0,0.946,0.932,4.456,1.7771363,0.028,82.73,2.13,1.14,46.47,2.18,1610.1,1.5,1.6,34.53,34.95,X,-0.01
WASP-18,b,Transit,COM,1541,0,2,Withdrawn,SOSS,X,SUBSTRIP256,NISRAPID,3.0,X,X,7.05,Espinoza,12,01 37 25.0708 -45 40 40.06,8.131,123.48,6400.0,1.265,1.258,4.365,0.9414524,0.02,84.95,10.39,1.192,207.33,9.31,2429.5,0.9,2.2,24.64,186.97,X,0.08
WASP-18,b,Transit,COM,1442,0,2,Withdrawn,GTS,GRISMR+F322W2,SUBGRISM128,BRIGHT2,11.0,X,X,6.8,Schlawin,12,01 37 25.0709 -45 40 40.06,8.131,123.48,6400.0,1.265,1.258,4.365,0.9414524,0.02,84.95,10.39,1.192,207.33,9.31,2429.5,0.9,2.2,24.64,186.97,X,0.08
K2-34,b,Transit,COM,1541,0,3,Withdrawn,SOSS,X,SUBSTRIP256,NISRAPID,16.0,X,X,7.23,Espinoza,12,08 30 18.8936 +22 14 9.31,10.193,348.65,6133.7,1.162,1.411,4.19,2.9956351,0.044,82.6,1.729,1.23,32.39,1.41,1671.2,0.8,2.4,34.44,25.95,X,0.03
HAT-P-14,b,Transit,COM,1541,0,1,Archived,SOSS,X,SUBSTRIP256,NISRAPID,6.0,"Jun 8, 2022 05:44:06","Jun 8, 2022 13:24:53",7.07,Espinoza,12,17 20 27.8812 +38 14 31.81,8.851,222.66,6600.0,1.386,1.499,4.25,4.6276665,0.061,83.5,2.28,1.2,44.88,2.0,1582.7,0.6,2.2,37.76,31.28,X,0.11
HAT-P-14,b,Transit,COM,1442,0,1,Archived,GTS,GRISMR+F322W2,SUBGRISM128,BRIGHT2,20.0,"May 2, 2022 05:46:15","May 2, 2022 12:44:23",6.8,Schlawin,12,17 20 27.8813 +38 14 31.81,8.851,222.66,6600.0,1.386,1.499,4.25,4.6276665,0.061,83.5,2.28,1.2,44.88,2.0,1582.7,0.6,2.2,37.76,31.28,X,0.11
HAT-P-18,b,Transit,COM,2734,0,1,Archived,SOSS,X,SUBSTRIP256,NISRAPID,9.0,"Jun 13, 2022 03:11:52","Jun 13, 2022 11:59:06",8.18,Pontoppidan,12,17 05 23.1302 +33 00 44.37,10.234,161.4,4803.0,0.77,0.749,4.579,5.5080287,0.056,88.79,0.196,0.976,5.85,0.32,847.8,2.2,2.7,267.61,6.09,X,0.1
WASP-96,b,Transit,COM,2734,0,2,Archived,SOSS,X,SUBSTRIP256,NISRAPID,14.0,"Jun 21, 2022 02:41:18","Jun 21, 2022 10:48:41",7.51,Pontoppidan,12,00 04 11.1377 -47 21 38.32,10.914,352.46,5540.0,1.06,1.05,4.42,3.4252567,0.045,85.6,0.48,1.23,8.99,0.39,1285.4,1.4,2.4,123.64,17.11,X,0.14
WASP-178,b,Transit,GO,2055,1,1,Archived,BOTS,G395H,SUB2048,NRSRAPID,45.0,"Mar 7, 2023 06:46:58","Mar 7, 2023 15:01:24",9.11,Lothringer,12,15 09 4.8930 -42 42 17.79,9.703,427.68,9360.0,2.0,1.76,4.31,3.344834,0.055,85.08,1.535,1.891,12.16,0.34,2549.7,1.2,3.5,173.36,77.53,X,0.08
WASP-18,b,Eclipse,ERS,1366,1,21,Archived,SOSS,X,SUBSTRIP96,NISRAPID,3.0,"Aug 11, 2022 03:53:43","Aug 11, 2022 11:58:50",8.81,Meech,0,01 37 25.0708 -45 40 40.06,8.131,123.48,6400.0,1.265,1.258,4.365,0.9414524,0.02,84.95,10.39,1.192,207.33,9.31,2429.5,0.9,2.2,24.64,186.97,X,0.08
WASP-166,b,Transit,GO,2062,1,4,Archived,SOSS,X,SUBSTRIP96,NISRAPID,2.0,"Dec 31, 2023 02:28:20","Dec 31, 2023 12:59:55",11.5,Mayo,12,09 39 30.0251 -20 58 56.71,8.032,114.17,6050.0,1.19,1.22,4.34,5.44354,0.064,88.0,0.101,0.641,6.97,0.58,1272.7,0.3,3.6,229.7,11.0,X,0.19
WASP-166,b,Transit,GO,2062,1,3,Archived,BOTS,G395M,SUB2048,NRSRAPID,3.0,"Jan 16, 2024 11:07:55","Jan 16, 2024 21:01:46",11.46,Mayo,12,09 39 30.0251 -20 58 56.71,8.032,114.17,6050.0,1.19,1.22,4.34,5.44354,0.064,88.0,0.101,0.641,6.97,0.58,1272.7,0.3,3.6,229.7,11.0,X,0.19
WASP-166,b,Transit,GO,2062,1,2,Failed - Archived,BOTS,G395M,SUB2048,NRSRAPID,3.0,"Nov 28, 2023 10:50:23","Nov 28, 2023 12:12:52",11.46,Mayo,12,09 39 30.0251 -20 58 56.71,8.032,114.17,6050.0,1.19,1.22,4.34,5.44354,0.064,88.0,0.101,0.641,6.97,0.58,1272.7,0.3,3.6,229.7,11.0,X,0.19
WASP-166,b,Transit,GO,2062,1,1,Skipped,SOSS,X,SUBSTRIP96,NISRAPID,2.0,X,X,11.52,Mayo,12,09 39 30.0251 -20 58 56.71,8.032,114.17,6050.0,1.19,1.22,4.34,5.44354,0.064,88.0,0.101,0.641,6.97,0.58,1272.7,0.3,3.6,229.7,11.0,X,0.19
WASP-17,b,Transit,GTO,1353,1,1,Failed - Archived,SOSS,X,SUBSTRIP256,NISRAPID,8.0,"Feb 18, 2023 12:35:38","Feb 18, 2023 23:57:35",12.72,Lewis,12,15 59 50.9395 -28 03 42.46,10.224,405.91,6550.0,1.306,1.572,4.176,3.7354417,0.051,86.83,0.49,1.892,3.88,0.11,1748.8,1.7,4.4,367.69,50.36,X,-0.19
WASP-17,b,Transit,GTO,1353,1,3,Archived,BOTS,G395H,SUB2048,NRSRAPID,66.0,"Mar 31, 2023 14:45:54","Apr 1, 2023 01:52:14",12.42,Lewis,12,15 59 50.9395 -28 03 42.46,10.224,405.91,6550.0,1.306,1.572,4.176,3.7354417,0.051,86.83,0.49,1.892,3.88,0.11,1748.8,1.7,4.4,367.69,50.36,X,-0.19
WASP-17,b,Eclipse,GTO,1353,1,4,Archived,BOTS,G395H,SUB2048,NRSRAPID,66.0,"Apr 2, 2023 11:35:14","Apr 2, 2023 22:41:33",12.42,Lewis,12,15 59 50.9395 -28 03 42.46,10.224,405.91,6550.0,1.306,1.572,4.176,3.7354417,0.051,86.83,0.49,1.892,3.88,0.11,1748.8,1.7,4.4,367.69,50.36,X,-0.19
GJ 357,b,Transit,GO,2512,1,7,Archived,BOTS,G395H,SUB2048,NRSRAPID,3.0,"Dec 4, 2023 04:52:25","Dec 4, 2023 10:16:25",6.22,Batalha,0,09 36 1.7915 -21 39 54.23,6.475,9.44,3505.0,0.342,0.337,4.94,3.9306027,0.036,89.17,0.006,0.108,13.96,6.9,520.7,0.1,1.3,35.17,0.14,X,-0.12
WASP-39,b,Transit,ERS,1366,1,1,Archived,SOSS,X,SUBSTRIP256,NISRAPID,9.0,"Jul 26, 2022 19:48:02","Jul 27, 2022 05:08:51",10.67,Meech,0,14 29 18.3955 -03 26 40.20,10.202,213.98,5326.6,0.918,1.013,4.389,4.0552832,0.049,87.76,0.28,1.279,4.85,0.2,1173.1,2.2,2.8,324.05,20.93,X,-0.03
GJ 486,b,Transit,GO,1981,1,11,Archived,BOTS,G395H,SUB2048,NRSRAPID,3.0,"Dec 25, 2022 10:17:50","Dec 25, 2022 15:09:48",5.19,Stevenson,0,12 47 55.5675 +09 44 57.91,6.362,8.07,3307.0,0.323,0.33,4.89,1.4671198,0.017,88.9,0.009,0.117,18.28,8.34,699.4,0.1,1.0,43.0,1.72,X,-0.15
GJ 486,b,Eclipse,GO,1743,1,1,Archived,LRS,X,SLITLESSPRISM,FASTR1,6.0,"May 29, 2023 04:19:04","May 29, 2023 10:13:15",6.4,Weiner Mansfield,12,12 47 55.5675 +09 44 57.91,6.362,8.07,3307.0,0.323,0.33,4.89,1.4671198,0.017,88.9,0.009,0.117,18.28,8.34,699.4,0.1,1.0,43.0,1.72,X,-0.15
GJ 486,b,Eclipse,GO,1743,1,2,Archived,LRS,X,SLITLESSPRISM,FASTR1,6.0,"Jun 1, 2023 03:14:16","Jun 1, 2023 08:59:39",6.4,Weiner Mansfield,12,12 47 55.5675 +09 44 57.91,6.362,8.07,3307.0,0.323,0.33,4.89,1.4671198,0.017,88.9,0.009,0.117,18.28,8.34,699.4,0.1,1.0,43.0,1.72,X,-0.15
55 Cnc,e,Eclipse,GO,2084,1,3,Archived,GTS,GRISMR+F444W,SUBGRISM64,RAPID,2.0,"Nov 22, 2022 23:49:03","Nov 23, 2022 05:16:09",6.25,Brandeker,12,08 52 35.2410 +28 19 47.34,4.015,12.59,5250.0,0.905,0.964,4.425,0.7365462,0.016,84.65,0.025,0.172,24.24,7.52,1983.8,0.0,1.6,309.73,37.28,X,0.35
55 Cnc,e,Eclipse,GO,1952,1,2,Archived,LRS,X,SLITLESSPRISM,FASTR1,5.0,"Mar 24, 2023 11:05:18","Mar 24, 2023 18:20:01",7.87,Hu,12,08 52 35.8113 +28 19 50.96,4.015,12.59,5250.0,0.905,0.964,4.425,0.7365462,0.016,84.65,0.025,0.172,24.24,7.52,1983.8,0.0,1.6,309.73,37.28,X,0.35
55 Cnc,e,Eclipse,GO,1952,1,1,Archived,GTS,GRISMR+F444W,SUBGRISM64,RAPID,2.0,"Nov 24, 2022 10:49:16","Nov 24, 2022 17:26:18",7.7,Hu,12,08 52 35.8113 +28 19 50.96,4.015,12.59,5250.0,0.905,0.964,4.425,0.7365462,0.016,84.65,0.025,0.172,24.24,7.52,1983.8,0.0,1.6,309.73,37.28,X,0.35
HD 15337,c,Transit,GO,2512,1,18,Archived,BOTS,G395H,SUB2048,NRSRAPID,4.0,"Jul 24, 2023 04:05:54","Jul 24, 2023 10:39:13",7.8,Batalha,0,02 27 28.2923 -27 38 10.02,7.044,44.82,5131.0,0.851,0.848,4.428,17.1790336,0.125,88.41,0.026,0.219,15.06,3.68,644.2,0.1,2.2,65.71,0.18,X,0.03
HD 15337,c,Transit,GO,2512,1,19,Archived,BOTS,G395H,SUB2048,NRSRAPID,4.0,"Aug 27, 2023 10:25:37","Aug 27, 2023 17:33:13",7.8,Batalha,0,02 27 28.2923 -27 38 10.02,7.044,44.82,5131.0,0.851,0.848,4.428,17.1790336,0.125,88.41,0.026,0.219,15.06,3.68,644.2,0.1,2.2,65.71,0.18,X,0.03
HD 189733,b,Eclipse,GO,2021,1,1,Failed - Archived,LRS,X,SLITLESSPRISM,FASTR1,5.0,"Sep 24, 2022 07:48:01","Sep 24, 2022 13:07:54",6.22,Kilpatrick,12,20 00 43.7093 +22 42 35.19,5.541,19.76,5031.5,0.828,0.766,4.582,2.2185752,0.031,85.71,1.144,1.139,24.99,1.17,1204.9,2.3,1.8,861.48,299.93,X,-0.03
HD 189733,b,Transit,GO,2001,1,1,Archived,LRS,X,SLITLESSPRISM,FASTR1,5.0,"Sep 16, 2022 12:20:00","Sep 16, 2022 18:19:04",6.4,Min,12,20 00 43.7093 +22 42 35.19,5.541,19.76,5031.5,0.828,0.766,4.582,2.2185752,0.031,85.71,1.144,1.139,24.99,1.17,1204.9,2.3,1.8,861.48,299.93,X,-0.03
HAT-P-12,b,Transit,GTO,1281,1,1,Archived,LRS,X,SLITLESSPRISM,FASTR1,150.0,"Jun 7, 2023 09:21:53","Jun 7, 2023 16:54:11",8.29,Lagage,12,13 57 33.2749 +43 29 35.92,10.108,142.75,4650.0,0.733,0.701,4.61,3.2130584,0.038,89.0,0.209,0.959,6.46,0.36,958.3,2.1,2.3,325.59,13.61,X,-0.29
HAT-P-12,b,Transit,GTO,1281,1,2,Archived,BOTS,G395M,SUB2048,NRSRAPID,30.0,"Feb 11, 2023 17:18:13","Feb 12, 2023 00:54:20",8.34,Lagage,12,13 57 33.2749 +43 29 35.92,10.108,142.75,4650.0,0.733,0.701,4.61,3.2130584,0.038,89.0,0.209,0.959,6.46,0.36,958.3,2.1,2.3,325.59,13.61,X,-0.29
HAT-P-12,b,Transit,GTO,1281,1,3,Archived,SOSS,X,SUBSTRIP256,NISRAPID,15.0,"Jun 20, 2023 05:47:48","Jun 20, 2023 13:18:29",8.25,Lagage,12,13 57 33.2749 +43 29 35.92,10.108,142.75,4650.0,0.733,0.701,4.61,3.2130584,0.038,89.0,0.209,0.959,6.46,0.36,958.3,2.1,2.3,325.59,13.61,X,-0.29
NGTS-10,b,PhaseC,GO,2158,1,1,Archived,BOTS,PRISM,SUB512,NRSRAPID,6.0,"Mar 11, 2023 01:57:48","Mar 12, 2023 00:03:24",25.14,Parmentier,12,06 07 29.3400 -25 35 41.62,11.728,-1.0,5190.0,0.696,0.848,4.516,0.7668582,0.014,-1.0,2.162,1.462,28.66,1.05,1927.8,2.7,1.1,72.82,93.83,X,-0.02
LTT 1445 A,b,Eclipse,GO,2708,1,3,Archived,LRS,X,SLITLESSPRISM,FASTR1,5.0,"Aug 5, 2023 16:21:10","Aug 5, 2023 21:26:22",5.45,Berta-Thompson,12,03 01 50.9800 -16 35 40.32,6.496,6.87,3340.0,0.256,0.276,4.967,5.3587657,0.038,89.4,0.008,0.121,15.3,6.75,433.6,0.2,1.4,44.25,0.05,X,-0.34
LTT 1445 A,b,Eclipse,GO,2708,1,1,Archived,LRS,X,SLITLESSPRISM,FASTR1,5.0,"Aug 27, 2022 16:01:50","Aug 27, 2022 23:25:34",8.0,Berta-Thompson,12,03 01 50.9800 -16 35 40.32,6.496,6.87,3340.0,0.256,0.276,4.967,5.3587657,0.038,89.4,0.008,0.121,15.3,6.75,433.6,0.2,1.4,44.25,0.05,X,-0.34
LTT 1445 A,b,Eclipse,GO,2708,1,2,Archived,LRS,X,SLITLESSPRISM,FASTR1,5.0,"Dec 23, 2022 14:39:33","Dec 23, 2022 19:44:30",5.45,Berta-Thompson,12,03 01 50.9800 -16 35 40.32,6.496,6.87,3340.0,0.256,0.276,4.967,5.3587657,0.038,89.4,0.008,0.121,15.3,6.75,433.6,0.2,1.4,44.25,0.05,X,-0.34
LTT 1445 A,b,Transit,GO,2512,1,21,Failed - Archived,BOTS,G395H,SUB2048,NRSRAPID,3.0,"Sep 2, 2024 13:07:21","Sep 2, 2024 17:29:30",6.29,Batalha,0,03 01 51.3937 -16 35 36.03,6.496,6.87,3340.0,0.256,0.276,4.967,5.3587657,0.038,89.4,0.008,0.121,15.3,6.75,433.6,0.2,1.4,44.25,0.05,X,-0.34
LTT 1445 A,b,Transit,GO,2512,1,921,Archived,BOTS,G395H,SUB2048,NRSRAPID,3.0,"Sep 1, 2025 22:37:46","Sep 2, 2025 04:43:42",6.29,Batalha,0,03 01 51.3937 -16 35 36.03,6.496,6.87,3340.0,0.256,0.276,4.967,5.3587657,0.038,89.4,0.008,0.121,15.3,6.75,433.6,0.2,1.4,44.25,0.05,X,-0.34
LTT 1445 A,b,Transit,GO,2512,1,14,Archived,BOTS,G395H,SUB2048,NRSRAPID,3.0,"Aug 3, 2023 00:40:00","Aug 3, 2023 01:28:53",6.3,Batalha,0,03 01 50.9947 -16 35 40.18,6.496,6.87,3340.0,0.256,0.276,4.967,5.3587657,0.038,89.4,0.008,0.121,15.3,6.75,433.6,0.2,1.4,44.25,0.05,X,-0.34
TOI-178,b,Transit,GO,2319,1,3,Archived,BOTS,G395M,SUB2048,NRSRAPID,7.0,"Jul 13, 2023 13:58:27","Jul 13, 2023 20:26:54",7.37,Hooton,12,00 29 12.4828 -30 27 14.82,8.656,62.7,4316.0,0.649,0.657,4.45,1.914559,0.026,88.8,0.004,0.105,9.97,5.08,1044.4,0.0,1.7,9.24,0.6,X,-0.23
TOI-178,d,Transit,GO,2319,1,1,Archived,BOTS,G395M,SUB2048,NRSRAPID,7.0,"Aug 6, 2023 21:50:29","Aug 7, 2023 05:05:41",8.42,Hooton,12,00 29 12.4828 -30 27 14.82,8.656,62.7,4316.0,0.649,0.66,4.45,6.5577,0.059,88.58,0.013,0.229,6.95,1.62,694.9,0.1,2.2,126.51,0.34,X,-0.23
TOI-178,g,Transit,GO,2319,1,2,Skipped,BOTS,G395M,SUB2048,NRSRAPID,7.0,X,X,8.21,Hooton,12,00 29 12.4828 -30 27 14.82,8.656,62.7,4316.0,0.649,0.662,4.45,20.7095,0.128,88.82,0.013,0.262,5.41,1.1,474.2,0.2,2.2,126.04,0.02,X,-0.23
TOI-178,g,Transit,GO,2319,1,102,Archived,BOTS,G395M,SUB2048,NRSRAPID,7.0,"Nov 11, 2023 02:56:55","Nov 11, 2023 10:15:12",8.21,Hooton,12,00 29 12.4828 -30 27 14.82,8.656,62.7,4316.0,0.649,0.662,4.45,20.7095,0.128,88.82,0.013,0.262,5.41,1.1,474.2,0.2,2.2,126.04,0.02,X,-0.23
55 Cnc,e,Eclipse,GO,2084,1,2,Archived,GTS,GRISMR+F444W,SUBGRISM64,RAPID,2.0,"Nov 20, 2022 18:58:19","Nov 21, 2022 00:15:39",6.25,Brandeker,12,08 52 35.2410 +28 19 47.34,4.015,12.59,5250.0,0.905,0.964,4.425,0.7365462,0.016,84.65,0.025,0.172,24.24,7.52,1983.8,0.0,1.6,309.73,37.28,X,0.35
HD 189733,b,Eclipse,GO,2021,1,2,Archived,LRS,X,SLITLESSPRISM,FASTR1,5.0,"Oct 18, 2022 16:38:42","Oct 18, 2022 22:29:04",6.22,Kilpatrick,12,20 00 43.7093 +22 42 35.19,5.541,19.76,5031.5,0.828,0.766,4.582,2.2185752,0.031,85.71,1.144,1.139,24.99,1.17,1204.9,2.3,1.8,861.48,299.93,X,-0.03
HD 189733,b,Transit,GO,1633,1,5,Archived,GTS,GRISMR+F444W,SUBGRISM64,BRIGHT1,4.0,"Aug 25, 2022 06:56:04","Aug 25, 2022 14:10:33",7.85,Deming,12,20 00 43.7093 +22 42 35.19,5.541,19.76,5031.5,0.828,0.766,4.582,2.2185752,0.031,85.71,1.144,1.139,24.99,1.17,1204.9,2.3,1.8,861.48,299.93,X,-0.03
HD 189733,b,Transit,GO,1633,1,2,Archived,MRS,X,FULL,FASTR1,30.0,"May 31, 2023 20:10:52","Jun 1, 2023 03:14:13",8.07,Deming,12,20 00 43.7093 +22 42 35.19,5.541,19.76,5031.5,0.828,0.766,4.582,2.2185752,0.031,85.71,1.144,1.139,24.99,1.17,1204.9,2.3,1.8,861.48,299.93,X,-0.03
HD 189733,b,Eclipse,GO,2021,1,11,Archived,LRS,X,SLITLESSPRISM,FASTR1,5.0,"Jun 30, 2023 19:49:47","Jul 1, 2023 01:41:22",6.34,Kilpatrick,12,20 00 43.7093 +22 42 35.19,5.541,19.76,5031.5,0.828,0.766,4.582,2.2185752,0.031,85.71,1.144,1.139,24.99,1.17,1204.9,2.3,1.8,861.48,299.93,X,-0.03
HATS-72,b,Transit,GO,2594,1,1,Archived,BOTS,G395M,SUB2048,NRSRAPID,18.0,"Nov 14, 2023 23:30:35","Nov 15, 2023 07:06:30",8.37,Spake,12,22 36 6.2016 -17 00 1.10,9.764,127.59,4656.1,0.731,0.721,4.585,7.3279485,0.067,89.56,0.125,0.785,5.77,0.39,739.4,1.4,3.0,254.14,2.59,X,0.1
HD 15337,b,Transit,GO,2512,1,17,Archived,BOTS,G395H,SUB2048,NRSRAPID,4.0,"Jul 16, 2023 21:49:04","Jul 17, 2023 06:03:25",9.04,Batalha,0,02 27 28.2923 -27 38 10.02,7.044,44.82,5131.0,0.851,0.848,4.428,4.7560748,0.052,88.5,0.023,0.149,28.94,10.39,996.3,0.0,2.5,35.97,0.94,X,0.03
HAT-P-26,b,Eclipse,GTO,1312,1,6,Archived,LRS,X,SLITLESSPRISM,FASTR1,115.0,"Jun 17, 2023 04:59:34","Jun 17, 2023 13:28:28",9.5,Lewis,12,14 12 37.5735 +04 03 33.83,9.581,141.84,5079.0,0.816,0.824,4.56,4.2345023,0.048,88.6,0.059,0.632,4.21,0.36,1018.0,0.5,2.5,322.21,6.21,X,-0.04
HAT-P-26,b,Transit,GTO,1312,1,1,Archived,SOSS,X,SUBSTRIP256,NISRAPID,7.0,"Jul 2, 2023 01:15:06","Jul 2, 2023 08:37:01",8.07,Lewis,12,14 12 37.5735 +04 03 33.83,9.581,141.84,5079.0,0.816,0.824,4.56,4.2345023,0.048,88.6,0.059,0.632,4.21,0.36,1018.0,0.5,2.5,322.21,6.21,X,-0.04
HAT-P-26,b,Eclipse,GTO,1312,1,4,Skipped,BOTS,G395H,SUB2048,NRSRAPID,48.0,X,X,9.1,Lewis,12,14 12 37.5735 +04 03 33.83,9.581,141.84,5079.0,0.816,0.824,4.56,4.2345023,0.048,88.6,0.059,0.632,4.21,0.36,1018.0,0.5,2.5,322.21,6.21,X,-0.04
HAT-P-26,b,Eclipse,GTO,1312,1,104,Archived,BOTS,G395H,SUB2048,NRSRAPID,48.0,"Jul 25, 2023 09:00:04","Jul 25, 2023 16:55:11",9.1,Lewis,12,14 12 37.5735 +04 03 33.83,9.581,141.84,5079.0,0.816,0.824,4.56,4.2345023,0.048,88.6,0.059,0.632,4.21,0.36,1018.0,0.5,2.5,322.21,6.21,X,-0.04
HAT-P-26,b,Transit,GTO,1312,1,3,Archived,BOTS,G395H,SUB2048,NRSRAPID,48.0,"Jun 15, 2023 02:47:56","Jun 15, 2023 10:05:27",7.93,Lewis,12,14 12 37.5735 +04 03 33.83,9.581,141.84,5079.0,0.816,0.824,4.56,4.2345023,0.048,88.6,0.059,0.632,4.21,0.36,1018.0,0.5,2.5,322.21,6.21,X,-0.04
TOI-260,b,Transit,GO,2512,1,1,Archived,BOTS,G395H,SUB2048,NRSRAPID,3.0,"Nov 16, 2023 18:07:30","Nov 17, 2023 01:19:34",7.75,Batalha,0,00 19 5.5243 -09 57 58.14,6.549,20.19,4050.0,0.582,0.607,4.646,13.4758478,0.093,88.84,0.012,0.153,14.43,5.06,499.9,0.1,2.1,90.97,0.05,X,-0.34
TOI-260,b,Transit,GO,2512,1,2,Archived,BOTS,G395H,SUB2048,NRSRAPID,3.0,"Nov 30, 2023 05:56:35","Nov 30, 2023 12:46:37",7.75,Batalha,0,00 19 5.5243 -09 57 58.14,6.549,20.19,4050.0,0.582,0.607,4.646,13.4758478,0.093,88.84,0.012,0.153,14.43,5.06,499.9,0.1,2.1,90.97,0.05,X,-0.34
LHS 475,b,Transit,GO,1981,1,41,Archived,BOTS,G395H,SUB2048,NRSRAPID,9.0,"Aug 31, 2022 17:23:06","Aug 31, 2022 21:43:53",4.4,Stevenson,0,19 20 57.1076 -82 33 35.24,7.686,12.48,3289.0,0.268,0.286,4.967,2.029101,0.02,87.29,-1.0,0.088,-1.0,-1.0,594.3,0.1,0.7,-1.0,0.24,X,-999.0
LHS 475,b,Transit,GO,1981,1,43,Archived,BOTS,G395H,SUB2048,NRSRAPID,9.0,"Sep 4, 2022 18:47:08","Sep 4, 2022 23:04:51",4.4,Stevenson,0,19 20 57.1076 -82 33 35.24,7.686,12.48,3289.0,0.268,0.286,4.967,2.029101,0.02,87.29,-1.0,0.088,-1.0,-1.0,594.3,0.1,0.7,-1.0,0.24,X,-999.0
LHS 475,b,Transit,GO,1981,1,44,Executed,BOTS,G395H,SUB2048,NRSRAPID,9.0,"Sep 27, 2022 03:06:35","Sep 27, 2022 03:47:40",4.53,Stevenson,0,19 20 57.1076 -82 33 35.24,7.686,12.48,3289.0,0.268,0.286,4.967,2.029101,0.02,87.29,-1.0,0.088,-1.0,-1.0,594.3,0.1,0.7,-1.0,0.24,X,-999.0
LHS 475,b,Transit,GO,1981,1,42,Skipped,BOTS,G395H,SUB2048,NRSRAPID,9.0,X,X,4.4,Stevenson,0,19 20 57.1076 -82 33 35.24,7.686,12.48,3289.0,0.268,0.286,4.967,2.029101,0.02,87.29,-1.0,0.088,-1.0,-1.0,594.3,0.1,0.7,-1.0,0.24,X,-999.0
TOI-421,b,Transit,GO,1935,1,1,Archived,SOSS,X,SUBSTRIP96,NISRAPID,3.0,"Nov 6, 2023 13:31:05","Nov 6, 2023 18:52:39",5.6,Kempton,12,05 27 24.8259 -14 16 37.05,8.071,74.8,5325.0,0.842,0.866,4.48,5.197576,0.056,85.68,0.022,0.236,11.15,2.53,1012.5,0.0,1.1,89.72,1.42,X,-0.03
LHS 3844,b,Eclipse,GO,1846,1,1,Archived,LRS,X,SLITLESSPRISM,FASTR1,30.0,"Jun 19, 2023 02:52:07","Jun 19, 2023 06:06:27",4.08,Kreidberg,12,22 41 59.0890 -69 10 19.59,9.145,14.88,3036.0,0.151,0.189,5.06,0.4629296,0.006,88.5,0.007,0.116,15.64,7.2,806.3,0.5,0.5,48.53,3.86,X,0.22
LHS 3844,b,Eclipse,GO,1846,1,2,Failed - Archived,LRS,X,SLITLESSPRISM,FASTR1,30.0,"Aug 18, 2023 06:14:33","Aug 18, 2023 07:31:20",4.08,Kreidberg,12,22 41 59.0890 -69 10 19.59,9.145,14.88,3036.0,0.151,0.189,5.06,0.4629296,0.006,88.5,0.007,0.116,15.64,7.2,806.3,0.5,0.5,48.53,3.86,X,0.22
LHS 3844,b,Eclipse,GO,1846,1,102,Archived,LRS,X,SLITLESSPRISM,FASTR1,30.0,"Sep 30, 2023 08:15:59","Sep 30, 2023 11:55:36",4.08,Kreidberg,12,22 41 59.0890 -69 10 19.59,9.145,14.88,3036.0,0.151,0.189,5.06,0.4629296,0.006,88.5,0.007,0.116,15.64,7.2,806.3,0.5,0.5,48.53,3.86,X,0.22
LHS 3844,b,Eclipse,GO,1846,1,3,Archived,LRS,X,SLITLESSPRISM,FASTR1,30.0,"May 3, 2024 23:04:50","May 4, 2024 03:06:08",4.08,Kreidberg,12,22 41 59.0890 -69 10 19.59,9.145,14.88,3036.0,0.151,0.189,5.06,0.4629296,0.006,88.5,0.007,0.116,15.64,7.2,806.3,0.5,0.5,48.53,3.86,X,0.22
TOI-836,b,Transit,GO,2512,1,9,Archived,BOTS,G395H,SUB2048,NRSRAPID,3.0,"Mar 4, 2023 16:52:36","Mar 4, 2023 23:26:47",7.16,Batalha,0,15 00 19.1712 -24 27 15.11,6.804,27.5,4514.0,0.678,0.678,4.662,3.8167281,0.042,87.57,0.014,0.152,17.6,6.21,872.2,0.1,1.7,92.23,1.11,X,-0.28
TOI-836,b,Transit,GO,2512,1,10,Archived,BOTS,G395H,SUB2048,NRSRAPID,3.0,"Mar 8, 2023 12:28:11","Mar 8, 2023 19:02:28",7.16,Batalha,0,15 00 19.1712 -24 27 15.11,6.804,27.5,4514.0,0.678,0.678,4.662,3.8167281,0.042,87.57,0.014,0.152,17.6,6.21,872.2,0.1,1.7,92.23,1.11,X,-0.28
TOI-836,c,Transit,GO,2512,1,8,Archived,BOTS,G395H,SUB2048,NRSRAPID,3.0,"Feb 16, 2023 11:57:15","Feb 16, 2023 20:01:50",8.91,Batalha,0,15 00 19.1712 -24 27 15.11,6.804,27.5,4476.0,0.669,0.69,4.582,8.59545,0.075,88.7,0.03,0.236,15.43,3.5,654.7,0.1,2.5,118.36,0.5,X,-0.28
TOI-849,b,PhaseC,SURVEY,2765,1,3,Withdrawn,BOTS,PRISM,SUB512,NRSRAPID,3.0,X,X,45.87,Valenti,0,01 54 51.7910 -29 25 18.15,10.418,225.73,5284.0,0.95,0.921,4.477,0.7655502,0.016,86.42,0.127,0.32,35.15,5.87,1949.5,0.1,1.6,22.69,6.99,X,0.19
TOI-776,b,Transit,GO,2512,1,5,Archived,BOTS,G395H,SUB2048,NRSRAPID,7.0,"Jun 9, 2023 13:29:17","Jun 9, 2023 21:25:19",8.74,Batalha,0,11 54 18.7193 -37 33 12.08,7.615,27.17,3717.0,0.544,0.538,4.731,8.2466166,0.065,89.65,0.014,0.16,15.6,5.2,514.7,0.1,2.4,70.97,0.06,X,-0.2
TOI-776,b,Transit,GO,2512,1,6,Archived,BOTS,G395H,SUB2048,NRSRAPID,7.0,"May 24, 2023 01:37:27","May 24, 2023 09:33:30",8.74,Batalha,0,11 54 18.7193 -37 33 12.08,7.615,27.17,3717.0,0.544,0.538,4.731,8.2466166,0.065,89.65,0.014,0.16,15.6,5.2,514.7,0.1,2.4,70.97,0.06,X,-0.2
TOI-776,c,Transit,GO,2512,1,4,Archived,BOTS,G395H,SUB2048,NRSRAPID,7.0,"May 27, 2023 11:23:56","May 27, 2023 19:22:01",9.55,Batalha,0,11 54 18.7193 -37 33 12.08,7.615,27.17,3717.0,0.544,0.538,4.731,15.6653276,0.1,89.51,0.019,0.183,16.31,4.78,415.6,0.1,3.0,62.4,0.01,X,-0.2
TOI-776,c,Transit,GO,2512,1,3,Archived,BOTS,G395H,SUB2048,NRSRAPID,7.0,"May 11, 2023 19:03:20","May 12, 2023 03:21:39",9.55,Batalha,0,11 54 18.7193 -37 33 12.08,7.615,27.17,3717.0,0.544,0.538,4.731,15.6653276,0.1,89.51,0.019,0.183,16.31,4.78,415.6,0.1,3.0,62.4,0.01,X,-0.2
L 98-59,c,Transit,GO,2512,1,16,Archived,BOTS,G395H,SUB2048,NRSRAPID,4.0,"Jul 9, 2023 11:59:39","Jul 9, 2023 16:51:08",5.91,Batalha,0,08 18 7.8865 -68 18 52.08,7.101,10.62,3413.5,0.302,0.314,4.91,3.6906716,0.031,88.5,0.007,0.12,13.65,6.06,523.5,0.2,1.2,34.74,0.16,X,-0.48
L 98-59,c,Transit,GO,2512,1,15,Archived,BOTS,G395H,SUB2048,NRSRAPID,4.0,"Jul 13, 2023 03:49:35","Jul 13, 2023 09:19:21",5.91,Batalha,0,08 18 7.8865 -68 18 52.08,7.101,10.62,3413.5,0.302,0.314,4.91,3.6906716,0.031,88.5,0.007,0.12,13.65,6.06,523.5,0.2,1.2,34.74,0.16,X,-0.48
LHS 1140,b,Transit,GO,2334,1,1,Archived,BOTS,G395H,SUB2048,NRSRAPID,15.0,"Jul 30, 2023 13:37:03","Jul 30, 2023 20:16:06",7.26,Damiano,12,00 44 59.6717 -15 16 26.79,8.821,14.99,3131.0,0.179,0.214,5.049,24.737165,0.094,89.89,0.02,0.154,24.48,8.5,227.5,0.5,2.1,69.87,0.0,X,-0.24
WASP-107,b,Transit,GTO,1280,1,1,Archived,LRS,X,SLITLESSPRISM,FASTR1,40.0,"Jan 19, 2023 17:06:22","Jan 20, 2023 02:40:30",10.65,Lagage,12,12 33 32.8480 -10 08 46.14,8.637,64.74,4427.5,0.69,0.66,4.5,5.7214878,0.055,89.56,0.108,0.941,3.44,0.2,737.6,2.2,2.7,1023.8,8.01,X,0.02
TRAPPIST-1,g,Transit,GO,2589,1,6,Archived,BOTS,PRISM,SUB512,NRSRAPID,6.0,"Jul 17, 2022 03:35:50","Jul 17, 2022 09:43:23",6.71,Lim,0,23 06 30.3341 -05 02 36.46,10.296,-1.0,2559.0,0.089,0.119,5.24,12.35294,0.047,89.71,0.004,0.101,11.61,6.17,196.9,0.8,1.1,20.46,0.0,X,0.05
TRAPPIST-1,h,Transit,GO,1981,1,51,Archived,BOTS,PRISM,SUB512,NRSRAPID,5.0,"Dec 11, 2023 04:39:31","Dec 11, 2023 10:08:21",5.67,Stevenson,0,23 06 30.3341 -05 02 36.46,10.296,-1.0,2559.0,0.09,0.118,5.258,18.7700702,0.062,89.78,0.001,0.067,6.46,5.13,170.4,0.3,1.3,21.7,0.0,X,0.05
TRAPPIST-1,h,Transit,GO,1981,1,53,Archived,BOTS,PRISM,SUB512,NRSRAPID,5.0,"Jul 14, 2023 02:34:34","Jul 14, 2023 07:33:41",5.67,Stevenson,0,23 06 30.3341 -05 02 36.46,10.296,-1.0,2559.0,0.09,0.118,5.258,18.7700702,0.062,89.78,0.001,0.067,6.46,5.13,170.4,0.3,1.3,21.7,0.0,X,0.05
V1298 Tau,b,Transit,GO,2149,1,2,Archived,BOTS,G395H,SUB2048,NRSRAPID,4.0,"Feb 12, 2023 04:04:41","Feb 12, 2023 16:54:02",14.71,Desert,12,04 05 19.5970 +20 09 25.31,8.094,108.2,4970.0,1.1,1.325,4.246,24.13975,0.169,88.88,0.341,0.868,12.81,0.79,671.5,0.5,6.4,73.61,1.01,X,0.1
V1298 Tau,c,Transit,GO,2149,1,1,Archived,BOTS,G395H,SUB2048,NRSRAPID,4.0,"Jan 14, 2023 17:49:26","Jan 14, 2023 18:31:08",17.12,Desert,12,04 05 19.5970 +20 09 25.31,8.094,108.2,5010.0,1.1,1.325,-1.0,8.249164,0.082,88.0,0.127,0.457,17.32,2.03,968.2,0.0,4.7,41.31,2.03,X,0.1
HD 209458,b,Transit,GO,2667,1,51,Archived,LRS,X,SLITLESSPRISM,FASTR1,7.0,"Jul 14, 2023 14:26:35","Jul 14, 2023 22:50:43",9.37,Wakeford,12,22 03 10.8053 +18 53 3.27,6.308,48.3,6065.0,1.119,1.18,4.361,3.5247486,0.047,86.71,0.685,1.38,10.2,0.4,1464.3,1.6,3.0,920.51,191.81,X,0.0
TRAPPIST-1,e,Transit,GTO,1331,1,1,Archived,BOTS,PRISM,SUB512,NRSRAPID,5.0,"Jun 28, 2023 22:00:15","Jun 29, 2023 03:04:34",5.65,Lewis,12,23 06 30.3652 -05 02 36.70,10.296,-1.0,2559.0,0.089,0.119,5.24,6.0995899,0.029,89.79,0.002,0.082,9.2,6.01,249.1,0.5,0.9,26.57,0.0,X,0.05
TRAPPIST-1,e,Transit,GTO,1331,1,3,Archived,BOTS,PRISM,SUB512,NRSRAPID,5.0,"Jun 22, 2023 19:07:45","Jun 23, 2023 00:35:02",5.65,Lewis,12,23 06 30.3652 -05 02 36.70,10.296,-1.0,2559.0,0.089,0.119,5.24,6.0995899,0.029,89.79,0.002,0.082,9.2,6.01,249.1,0.5,0.9,26.57,0.0,X,0.05
TRAPPIST-1,e,Transit,GTO,1331,1,2,Archived,BOTS,PRISM,SUB512,NRSRAPID,5.0,"Oct 28, 2023 21:53:04","Oct 29, 2023 02:39:50",5.65,Lewis,12,23 06 30.3652 -05 02 36.70,10.296,-1.0,2559.0,0.089,0.119,5.24,6.0995899,0.029,89.79,0.002,0.082,9.2,6.01,249.1,0.5,0.9,26.57,0.0,X,0.05
TRAPPIST-1,e,Transit,GTO,1331,1,4,Skipped,BOTS,PRISM,SUB512,NRSRAPID,5.0,X,X,5.65,Lewis,12,23 06 30.3652 -05 02 36.70,10.296,-1.0,2559.0,0.089,0.119,5.24,6.0995899,0.029,89.79,0.002,0.082,9.2,6.01,249.1,0.5,0.9,26.57,0.0,X,0.05
TRAPPIST-1,e,Transit,GTO,1331,1,104,Archived,BOTS,PRISM,SUB512,NRSRAPID,5.0,"Jul 23, 2023 07:32:28","Jul 23, 2023 12:22:22",5.65,Lewis,12,23 06 30.3652 -05 02 36.70,10.296,-1.0,2559.0,0.089,0.119,5.24,6.0995899,0.029,89.79,0.002,0.082,9.2,6.01,249.1,0.5,0.9,26.57,0.0,X,0.05
TRAPPIST-1,g,Transit,GO,2589,1,7,Archived,BOTS,PRISM,SUB512,NRSRAPID,6.0,"Dec 12, 2022 08:45:33","Dec 12, 2022 14:57:48",6.74,Lim,0,23 06 30.3341 -05 02 36.46,10.296,-1.0,2559.0,0.089,0.119,5.24,12.35294,0.047,89.71,0.004,0.101,11.61,6.17,196.9,0.8,1.1,20.46,0.0,X,0.05
TRAPPIST-1,g,Transit,GO,2589,1,5,Skipped,BOTS,PRISM,SUB512,NRSRAPID,6.0,X,X,6.71,Lim,0,23 06 30.3341 -05 02 36.46,10.296,-1.0,2559.0,0.089,0.119,5.24,12.35294,0.047,89.71,0.004,0.101,11.61,6.17,196.9,0.8,1.1,20.46,0.0,X,0.05
HD 189733,b,Transit,GO,1633,1,3,Archived,MRS,X,FULL,FASTR1,30.0,"Aug 23, 2022 01:35:56","Aug 23, 2022 08:56:55",7.98,Deming,12,20 00 43.7093 +22 42 35.19,5.541,19.76,5031.5,0.828,0.766,4.582,2.2185752,0.031,85.71,1.144,1.139,24.99,1.17,1204.9,2.3,1.8,861.48,299.93,X,-0.03
HD 189733,b,Transit,GO,1633,1,1,Archived,MRS,X,FULL,FASTR1,30.0,"Apr 24, 2023 02:44:39","Apr 24, 2023 10:07:14",8.07,Deming,12,20 00 43.7093 +22 42 35.19,5.541,19.76,5031.5,0.828,0.766,4.582,2.2185752,0.031,85.71,1.144,1.139,24.99,1.17,1204.9,2.3,1.8,861.48,299.93,X,-0.03
HD 189733,b,Transit,GO,1633,1,4,Archived,GTS,GRISMR+F322W2,SUBGRISM64,BRIGHT1,3.0,"Aug 29, 2022 17:24:45","Aug 30, 2022 00:37:27",7.81,Deming,12,20 00 43.7093 +22 42 35.19,5.541,19.76,5031.5,0.828,0.766,4.582,2.2185752,0.031,85.71,1.144,1.139,24.99,1.17,1204.9,2.3,1.8,861.48,299.93,X,-0.03
HD 209458,b,Transit,GO,2667,1,1,Skipped,LRS,X,SLITLESSPRISM,FASTR1,7.0,X,X,9.37,Wakeford,12,22 03 10.8053 +18 53 3.27,6.308,48.3,6065.0,1.119,1.18,4.361,3.5247486,0.047,86.71,0.685,1.38,10.2,0.4,1464.3,1.6,3.0,920.51,191.81,X,0.0
TRAPPIST-1,c,Eclipse,GO,2304,1,2,Archived,F1500W,X,FULL,FASTR1,13.0,"Nov 30, 2022 10:43:10","Nov 30, 2022 15:03:50",4.57,Kreidberg,12,23 06 30.3341 -05 02 36.46,10.296,-1.0,2559.0,0.09,0.118,5.24,2.421848,0.016,89.62,0.004,0.096,12.67,7.07,337.5,0.7,0.7,31.2,0.0,X,0.04
TRAPPIST-1,c,Eclipse,GO,2304,1,4,Archived,F1500W,X,FULL,FASTR1,13.0,"Nov 6, 2022 05:42:51","Nov 6, 2022 09:45:53",4.46,Kreidberg,12,23 06 30.3341 -05 02 36.46,10.296,-1.0,2559.0,0.09,0.118,5.24,2.421848,0.016,89.62,0.004,0.096,12.67,7.07,337.5,0.7,0.7,31.2,0.0,X,0.04
TRAPPIST-1,c,Transit,GO,2420,1,4,Archived,BOTS,PRISM,SUB512S,NRSRAPID,6.0,"Nov 8, 2023 02:05:40","Nov 8, 2023 08:00:59",6.27,Rathcke,0,23 06 30.3341 -05 02 36.46,10.296,-1.0,2559.0,0.09,0.118,5.24,2.421848,0.016,89.62,0.004,0.096,12.67,7.07,337.5,0.7,0.7,31.2,0.0,X,0.04
TRAPPIST-1,c,Transit,GO,2589,1,4,Archived,SOSS,X,SUBSTRIP256,NISRAPID,18.0,"Oct 31, 2023 20:16:59","Nov 1, 2023 02:06:43",6.76,Lim,0,23 06 30.3341 -05 02 36.46,10.296,-1.0,2559.0,0.09,0.118,5.24,2.421848,0.016,89.62,0.004,0.096,12.67,7.07,337.5,0.7,0.7,31.2,0.0,X,0.04
TRAPPIST-1,c,Transit,GO,2420,1,1,Archived,BOTS,PRISM,SUB512S,NRSRAPID,3.0,"Jul 11, 2022 18:23:03","Jul 12, 2022 00:05:40",6.25,Rathcke,0,23 06 30.3341 -05 02 36.46,10.296,-1.0,2559.0,0.09,0.118,5.24,2.421848,0.016,89.62,0.004,0.096,12.67,7.07,337.5,0.7,0.7,31.2,0.0,X,0.04
TRAPPIST-1,c,Eclipse,GO,2304,1,1,Archived,F1500W,X,FULL,FASTR1,13.0,"Oct 27, 2022 12:55:21","Oct 27, 2022 17:22:35",4.48,Kreidberg,12,23 06 30.3341 -05 02 36.46,10.296,-1.0,2559.0,0.09,0.118,5.24,2.421848,0.016,89.62,0.004,0.096,12.67,7.07,337.5,0.7,0.7,31.2,0.0,X,0.04
TRAPPIST-1,c,Transit,GO,2589,1,3,Archived,SOSS,X,SUBSTRIP256,NISRAPID,18.0,"Oct 28, 2022 17:45:31","Oct 28, 2022 23:34:49",6.67,Lim,0,23 06 30.3341 -05 02 36.46,10.296,-1.0,2559.0,0.09,0.118,5.24,2.421848,0.016,89.62,0.004,0.096,12.67,7.07,337.5,0.7,0.7,31.2,0.0,X,0.04
TRAPPIST-1,c,Transit,GO,2420,1,3,Archived,BOTS,PRISM,SUB512S,NRSRAPID,6.0,"Oct 29, 2023 09:34:58","Oct 29, 2023 15:30:28",6.27,Rathcke,0,23 06 30.3341 -05 02 36.46,10.296,-1.0,2559.0,0.09,0.118,5.24,2.421848,0.016,89.62,0.004,0.096,12.67,7.07,337.5,0.7,0.7,31.2,0.0,X,0.04
TRAPPIST-1,c,Transit,GO,2420,1,2,Failed,BOTS,PRISM,SUB512S,NRSRAPID,6.0,"Nov 17, 2023 18:36:28","Nov 17, 2023 19:11:19",6.27,Rathcke,0,23 06 30.3341 -05 02 36.46,10.296,-1.0,2559.0,0.09,0.118,5.24,2.421848,0.016,89.62,0.004,0.096,12.67,7.07,337.5,0.7,0.7,31.2,0.0,X,0.04
Kepler-51,b,Transit,GO,2454,1,1,Archived,BOTS,PRISM,SUB512,NRSRAPID,17.0,"May 29, 2023 17:55:25","May 30, 2023 07:15:17",15.01,Gao,12,19 45 55.1430 +49 56 15.54,13.197,783.83,5786.5,1.035,0.896,4.51,45.1553007,0.253,89.95,0.011,0.642,0.78,0.06,525.2,0.7,5.8,146.54,0.01,X,0.01
TOI-849,b,PhaseC,SURVEY,2765,1,1,Withdrawn,BOTS,PRISM,SUB512,NRSRAPID,3.0,X,X,23.41,Valenti,0,01 54 51.7910 -29 25 18.15,10.418,225.73,5284.0,0.95,0.921,4.477,0.7655502,0.016,86.42,0.127,0.32,35.15,5.87,1949.5,0.1,1.6,22.69,6.99,X,0.19
TOI-849,b,PhaseC,SURVEY,2765,1,2,Withdrawn,BOTS,PRISM,SUB512,NRSRAPID,3.0,X,X,34.64,Valenti,0,01 54 51.7910 -29 25 18.15,10.418,225.73,5284.0,0.95,0.921,4.477,0.7655502,0.016,86.42,0.127,0.32,35.15,5.87,1949.5,0.1,1.6,22.69,6.99,X,0.19
TRAPPIST-1,b,Transit,GO,2589,1,1,Archived,SOSS,X,SUBSTRIP256,NISRAPID,18.0,"Jul 18, 2022 12:44:20","Jul 18, 2022 18:48:37",6.47,Lim,0,23 06 30.3341 -05 02 36.46,10.296,-1.0,2562.5,0.09,0.117,5.258,1.51087,0.012,89.53,0.003,0.1,9.15,4.92,393.6,0.8,0.6,53.27,0.02,X,0.04
TRAPPIST-1,b,Transit,GO,2589,1,2,Archived,SOSS,X,SUBSTRIP256,NISRAPID,18.0,"Jul 20, 2022 00:59:56","Jul 20, 2022 07:04:06",6.47,Lim,0,23 06 30.3341 -05 02 36.46,10.296,-1.0,2562.5,0.09,0.117,5.258,1.51087,0.012,89.53,0.003,0.1,9.15,4.92,393.6,0.8,0.6,53.27,0.02,X,0.04
LHS 1140,b,Transit,GO,2334,1,2,Archived,BOTS,G235H,SUB2048,NRSRAPID,8.0,"Jul 5, 2023 19:58:40","Jul 6, 2023 02:37:36",7.26,Damiano,12,00 44 59.6717 -15 16 26.79,8.821,14.99,3131.0,0.179,0.214,5.049,24.737165,0.094,89.89,0.02,0.154,24.48,8.5,227.5,0.5,2.1,69.87,0.0,X,-0.24
K2-18,b,Transit,GO,2372,1,1,Archived,BOTS,G235H,SUB2048,NRSRAPID,9.0,"Jan 18, 2024 00:55:09","Jan 18, 2024 11:17:22",11.34,Hu,12,11 30 14.4338 +07 35 16.19,8.899,38.03,3457.0,0.386,0.411,4.786,32.940045,0.146,89.58,0.026,0.207,17.19,4.44,279.6,0.3,2.7,42.91,0.0,X,0.1
K2-18,b,Transit,GO,2722,1,1,Archived,BOTS,G395H,SUB2048,NRSRAPID,12.0,"Jan 20, 2023 18:37:38","Jan 21, 2023 01:11:32",7.16,Madhusudhan,12,11 30 14.4311 +07 35 16.13,8.899,38.03,3457.0,0.386,0.411,4.786,32.940045,0.146,89.58,0.026,0.207,17.19,4.44,279.6,0.3,2.7,42.91,0.0,X,0.1
K2-18,b,Transit,GO,2722,1,3,Archived,SOSS,X,SUBSTRIP256,NISRAPID,4.0,"Jun 1, 2023 13:49:20","Jun 1, 2023 19:36:05",6.94,Madhusudhan,12,11 30 14.4311 +07 35 16.13,8.899,38.03,3457.0,0.386,0.411,4.786,32.940045,0.146,89.58,0.026,0.207,17.19,4.44,279.6,0.3,2.7,42.91,0.0,X,0.1
K2-18,b,Transit,GO,2372,1,2,Archived,BOTS,G235H,SUB2048,NRSRAPID,9.0,"Jan 14, 2025 09:01:21","Jan 14, 2025 19:28:17",11.34,Hu,12,11 30 14.4338 +07 35 16.19,8.899,38.03,3457.0,0.386,0.411,4.786,32.940045,0.146,89.58,0.026,0.207,17.19,4.44,279.6,0.3,2.7,42.91,0.0,X,0.1
K2-18,b,Transit,GO,2372,1,7,Archived,BOTS,G395H,SUB2048,NRSRAPID,16.0,"May 28, 2024 19:18:00","May 29, 2024 05:35:06",11.34,Hu,12,11 30 14.4338 +07 35 16.19,8.899,38.03,3457.0,0.386,0.411,4.786,32.940045,0.146,89.58,0.026,0.207,17.19,4.44,279.6,0.3,2.7,42.91,0.0,X,0.1
K2-18,b,Transit,GO,2722,1,2,Archived,LRS,X,SLITLESSPRISM,FASTR1,25.0,"Apr 25, 2024 21:51:08","Apr 26, 2024 05:05:42",7.86,Madhusudhan,12,11 30 14.4311 +07 35 16.13,8.899,38.03,3457.0,0.386,0.411,4.786,32.940045,0.146,89.58,0.026,0.207,17.19,4.44,279.6,0.3,2.7,42.91,0.0,X,0.1
HD 80606,b,PhaseC,GO,2008,1,1,Archived,LRS,X,SLITLESSPRISM,FASTR1,14.0,"Apr 10, 2025 16:03:58","Apr 11, 2025 15:12:49",26.04,Kataria,12,09 22 37.6680 +50 36 13.60,7.316,66.47,5565.9,1.018,1.04,4.408,111.436545,0.456,89.24,4.116,1.003,115.97,6.19,405.1,1.1,11.9,13.17,0.04,X,0.35
HIP 67522,b,Transit,GO,2498,1,1,Archived,BOTS,G395H,SUB2048,NRSRAPID,9.0,"Feb 27, 2023 02:23:15","Feb 27, 2023 10:30:04",8.95,Mann,12,13 50 6.2402 -40 50 9.23,8.164,127.28,5675.0,1.22,1.38,4.219,6.9594718,0.075,89.28,-1.0,0.891,-1.0,-1.0,1175.8,0.5,4.8,-1.0,12.84,X,0.0
K2-141,b,PhaseC,GO,2347,1,1,Archived,LRS,X,SLITLESSPRISM,FASTR1,41.0,"Jun 8, 2023 03:12:47","Jun 9, 2023 01:08:53",25.12,Dang,12,23 23 40.0911 -01 11 21.06,8.401,61.87,4570.0,0.707,0.681,4.602,0.2803244,0.007,86.3,0.016,0.135,25.16,9.99,2126.3,0.1,0.9,10.0,8.87,X,0.02
K2-141,b,PhaseC,GO,2159,1,1,Archived,BOTS,G395H,SUB2048,NRSRAPID,10.0,"Jul 5, 2023 06:05:28","Jul 5, 2023 18:46:45",14.91,Espinoza,12,23 23 40.0950 -01 11 21.05,8.401,61.87,4570.0,0.707,0.681,4.602,0.2803244,0.007,86.3,0.016,0.135,25.16,9.99,2126.3,0.1,0.9,10.0,8.87,X,0.02
K2-18,b,Transit,GO,2372,1,5,Archived,BOTS,G395H,SUB2048,NRSRAPID,16.0,"May 26, 2025 03:27:31","May 26, 2025 13:45:13",11.34,Hu,12,11 30 14.4338 +07 35 16.19,8.899,38.03,3457.0,0.386,0.411,4.786,32.940045,0.146,89.58,0.026,0.207,17.19,4.44,279.6,0.3,2.7,42.91,0.0,X,0.1
K2-18,b,Transit,GO,2372,1,4,Archived,BOTS,G395H,SUB2048,NRSRAPID,16.0,"Dec 12, 2024 10:32:12","Dec 12, 2024 20:58:58",11.34,Hu,12,11 30 14.4338 +07 35 16.19,8.899,38.03,3457.0,0.386,0.411,4.786,32.940045,0.146,89.58,0.026,0.207,17.19,4.44,279.6,0.3,2.7,42.91,0.0,X,0.1
K2-18,b,Transit,GO,2372,1,3,Failed - Archived,BOTS,G395H,SUB2048,NRSRAPID,16.0,"Apr 29, 2023 12:36:52","Apr 29, 2023 13:11:33",11.35,Hu,12,11 30 14.4338 +07 35 16.19,8.899,38.03,3457.0,0.386,0.411,4.786,32.940045,0.146,89.58,0.026,0.207,17.19,4.44,279.6,0.3,2.7,42.91,0.0,X,0.1
K2-18,b,Transit,GO,2372,1,6,Archived,BOTS,G395H,SUB2048,NRSRAPID,16.0,"Dec 9, 2025 18:42:56","Dec 10, 2025 05:09:53",11.34,Hu,12,11 30 14.4338 +07 35 16.19,8.899,38.03,3457.0,0.386,0.411,4.786,32.940045,0.146,89.58,0.026,0.207,17.19,4.44,279.6,0.3,2.7,42.91,0.0,X,0.1
WASP-121,b,PhaseC,GO,1729,1,1,Archived,BOTS,G395H,SUB2048,NRSRAPID,42.0,"Oct 14, 2022 07:05:00","Oct 15, 2022 22:00:09",44.8,Mikal-Evans,12,07 10 24.0555 -39 05 50.17,9.374,269.9,6459.0,1.353,1.458,4.242,1.274925,0.026,88.04,1.17,1.776,10.51,0.32,2351.6,1.6,2.9,294.7,160.45,X,0.13
WASP-127,b,Transit,GO,2437,1,1,Archived,BOTS,G395H,SUB2048,NRSRAPID,14.0,"May 8, 2023 07:22:36","May 8, 2023 19:03:55",13.11,Pelletier,12,10 42 14.1035 -03 50 6.00,8.641,159.51,5620.0,1.08,1.369,4.18,4.178062,0.05,88.2,0.172,1.311,2.84,0.12,1415.0,1.0,4.3,769.49,44.07,X,-0.18
HD 80606,b,Eclipse,GO,2488,1,1,Archived,BOTS,G395H,SUB2048,NRSRAPID,5.0,"Nov 1, 2022 05:04:55","Nov 2, 2022 03:12:43",25.11,Sikora,12,09 22 37.6680 +50 36 13.60,7.316,66.47,5565.9,1.018,1.04,4.408,111.436545,0.456,89.24,4.116,1.003,115.97,6.19,405.1,1.1,11.9,13.17,0.04,X,0.35
TRAPPIST-1,c,Eclipse,GO,2304,1,3,Archived,F1500W,X,FULL,FASTR1,13.0,"Oct 29, 2022 23:03:01","Oct 30, 2022 03:22:25",4.46,Kreidberg,12,23 06 30.3341 -05 02 36.46,10.296,-1.0,2559.0,0.09,0.118,5.24,2.421848,0.016,89.62,0.004,0.096,12.67,7.07,337.5,0.7,0.7,31.2,0.0,X,0.04
TRAPPIST-1,c,Transit,GO,2420,1,5,Archived,BOTS,PRISM,SUB512,NRSRAPID,6.0,"Jul 9, 2024 16:58:54","Jul 9, 2024 23:03:05",6.26,Rathcke,0,23 06 30.3341 -05 02 36.46,10.296,-1.0,2559.0,0.09,0.118,5.24,2.421848,0.016,89.62,0.004,0.096,12.67,7.07,337.5,0.7,0.7,31.2,0.0,X,0.04
Kepler-51,d,Transit,GO,2571,1,1,Archived,BOTS,PRISM,SUB512,NRSRAPID,12.0,"Jun 26, 2023 02:10:16","Jun 26, 2023 17:46:04",18.3,Libby-Roberts,12,19 45 55.1430 +49 56 15.54,13.197,783.83,5770.0,1.04,0.881,4.51,130.1780296,0.512,89.95,0.02,0.892,0.72,0.04,364.9,1.2,8.4,158.49,0.0,X,0.01
L 168-9,b,Transit,GO,2512,1,11,Archived,BOTS,G395H,SUB2048,NRSRAPID,4.0,"Jun 18, 2023 17:41:17","Jun 18, 2023 23:14:05",5.97,Batalha,0,23 20 6.8620 -60 03 56.63,7.082,25.15,3800.0,0.62,0.6,4.359,1.4015222,0.021,85.5,0.014,0.13,22.73,9.33,982.9,0.1,1.1,11.71,2.18,X,0.04
L 168-9,b,Transit,GO,2512,1,13,Archived,BOTS,G395H,SUB2048,NRSRAPID,4.0,"Jun 3, 2023 07:42:18","Jun 3, 2023 13:15:08",5.97,Batalha,0,23 20 6.8620 -60 03 56.63,7.082,25.15,3800.0,0.62,0.6,4.359,1.4015222,0.021,85.5,0.014,0.13,22.73,9.33,982.9,0.1,1.1,11.71,2.18,X,0.04
L 168-9,b,Transit,GO,2512,1,12,Archived,BOTS,G395H,SUB2048,NRSRAPID,4.0,"Jun 27, 2023 03:29:54","Jun 27, 2023 09:09:33",5.97,Batalha,0,23 20 6.8620 -60 03 56.63,7.082,25.15,3800.0,0.62,0.6,4.359,1.4015222,0.021,85.5,0.014,0.13,22.73,9.33,982.9,0.1,1.1,11.71,2.18,X,0.04
WASP-39,b,Transit,DD,2783,1,1,Archived,LRS,X,SLITLESSPRISM,FASTR1,100.0,"Feb 14, 2023 13:44:35","Feb 14, 2023 23:00:46",10.29,Powell,0,14 29 18.3955 -03 26 40.20,10.202,213.98,5326.6,0.918,1.013,4.389,4.0552832,0.049,87.76,0.28,1.279,4.85,0.2,1173.1,2.2,2.8,324.05,20.93,X,-0.03
WASP-39,b,Transit,ERS,1366,1,3,Archived,BOTS,G395H,SUB2048,NRSRAPID,70.0,"Jul 30, 2022 20:46:32","Jul 31, 2022 06:21:30",10.56,Meech,0,14 29 18.3955 -03 26 40.20,10.202,213.98,5326.6,0.918,1.013,4.389,4.0552832,0.049,87.76,0.28,1.279,4.85,0.2,1173.1,2.2,2.8,324.05,20.93,X,-0.03
WASP-39,b,Transit,ERS,1366,1,2,Archived,GTS,GRISMR+F322W2,SUBGRISM256,SHALLOW4,12.0,"Jul 22, 2022 18:10:36","Jul 23, 2022 03:39:36",10.45,Meech,0,14 29 18.3955 -03 26 40.20,10.202,213.98,5326.6,0.918,1.013,4.389,4.0552832,0.049,87.76,0.28,1.279,4.85,0.2,1173.1,2.2,2.8,324.05,20.93,X,-0.03
WASP-39,b,Transit,ERS,1366,1,4,Archived,BOTS,PRISM,SUB512,NRSRAPID,5.0,"Jul 10, 2022 14:05:46","Jul 10, 2022 23:38:37",10.52,Meech,0,14 29 18.3955 -03 26 40.20,10.202,213.98,5326.6,0.918,1.013,4.389,4.0552832,0.049,87.76,0.28,1.279,4.85,0.2,1173.1,2.2,2.8,324.05,20.93,X,-0.03
GJ 341,b,Transit,GO,1981,1,32,Archived,GTS,GRISMR+F444W,SUBGRISM128,BRIGHT1,3.0,"Mar 2, 2023 17:50:00","Mar 3, 2023 00:20:17",7.1,Stevenson,0,09 21 35.8504 -60 16 52.21,5.587,10.45,3768.0,0.48,0.518,4.74,7.5768467,0.059,89.24,0.013,0.078,58.68,40.27,538.0,0.0,2.2,3.96,0.05,X,-0.16
GJ 341,b,Transit,GO,1981,1,33,Archived,GTS,GRISMR+F444W,SUBGRISM128,BRIGHT1,3.0,"Apr 17, 2023 05:32:04","Apr 17, 2023 11:47:07",7.1,Stevenson,0,09 21 35.8504 -60 16 52.21,5.587,10.45,3768.0,0.48,0.518,4.74,7.5768467,0.059,89.24,0.013,0.078,58.68,40.27,538.0,0.0,2.2,3.96,0.05,X,-0.16
GJ 341,b,Transit,GO,1981,1,31,Archived,GTS,GRISMR+F444W,SUBGRISM128,BRIGHT1,3.0,"Mar 10, 2023 07:40:32","Mar 10, 2023 14:11:15",7.1,Stevenson,0,09 21 35.8504 -60 16 52.21,5.587,10.45,3768.0,0.48,0.518,4.74,7.5768467,0.059,89.24,0.013,0.078,58.68,40.27,538.0,0.0,2.2,3.96,0.05,X,-0.16
GJ 1132,b,Transit,GO,1981,1,23,Archived,BOTS,G395M,SUB2048,NRSRAPID,6.0,"Feb 8, 2024 22:07:45","Feb 9, 2024 02:40:58",4.6,Stevenson,0,10 14 50.1768 -47 09 17.77,8.322,12.61,3249.5,0.181,0.216,5.02,1.62893,0.015,88.33,0.005,0.106,13.1,6.59,587.9,0.2,0.8,43.29,0.42,X,-0.17
GJ 1132,b,Transit,GO,1981,1,24,Archived,BOTS,G395M,SUB2048,NRSRAPID,6.0,"Jun 5, 2024 05:02:24","Jun 5, 2024 09:51:30",4.95,Stevenson,0,10 14 50.1768 -47 09 17.77,8.322,12.61,3249.5,0.181,0.216,5.02,1.62893,0.015,88.33,0.005,0.106,13.1,6.59,587.9,0.2,0.8,43.29,0.42,X,-0.17
GJ 1214,b,PhaseC,GO,1803,1,1,Archived,LRS,X,SLITLESSPRISM,FASTR1,42.0,"Jul 20, 2022 13:58:41","Jul 22, 2022 08:21:50",48.61,Bean,12,17 15 19.5358 +04 57 38.45,8.782,14.64,3026.0,0.157,0.211,5.0,1.5804046,0.015,88.94,0.02,0.24,9.86,2.2,549.1,1.3,0.9,680.55,1.24,X,0.1
55 Cnc,e,Eclipse,GO,2084,1,4,Skipped,GTS,GRISMR+F444W,SUBGRISM64,RAPID,2.0,X,X,6.25,Brandeker,12,08 52 35.2410 +28 19 47.34,4.015,12.59,5250.0,0.905,0.964,4.425,0.7365462,0.016,84.65,0.025,0.172,24.24,7.52,1983.8,0.0,1.6,309.73,37.28,X,0.35
55 Cnc,e,Eclipse,GO,2084,1,5,Archived,GTS,GRISMR+F444W,SUBGRISM64,RAPID,2.0,"Apr 24, 2023 10:36:29","Apr 24, 2023 16:31:59",6.35,Brandeker,12,08 52 35.2410 +28 19 47.34,4.015,12.59,5250.0,0.905,0.964,4.425,0.7365462,0.016,84.65,0.025,0.172,24.24,7.52,1983.8,0.0,1.6,309.73,37.28,X,0.35
GJ 1132,b,Transit,GO,1981,1,21,Archived,BOTS,G395H,SUB2048,NRSRAPID,14.0,"Mar 5, 2023 11:35:55","Mar 5, 2023 15:58:32",4.62,Stevenson,0,10 14 50.1768 -47 09 17.77,8.322,12.61,3249.5,0.181,0.216,5.02,1.62893,0.015,88.33,0.005,0.106,13.1,6.59,587.9,0.2,0.8,43.29,0.42,X,-0.17
GJ 1132,b,Transit,GO,1981,1,22,Archived,BOTS,G395H,SUB2048,NRSRAPID,14.0,"Feb 25, 2023 08:07:53","Feb 25, 2023 12:30:30",4.62,Stevenson,0,10 14 50.1768 -47 09 17.77,8.322,12.61,3249.5,0.181,0.216,5.02,1.62893,0.015,88.33,0.005,0.106,13.1,6.59,587.9,0.2,0.8,43.29,0.42,X,-0.17
GJ 486,b,Transit,GO,1981,1,12,Archived,BOTS,G395H,SUB2048,NRSRAPID,3.0,"Dec 29, 2022 19:55:11","Dec 30, 2022 00:47:10",5.19,Stevenson,0,12 47 55.5675 +09 44 57.91,6.362,8.07,3307.0,0.323,0.33,4.89,1.4671198,0.017,88.9,0.009,0.117,18.28,8.34,699.4,0.1,1.0,43.0,1.72,X,-0.15
WASP-17,b,Transit,GTO,1353,1,101,Archived,SOSS,X,SUBSTRIP256,NISRAPID,8.0,"Mar 20, 2023 09:44:14","Mar 20, 2023 21:06:25",12.72,Lewis,12,15 59 50.9395 -28 03 42.46,10.224,405.91,6550.0,1.306,1.572,4.176,3.7354417,0.051,86.83,0.49,1.892,3.88,0.11,1748.8,1.7,4.4,367.69,50.36,X,-0.19
WASP-17,b,Transit,GTO,1353,1,5,Archived,LRS,X,SLITLESSPRISM,FASTR1,175.0,"Mar 12, 2023 22:29:28","Mar 13, 2023 09:45:26",12.61,Lewis,12,15 59 50.9395 -28 03 42.46,10.224,405.91,6550.0,1.306,1.572,4.176,3.7354417,0.051,86.83,0.49,1.892,3.88,0.11,1748.8,1.7,4.4,367.69,50.36,X,-0.19
WASP-17,b,Eclipse,GTO,1353,1,6,Archived,LRS,X,SLITLESSPRISM,FASTR1,175.0,"Mar 14, 2023 19:18:44","Mar 15, 2023 06:34:42",12.61,Lewis,12,15 59 50.9395 -28 03 42.46,10.224,405.91,6550.0,1.306,1.572,4.176,3.7354417,0.051,86.83,0.49,1.892,3.88,0.11,1748.8,1.7,4.4,367.69,50.36,X,-0.19
WASP-17,b,Eclipse,GTO,1353,1,2,Archived,SOSS,X,SUBSTRIP256,NISRAPID,8.0,"Mar 22, 2023 06:33:33","Mar 22, 2023 17:57:41",12.72,Lewis,12,15 59 50.9395 -28 03 42.46,10.224,405.91,6550.0,1.306,1.572,4.176,3.7354417,0.051,86.83,0.49,1.892,3.88,0.11,1748.8,1.7,4.4,367.69,50.36,X,-0.19
GJ 367,b,PhaseC,GO,2508,1,1,Archived,LRS,X,SLITLESSPRISM,FASTR1,5.0,"Feb 22, 2023 02:33:20","Feb 22, 2023 16:13:30",15.84,Zhang,12,09 44 29.1514 -45 46 44.46,5.78,9.41,3522.0,0.454,0.458,4.777,0.3219233,0.007,80.32,0.002,0.064,12.81,10.7,1364.5,0.0,0.6,44.31,6.71,X,-0.01
WASP-43,b,PhaseC,ERS,1366,1,11,Archived,LRS,X,SLITLESSPRISM,FASTR1,64.0,"Nov 30, 2022 23:36:01","Dec 2, 2022 03:25:16",31.82,Meech,0,10 19 37.9649 -09 48 23.19,9.267,86.75,4400.0,0.65,0.667,4.573,0.8134741,0.015,82.11,1.899,1.006,53.19,2.83,1433.1,2.6,1.2,100.86,124.96,X,-0.05
WD 1856+534,b,Transit,GO,2358,1,1,Archived,BOTS,PRISM,SUB2048,NRSRAPID,33.0,"Aug 29, 2022 14:59:19","Aug 29, 2022 15:38:32",3.33,MacDonald,12,18 57 39.3437 +53 30 33.30,15.548,24.74,4920.0,0.562,0.013,7.915,1.4079392,0.021,88.78,9.5,0.937,306.75,17.52,185.4,52.6,0.2,327.37,0.0,X,-999.0
WD 1856+534,b,Transit,GO,2358,1,3,Skipped,BOTS,PRISM,SUB2048,NRSRAPID,33.0,X,X,3.33,MacDonald,12,18 57 39.3437 +53 30 33.30,15.548,24.74,4920.0,0.562,0.013,7.915,1.4079392,0.021,88.78,9.5,0.937,306.75,17.52,185.4,52.6,0.2,327.37,0.0,X,-999.0
55 Cnc,e,Eclipse,GO,2084,1,1,Archived,GTS,GRISMR+F444W,SUBGRISM64,RAPID,2.0,"Nov 18, 2022 13:21:28","Nov 18, 2022 19:13:05",6.25,Brandeker,12,08 52 35.2410 +28 19 47.34,4.015,12.59,5250.0,0.905,0.964,4.425,0.7365462,0.016,84.65,0.025,0.172,24.24,7.52,1983.8,0.0,1.6,309.73,37.28,X,0.35
WD 1856+534,b,Transit,GO,2358,1,2,Archived,BOTS,PRISM,SUB2048,NRSRAPID,33.0,"Aug 31, 2022 00:46:47","Aug 31, 2022 01:38:38",3.33,MacDonald,12,18 57 39.3437 +53 30 33.30,15.548,24.74,4920.0,0.562,0.013,7.915,1.4079392,0.021,88.78,9.5,0.937,306.75,17.52,185.4,52.6,0.2,327.37,0.0,X,-999.0
WD 1856+534,b,Transit,GO,2507,1,1,Archived,BOTS,G395M,SUB2048,NRSRAPID,16.0,"Jun 17, 2023 01:59:03","Jun 17, 2023 04:59:29",3.03,Vanderburg,12,18 57 39.7620 +53 30 32.49,15.548,24.74,4920.0,0.562,0.013,7.915,1.4079392,0.021,88.78,9.5,0.937,306.75,17.52,185.4,52.6,0.2,327.37,0.0,X,-999.0
WD 1856+534,b,Transit,GO,2358,1,4,Archived,BOTS,PRISM,SUB2048,NRSRAPID,33.0,"Sep 4, 2022 06:09:11","Sep 4, 2022 06:38:33",3.33,MacDonald,12,18 57 39.3437 +53 30 33.30,15.548,24.74,4920.0,0.562,0.013,7.915,1.4079392,0.021,88.78,9.5,0.937,306.75,17.52,185.4,52.6,0.2,327.37,0.0,X,-999.0
WASP-63,b,Transit,GO,2113,1,5,Archived,SOSS,X,SUBSTRIP256,NISRAPID,4.0,"Sep 28, 2023 18:01:44","Sep 29, 2023 06:11:49",13.8,Espinoza,12,06 17 20.7248 -38 19 24.19,9.393,290.68,5560.0,1.28,1.86,4.01,4.378082,0.056,87.8,0.37,1.382,5.49,0.21,1548.1,0.6,5.4,175.92,25.2,X,0.08
WD 1856+534,b,Transit,GO,2358,1,30,Archived,BOTS,PRISM,SUB2048,NRSRAPID,33.0,"Apr 27, 2023 09:22:11","Apr 27, 2023 12:39:24",3.36,MacDonald,12,18 57 39.7755 +53 30 32.46,15.548,24.74,4920.0,0.562,0.013,7.915,1.4079392,0.021,88.78,9.5,0.937,306.75,17.52,185.4,52.6,0.2,327.37,0.0,X,-999.0
TOI-1231,b,Transit,GO,3557,2,1,Archived,SOSS,X,SUBSTRIP256,NISRAPID,2.0,"Jan 21, 2025 19:04:36","Jan 22, 2025 02:21:43",7.66,Madhusudhan,12,10 26 59.3375 -52 28 4.16,8.069,27.62,3544.0,0.485,0.471,4.808,24.2455413,0.129,89.73,0.048,0.336,12.18,1.94,326.7,0.6,3.3,130.1,0.0,X,0.04
TOI-125,b,Transit,GO,4126,2,101,Archived,BOTS,G395H,SUB2048,NRSRAPID,22.0,"Sep 29, 2024 18:41:25","Sep 30, 2024 03:55:24",9.97,Fisher,12,01 34 22.4221 -66 40 34.86,8.995,111.06,5282.0,0.871,0.852,4.516,4.651853,0.052,88.92,0.03,0.244,14.17,3.1,1031.2,0.1,3.0,50.37,1.13,X,0.07
TOI-125,b,Transit,GO,4126,2,1,Skipped,BOTS,G395H,SUB2048,NRSRAPID,22.0,X,X,9.97,Fisher,12,01 34 22.4221 -66 40 34.86,8.995,111.06,5282.0,0.871,0.852,4.516,4.651853,0.052,88.92,0.03,0.244,14.17,3.1,1031.2,0.1,3.0,50.37,1.13,X,0.07
TOI-125,c,Transit,GO,4126,2,201,Archived,BOTS,G395H,SUB2048,NRSRAPID,22.0,"Nov 26, 2024 17:32:08","Nov 27, 2024 02:47:15",9.95,Fisher,12,01 34 22.4221 -66 40 34.86,8.995,111.06,5282.0,0.871,0.851,4.517,9.1526075,0.082,88.54,0.021,0.246,9.76,2.12,822.5,0.1,2.9,58.89,0.39,X,0.07
TOI-561,b,PhaseC,GO,3860,2,1,Archived,BOTS,G395H,SUB2048,NRSRAPID,6.0,"May 1, 2024 21:59:19","May 3, 2024 12:35:44",44.22,Teske,12,09 52 44.4364 +06 12 57.97,8.394,85.8,5357.0,0.805,0.843,4.5,0.4465697,0.011,87.1,0.007,0.127,11.75,4.95,2303.6,0.0,1.3,14.33,4.85,X,-0.4
TOI-2445,b,PhaseC,GO,3784,2,1,Archived,BOTS,PRISM,SUB512,NRSRAPID,7.0,"Jan 28, 2024 05:18:24","Jan 28, 2024 20:10:20",16.56,Zhang,12,02 53 15.8773 +00 03 8.41,10.779,48.58,3333.0,0.25,0.271,4.964,0.3711308,0.006,-1.0,-1.0,0.118,-1.0,-1.0,1046.1,0.2,0.5,-1.0,2.67,X,-999.0
WASP-69,b,Transit,GO,3712,2,2,Archived,LRS,X,SLITLESSPRISM,FASTR1,15.0,"Oct 4, 2024 03:36:09","Oct 4, 2024 11:06:17",7.93,Cubillos,12,21 00 6.2319 -05 05 41.49,7.459,49.96,4715.0,0.826,0.813,4.535,3.8681388,0.045,86.71,0.26,1.057,6.6,0.33,963.6,1.8,2.2,889.18,41.75,X,0.15
GJ 9827,d,Transit,GO,4098,2,91,Archived,BOTS,G395H,SUB2048,NRSRAPID,4.0,"Nov 28, 2024 18:22:11","Nov 28, 2024 23:25:25",5.09,Benneke,0,23 27 5.2388 -01 17 7.13,7.193,29.66,4262.0,0.617,0.602,4.682,6.2014699,0.056,87.44,0.011,0.18,9.37,2.78,672.9,0.1,1.2,168.45,0.41,X,-0.28
HAT-P-1,b,Transit,GO,2950,2,1,Archived,LRS,X,SLITLESSPRISM,FASTR1,49.0,"Oct 27, 2024 03:59:32","Oct 27, 2024 12:32:25",10.01,Waters,12,22 57 46.8872 +38 40 29.71,8.858,158.98,5980.0,1.133,1.142,4.382,4.4652991,0.055,85.9,0.527,1.297,8.89,0.37,1310.7,1.4,2.8,292.8,39.56,X,0.13
WASP-94 A,b,Transit,GO,3154,2,1,Archived,BOTS,G395H,SUB2048,NRSRAPID,21.0,"Jun 7, 2024 13:44:14","Jun 7, 2024 22:49:03",10.35,Ahrer,12,20 55 7.9774 -34 08 8.70,8.874,211.21,6153.0,1.45,1.62,4.181,3.9501954,0.055,88.7,0.456,1.72,4.37,0.14,1607.3,1.2,4.5,478.31,62.93,X,0.26
WASP-15,b,Transit,GO,3838,2,4,Archived,BOTS,G395H,SUB2048,NRSRAPID,44.0,"Jan 26, 2024 22:17:28","Jan 27, 2024 07:32:26",10.04,Kirk,12,13 55 42.7227 -32 09 34.96,9.693,282.09,6300.0,1.18,1.477,4.35,3.7520991,0.05,85.72,0.546,1.409,7.8,0.3,1652.8,1.0,3.7,186.13,36.49,X,-0.17
WASP-47,e,Eclipse,GO,3615,2,1,Archived,BOTS,G395H,SUB2048,NRSRAPID,44.0,"Jun 13, 2024 23:21:37","Jun 14, 2024 07:00:35",8.28,Zieba,12,22 04 48.7426 -12 01 8.66,10.192,264.78,5558.5,1.04,1.137,4.34,0.789597,0.017,86.46,0.025,0.161,27.65,9.19,2191.1,0.0,1.9,11.69,1.58,X,0.38
WASP-47,e,Eclipse,GO,3615,2,2,Archived,BOTS,G395H,SUB2048,NRSRAPID,44.0,"Jun 10, 2024 00:39:26","Jun 10, 2024 08:16:05",8.28,Zieba,12,22 04 48.7426 -12 01 8.66,10.192,264.78,5558.5,1.04,1.137,4.34,0.789597,0.017,86.46,0.025,0.161,27.65,9.19,2191.1,0.0,1.9,11.69,1.58,X,0.38
WASP-52,b,Transit,GO,3969,2,3,Archived,BOTS,G395H,SUB2048,NRSRAPID,35.0,"Oct 30, 2023 21:53:30","Oct 31, 2023 04:53:55",7.52,Espinoza,12,23 13 58.7501 +08 45 39.86,10.086,174.82,5000.0,0.87,0.79,4.528,1.7497812,0.027,85.29,0.46,1.27,8.07,0.34,1301.0,2.9,1.9,372.2,57.53,X,0.03
GJ 9827,d,Transit,GO,4098,2,9,Skipped,BOTS,G395H,SUB2048,NRSRAPID,4.0,X,X,5.09,Benneke,0,23 27 5.2388 -01 17 7.13,7.193,29.66,4262.0,0.617,0.602,4.682,6.2014699,0.056,87.44,0.011,0.18,9.37,2.78,672.9,0.1,1.2,168.45,0.41,X,-0.28
GJ 9827,d,Transit,GO,4098,2,10,Archived,BOTS,G395H,SUB2048,NRSRAPID,4.0,"Jun 8, 2024 02:55:31","Jun 8, 2024 07:51:57",5.09,Benneke,0,23 27 5.2388 -01 17 7.13,7.193,29.66,4262.0,0.617,0.602,4.682,6.2014699,0.056,87.44,0.011,0.18,9.37,2.78,672.9,0.1,1.2,168.45,0.41,X,-0.28
TOI-1468,c,Transit,GO,3557,2,7,Archived,SOSS,X,SUBSTRIP256,NISRAPID,3.0,"Dec 1, 2024 16:41:02","Dec 1, 2024 22:03:31",5.44,Madhusudhan,12,01 06 36.9279 +19 13 29.60,8.497,24.74,3382.0,0.346,0.369,4.855,15.532477,0.086,89.28,0.017,0.184,14.12,4.1,337.8,0.3,1.8,83.49,0.0,X,-0.02
TOI-1468,c,Transit,GO,3557,2,8,Archived,BOTS,G395H,SUB2048,NRSRAPID,10.0,"Jul 14, 2024 22:18:31","Jul 15, 2024 03:03:04",5.16,Madhusudhan,12,01 06 36.9279 +19 13 29.60,8.497,24.74,3382.0,0.346,0.369,4.855,15.532477,0.086,89.28,0.017,0.184,14.12,4.1,337.8,0.3,1.8,83.49,0.0,X,-0.02
TOI-1468,c,Transit,GO,3557,2,9,Archived,LRS,X,SLITLESSPRISM,FASTR1,22.0,"Aug 30, 2024 11:13:03","Aug 30, 2024 17:20:17",6.32,Madhusudhan,12,01 06 36.9279 +19 13 29.60,8.497,24.74,3382.0,0.346,0.369,4.855,15.532477,0.086,89.28,0.017,0.184,14.12,4.1,337.8,0.3,1.8,83.49,0.0,X,-0.02
TOI-1685,b,Transit,GO,4195,2,4,Skipped,BOTS,G395H,SUB2048,NRSRAPID,16.0,X,X,6.17,Fisher,12,04 34 22.5504 +43 02 13.30,8.758,37.62,3459.0,0.463,0.462,4.778,0.6691398,0.012,86.1,0.01,0.131,16.16,6.62,1054.6,0.1,0.9,13.8,2.74,X,0.01
TOI-1685,b,Transit,GO,4195,2,104,Archived,BOTS,G395H,SUB2048,NRSRAPID,16.0,"Aug 31, 2024 23:13:50","Sep 1, 2024 05:13:11",6.17,Fisher,12,04 34 22.5504 +43 02 13.30,8.758,37.62,3459.0,0.463,0.462,4.778,0.6691398,0.012,86.1,0.01,0.131,16.16,6.62,1054.6,0.1,0.9,13.8,2.74,X,0.01
TOI-1685,b,Transit,GO,4098,2,3,Archived,SOSS,X,SUBSTRIP256,NISRAPID,5.0,"Jan 15, 2025 12:05:17","Jan 15, 2025 16:36:07",4.45,Benneke,0,04 34 22.5504 +43 02 13.30,8.758,37.62,3459.0,0.463,0.462,4.778,0.6691398,0.012,86.1,0.01,0.131,16.16,6.62,1054.6,0.1,0.9,13.8,2.74,X,0.01
TOI-1685,b,Transit,GO,4098,2,4,Archived,SOSS,X,SUBSTRIP256,NISRAPID,5.0,"Jan 16, 2025 04:08:53","Jan 16, 2025 08:39:47",4.45,Benneke,0,04 34 22.5504 +43 02 13.30,8.758,37.62,3459.0,0.463,0.462,4.778,0.6691398,0.012,86.1,0.01,0.131,16.16,6.62,1054.6,0.1,0.9,13.8,2.74,X,0.01
TOI-1685,b,Transit,GO,4195,2,3,Archived,BOTS,G395H,SUB2048,NRSRAPID,16.0,"Feb 25, 2024 06:32:33","Feb 25, 2024 12:27:28",6.17,Fisher,12,04 34 22.5504 +43 02 13.30,8.758,37.62,3459.0,0.463,0.462,4.778,0.6691398,0.012,86.1,0.01,0.131,16.16,6.62,1054.6,0.1,0.9,13.8,2.74,X,0.01
GJ 3090,b,Transit,GO,4098,2,14,Archived,BOTS,G395H,SUB2048,NRSRAPID,4.0,"Sep 23, 2023 00:11:23","Sep 23, 2023 05:12:09",5.22,Benneke,0,01 21 45.2173 -46 42 53.04,7.294,22.48,3629.5,0.519,0.516,4.727,2.853102,0.032,86.9,0.012,0.19,9.71,2.73,707.0,0.2,1.3,233.89,1.08,X,-0.06
GJ 3090,b,Transit,GO,4098,2,13,Archived,BOTS,G395H,SUB2048,NRSRAPID,4.0,"Aug 2, 2023 15:47:21","Aug 2, 2023 20:41:03",5.22,Benneke,0,01 21 45.2173 -46 42 53.04,7.294,22.48,3629.5,0.519,0.516,4.727,2.853102,0.032,86.9,0.012,0.19,9.71,2.73,707.0,0.2,1.3,233.89,1.08,X,-0.06
GJ 3473,b,Eclipse,GO,3730,2,4,Archived,F1500W,X,SUB256,FASTR1,39.0,"Mar 30, 2024 09:11:58","Mar 30, 2024 13:49:04",4.78,Diamond-Lowe,12,08 02 22.4521 +03 20 13.60,8.829,27.36,3347.0,0.36,0.364,4.81,1.1980035,0.016,88.06,0.006,0.11,13.61,6.6,772.5,0.1,1.0,15.82,0.71,X,0.11
GJ 3473,b,Eclipse,GO,3730,2,2,Archived,F1500W,X,SUB256,FASTR1,39.0,"Mar 13, 2024 15:01:20","Mar 13, 2024 19:19:35",4.78,Diamond-Lowe,12,08 02 22.4521 +03 20 13.60,8.829,27.36,3347.0,0.36,0.364,4.81,1.1980035,0.016,88.06,0.006,0.11,13.61,6.6,772.5,0.1,1.0,15.82,0.71,X,0.11
GJ 3473,b,Eclipse,GO,3730,2,1,Archived,F1500W,X,SUB256,FASTR1,39.0,"Mar 12, 2024 10:47:52","Mar 12, 2024 14:59:33",4.78,Diamond-Lowe,12,08 02 22.4521 +03 20 13.60,8.829,27.36,3347.0,0.36,0.364,4.81,1.1980035,0.016,88.06,0.006,0.11,13.61,6.6,772.5,0.1,1.0,15.82,0.71,X,0.11
GJ 3473,b,Eclipse,GO,3730,2,3,Skipped,F1500W,X,SUB256,FASTR1,39.0,X,X,4.78,Diamond-Lowe,12,08 02 22.4521 +03 20 13.60,8.829,27.36,3347.0,0.36,0.364,4.81,1.1980035,0.016,88.06,0.006,0.11,13.61,6.6,772.5,0.1,1.0,15.82,0.71,X,0.11
L 98-59,b,Transit,GO,3942,2,1,Archived,BOTS,G395H,SUB2048,NRSRAPID,3.0,"Jan 30, 2024 06:01:59","Jan 30, 2024 10:23:52",4.37,Damiano,12,08 18 7.8865 -68 18 52.08,7.101,10.62,3415.0,0.293,0.314,4.91,2.2531138,0.022,87.9,0.001,0.074,7.4,5.35,617.4,0.1,1.0,46.46,0.22,X,-0.46
L 98-59,b,Transit,GO,3942,2,4,Archived,BOTS,G395H,SUB2048,NRSRAPID,3.0,"Feb 19, 2024 12:41:46","Feb 19, 2024 17:03:48",4.37,Damiano,12,08 18 7.8865 -68 18 52.08,7.101,10.62,3415.0,0.293,0.314,4.91,2.2531138,0.022,87.9,0.001,0.074,7.4,5.35,617.4,0.1,1.0,46.46,0.22,X,-0.46
WASP-121,b,Eclipse,GO,2961,2,1,Archived,LRS,X,SLITLESSPRISM,FASTR1,83.0,"Apr 10, 2024 16:21:13","Apr 11, 2024 00:39:15",9.04,Molliere,12,07 10 24.0555 -39 05 50.17,9.374,269.9,6459.0,1.353,1.458,4.242,1.274925,0.026,88.04,1.17,1.776,10.51,0.32,2351.6,1.6,2.9,294.7,160.45,X,0.13
HD 260655,b,Eclipse,GO,3730,2,6,Archived,F1500W,X,SUB64,FASTR1,16.0,"Mar 7, 2024 14:25:22","Mar 7, 2024 19:05:39",5.28,Diamond-Lowe,12,06 37 9.9436 +17 33 58.74,5.862,10.01,3805.0,0.451,0.465,4.77,2.76953,0.029,87.35,0.007,0.114,14.96,7.05,730.6,0.1,1.1,33.65,1.03,X,-0.45
HD 260655,b,Eclipse,GO,3730,2,7,Archived,F1500W,X,SUB64,FASTR1,16.0,"Mar 15, 2024 21:27:55","Mar 16, 2024 02:31:16",5.28,Diamond-Lowe,12,06 37 9.9436 +17 33 58.74,5.862,10.01,3805.0,0.451,0.465,4.77,2.76953,0.029,87.35,0.007,0.114,14.96,7.05,730.6,0.1,1.1,33.65,1.03,X,-0.45
K2-22,b,Transit,GO,3315,2,1,Archived,LRS,X,SLITLESSPRISM,FASTR1,450.0,"Apr 26, 2024 12:42:38","Apr 26, 2024 16:52:29",4.57,Wright,12,11 17 55.8491 +02 37 8.53,11.924,243.84,3872.0,0.595,0.57,4.675,0.381078,0.009,83.0,1.4,0.385,267.71,37.2,1485.9,0.6,0.7,3.2,10.26,X,0.03
K2-22,b,PhaseC,GO,3315,2,3,Archived,LRS,X,SLITLESSPRISM,FASTR1,450.0,"Apr 27, 2024 06:43:08","Apr 27, 2024 20:20:00",15.2,Wright,12,11 17 55.8491 +02 37 8.53,11.924,243.84,3872.0,0.595,0.57,4.675,0.381078,0.009,83.0,1.4,0.385,267.71,37.2,1485.9,0.6,0.7,3.2,10.26,X,0.03
LHS 1140,c,Eclipse,GO,3730,2,11,Archived,F1500W,X,SUB256,FASTR1,36.0,"Jul 18, 2024 23:19:55","Jul 19, 2024 04:03:18",5.36,Diamond-Lowe,12,00 44 59.6827 -15 16 27.09,8.821,14.99,3131.0,0.184,0.214,5.041,3.7779364,0.027,89.92,0.006,0.113,12.81,6.04,425.5,0.3,1.1,27.52,0.02,X,-0.24
TOI-125,c,Transit,GO,4126,2,2,Skipped,BOTS,G395H,SUB2048,NRSRAPID,22.0,X,X,9.95,Fisher,12,01 34 22.4221 -66 40 34.86,8.995,111.06,5282.0,0.871,0.851,4.517,9.1526075,0.082,88.54,0.021,0.246,9.76,2.12,822.5,0.1,2.9,58.89,0.39,X,0.07
TOI-1468,b,Eclipse,GO,3730,2,17,Archived,F1500W,X,SUB256,FASTR1,31.0,"Dec 1, 2023 18:44:00","Dec 1, 2023 23:51:08",5.33,Diamond-Lowe,12,01 06 36.9279 +19 13 29.60,8.497,24.74,3382.0,0.346,0.369,4.855,1.8805201,0.021,88.14,0.01,0.125,17.84,7.64,682.8,0.1,1.1,13.67,0.48,X,-0.02
TOI-1468,b,Eclipse,GO,3730,2,18,Archived,F1500W,X,SUB256,FASTR1,31.0,"Jan 17, 2024 19:04:00","Jan 18, 2024 00:14:57",5.33,Diamond-Lowe,12,01 06 36.9279 +19 13 29.60,8.497,24.74,3382.0,0.346,0.369,4.855,1.8805201,0.021,88.14,0.01,0.125,17.84,7.64,682.8,0.1,1.1,13.67,0.48,X,-0.02
TOI-1468,b,Eclipse,GO,3730,2,16,Archived,F1500W,X,SUB256,FASTR1,31.0,"Nov 29, 2023 21:35:51","Nov 30, 2023 02:42:04",5.33,Diamond-Lowe,12,01 06 36.9279 +19 13 29.60,8.497,24.74,3382.0,0.346,0.369,4.855,1.8805201,0.021,88.14,0.01,0.125,17.84,7.64,682.8,0.1,1.1,13.67,0.48,X,-0.02
TRAPPIST-1,b+c,PhaseC,GO,3077,2,2,Archived,F1500W,X,BRIGHTSKY,FASTR1,45.0,"Nov 24, 2023 10:13:23","Nov 25, 2023 06:55:41",24.04,Gillon,0,23 06 29.3685 -05 02 29.04,-1.0,-1.0,-1.0,-1.0,-1.0,-1.0,-1.0,-1.0,-1.0,-1.0,-1.0,-1.0,-1.0,-1.0,-1.0,-1.0,-1.0,-1.0,X,-999.0
TRAPPIST-1,b+c,PhaseC,GO,3077,2,1,Archived,F1500W,X,BRIGHTSKY,FASTR1,45.0,"Nov 22, 2023 18:33:39","Nov 24, 2023 10:13:19",45.4,Gillon,0,23 06 29.3685 -05 02 29.04,-1.0,-1.0,-1.0,-1.0,-1.0,-1.0,-1.0,-1.0,-1.0,-1.0,-1.0,-1.0,-1.0,-1.0,-1.0,-1.0,-1.0,-1.0,X,-999.0
HAT-P-11,b,Transit,GO,4105,2,1,Archived,BOTS,G395H,SUB2048,NRSRAPID,3.0,"Jul 18, 2024 15:13:04","Jul 18, 2024 22:00:50",7.1,Alderson,12,19 50 50.4423 +48 04 54.71,7.009,37.76,4777.6,0.81,0.755,4.59,4.8878027,0.053,89.36,0.081,0.43,12.42,1.55,869.5,0.4,2.4,247.39,5.89,X,0.31
TOI-1899,b,Transit,GO,4227,2,11,Archived,BOTS,PRISM,SUB512,NRSRAPID,5.0,"May 10, 2025 17:16:34","May 11, 2025 04:17:29",12.6,Claringbold,12,19 57 42.3954 +40 08 35.75,10.509,128.44,3854.0,0.63,0.607,4.669,29.0902271,0.156,89.7,0.665,1.087,15.96,0.79,367.1,3.8,4.7,63.4,0.02,X,0.3
TOI-1899,b,Transit,GO,4227,2,1,Skipped,BOTS,PRISM,SUB512,NRSRAPID,5.0,X,X,12.6,Claringbold,12,19 57 42.3954 +40 08 35.75,10.509,128.44,3854.0,0.63,0.607,4.669,29.0902271,0.156,89.7,0.665,1.087,15.96,0.79,367.1,3.8,4.7,63.4,0.02,X,0.3
NGTS-2,b,Transit,GO,3838,2,3,Archived,BOTS,G395H,SUB2048,NRSRAPID,48.0,"Jul 10, 2024 03:03:47","Jul 10, 2024 13:17:08",11.13,Kirk,12,14 20 29.4628 -31 12 7.45,9.799,356.39,6478.0,1.64,1.702,4.197,4.5111232,0.063,88.5,0.74,1.625,7.94,0.26,1623.6,1.1,4.6,148.53,31.79,X,-0.06
PH2,b,Transit,GO,3235,2,1,Archived,BOTS,PRISM,SUB512,NRSRAPID,6.0,"Sep 10, 2024 00:35:08","Sep 10, 2024 20:53:56",23.75,Fortney,12,19 19 3.2691 +51 57 45.66,11.116,343.86,5779.0,1.003,0.949,4.485,282.5254726,0.834,89.93,0.342,0.847,13.54,0.86,297.2,1.0,10.8,14.58,0.0,X,-0.05
TOI-1130,b,Transit,GO,3385,2,4,Archived,SOSS,X,SUBSTRIP256,NISRAPID,2.0,"Aug 24, 2024 10:46:04","Aug 24, 2024 18:23:54",8.07,Huang,12,19 05 30.2409 -41 26 15.50,8.351,58.26,4250.0,0.698,0.695,4.6,4.07445,0.045,87.98,0.061,0.326,16.39,2.69,809.3,0.3,2.1,93.64,1.79,X,0.2
WASP-189,b,Transit,GO,3279,2,1,Archived,SOSS,X,SUBSTRIP256,NISRAPID,7.0,"Mar 5, 2024 22:44:55","Mar 6, 2024 10:00:40",13.19,Hoeijmakers,0,15 02 44.8157 -03 01 53.35,6.06,99.73,8000.0,2.052,2.362,3.9,2.724033,0.05,84.3,1.99,1.61,21.77,0.72,2638.9,0.0,4.3,253.56,219.88,X,0.29
HAT-P-11,b,Transit,GO,4105,2,2,Archived,BOTS,G395H,SUB2048,NRSRAPID,3.0,"Jul 13, 2024 17:54:46","Jul 14, 2024 00:42:32",7.1,Alderson,12,19 50 50.4423 +48 04 54.71,7.009,37.76,4777.6,0.81,0.755,4.59,4.8878027,0.053,89.36,0.081,0.43,12.42,1.55,869.5,0.4,2.4,247.39,5.89,X,0.31
HAT-P-11,b,Transit,GO,2950,2,3,Archived,LRS,X,SLITLESSPRISM,FASTR1,9.0,"Oct 29, 2024 06:12:38","Oct 29, 2024 14:27:42",8.88,Waters,12,19 50 50.4423 +48 04 54.71,7.009,37.76,4777.6,0.81,0.755,4.59,4.8878027,0.053,89.36,0.081,0.43,12.42,1.55,869.5,0.4,2.4,247.39,5.89,X,0.31
K2-22,b,Transit,GO,3315,2,2,Archived,LRS,X,SLITLESSPRISM,FASTR1,450.0,"Apr 24, 2024 14:41:47","Apr 24, 2024 19:08:25",4.57,Wright,12,11 17 55.8491 +02 37 8.53,11.924,243.84,3872.0,0.595,0.57,4.675,0.381078,0.009,83.0,1.4,0.385,267.71,37.2,1485.9,0.6,0.7,3.2,10.26,X,0.03
KELT-7,b,Transit,GO,3838,2,2,Archived,BOTS,G395H,SUB2048,NRSRAPID,5.0,"Feb 23, 2024 15:51:38","Feb 24, 2024 00:53:23",9.78,Kirk,12,05 13 10.9419 +33 19 4.63,7.543,136.68,6768.0,1.535,1.751,4.149,2.7347656,0.044,83.76,1.335,1.588,15.0,0.51,2055.3,0.8,3.4,259.99,141.96,X,0.14
TOI-3984 A,b,Transit,GO,3171,2,1,Archived,BOTS,PRISM,SUB512,NRSRAPID,4.0,"Apr 28, 2024 07:02:51","Apr 28, 2024 13:32:14",7.71,Kanodia,0,15 05 20.9784 +36 47 12.45,11.052,108.88,3449.0,0.49,0.465,4.79,4.3533236,0.041,89.5,0.14,0.675,8.71,0.69,560.1,2.2,2.0,146.03,0.65,X,0.18
LTT 3780,b,Eclipse,GO,3730,2,14,Archived,F1500W,X,SUB256,FASTR1,22.0,"May 5, 2024 09:37:10","May 5, 2024 14:08:20",4.67,Diamond-Lowe,12,10 18 34.7652 -11 43 4.21,8.204,21.98,3358.0,0.379,0.378,4.85,0.7683793,0.012,86.1,0.008,0.118,15.76,7.15,907.1,0.1,0.8,21.26,2.31,X,0.09
LTT 3780,b,Eclipse,GO,3730,2,15,Archived,F1500W,X,SUB256,FASTR1,22.0,"May 4, 2024 15:13:45","May 4, 2024 19:42:06",4.67,Diamond-Lowe,12,10 18 34.7652 -11 43 4.21,8.204,21.98,3358.0,0.379,0.378,4.85,0.7683793,0.012,86.1,0.008,0.118,15.76,7.15,907.1,0.1,0.8,21.26,2.31,X,0.09
LTT 3780,c,Transit,GO,3557,2,4,Archived,SOSS,X,SUBSTRIP256,NISRAPID,2.0,"Apr 20, 2024 19:04:33","Apr 20, 2024 23:37:32",4.67,Madhusudhan,12,10 18 34.7652 -11 43 4.21,8.204,21.98,3344.5,0.38,0.375,4.85,12.252208,0.076,89.13,0.025,0.208,16.28,4.19,357.8,0.3,1.5,96.1,0.0,X,0.09
LTT 3780,c,Transit,GO,3557,2,5,Archived,BOTS,G395H,SUB2048,NRSRAPID,7.0,"May 27, 2024 13:43:12","May 27, 2024 17:57:13",4.6,Madhusudhan,12,10 18 34.7652 -11 43 4.21,8.204,21.98,3344.5,0.38,0.375,4.85,12.252208,0.076,89.13,0.025,0.208,16.28,4.19,357.8,0.3,1.5,96.1,0.0,X,0.09
LTT 3780,c,Transit,GO,3557,2,6,Archived,LRS,X,SLITLESSPRISM,FASTR1,13.0,"Dec 9, 2024 13:41:17","Dec 9, 2024 18:52:43",5.24,Madhusudhan,12,10 18 34.7652 -11 43 4.21,8.204,21.98,3344.5,0.38,0.375,4.85,12.252208,0.076,89.13,0.025,0.208,16.28,4.19,357.8,0.3,1.5,96.1,0.0,X,0.09
LTT 9779,b,PhaseC,GO,3231,2,1,Archived,BOTS,G395H,SUB2048,NRSRAPID,7.0,"Oct 17, 2024 07:35:52","Oct 18, 2024 05:10:30",24.97,Crossfield,12,23 54 40.5408 -37 37 41.64,8.016,80.44,5443.0,1.02,0.949,4.35,0.7920642,0.017,76.39,0.092,0.421,14.75,1.87,1973.2,0.2,0.4,184.25,33.89,X,0.27
Kepler-12,b,Transit,GO,3969,2,5,Archived,BOTS,PRISM,SUB512,NRSRAPID,5.0,"Apr 21, 2024 22:33:41","Apr 22, 2024 11:05:11",13.93,Espinoza,12,19 04 58.4270 +50 02 25.32,12.066,881.39,5953.0,1.106,1.483,4.175,4.437963,0.055,89.26,0.432,1.695,4.26,0.13,1491.9,1.7,4.7,123.2,14.07,X,0.07
Kepler-12,b,Transit,GO,3969,2,1,Archived,BOTS,PRISM,SUB512,NRSRAPID,5.0,"Jul 1, 2024 22:32:18","Jul 2, 2024 11:13:13",13.93,Espinoza,12,19 04 58.4270 +50 02 25.32,12.066,881.39,5953.0,1.106,1.483,4.175,4.437963,0.055,89.26,0.432,1.695,4.26,0.13,1491.9,1.7,4.7,123.2,14.07,X,0.07
TrES-4,b,Transit,GO,3838,2,1,Archived,BOTS,G395H,SUB2048,NRSRAPID,80.0,"Jun 17, 2024 00:32:26","Jun 17, 2024 09:08:38",9.91,Kirk,12,17 53 13.0407 +37 12 42.26,10.33,515.98,6200.0,1.394,1.816,4.062,3.553929,0.051,82.81,0.887,1.791,7.84,0.23,1785.5,1.0,3.6,125.52,36.82,X,0.14
TOI-1685,b,Transit,GO,4195,2,1,Archived,BOTS,G395H,SUB2048,NRSRAPID,16.0,"Feb 29, 2024 06:54:28","Feb 29, 2024 12:44:13",6.17,Fisher,12,04 34 22.5504 +43 02 13.30,8.758,37.62,3459.0,0.463,0.462,4.778,0.6691398,0.012,86.1,0.01,0.131,16.16,6.62,1054.6,0.1,0.9,13.8,2.74,X,0.01
TOI-1685,b,Transit,GO,4195,2,2,Archived,BOTS,G395H,SUB2048,NRSRAPID,16.0,"Mar 2, 2024 07:05:25","Mar 2, 2024 12:55:13",6.17,Fisher,12,04 34 22.5504 +43 02 13.30,8.758,37.62,3459.0,0.463,0.462,4.778,0.6691398,0.012,86.1,0.01,0.131,16.16,6.62,1054.6,0.1,0.9,13.8,2.74,X,0.01
TOI-5205,b,Transit,GO,3171,2,16,Archived,BOTS,PRISM,SUB512,NRSRAPID,4.0,"Oct 10, 2023 04:36:55","Oct 10, 2023 10:39:10",6.84,Kanodia,0,20 55 4.9164 +24 21 38.71,11.006,86.45,3430.0,0.393,0.394,4.84,1.630731,0.02,88.03,1.08,0.991,31.15,1.68,739.7,6.8,1.3,112.71,13.29,X,0.28
TOI-5205,b,Transit,GO,3731,2,2,Withdrawn,BOTS,PRISM,SUB512,NRSRAPID,3.0,X,X,6.96,Jordan,12,20 55 4.9600 +24 21 39.54,11.006,86.45,3430.0,0.393,0.394,4.84,1.630731,0.02,88.03,1.08,0.991,31.15,1.68,739.7,6.8,1.3,112.71,13.29,X,0.28
TOI-5205,b,Transit,GO,3171,2,17,Archived,BOTS,PRISM,SUB512,NRSRAPID,4.0,"Oct 11, 2023 19:22:19","Oct 12, 2023 01:47:24",6.84,Kanodia,0,20 55 4.9164 +24 21 38.71,11.006,86.45,3430.0,0.393,0.394,4.84,1.630731,0.02,88.03,1.08,0.991,31.15,1.68,739.7,6.8,1.3,112.71,13.29,X,0.28
TOI-5205,b,Transit,GO,3171,2,18,Archived,BOTS,PRISM,SUB512,NRSRAPID,4.0,"Oct 13, 2023 10:30:46","Oct 13, 2023 16:55:55",6.84,Kanodia,0,20 55 4.9164 +24 21 38.71,11.006,86.45,3430.0,0.393,0.394,4.84,1.630731,0.02,88.03,1.08,0.991,31.15,1.68,739.7,6.8,1.3,112.71,13.29,X,0.28
TOI-5293 A,b,Transit,GO,3171,2,11,Archived,BOTS,PRISM,SUB512,NRSRAPID,5.0,"Jun 27, 2024 11:04:33","Jun 27, 2024 18:09:33",7.44,Kanodia,0,23 43 18.8831 -02 02 42.34,11.639,162.23,3586.0,0.508,0.5,4.77,2.930289,0.033,88.8,0.52,1.06,13.12,0.66,676.7,5.1,1.9,121.44,3.75,X,-0.03
TOI-5293 A,b,Transit,GO,3171,2,20,Archived,BOTS,PRISM,SUB512,NRSRAPID,5.0,"Jul 9, 2024 05:07:26","Jul 9, 2024 11:47:55",7.44,Kanodia,0,23 43 18.8831 -02 02 42.34,11.639,162.23,3586.0,0.508,0.5,4.77,2.930289,0.033,88.8,0.52,1.06,13.12,0.66,676.7,5.1,1.9,121.44,3.75,X,-0.03
TOI-5293 A,b,Transit,GO,3171,2,12,Skipped,BOTS,PRISM,SUB512,NRSRAPID,5.0,X,X,7.44,Kanodia,0,23 43 18.8831 -02 02 42.34,11.639,162.23,3586.0,0.508,0.5,4.77,2.930289,0.033,88.8,0.52,1.06,13.12,0.66,676.7,5.1,1.9,121.44,3.75,X,-0.03
L 98-59,b,Transit,GO,3942,2,2,Archived,BOTS,G395H,SUB2048,NRSRAPID,3.0,"Feb 3, 2024 18:10:50","Feb 3, 2024 22:32:46",4.37,Damiano,12,08 18 7.8865 -68 18 52.08,7.101,10.62,3415.0,0.293,0.314,4.91,2.2531138,0.022,87.9,0.001,0.074,7.4,5.35,617.4,0.1,1.0,46.46,0.22,X,-0.46
L 98-59,b,Transit,GO,3942,2,3,Archived,BOTS,G395H,SUB2048,NRSRAPID,3.0,"Feb 6, 2024 00:23:14","Feb 6, 2024 04:37:15",4.37,Damiano,12,08 18 7.8865 -68 18 52.08,7.101,10.62,3415.0,0.293,0.314,4.91,2.2531138,0.022,87.9,0.001,0.074,7.4,5.35,617.4,0.1,1.0,46.46,0.22,X,-0.46
L 98-59,c,Eclipse,GO,3730,2,8,Archived,F1500W,X,SUB128,FASTR1,23.0,"Feb 2, 2024 23:34:28","Feb 3, 2024 04:33:06",5.08,Diamond-Lowe,12,08 18 7.8951 -68 18 52.25,7.101,10.62,3413.5,0.302,0.314,4.91,3.6906716,0.031,88.5,0.007,0.12,13.65,6.06,523.5,0.2,1.2,34.74,0.16,X,-0.48
L 98-59,d,Transit,GO,4098,2,2,Archived,BOTS,G395H,SUB2048,NRSRAPID,6.0,"Mar 12, 2024 05:37:44","Mar 12, 2024 10:47:48",5.4,Benneke,0,08 18 7.8951 -68 18 52.25,7.101,10.62,3413.5,0.312,0.313,4.925,7.4507309,0.05,88.45,0.006,0.141,9.2,3.5,413.5,0.1,0.8,47.82,0.02,X,-0.5
L 98-59,d,Transit,GO,4098,2,1,Archived,SOSS,X,SUBSTRIP96,NISRAPID,4.0,"Dec 28, 2023 17:54:17","Dec 28, 2023 22:48:19",4.99,Benneke,0,08 18 7.8951 -68 18 46.87,7.101,10.62,3413.5,0.312,0.313,4.925,7.4507309,0.05,88.45,0.006,0.141,9.2,3.5,413.5,0.1,0.8,47.82,0.02,X,-0.5
LHS 1140,b,Transit,DD,6543,2,1,Archived,SOSS,X,SUBSTRIP256,NISRAPID,3.0,"Dec 1, 2023 05:56:27","Dec 1, 2023 13:15:22",7.88,Cadieux,0,00 44 59.3309 -15 16 17.54,8.821,14.99,3131.0,0.179,0.214,5.049,24.737165,0.094,89.89,0.02,0.154,24.48,8.5,227.5,0.5,2.1,69.87,0.0,X,-0.24
LHS 1140,b,Transit,DD,6543,2,2,Archived,SOSS,X,SUBSTRIP256,NISRAPID,3.0,"Dec 25, 2023 23:36:44","Dec 26, 2023 07:00:34",7.88,Cadieux,0,00 44 59.6827 -15 16 27.09,8.821,14.99,3131.0,0.179,0.214,5.049,24.737165,0.094,89.89,0.02,0.154,24.48,8.5,227.5,0.5,2.1,69.87,0.0,X,-0.24
HATS-75,b,Transit,GO,3171,2,19,Archived,BOTS,PRISM,SUB512,NRSRAPID,5.0,"Aug 18, 2024 02:24:42","Aug 18, 2024 09:26:36",7.38,Kanodia,0,04 03 47.8393 -25 24 32.09,11.584,194.96,3722.2,0.602,0.586,4.561,2.7886548,0.033,88.07,0.491,0.873,18.26,1.12,759.3,2.6,1.9,60.24,3.59,X,0.52
HATS-75,b,Transit,GO,3171,2,8,Skipped,BOTS,PRISM,SUB512,NRSRAPID,5.0,X,X,7.38,Kanodia,0,04 03 47.8393 -25 24 32.09,11.584,194.96,3722.2,0.602,0.586,4.561,2.7886548,0.033,88.07,0.491,0.873,18.26,1.12,759.3,2.6,1.9,60.24,3.59,X,0.52
HD 106315,c,Transit,GO,2950,2,2,Archived,LRS,X,SLITLESSPRISM,FASTR1,19.0,"Jun 13, 2024 00:21:21","Jun 13, 2024 12:52:51",14.17,Waters,12,12 13 53.3938 -00 23 36.37,7.853,109.35,6305.5,1.08,1.271,4.271,21.057175,0.153,88.75,0.046,0.386,8.73,1.21,876.6,0.1,4.6,76.23,0.78,X,-0.24
HAT-P-30,b,Transit,GO,3838,2,5,Archived,BOTS,G395H,SUB2048,NRSRAPID,26.0,"Mar 10, 2024 22:20:47","Mar 11, 2024 06:02:39",8.33,Kirk,12,08 15 47.9623 +05 50 12.72,9.151,213.98,6304.0,1.242,1.215,4.36,2.810601,0.042,83.6,0.733,1.427,10.2,0.38,1636.9,1.1,2.2,270.81,69.01,X,0.13
HATS-75,b,Transit,GO,3171,2,9,Archived,BOTS,PRISM,SUB512,NRSRAPID,5.0,"Aug 9, 2024 17:38:32","Aug 10, 2024 00:40:35",7.38,Kanodia,0,04 03 47.8393 -25 24 32.09,11.584,194.96,3722.2,0.602,0.586,4.561,2.7886548,0.033,88.07,0.491,0.873,18.26,1.12,759.3,2.6,1.9,60.24,3.59,X,0.52
HATS-75,b,Transit,GO,3171,2,10,Archived,BOTS,PRISM,SUB512,NRSRAPID,5.0,"Aug 15, 2024 07:29:18","Aug 15, 2024 14:31:18",7.38,Kanodia,0,04 03 47.8393 -25 24 32.09,11.584,194.96,3722.2,0.602,0.586,4.561,2.7886548,0.033,88.07,0.491,0.873,18.26,1.12,759.3,2.6,1.9,60.24,3.59,X,0.52
TOI-824,b,Eclipse,GO,4102,2,2,Archived,BOTS,G395M,SUB2048,NRSRAPID,5.0,"Jul 29, 2024 03:16:47","Jul 29, 2024 09:38:29",6.63,Roy,12,14 48 39.7097 -57 35 20.00,8.432,63.93,4600.0,0.71,0.695,4.605,1.3929765,0.022,83.65,0.058,0.262,23.94,4.88,1253.3,0.2,1.1,75.73,6.79,X,-0.09
TOI-824,b,Eclipse,GO,4102,2,1,Archived,BOTS,G395M,SUB2048,NRSRAPID,5.0,"Jul 31, 2024 22:08:50","Aug 1, 2024 04:30:23",6.63,Roy,12,14 48 39.7097 -57 35 20.00,8.432,63.93,4600.0,0.71,0.695,4.605,1.3929765,0.022,83.65,0.058,0.262,23.94,4.88,1253.3,0.2,1.1,75.73,6.79,X,-0.09
TOI-3235,b,Transit,GO,3731,2,1,Archived,BOTS,PRISM,SUB512S,NRSRAPID,4.0,"Jul 27, 2024 22:30:12","Jul 28, 2024 05:10:47",7.08,Jordan,12,13 49 53.7237 -46 03 59.45,10.819,72.81,3381.9,0.394,0.37,4.874,2.5926192,0.027,88.14,0.665,1.0,18.86,1.01,602.6,7.8,1.4,189.18,4.48,X,0.26
TOI-3714,b,Transit,GO,3171,2,14,Archived,BOTS,PRISM,SUB512,NRSRAPID,4.0,"Mar 2, 2024 21:52:24","Mar 3, 2024 04:33:15",7.16,Kanodia,0,04 38 12.5354 +39 27 29.91,10.852,112.71,3656.0,0.522,0.509,4.74,2.1548485,0.026,88.26,0.689,1.01,19.14,1.01,775.4,5.0,1.7,126.1,10.38,X,0.1
TOI-3714,b,Transit,GO,3171,2,15,Archived,BOTS,PRISM,SUB512,NRSRAPID,4.0,"Mar 7, 2024 05:23:59","Mar 7, 2024 12:04:40",7.15,Kanodia,0,04 38 12.5354 +39 27 29.91,10.852,112.71,3656.0,0.522,0.509,4.74,2.1548485,0.026,88.26,0.689,1.01,19.14,1.01,775.4,5.0,1.7,126.1,10.38,X,0.1
TOI-3714,b,Transit,GO,3171,2,13,Archived,BOTS,PRISM,SUB512,NRSRAPID,4.0,"Feb 29, 2024 19:35:52","Mar 1, 2024 01:32:21",7.16,Kanodia,0,04 38 12.5354 +39 27 29.91,10.852,112.71,3656.0,0.522,0.509,4.74,2.1548485,0.026,88.26,0.689,1.01,19.14,1.01,775.4,5.0,1.7,126.1,10.38,X,0.1
TOI-3757,b,Transit,GO,3171,2,5,Archived,BOTS,PRISM,SUB512,NRSRAPID,4.0,"Mar 23, 2024 09:22:35","Mar 23, 2024 16:19:24",7.47,Kanodia,0,06 04 0.8904 +55 01 12.59,11.152,181.14,3907.5,0.64,0.629,4.65,3.4389742,0.038,86.76,0.268,1.09,6.4,0.31,761.9,3.3,1.8,228.12,5.55,X,0.0
TOI-3757,b,Transit,GO,3171,2,4,Archived,BOTS,PRISM,SUB512,NRSRAPID,4.0,"Mar 19, 2024 23:10:52","Mar 20, 2024 05:47:12",7.47,Kanodia,0,06 04 0.8904 +55 01 12.59,11.152,181.14,3907.5,0.64,0.629,4.65,3.4389742,0.038,86.76,0.268,1.09,6.4,0.31,761.9,3.3,1.8,228.12,5.55,X,0.0
LHS 1140,c,Eclipse,GO,3730,2,10,Archived,F1500W,X,SUB256,FASTR1,36.0,"Nov 27, 2023 17:19:23","Nov 27, 2023 22:27:52",5.36,Diamond-Lowe,12,00 44 59.6827 -15 16 27.09,8.821,14.99,3131.0,0.184,0.214,5.041,3.7779364,0.027,89.92,0.006,0.113,12.81,6.04,425.5,0.3,1.1,27.52,0.02,X,-0.24
LHS 1140,c,Eclipse,GO,3730,2,9,Archived,F1500W,X,SUB256,FASTR1,36.0,"Jul 7, 2024 15:25:11","Jul 7, 2024 20:03:37",5.36,Diamond-Lowe,12,00 44 59.6827 -15 16 27.09,8.821,14.99,3131.0,0.184,0.214,5.041,3.7779364,0.027,89.92,0.006,0.113,12.81,6.04,425.5,0.3,1.1,27.52,0.02,X,-0.24
HAT-P-65,b,Transit,GO,3969,2,6,Archived,BOTS,PRISM,SUB512,NRSRAPID,3.0,"Jun 12, 2024 00:44:48","Jun 12, 2024 12:36:01",13.16,Espinoza,12,21 03 37.3175 +11 59 21.72,11.528,738.52,5835.0,1.212,1.86,3.983,2.6054475,0.04,84.2,0.54,1.611,5.9,0.2,1919.5,1.1,4.3,88.49,21.56,X,0.1
HAT-P-65,b,Transit,GO,3969,2,4,Archived,BOTS,PRISM,SUB512,NRSRAPID,3.0,"Jun 9, 2024 10:13:14","Jun 9, 2024 22:04:33",13.16,Espinoza,12,21 03 37.3175 +11 59 21.72,11.528,738.52,5835.0,1.212,1.86,3.983,2.6054475,0.04,84.2,0.54,1.611,5.9,0.2,1919.5,1.1,4.3,88.49,21.56,X,0.1
HATS-6,b,Transit,GO,3171,2,7,Archived,BOTS,PRISM,SUB512,NRSRAPID,4.0,"Jan 21, 2024 18:15:31","Jan 22, 2024 01:25:03",7.61,Kanodia,0,05 52 35.2367 -19 01 53.97,11.224,169.32,3724.0,0.574,0.57,4.683,3.3252709,0.036,88.21,0.319,1.012,8.83,0.47,712.3,3.4,2.0,168.99,4.11,X,0.2
HATS-6,b,Transit,GO,3171,2,6,Archived,BOTS,PRISM,SUB512,NRSRAPID,4.0,"Jan 15, 2024 02:41:02","Jan 15, 2024 09:47:38",7.61,Kanodia,0,05 52 35.2367 -19 01 53.97,11.224,169.32,3724.0,0.574,0.57,4.683,3.3252709,0.036,88.21,0.319,1.012,8.83,0.47,712.3,3.4,2.0,168.99,4.11,X,0.2
LHS 1478,b,Eclipse,GO,3730,2,13,Archived,F1500W,X,SUB256,FASTR1,39.0,"Nov 18, 2023 18:55:27","Nov 18, 2023 23:23:17",4.58,Diamond-Lowe,12,02 57 21.4288 +76 33 4.86,8.767,18.23,3397.5,0.236,0.253,4.921,1.9495391,0.018,87.45,0.007,0.118,15.04,6.85,606.3,0.2,0.8,25.46,0.35,X,-0.13
LHS 1478,b,Eclipse,GO,3730,2,12,Archived,F1500W,X,SUB256,FASTR1,39.0,"Jan 20, 2024 04:06:47","Jan 20, 2024 08:38:56",4.58,Diamond-Lowe,12,02 57 21.4288 +76 33 4.86,8.767,18.23,3397.5,0.236,0.253,4.921,1.9495391,0.018,87.45,0.007,0.118,15.04,6.85,606.3,0.2,0.8,25.46,0.35,X,-0.13
LHS 3844,b,PhaseC,GO,4008,2,1,Archived,BOTS,G395H,SUB2048,NRSRAPID,15.0,"Jun 25, 2024 00:57:27","Jun 25, 2024 17:08:11",18.63,Zieba,12,22 41 59.1203 -69 10 19.95,9.145,14.88,3036.0,0.151,0.189,5.06,0.4629296,0.006,88.5,0.007,0.116,15.64,7.2,806.3,0.5,0.5,48.53,3.86,X,0.22
TOI-3984 A,b,Transit,GO,3171,2,2,Archived,BOTS,PRISM,SUB512,NRSRAPID,4.0,"Jun 6, 2024 10:42:32","Jun 6, 2024 17:51:41",7.71,Kanodia,0,15 05 20.9784 +36 47 12.45,11.052,108.88,3449.0,0.49,0.465,4.79,4.3533236,0.041,89.5,0.14,0.675,8.71,0.69,560.1,2.2,2.0,146.03,0.65,X,0.18
TOI-3984 A,b,Transit,GO,3171,2,3,Archived,BOTS,PRISM,SUB512,NRSRAPID,4.0,"Jun 10, 2024 19:18:55","Jun 11, 2024 02:20:51",7.71,Kanodia,0,15 05 20.9784 +36 47 12.45,11.052,108.88,3449.0,0.49,0.465,4.79,4.3533236,0.041,89.5,0.14,0.675,8.71,0.69,560.1,2.2,2.0,146.03,0.65,X,0.18
TOI-270,d,Transit,GTO,2759,2,1,Archived,SOSS,X,SUBSTRIP256,NISRAPID,3.0,"Aug 6, 2024 08:37:54","Aug 6, 2024 16:01:47",8.53,Lafreniere,12,04 33 39.8638 -51 57 26.75,8.251,22.48,3506.0,0.393,0.38,4.872,11.3799196,0.073,89.69,0.014,0.19,11.09,3.12,386.5,0.3,2.1,132.82,0.01,X,-0.17
TOI-270,d,Transit,GO,4098,2,15,Archived,SOSS,X,SUBSTRIP256,NISRAPID,3.0,"Feb 6, 2024 06:29:19","Feb 6, 2024 13:17:57",7.2,Benneke,0,04 33 39.8638 -51 57 26.75,8.251,22.48,3506.0,0.393,0.38,4.872,11.3799196,0.073,89.69,0.014,0.19,11.09,3.12,386.5,0.3,2.1,132.82,0.01,X,-0.17
TOI-270,d,Transit,GO,3557,2,10,Withdrawn,SOSS,X,SUBSTRIP256,NISRAPID,2.0,X,X,6.33,Madhusudhan,12,04 33 39.8638 -51 57 26.75,8.251,22.48,3506.0,0.393,0.38,4.872,11.3799196,0.073,89.69,0.014,0.19,11.09,3.12,386.5,0.3,2.1,132.82,0.01,X,-0.17
TOI-270,b,Eclipse,GO,3730,2,19,Archived,F1500W,X,SUB256,FASTR1,25.0,"Feb 17, 2024 03:52:41","Feb 17, 2024 09:35:20",5.93,Diamond-Lowe,12,04 33 39.8638 -51 57 26.75,8.251,22.48,3506.0,0.386,0.38,4.861,3.3601169,0.032,89.02,0.005,0.113,10.42,4.95,582.9,0.1,1.3,19.06,0.13,X,-0.17
TOI-270,b,Eclipse,GO,3730,2,22,Archived,F1500W,X,SUB256,FASTR1,25.0,"Jan 31, 2024 08:38:50","Jan 31, 2024 14:20:34",5.93,Diamond-Lowe,12,04 33 39.8638 -51 57 26.75,8.251,22.48,3506.0,0.386,0.38,4.861,3.3601169,0.032,89.02,0.005,0.113,10.42,4.95,582.9,0.1,1.3,19.06,0.13,X,-0.17
TOI-270,b,Eclipse,GO,3730,2,20,Archived,F1500W,X,SUB256,FASTR1,25.0,"Feb 10, 2024 10:35:09","Feb 10, 2024 16:16:55",5.93,Diamond-Lowe,12,04 33 39.8638 -51 57 26.75,8.251,22.48,3506.0,0.386,0.38,4.861,3.3601169,0.032,89.02,0.005,0.113,10.42,4.95,582.9,0.1,1.3,19.06,0.13,X,-0.17
TOI-270,b,Eclipse,GO,3730,2,21,Archived,F1500W,X,SUB256,FASTR1,25.0,"Feb 7, 2024 01:56:23","Feb 7, 2024 07:38:06",5.93,Diamond-Lowe,12,04 33 39.8638 -51 57 26.75,8.251,22.48,3506.0,0.386,0.38,4.861,3.3601169,0.032,89.02,0.005,0.113,10.42,4.95,582.9,0.1,1.3,19.06,0.13,X,-0.17
TOI-270,d,Transit,GO,4098,2,17,Archived,BOTS,G395H,SUB2048,NRSRAPID,11.0,"Oct 4, 2023 02:34:26","Oct 4, 2023 09:09:54",7.22,Benneke,0,04 33 39.8638 -51 57 26.75,8.251,22.48,3506.0,0.393,0.38,4.872,11.3799196,0.073,89.69,0.014,0.19,11.09,3.12,386.5,0.3,2.1,132.82,0.01,X,-0.17
TOI-270,d,Transit,GO,3557,2,12,Archived,LRS,X,SLITLESSPRISM,FASTR1,17.0,"Jul 25, 2024 23:54:42","Jul 26, 2024 05:47:59",6.05,Madhusudhan,12,04 33 39.8638 -51 57 26.75,8.251,22.48,3506.0,0.393,0.38,4.872,11.3799196,0.073,89.69,0.014,0.19,11.09,3.12,386.5,0.3,2.1,132.82,0.01,X,-0.17
TOI-270,d,Transit,GO,4098,2,16,Archived,BOTS,G395H,SUB2048,NRSRAPID,11.0,"Aug 29, 2024 02:27:59","Aug 29, 2024 09:21:48",7.22,Benneke,0,04 33 39.8638 -51 57 26.75,8.251,22.48,3506.0,0.393,0.38,4.872,11.3799196,0.073,89.69,0.014,0.19,11.09,3.12,386.5,0.3,2.1,132.82,0.01,X,-0.17
TOI-270,d,Transit,GO,3818,2,2,Withdrawn,BOTS,G395H,SUB2048,NRSRAPID,11.0,X,X,7.23,Gapp,12,04 33 39.8593 -51 57 26.62,8.251,22.48,3506.0,0.393,0.38,4.872,11.3799196,0.073,89.69,0.014,0.19,11.09,3.12,386.5,0.3,2.1,132.82,0.01,X,-0.17
TOI-1130,c,Transit,GO,3385,2,3,Archived,SOSS,X,SUBSTRIP256,NISRAPID,2.0,"Sep 7, 2024 21:26:04","Sep 8, 2024 04:47:01",7.74,Huang,12,19 05 30.2409 -41 26 15.50,8.351,58.26,4250.0,0.684,0.691,4.6,8.3502104,0.072,87.52,0.999,1.188,20.06,0.9,635.3,1.7,1.9,198.94,5.48,X,0.2
TOI-1231,b,Transit,GO,3557,2,2,Archived,BOTS,G395H,SUB2048,NRSRAPID,7.0,"Apr 30, 2024 02:52:48","Apr 30, 2024 09:18:42",7.36,Madhusudhan,12,10 26 59.3375 -52 28 4.16,8.069,27.62,3544.0,0.485,0.471,4.808,24.2455413,0.129,89.73,0.048,0.336,12.18,1.94,326.7,0.6,3.3,130.1,0.0,X,0.04
TOI-1231,b,Transit,GO,3557,2,3,Archived,LRS,X,SLITLESSPRISM,FASTR1,12.0,"Dec 28, 2024 13:09:49","Dec 28, 2024 20:32:47",8.59,Madhusudhan,12,10 26 59.3375 -52 28 4.16,8.069,27.62,3544.0,0.485,0.471,4.808,24.2455413,0.129,89.73,0.048,0.336,12.18,1.94,326.7,0.6,3.3,130.1,0.0,X,0.04
GJ 9827,d,Transit,GO,4098,2,7,Archived,SOSS,X,SUBSTRIP256,NISRAPID,2.0,"Nov 10, 2023 07:33:42","Nov 10, 2023 11:55:03",5.07,Benneke,0,23 27 5.2388 -01 17 7.13,7.193,29.66,4262.0,0.617,0.602,4.682,6.2014699,0.056,87.44,0.011,0.18,9.37,2.78,672.9,0.1,1.2,168.45,0.41,X,-0.28
TOI-1685,b,PhaseC,GO,3263,2,1,Archived,BOTS,G395H,SUB2048,NRSRAPID,16.0,"Feb 14, 2024 22:06:50","Feb 15, 2024 18:33:54",23.03,Luque,12,04 34 22.5487 +43 02 13.34,8.758,37.62,3459.0,0.463,0.462,4.778,0.6691398,0.012,86.1,0.01,0.131,16.16,6.62,1054.6,0.1,0.9,13.8,2.74,X,0.01
GJ 357,b,Eclipse,GO,3730,2,27,Archived,F1500W,X,SUB64,FASTR1,22.0,"May 11, 2024 10:13:47","May 11, 2024 15:19:58",5.98,Diamond-Lowe,12,09 36 1.7964 -21 39 54.72,6.475,9.44,3505.0,0.342,0.337,4.94,3.9306027,0.036,89.17,0.006,0.108,13.96,6.9,520.7,0.1,1.3,35.17,0.14,X,-0.12
GJ 357,b,Eclipse,GO,3730,2,5,Skipped,F1500W,X,SUB64,FASTR1,22.0,X,X,5.98,Diamond-Lowe,12,09 36 1.7964 -21 39 54.72,6.475,9.44,3505.0,0.342,0.337,4.94,3.9306027,0.036,89.17,0.006,0.108,13.96,6.9,520.7,0.1,1.3,35.17,0.14,X,-0.12
WASP-96,b,Transit,GO,4082,2,1,Archived,BOTS,G395H,SUB2048,NRSRAPID,128.0,"Aug 10, 2024 01:55:29","Aug 10, 2024 08:16:37",6.68,Radica,12,00 04 11.1767 -47 21 38.29,10.914,352.46,5540.0,1.06,1.05,4.42,3.4252567,0.045,85.6,0.48,1.23,8.99,0.39,1285.4,1.4,2.4,123.64,17.11,X,0.14
GJ 3090,b,Transit,GO,4098,2,11,Skipped,SOSS,X,SUBSTRIP256,NISRAPID,2.0,X,X,5.19,Benneke,0,01 21 45.2173 -46 42 53.04,7.294,22.48,3629.5,0.519,0.516,4.727,2.853102,0.032,86.9,0.012,0.19,9.71,2.73,707.0,0.2,1.3,233.89,1.08,X,-0.06
GJ 3090,b,Transit,GO,4098,2,111,Archived,SOSS,X,SUBSTRIP256,NISRAPID,2.0,"Jul 4, 2024 07:27:13","Jul 4, 2024 12:36:15",5.19,Benneke,0,01 21 45.2173 -46 42 53.04,7.294,22.48,3629.5,0.519,0.516,4.727,2.853102,0.032,86.9,0.012,0.19,9.71,2.73,707.0,0.2,1.3,233.89,1.08,X,-0.06
GJ 3090,b,Transit,GO,4098,2,12,Archived,SOSS,X,SUBSTRIP256,NISRAPID,2.0,"Dec 6, 2023 04:30:14","Dec 6, 2023 09:34:58",5.19,Benneke,0,01 21 45.2173 -46 42 53.04,7.294,22.48,3629.5,0.519,0.516,4.727,2.853102,0.032,86.9,0.012,0.19,9.71,2.73,707.0,0.2,1.3,233.89,1.08,X,-0.06
GJ 9827,d,Transit,GO,4098,2,8,Archived,SOSS,X,SUBSTRIP256,NISRAPID,2.0,"Nov 16, 2023 10:52:19","Nov 16, 2023 15:46:02",5.07,Benneke,0,23 27 5.2388 -01 17 7.13,7.193,29.66,4262.0,0.617,0.602,4.682,6.2014699,0.056,87.44,0.011,0.18,9.37,2.78,672.9,0.1,1.2,168.45,0.41,X,-0.28
GJ 3473,b,Eclipse,GO,3730,2,29,Archived,F1500W,X,SUB256,FASTR1,39.0,"Oct 20, 2024 00:57:28","Oct 20, 2024 05:45:12",4.78,Diamond-Lowe,12,08 02 22.4521 +03 20 13.60,8.829,27.36,3347.0,0.36,0.364,4.81,1.1980035,0.016,88.06,0.006,0.11,13.61,6.6,772.5,0.1,1.0,15.82,0.71,X,0.11
GJ 806,b,Eclipse,GO,4931,3,3,Archived,LRS,X,SLITLESSPRISM,FASTR1,5.0,"Jun 14, 2025 10:10:09","Jun 14, 2025 14:59:26",4.99,Weiner Mansfield,12,20 45 4.0992 +44 29 56.65,6.533,12.04,3586.5,0.413,0.422,4.892,0.9263237,0.014,87.7,0.006,0.134,9.4,3.75,947.7,0.1,0.9,73.1,5.63,X,-0.28
GJ 806,b,Eclipse,GO,4931,3,5,Archived,LRS,X,SLITLESSPRISM,FASTR1,5.0,"Jun 12, 2025 13:33:54","Jun 12, 2025 18:31:48",4.99,Weiner Mansfield,12,20 45 4.0992 +44 29 56.65,6.533,12.04,3586.5,0.413,0.422,4.892,0.9263237,0.014,87.7,0.006,0.134,9.4,3.75,947.7,0.1,0.9,73.1,5.63,X,-0.28
GJ 9827,b,Eclipse,GO,4818,3,1,Archived,LRS,X,SLITLESSPRISM,FASTR1,10.0,"Jun 13, 2025 19:28:47","Jun 14, 2025 00:13:47",5.65,Weiner Mansfield,12,23 27 4.8377 -01 17 10.58,7.193,29.66,4255.0,0.614,0.607,4.682,1.208976,0.019,86.07,0.015,0.141,21.94,8.34,1163.6,0.1,1.3,14.37,3.9,X,-0.28
GJ 3929,b,Eclipse,DD,9235,3,5,Archived,F1500W,X,SUB128,FASTR1,47.0,"Feb 10, 2026 13:42:38","Feb 10, 2026 16:34:43",3.19,Espinoza,0,15 58 18.6104 +35 24 29.37,7.869,15.81,3369.0,0.311,0.32,4.89,2.6162745,0.025,89.05,0.005,0.098,13.77,7.53,576.1,0.1,1.2,20.82,0.16,X,-0.01
GJ 3929,b,Eclipse,DD,9235,3,3,Archived,F1500W,X,SUB128,FASTR1,47.0,"Jan 30, 2026 21:35:12","Jan 31, 2026 05:10:26",8.04,Espinoza,0,15 58 18.6104 +35 24 29.37,7.869,15.81,3369.0,0.311,0.32,4.89,2.6162745,0.025,89.05,0.005,0.098,13.77,7.53,576.1,0.1,1.2,20.82,0.16,X,-0.01
GJ 3929,b,Eclipse,DD,9235,3,2,Archived,F1500W,X,SUB128,FASTR1,47.0,"Jul 31, 2025 18:17:28","Aug 1, 2025 01:49:56",8.58,Espinoza,0,15 58 18.6104 +35 24 29.37,7.869,15.81,3369.0,0.311,0.32,4.89,2.6162745,0.025,89.05,0.005,0.098,13.77,7.53,576.1,0.1,1.2,20.82,0.16,X,-0.01
WASP-80,b,Transit,GO,5924,3,3,Archived,SOSS,X,SUBSTRIP256,NISRAPID,3.0,"Oct 20, 2024 19:27:30","Oct 21, 2024 01:51:39",7.25,Sing,0,20 12 40.1693 -02 08 39.19,8.351,49.79,4145.0,0.57,0.571,4.668,3.0678527,0.034,89.02,0.55,0.969,16.6,0.92,814.3,2.9,2.1,367.92,25.26,X,-0.14
WASP-63,b,Transit,GO,5924,3,9,Archived,BOTS,G395H,SUB2048,NRSRAPID,33.0,"Jan 31, 2025 01:46:54","Jan 31, 2025 14:49:14",14.34,Sing,0,06 17 20.7485 -38 19 23.75,9.393,290.68,5560.0,1.28,1.86,4.01,4.378082,0.056,87.8,0.37,1.382,5.49,0.21,1548.1,0.6,5.4,175.92,25.2,X,0.08
WASP-69,b,Transit,GO,5924,3,2,Archived,SOSS,X,SUBSTRIP96,NISRAPID,3.0,"May 4, 2025 22:24:35","May 5, 2025 05:09:17",7.03,Sing,0,21 00 6.1968 -05 05 40.03,7.459,49.96,4715.0,0.826,0.813,4.535,3.8681388,0.045,86.71,0.26,1.057,6.6,0.33,963.6,1.8,2.2,889.18,41.75,X,0.15
WASP-76,b,PhaseC,GO,5268,3,1,Archived,BOTS,G395H,SUB2048,NRSRAPID,8.0,"Jan 2, 2025 23:58:09","Jan 5, 2025 03:40:48",59.43,Wardenier,12,01 46 31.9100 +02 42 1.38,8.243,194.46,6250.0,1.46,1.73,4.128,1.8098816,0.033,88.35,0.902,1.838,7.57,0.22,2182.1,1.2,3.8,469.33,181.72,X,0.23
WASP-76,b,Transit,GO,5924,3,14,Archived,SOSS,X,SUBSTRIP96,NISRAPID,4.0,"Aug 21, 2025 17:22:40","Aug 22, 2025 02:35:06",9.88,Sing,0,01 46 31.8576 +02 42 2.03,8.243,194.46,6250.0,1.46,1.73,4.128,1.8098816,0.033,88.35,0.902,1.838,7.57,0.22,2182.1,1.2,3.8,469.33,181.72,X,0.23
HAT-P-1,b,Transit,GO,5924,3,8,Archived,BOTS,G395H,SUB2048,NRSRAPID,19.0,"Nov 18, 2024 12:08:51","Nov 18, 2024 20:22:00",8.76,Sing,0,22 57 46.8442 +38 40 30.36,8.858,158.98,5980.0,1.133,1.142,4.382,4.4652991,0.055,85.9,0.527,1.297,8.89,0.37,1310.7,1.4,2.8,292.8,39.56,X,0.13
TOI-1807,b,Eclipse,GO,4818,3,15,Archived,LRS,X,SLITLESSPRISM,FASTR1,15.0,"Feb 22, 2025 08:54:18","Feb 22, 2025 13:51:30",5.32,Weiner Mansfield,12,13 25 7.9957 +38 55 20.94,7.568,42.58,4743.5,0.76,0.715,4.58,0.5493715,0.012,79.85,0.008,0.128,13.66,5.72,1765.6,0.0,1.0,19.34,6.28,X,-0.03
LP 791-18,d,Eclipse,GO,6457,3,2,Archived,F1500W,X,SUB256,FASTR1,130.0,"May 20, 2025 22:31:07","May 21, 2025 03:10:53",4.62,Benneke,12,11 02 45.9546 -16 24 22.29,10.644,26.49,2960.0,0.139,0.182,5.115,2.754143,0.02,89.34,0.003,0.092,9.52,5.53,431.4,0.0,0.9,18.27,0.01,X,-0.09
LP 791-18,d,Eclipse,GO,6457,3,1,Archived,F1500W,X,SUB256,FASTR1,130.0,"May 31, 2025 23:05:44","Jun 1, 2025 03:32:20",4.62,Benneke,12,11 02 45.9546 -16 24 22.29,10.644,26.49,2960.0,0.139,0.182,5.115,2.754143,0.02,89.34,0.003,0.092,9.52,5.53,431.4,0.0,0.9,18.27,0.01,X,-0.09
LP 791-18,d,Eclipse,GO,6457,3,3,Archived,F1500W,X,SUB256,FASTR1,130.0,"Jun 17, 2025 11:24:08","Jun 17, 2025 16:03:31",4.62,Benneke,12,11 02 45.9546 -16 24 22.29,10.644,26.49,2960.0,0.139,0.182,5.115,2.754143,0.02,89.34,0.003,0.092,9.52,5.53,431.4,0.0,0.9,18.27,0.01,X,-0.09
LP 791-18,d,Eclipse,GO,6457,3,4,Archived,F1500W,X,SUB256,FASTR1,130.0,"Jan 28, 2025 01:11:15","Jan 28, 2025 05:46:06",4.62,Benneke,12,11 02 45.9546 -16 24 22.29,10.644,26.49,2960.0,0.139,0.182,5.115,2.754143,0.02,89.34,0.003,0.092,9.52,5.53,431.4,0.0,0.9,18.27,0.01,X,-0.09
LP 791-18,d,Eclipse,GO,6457,3,5,Archived,F1500W,X,SUB256,FASTR1,130.0,"Jun 11, 2025 23:15:08","Jun 12, 2025 03:53:00",4.62,Benneke,12,11 02 45.9546 -16 24 22.29,10.644,26.49,2960.0,0.139,0.182,5.115,2.754143,0.02,89.34,0.003,0.092,9.52,5.53,431.4,0.0,0.9,18.27,0.01,X,-0.09
TOI-500,b,Eclipse,GO,4818,3,7,Archived,LRS,X,SLITLESSPRISM,FASTR1,18.0,"Feb 18, 2025 07:01:08","Feb 18, 2025 12:14:54",5.3,Weiner Mansfield,12,07 06 13.9753 -47 35 13.87,7.715,47.39,4590.0,0.81,0.75,4.618,0.5481579,0.012,82.09,0.004,0.104,11.7,6.02,1725.2,0.0,1.0,15.24,3.49,X,0.12
V1298 Tau,d,Transit,GO,5959,3,3,Withdrawn,BOTS,G395H,SUB2048,NRSRAPID,4.0,X,X,13.76,Feinstein,0,04 05 19.5971 +20 09 25.31,8.094,108.2,5010.0,1.1,1.325,-1.0,12.402297,0.108,88.67,0.164,0.573,14.2,1.33,845.0,0.0,5.6,55.2,1.65,X,0.1
V1298 Tau,d,Transit,GO,5959,3,17,Archived,SOSS,X,SUBSTRIP96,NISRAPID,5.0,"Sep 10, 2025 14:40:27","Sep 11, 2025 03:20:28",14.9,Feinstein,0,04 05 19.5971 +20 09 25.31,8.094,108.2,5010.0,1.1,1.325,-1.0,12.402297,0.108,88.67,0.164,0.573,14.2,1.33,845.0,0.0,5.6,55.2,1.65,X,0.1
V1298 Tau,d,Transit,GO,5959,3,4,Archived,SOSS,X,SUBSTRIP96,NISRAPID,5.0,"Oct 5, 2025 07:36:36","Oct 5, 2025 20:15:56",13.9,Feinstein,0,04 05 19.5971 +20 09 25.31,8.094,108.2,5010.0,1.1,1.325,-1.0,12.402297,0.108,88.67,0.164,0.573,14.2,1.33,845.0,0.0,5.6,55.2,1.65,X,0.1
V1298 Tau,d,Transit,GO,5959,3,16,Archived,BOTS,G395H,SUB2048,NRSRAPID,4.0,"Feb 24, 2025 01:47:03","Feb 24, 2025 14:19:17",13.77,Feinstein,0,04 05 19.5971 +20 09 25.31,8.094,108.2,5010.0,1.1,1.325,-1.0,12.402297,0.108,88.67,0.164,0.573,14.2,1.33,845.0,0.0,5.6,55.2,1.65,X,0.1
V1298 Tau,e,Transit,GO,5882,3,3,Archived,BOTS,G395H,SUB2048,NRSRAPID,8.0,"Sep 23, 2025 07:00:34","Sep 23, 2025 23:08:03",18.71,Dai,12,04 05 19.5910 +20 09 25.31,8.094,108.2,4970.0,1.101,1.33,4.227,48.677714,0.269,89.2,1.01,0.89,36.14,2.17,533.0,0.0,7.4,21.08,0.19,X,0.1
TOI-431,b,Eclipse,GO,4818,3,19,Archived,LRS,X,SLITLESSPRISM,FASTR1,8.0,"Feb 1, 2025 08:53:48","Feb 1, 2025 14:00:18",5.4,Weiner Mansfield,12,05 33 4.6005 -26 43 28.27,6.723,32.57,4850.0,0.78,0.731,4.6,0.490052,0.011,84.3,0.01,0.123,18.14,7.9,1881.0,0.0,1.0,21.04,9.33,X,0.2
TOI-4336 A,b,Transit,GO,4711,3,2,Archived,BOTS,G395H,SUB2048,NRSRAPID,14.0,"Jul 30, 2025 19:37:13","Jul 31, 2025 03:32:31",8.41,Hu,12,13 44 25.4773 -40 20 15.52,8.632,22.55,3336.0,0.306,0.326,4.904,16.3363505,0.085,89.49,0.01,0.186,8.59,2.47,315.4,0.4,2.1,155.89,0.0,X,0.14
TOI-4336 A,b,Transit,GO,4711,3,1,Archived,SOSS,X,SUBSTRIP96,NISRAPID,9.0,"Jun 28, 2025 03:57:34","Jun 28, 2025 11:24:50",8.59,Hu,12,13 44 25.4773 -40 20 15.52,8.632,22.55,3336.0,0.306,0.326,4.904,16.3363505,0.085,89.49,0.01,0.186,8.59,2.47,315.4,0.4,2.1,155.89,0.0,X,0.14
TOI-451,c,Transit,GO,5959,3,15,Archived,BOTS,G395H,SUB2048,NRSRAPID,5.0,"Oct 6, 2024 17:50:37","Oct 7, 2024 01:21:42",8.84,Feinstein,0,04 11 51.9319 -37 56 23.02,9.19,123.74,5520.0,0.95,0.868,4.545,9.1924325,0.081,89.61,0.012,0.261,4.83,0.99,871.7,0.1,3.5,117.79,0.49,X,0.02
TOI-451,c,Transit,GO,5959,3,6,Archived,SOSS,X,SUBSTRIP256,NISRAPID,6.0,"Jan 25, 2025 00:41:41","Jan 25, 2025 08:54:18",9.0,Feinstein,0,04 11 51.9319 -37 56 23.02,9.19,123.74,5520.0,0.95,0.868,4.545,9.1924325,0.081,89.61,0.012,0.261,4.83,0.99,871.7,0.1,3.5,117.79,0.49,X,0.02
TOI-451,c,Transit,GO,5959,3,5,Skipped,BOTS,G395H,SUB2048,NRSRAPID,5.0,X,X,8.84,Feinstein,0,04 11 51.9469 -37 56 23.22,9.19,123.74,5520.0,0.95,0.868,4.545,9.1924325,0.081,89.61,0.012,0.261,4.83,0.99,871.7,0.1,3.5,117.79,0.49,X,0.02
TOI-451,d,Transit,GO,5959,3,7,Archived,BOTS,G395H,SUB2048,NRSRAPID,10.0,"Nov 27, 2024 12:47:58","Nov 27, 2024 21:53:37",9.77,Feinstein,0,04 11 51.9319 -37 56 23.02,9.19,123.74,5520.0,0.95,0.868,4.545,16.3649355,0.119,89.25,0.032,0.351,7.4,1.13,719.3,0.2,4.1,86.43,0.3,X,0.02
TOI-451,d,Transit,GO,5959,3,8,Archived,SOSS,X,SUBSTRIP256,NISRAPID,6.0,"Dec 30, 2024 06:14:42","Dec 30, 2024 15:28:30",9.92,Feinstein,0,04 11 51.9319 -37 56 23.02,9.19,123.74,5520.0,0.95,0.868,4.545,16.3649355,0.119,89.25,0.032,0.351,7.4,1.13,719.3,0.2,4.1,86.43,0.3,X,0.02
TOI-4010,b,Transit,GO,5894,3,1,Archived,BOTS,PRISM,SUB512,NRSRAPID,5.0,"Nov 14, 2024 21:53:21","Nov 15, 2024 03:55:12",6.22,Kunimoto,12,01 20 51.5598 +66 04 19.91,10.157,177.5,4924.0,0.88,0.855,4.495,1.3483213,0.023,88.1,0.035,0.277,12.76,2.46,1450.9,0.1,1.8,52.71,3.33,X,0.37
TOI-4010,c,Transit,GO,5894,3,2,Archived,BOTS,PRISM,SUB512,NRSRAPID,5.0,"Aug 7, 2025 11:09:03","Aug 7, 2025 18:59:47",8.32,Kunimoto,12,01 20 51.5598 +66 04 19.91,10.157,177.5,4924.0,0.88,0.855,4.495,5.4146387,0.058,88.8,0.064,0.56,5.79,0.55,911.7,0.5,2.9,132.5,2.2,X,0.37
TOI-4010,d,Transit,GO,5894,3,3,Archived,BOTS,PRISM,SUB512,NRSRAPID,5.0,"Oct 5, 2024 12:05:17","Oct 5, 2024 21:25:58",10.06,Kunimoto,12,01 20 51.5598 +66 04 19.91,10.157,177.5,4924.0,0.88,0.855,4.495,14.7090131,0.113,89.0,0.12,0.568,10.56,0.99,653.2,0.5,3.6,52.78,0.34,X,0.37
V1298 Tau,e,Transit,GO,5882,3,2,Skipped,BOTS,G395H,SUB2048,NRSRAPID,8.0,X,X,18.71,Dai,12,04 05 19.5910 +20 09 25.31,8.094,108.2,4970.0,1.101,1.33,4.227,48.677714,0.269,89.2,1.01,0.89,36.14,2.17,533.0,0.0,7.4,21.08,0.19,X,0.1
WASP-103,b,PhaseC,GO,5022,3,1,Archived,BOTS,PRISM,SUB512,NRSRAPID,5.0,"Jul 6, 2025 03:17:29","Jul 7, 2025 10:32:24",35.46,Barros,12,16 37 15.5766 +07 11 0.11,10.767,375.65,6110.0,1.22,1.436,4.22,0.9255454,0.02,87.3,1.47,1.541,17.55,0.61,2505.9,1.2,2.6,88.55,81.35,X,0.06
HAT-P-18,b,Transit,GO,5844,3,1,Archived,BOTS,G395M,SUB2048,NRSRAPID,27.0,"Apr 30, 2025 04:02:29","Apr 30, 2025 10:59:14",7.28,Radica,12,17 05 23.1475 +33 00 44.94,10.234,161.4,4803.0,0.77,0.749,4.579,5.5080287,0.056,88.79,0.196,0.976,5.85,0.32,847.8,2.2,2.7,267.61,6.09,X,0.1
HAT-P-18,b,Transit,GO,5844,3,2,Archived,LRS,X,SLITLESSPRISM,FASTR1,164.0,"Jul 5, 2025 04:47:57","Jul 5, 2025 13:19:37",9.12,Radica,12,17 05 23.1475 +33 00 44.94,10.234,161.4,4803.0,0.77,0.749,4.579,5.5080287,0.056,88.79,0.196,0.976,5.85,0.32,847.8,2.2,2.7,267.61,6.09,X,0.1
TOI-3884,b,Transit,GO,5863,3,2,Archived,BOTS,G395M,SUB2048,NRSRAPID,23.0,"Dec 20, 2024 16:45:51","Dec 20, 2024 22:22:05",5.75,Murray,12,12 06 17.2338 +12 30 25.31,10.24,43.14,3192.0,0.29,0.303,4.921,4.5445697,0.036,89.96,0.077,0.535,7.64,0.76,448.2,3.6,1.6,361.41,0.23,X,0.14
TOI-3884,b,Transit,GO,5863,3,3,Archived,SOSS,X,SUBSTRIP256,NISRAPID,10.0,"Dec 25, 2024 06:48:03","Dec 25, 2024 12:26:52",6.19,Murray,12,12 06 17.2338 +12 30 25.31,10.24,43.14,3192.0,0.29,0.303,4.921,4.5445697,0.036,89.96,0.077,0.535,7.64,0.76,448.2,3.6,1.6,361.41,0.23,X,0.14
TOI-700,d,Transit,GO,6193,3,1,Archived,SOSS,X,SUBSTRIP256,NISRAPID,4.0,"Mar 28, 2025 06:35:47","Mar 28, 2025 16:56:36",11.65,Pass,12,06 28 22.9720 -65 34 43.01,8.634,31.13,3470.5,0.415,0.42,4.806,37.424355,0.163,89.79,-1.0,0.104,-1.0,-1.0,268.5,0.1,3.3,-1.0,0.0,X,-0.07
TOI-700,e,Transit,GO,6193,3,2,Archived,SOSS,X,SUBSTRIP256,NISRAPID,4.0,"Apr 6, 2025 17:09:31","Apr 7, 2025 02:38:46",10.81,Pass,12,06 28 22.9720 -65 34 43.01,8.634,31.13,3470.5,0.415,0.42,4.624,27.8097349,0.134,89.6,-1.0,0.085,-1.0,-1.0,296.4,0.0,2.9,-1.0,0.0,X,-0.07
TOI-849,b,Eclipse,GO,5967,3,1,Skipped,BOTS,G395M,SUB2048,NRSRAPID,33.0,X,X,7.11,Roy,12,01 54 51.7938 -29 25 18.14,10.418,225.73,5284.0,0.95,0.921,4.477,0.7655502,0.016,86.42,0.127,0.32,35.15,5.87,1949.5,0.1,1.6,22.69,6.99,X,0.19
TOI-849,b,Eclipse,GO,5967,3,11,Archived,BOTS,G395M,SUB2048,NRSRAPID,33.0,"Sep 9, 2025 13:06:27","Sep 9, 2025 19:47:39",7.11,Roy,12,01 54 51.7938 -29 25 18.14,10.418,225.73,5284.0,0.95,0.921,4.477,0.7655502,0.016,86.42,0.127,0.32,35.15,5.87,1949.5,0.1,1.6,22.69,6.99,X,0.19
HAT-P-30,b,Transit,GO,5924,3,6,Archived,SOSS,X,SUBSTRIP256,NISRAPID,4.0,"Mar 30, 2025 23:48:53","Mar 31, 2025 06:57:48",7.47,Sing,0,08 15 47.9802 +05 50 12.35,9.151,213.98,6304.0,1.242,1.215,4.36,2.810601,0.042,83.6,0.733,1.427,10.2,0.38,1636.9,1.1,2.2,270.81,69.01,X,0.13
HATS-72,b,Transit,GO,5924,3,10,Archived,BOTS,PRISM,SUB512,NRSRAPID,3.0,"Jun 16, 2025 05:57:36","Jun 16, 2025 13:32:51",8.02,Sing,0,22 36 6.3190 -16 59 59.79,9.764,127.59,4656.1,0.731,0.721,4.585,7.3279485,0.067,89.56,0.125,0.785,5.77,0.39,739.4,1.4,3.0,254.14,2.59,X,0.1
TOI-561,b,Eclipse,GO,4818,3,11,Archived,LRS,X,SLITLESSPRISM,FASTR1,32.0,"Apr 14, 2025 08:43:13","Apr 14, 2025 14:15:53",5.65,Weiner Mansfield,12,09 52 44.5492 +06 12 58.92,8.394,85.8,5357.0,0.805,0.843,4.5,0.4465697,0.011,87.1,0.007,0.127,11.75,4.95,2303.6,0.0,1.3,14.33,4.85,X,-0.4
V1298 Tau,c,Transit,GO,5959,3,1,Archived,BOTS,G395H,SUB2048,NRSRAPID,4.0,"Feb 9, 2026 17:41:53","Feb 10, 2026 04:50:13",12.14,Feinstein,0,04 05 19.5971 +20 09 25.31,8.094,108.2,5010.0,1.1,1.325,-1.0,8.249164,0.082,88.0,0.127,0.457,17.32,2.03,968.2,0.0,4.7,41.31,2.03,X,0.1
WASP-94 A,b,Transit,GO,5924,3,4,Archived,SOSS,X,SUBSTRIP256,NISRAPID,3.0,"Oct 11, 2024 22:36:23","Oct 12, 2024 09:12:22",11.51,Sing,0,20 55 7.9444 -34 08 8.01,8.874,211.21,6153.0,1.45,1.62,4.181,3.9501954,0.055,88.7,0.456,1.72,4.37,0.14,1607.3,1.2,4.5,478.31,62.93,X,0.26
TOI-3884,b,Transit,GO,5863,3,4,Archived,BOTS,G395M,SUB2048,NRSRAPID,23.0,"Dec 29, 2024 20:13:23","Dec 30, 2024 01:18:28",5.75,Murray,12,12 06 17.2338 +12 30 25.31,10.24,43.14,3192.0,0.29,0.303,4.921,4.5445697,0.036,89.96,0.077,0.535,7.64,0.76,448.2,3.6,1.6,361.41,0.23,X,0.14
TOI-3884,b,Transit,GO,5799,3,2,Archived,SOSS,X,SUBSTRIP256,NISRAPID,10.0,"Jun 15, 2025 22:11:04","Jun 16, 2025 04:58:13",7.3,Garcia,12,12 06 17.4371 +12 30 24.88,10.24,43.14,3192.0,0.29,0.303,4.921,4.5445697,0.036,89.96,0.077,0.535,7.64,0.76,448.2,3.6,1.6,361.41,0.23,X,0.14
TOI-3884,b,Transit,GO,5799,3,1,Archived,SOSS,X,SUBSTRIP256,NISRAPID,10.0,"Jun 2, 2025 06:45:50","Jun 2, 2025 13:43:39",7.3,Garcia,12,12 06 17.4371 +12 30 24.88,10.24,43.14,3192.0,0.29,0.303,4.921,4.5445697,0.036,89.96,0.077,0.535,7.64,0.76,448.2,3.6,1.6,361.41,0.23,X,0.14
TOI-3884,b,Transit,GO,5863,3,1,Archived,SOSS,X,SUBSTRIP256,NISRAPID,10.0,"Dec 16, 2024 03:30:48","Dec 16, 2024 09:31:52",6.19,Murray,12,12 06 17.2338 +12 30 25.31,10.24,43.14,3192.0,0.29,0.303,4.921,4.5445697,0.036,89.96,0.077,0.535,7.64,0.76,448.2,3.6,1.6,361.41,0.23,X,0.14
TOI-3884,b,Transit,GO,5799,3,3,Archived,BOTS,G395H,SUB2048,NRSRAPID,70.0,"May 24, 2025 04:48:18","May 24, 2025 11:36:23",7.23,Garcia,12,12 06 17.4371 +12 30 24.88,10.24,43.14,3192.0,0.29,0.303,4.921,4.5445697,0.036,89.96,0.077,0.535,7.64,0.76,448.2,3.6,1.6,361.41,0.23,X,0.14
HD 20329,b,Eclipse,GO,4818,3,3,Archived,LRS,X,SLITLESSPRISM,FASTR1,10.0,"Aug 25, 2025 21:12:46","Aug 26, 2025 02:41:59",5.59,Weiner Mansfield,12,03 16 42.6298 +15 39 26.01,7.116,63.68,5618.0,0.9,1.12,4.375,0.9260906,0.018,76.01,0.023,0.152,28.81,10.17,2136.9,0.0,1.1,43.76,5.51,X,-0.07
HD 207496,b,Transit,GO,6284,3,1,Skipped,GTS,GRISMR+F322W2,SUBGRISM64,BRIGHT1,4.0,X,X,6.94,Coy,12,21 54 51.3013 -77 20 16.79,5.967,23.61,4843.0,0.8,0.784,4.472,6.441007,0.063,88.79,0.019,0.215,11.8,2.94,824.7,0.1,1.8,202.18,1.64,X,0.1
HD 207496,b,Transit,GO,6284,3,3,Archived,GTS,GRISMR+F322W2,SUBGRISM64,BRIGHT1,4.0,"Aug 25, 2025 10:57:17","Aug 25, 2025 17:17:17",6.94,Coy,12,21 54 51.3013 -77 20 16.79,5.967,23.61,4843.0,0.8,0.784,4.472,6.441007,0.063,88.79,0.019,0.215,11.8,2.94,824.7,0.1,1.8,202.18,1.64,X,0.1
HD 207496,b,Transit,GO,6284,3,2,Archived,GTS,GRISMR+F444W,SUBGRISM64,BRIGHT1,7.0,"Jul 4, 2025 21:59:10","Jul 5, 2025 04:35:36",6.93,Coy,12,21 54 51.3013 -77 20 16.79,5.967,23.61,4843.0,0.8,0.784,4.472,6.441007,0.063,88.79,0.019,0.215,11.8,2.94,824.7,0.1,1.8,202.18,1.64,X,0.1
V1298 Tau,c,Transit,GO,5959,3,2,Archived,SOSS,X,SUBSTRIP96,NISRAPID,5.0,"Sep 6, 2025 00:30:18","Sep 6, 2025 11:46:19",12.28,Feinstein,0,04 05 19.5971 +20 09 25.31,8.094,108.2,5010.0,1.1,1.325,-1.0,8.249164,0.082,88.0,0.127,0.457,17.32,2.03,968.2,0.0,4.7,41.31,2.03,X,0.1
NGTS-2,b,Transit,GO,5924,3,5,Archived,SOSS,X,SUBSTRIP256,NISRAPID,6.0,"Jun 27, 2025 00:26:44","Jun 27, 2025 10:56:32",11.86,Sing,0,14 20 29.4891 -31 12 7.44,9.799,356.39,6478.0,1.64,1.702,4.197,4.5111232,0.063,88.5,0.74,1.625,7.94,0.26,1623.6,1.1,4.6,148.53,31.79,X,-0.06
TRAPPIST-1,b+e,Transit,GO,6456,3,5,Archived,BOTS,PRISM,SUB512,NRSRAPID,5.0,"Jun 11, 2025 14:19:04","Jun 11, 2025 20:55:53",6.89,Allen,12,23 06 30.3652 -05 02 36.70,-1.0,-1.0,-1.0,-1.0,-1.0,-1.0,-1.0,-1.0,-1.0,-1.0,-1.0,-1.0,-1.0,-1.0,-1.0,-1.0,-1.0,-1.0,X,-999.0
TRAPPIST-1,b+e,Transit,GO,6456,3,1,Archived,BOTS,PRISM,SUB512,NRSRAPID,5.0,"Jul 5, 2024 01:12:34","Jul 5, 2024 10:23:43",10.79,Allen,12,23 06 30.3652 -05 02 36.70,-1.0,-1.0,-1.0,-1.0,-1.0,-1.0,-1.0,-1.0,-1.0,-1.0,-1.0,-1.0,-1.0,-1.0,-1.0,-1.0,-1.0,-1.0,X,-999.0
TRAPPIST-1,b+e,Transit,GO,6456,3,3,Archived,BOTS,PRISM,SUB512,NRSRAPID,5.0,"Jul 11, 2024 03:29:24","Jul 11, 2024 11:16:21",9.2,Allen,12,23 06 30.3652 -05 02 36.70,-1.0,-1.0,-1.0,-1.0,-1.0,-1.0,-1.0,-1.0,-1.0,-1.0,-1.0,-1.0,-1.0,-1.0,-1.0,-1.0,-1.0,-1.0,X,-999.0
KELT-7,b,Transit,GO,5924,3,7,Archived,SOSS,X,SUBSTRIP96,NISRAPID,3.0,"Feb 15, 2025 21:56:11","Feb 16, 2025 06:56:44",9.84,Sing,0,05 13 10.9289 +33 19 5.40,7.543,136.68,6768.0,1.535,1.751,4.149,2.7347656,0.044,83.76,1.335,1.588,15.0,0.51,2055.3,0.8,3.4,259.99,141.96,X,0.14
KELT-8,b,Eclipse,GO,5687,3,2,Archived,LRS,X,SLITLESSPRISM,FASTR1,85.0,"Aug 3, 2025 13:43:18","Aug 4, 2025 03:47:57",15.54,Valentine,12,18 53 13.3242 +24 07 38.58,9.177,197.57,5754.0,1.114,1.46,4.08,3.24406,0.046,82.65,0.858,1.86,7.03,0.2,1569.9,1.3,3.6,336.23,81.09,X,0.27
KELT-8,b,Eclipse,GO,5687,3,1,Archived,LRS,X,SLITLESSPRISM,FASTR1,85.0,"Jul 28, 2025 07:38:00","Jul 28, 2025 16:04:58",9.44,Valentine,12,18 53 13.3242 +24 07 38.58,9.177,197.57,5754.0,1.114,1.46,4.08,3.24406,0.046,82.65,0.858,1.86,7.03,0.2,1569.9,1.3,3.6,336.23,81.09,X,0.27
TOI-1075,b,Eclipse,GO,4818,3,13,Archived,LRS,X,SLITLESSPRISM,FASTR1,55.0,"Jun 15, 2025 04:50:13","Jun 15, 2025 10:04:35",5.3,Weiner Mansfield,12,20 39 53.3385 -65 26 57.99,9.115,61.46,3983.5,0.602,0.58,4.675,0.6047334,0.012,83.97,0.031,0.163,33.41,10.97,1353.1,0.1,1.1,38.12,4.55,X,-0.08
WASP-19,b,Transit,GO,5924,3,12,Archived,BOTS,PRISM,SUB512,NRSRAPID,4.0,"Mar 22, 2025 10:21:19","Mar 22, 2025 16:08:21",5.93,Sing,0,09 53 40.0766 -45 39 33.06,10.481,268.32,5503.0,0.962,1.005,4.401,0.7888391,0.016,79.08,1.14,1.395,16.6,0.64,2071.6,2.1,1.6,163.08,118.06,X,0.15
TOI-199,b,Transit,GO,5177,3,1,Archived,BOTS,G395M,SUB2048,NRSRAPID,7.0,"Dec 23, 2024 05:22:13","Dec 24, 2024 03:09:02",24.98,Hu,12,05 20 25.3152 -59 53 44.46,8.814,102.27,5302.5,0.936,0.85,4.553,104.8632126,0.425,90.0,0.17,0.853,6.62,0.41,361.4,1.2,6.7,131.58,0.01,X,0.22
TOI-2076,b,Transit,GO,5959,3,10,Archived,SOSS,X,SUBSTRIP96,NISRAPID,2.0,"Apr 17, 2025 23:17:04","Apr 18, 2025 07:37:46",8.89,Feinstein,0,14 29 34.0787 +39 47 25.43,7.115,41.91,5189.5,0.85,0.77,4.602,10.355235,0.078,89.28,0.036,0.224,20.29,4.85,786.2,0.1,3.3,71.47,0.75,X,-0.03
TOI-2076,b,Transit,GO,5959,3,9,Archived,BOTS,G395H,SUB1024B,NRSRAPID,3.0,"Mar 17, 2025 21:48:48","Mar 18, 2025 06:06:51",8.85,Feinstein,0,14 29 34.0787 +39 47 25.43,7.115,41.91,5189.5,0.85,0.77,4.602,10.355235,0.078,89.28,0.036,0.224,20.29,4.85,786.2,0.1,3.3,71.47,0.75,X,-0.03
TOI-2076,c,Transit,GO,5959,3,12,Archived,SOSS,X,SUBSTRIP96,NISRAPID,2.0,"Jun 23, 2025 11:51:23","Jun 23, 2025 20:53:57",10.05,Feinstein,0,14 29 34.0787 +39 47 25.43,7.115,41.91,5189.5,0.849,0.77,4.583,21.0153158,0.125,89.8,0.098,0.316,27.81,4.71,621.1,0.2,4.2,59.05,0.34,X,-0.03
TOI-2076,c,Transit,GO,5959,3,11,Archived,BOTS,G395H,SUB1024B,NRSRAPID,3.0,"Jan 27, 2025 09:45:22","Jan 27, 2025 18:50:25",10.01,Feinstein,0,14 29 34.0787 +39 47 25.43,7.115,41.91,5189.5,0.849,0.77,4.583,21.0153158,0.125,89.8,0.098,0.316,27.81,4.71,621.1,0.2,4.2,59.05,0.34,X,-0.03
TRAPPIST-1,b+c,Eclipse,GO,5191,3,2,Archived,F1280W,X,SUB256,FASTR1,93.0,"Nov 11, 2024 10:45:26","Nov 11, 2024 15:14:22",5.43,Ducrot,12,23 06 29.3685 -05 02 29.04,10.296,-1.0,2559.0,0.09,0.118,5.24,2.421848,0.016,89.62,0.004,0.096,12.67,7.07,337.5,0.7,0.7,31.2,0.0,X,0.04
TRAPPIST-1,b+c,Eclipse,GO,5191,3,3,Archived,F1280W,X,SUB256,FASTR1,93.0,"Nov 23, 2024 12:39:00","Nov 23, 2024 17:53:24",6.31,Ducrot,12,23 06 29.3685 -05 02 29.04,10.296,-1.0,2559.0,0.09,0.118,5.24,2.421848,0.016,89.62,0.004,0.096,12.67,7.07,337.5,0.7,0.7,31.2,0.0,X,0.04
TRAPPIST-1,b+c,Eclipse,GO,5191,3,4,Archived,F1280W,X,SUB256,FASTR1,93.0,"Dec 5, 2024 15:25:26","Dec 5, 2024 20:31:59",6.89,Ducrot,12,23 06 29.3685 -05 02 29.04,10.296,-1.0,2559.0,0.09,0.118,5.24,2.421848,0.016,89.62,0.004,0.096,12.67,7.07,337.5,0.7,0.7,31.2,0.0,X,0.04
TRAPPIST-1,b+e,Transit,GO,6456,3,15,Archived,BOTS,PRISM,SUB512,NRSRAPID,5.0,"Dec 10, 2024 15:07:35","Dec 11, 2024 01:26:22",11.37,Allen,12,23 06 30.3652 -05 02 36.70,-1.0,-1.0,-1.0,-1.0,-1.0,-1.0,-1.0,-1.0,-1.0,-1.0,-1.0,-1.0,-1.0,-1.0,-1.0,-1.0,-1.0,-1.0,X,-999.0
TRAPPIST-1,b+e,Transit,GO,6456,3,2,Archived,BOTS,PRISM,SUB512,NRSRAPID,5.0,"Jun 17, 2025 16:41:32","Jun 17, 2025 21:58:30",5.35,Allen,12,23 06 30.3652 -05 02 36.70,-1.0,-1.0,-1.0,-1.0,-1.0,-1.0,-1.0,-1.0,-1.0,-1.0,-1.0,-1.0,-1.0,-1.0,-1.0,-1.0,-1.0,-1.0,X,-999.0
TRAPPIST-1,b+e,Transit,GO,6456,3,4,Archived,BOTS,PRISM,SUB512,NRSRAPID,5.0,"Jun 5, 2025 11:56:05","Jun 5, 2025 19:54:24",8.47,Allen,12,23 06 30.3652 -05 02 36.70,-1.0,-1.0,-1.0,-1.0,-1.0,-1.0,-1.0,-1.0,-1.0,-1.0,-1.0,-1.0,-1.0,-1.0,-1.0,-1.0,-1.0,-1.0,X,-999.0
TOI-2076,d,Transit,GO,5959,3,14,Archived,SOSS,X,SUBSTRIP96,NISRAPID,2.0,"Jan 18, 2025 20:04:38","Jan 19, 2025 04:25:28",8.89,Feinstein,0,14 29 34.0787 +39 47 25.43,7.115,41.91,5189.5,0.849,0.77,4.583,35.1257166,0.176,88.89,0.057,0.288,19.47,3.61,523.3,0.2,3.0,64.89,0.08,X,-0.03
TOI-2076,d,Transit,GO,5959,3,13,Archived,BOTS,G395H,SUB1024B,NRSRAPID,3.0,"Jul 13, 2025 11:24:00","Jul 13, 2025 19:32:43",8.85,Feinstein,0,14 29 34.0787 +39 47 25.43,7.115,41.91,5189.5,0.849,0.77,4.583,35.1257166,0.176,88.89,0.057,0.288,19.47,3.61,523.3,0.2,3.0,64.89,0.08,X,-0.03
TOI-1416,b,Eclipse,GO,4818,3,5,Archived,LRS,X,SLITLESSPRISM,FASTR1,18.0,"Feb 17, 2025 18:29:44","Feb 17, 2025 23:23:31",5.89,Weiner Mansfield,12,14 27 41.7656 +41 57 12.32,7.708,55.01,4915.0,0.798,0.796,4.529,1.0697594,0.019,85.7,0.011,0.144,15.04,5.6,1534.5,0.0,1.4,85.91,3.79,X,0.08
TOI-1442,b,Eclipse,GO,4818,3,9,Archived,LRS,X,SLITLESSPRISM,FASTR1,108.0,"Feb 23, 2025 04:33:16","Feb 23, 2025 08:40:34",4.91,Weiner Mansfield,12,19 09 9.7936 +74 10 20.22,10.089,41.17,3329.0,0.29,0.309,4.918,0.4090679,0.007,-1.0,-1.0,0.105,-1.0,-1.0,1059.7,0.1,0.6,-1.0,2.34,X,-999.0
TOI-849,b,Eclipse,GO,5967,3,2,Archived,BOTS,G395M,SUB2048,NRSRAPID,33.0,"Sep 5, 2025 17:10:57","Sep 5, 2025 23:55:46",7.11,Roy,12,01 54 51.7938 -29 25 18.14,10.418,225.73,5284.0,0.95,0.921,4.477,0.7655502,0.016,86.42,0.127,0.32,35.15,5.87,1949.5,0.1,1.6,22.69,6.99,X,0.19
TOI-849,b,Eclipse,GO,5967,3,3,Archived,BOTS,G395M,SUB2048,NRSRAPID,33.0,"Aug 13, 2025 18:55:18","Aug 14, 2025 00:55:14",7.11,Roy,12,01 54 51.7938 -29 25 18.14,10.418,225.73,5284.0,0.95,0.921,4.477,0.7655502,0.016,86.42,0.127,0.32,35.15,5.87,1949.5,0.1,1.6,22.69,6.99,X,0.19
Kepler-167,e,Transit,GO,5531,3,1,Withdrawn,SOSS,X,SUBSTRIP256,NISRAPID,30.0,X,X,39.26,Changeat,12,19 30 38.0262 +38 20 43.44,11.832,341.91,4876.0,0.776,0.746,4.576,1071.23205,1.881,89.96,1.01,0.905,34.96,2.07,148.1,1.9,16.2,3.5,0.0,X,0.05
Kepler-167,e,Transit,GO,6491,3,1,Archived,BOTS,PRISM,SUB512,NRSRAPID,6.0,"Oct 24, 2024 14:24:14","Oct 27, 2024 03:59:28",70.62,Cassese,12,19 30 38.0262 +38 20 43.44,11.832,341.91,4876.0,0.776,0.746,4.576,1071.23205,1.881,89.96,1.01,0.905,34.96,2.07,148.1,1.9,16.2,3.5,0.0,X,0.05
TRAPPIST-1,b+c,Eclipse,GO,5191,3,1,Archived,F1280W,X,SUB256,FASTR1,93.0,"Oct 30, 2024 08:46:02","Oct 30, 2024 12:35:46",4.67,Ducrot,12,23 06 29.3685 -05 02 29.04,10.296,-1.0,2559.0,0.09,0.118,5.24,2.421848,0.016,89.62,0.004,0.096,12.67,7.07,337.5,0.7,0.7,31.2,0.0,X,0.04
WASP-76,b,Transit,GO,6045,3,1,Archived,LRS,X,SLITLESSPRISM,FASTR1,25.0,"Jul 21, 2025 23:17:35","Jul 22, 2025 08:20:54",10.22,Baeyens,12,01 46 31.8576 +02 42 2.03,8.243,194.46,6250.0,1.46,1.73,4.128,1.8098816,0.033,88.35,0.902,1.838,7.57,0.22,2182.1,1.2,3.8,469.33,181.72,X,0.23
WASP-12,b,Transit,GO,5924,3,13,Archived,BOTS,PRISM,SUB512,NRSRAPID,3.0,"Mar 10, 2026 03:50:45","Mar 10, 2026 12:05:01",8.77,Sing,0,06 30 32.7966 +29 40 20.26,10.188,427.25,6300.0,1.35,1.638,4.134,1.0914202,0.023,83.2,1.41,1.825,12.0,0.35,2552.6,1.4,3.0,156.73,113.89,X,0.3
HD 3167,b,Eclipse,GO,4818,3,17,Archived,LRS,X,SLITLESSPRISM,FASTR1,9.0,"Jun 28, 2025 16:31:30","Jun 28, 2025 22:21:47",6.0,Weiner Mansfield,12,00 34 57.5242 +04 22 53.28,7.066,47.29,5293.0,0.866,0.87,4.51,0.959641,0.018,87.59,0.016,0.145,21.25,7.83,1773.4,0.0,1.6,79.99,5.88,X,0.03
AU Mic,b,Transit,GO,5311,3,2,Archived,GTS,GRISMR+F322W2,SUBGRISM64,RAPID,2.0,"Jun 8, 2025 16:32:20","Jun 9, 2025 04:08:08",12.72,Feinstein,6,20 45 9.8838 -31 20 33.00,4.529,9.72,3689.0,0.5,0.75,4.404,8.46308,0.065,89.5,0.037,0.368,7.69,1.12,603.6,0.2,3.5,840.0,2.31,X,0.12
GJ 3470,b,Transit,GTO,4536,3,1,Archived,BOTS,G395H,SUB2048,NRSRAPID,9.0,"Mar 7, 2025 01:47:14","Mar 7, 2025 08:32:40",7.06,Greene,12,07 59 5.6341 +15 23 28.32,7.989,29.42,3600.0,0.524,0.5,4.738,3.3366496,0.036,88.88,0.044,0.37,9.05,1.31,651.3,0.6,1.9,353.73,1.9,X,0.2
AU Mic,b,Transit,GO,5311,3,3,Archived,GTS,GRISMR+F322W2,SUBGRISM64,RAPID,2.0,"May 14, 2025 08:13:37","May 14, 2025 19:22:23",12.71,Feinstein,6,20 45 9.8838 -31 20 33.00,4.529,9.72,3689.0,0.5,0.75,4.404,8.46308,0.065,89.5,0.037,0.368,7.69,1.12,603.6,0.2,3.5,840.0,2.31,X,0.12
AU Mic,b,Transit,GO,5311,3,1,Archived,GTS,GRISMR+F444W,SUBGRISM64,BRIGHT1,2.0,"May 22, 2025 18:21:03","May 23, 2025 05:55:49",12.7,Feinstein,6,20 45 9.8838 -31 20 33.00,4.529,9.72,3689.0,0.5,0.75,4.404,8.46308,0.065,89.5,0.037,0.368,7.69,1.12,603.6,0.2,3.5,840.0,2.31,X,0.12
AU Mic,b,Transit,GO,5311,3,4,Archived,GTS,GRISMR+F444W,SUBGRISM64,BRIGHT1,2.0,"May 31, 2025 05:26:20","May 31, 2025 17:01:43",12.72,Feinstein,6,20 45 9.8838 -31 20 33.00,4.529,9.72,3689.0,0.5,0.75,4.404,8.46308,0.065,89.5,0.037,0.368,7.69,1.12,603.6,0.2,3.5,840.0,2.31,X,0.12
GJ 486,b,Transit,GO,5866,3,1,Archived,SOSS,X,SUBSTRIP96,NISRAPID,3.0,"Jun 1, 2025 12:29:38","Jun 1, 2025 16:52:12",5.22,MacDonald,12,12 47 55.5675 +09 44 57.91,6.362,8.07,3307.0,0.323,0.33,4.89,1.4671198,0.017,88.9,0.009,0.117,18.28,8.34,699.4,0.1,1.0,43.0,1.72,X,-0.15
GJ 486,b,Transit,GO,5866,3,2,Archived,SOSS,X,SUBSTRIP96,NISRAPID,3.0,"May 28, 2025 02:02:18","May 28, 2025 07:13:06",5.22,MacDonald,12,12 47 55.5675 +09 44 57.91,6.362,8.07,3307.0,0.323,0.33,4.89,1.4671198,0.017,88.9,0.009,0.117,18.28,8.34,699.4,0.1,1.0,43.0,1.72,X,-0.15
GJ 3929,b,Eclipse,DD,9235,3,1,Archived,F1500W,X,SUB128,FASTR1,47.0,"Jul 8, 2025 07:34:25","Jul 8, 2025 13:21:59",7.7,Espinoza,0,15 58 18.6104 +35 24 29.37,7.869,15.81,3369.0,0.311,0.32,4.89,2.6162745,0.025,89.05,0.005,0.098,13.77,7.53,576.1,0.1,1.2,20.82,0.16,X,-0.01
GJ 3929,b,Eclipse,DD,9235,3,4,Archived,F1500W,X,SUB128,FASTR1,47.0,"Feb 10, 2026 07:48:43","Feb 10, 2026 13:42:34",6.35,Espinoza,0,15 58 18.6104 +35 24 29.37,7.869,15.81,3369.0,0.311,0.32,4.89,2.6162745,0.025,89.05,0.005,0.098,13.77,7.53,576.1,0.1,1.2,20.82,0.16,X,-0.01
GJ 486,b,Transit,GO,5866,3,3,Archived,SOSS,X,SUBSTRIP96,NISRAPID,3.0,"Jun 2, 2025 23:51:27","Jun 3, 2025 04:04:26",5.22,MacDonald,12,12 47 55.5675 +09 44 57.91,6.362,8.07,3307.0,0.323,0.33,4.89,1.4671198,0.017,88.9,0.009,0.117,18.28,8.34,699.4,0.1,1.0,43.0,1.72,X,-0.15
GJ 806,b,Eclipse,GO,4931,3,1,Archived,LRS,X,SLITLESSPRISM,FASTR1,5.0,"Jun 6, 2025 01:57:00","Jun 6, 2025 06:55:04",4.99,Weiner Mansfield,12,20 45 4.0992 +44 29 56.65,6.533,12.04,3586.5,0.413,0.422,4.892,0.9263237,0.014,87.7,0.006,0.134,9.4,3.75,947.7,0.1,0.9,73.1,5.63,X,-0.28
HAT-P-11,b,Transit,GO,5924,3,1,Archived,SOSS,X,SUBSTRIP96,NISRAPID,3.0,"Aug 8, 2025 18:53:57","Aug 9, 2025 02:17:28",7.78,Sing,0,19 50 50.2473 +48 04 51.10,7.009,37.76,4777.6,0.81,0.755,4.59,4.8878027,0.053,89.36,0.081,0.43,12.42,1.55,869.5,0.4,2.4,247.39,5.89,X,0.31
WASP-39,b,Eclipse,GO,5634,3,1,Archived,BOTS,G395H,SUB2048,NRSRAPID,70.0,"Jun 13, 2025 04:40:08","Jun 13, 2025 12:05:50",7.98,Baeyens,12,14 29 18.3955 -03 26 40.20,10.202,213.98,5326.6,0.918,1.013,4.389,4.0552832,0.049,87.76,0.28,1.279,4.85,0.2,1173.1,2.2,2.8,324.05,20.93,X,-0.03
WASP-6,b,Transit,GO,5924,3,11,Skipped,BOTS,PRISM,SUB512,NRSRAPID,4.0,X,X,8.19,Sing,0,23 12 37.7368 -22 40 26.27,10.325,197.12,5450.0,0.88,0.818,4.581,3.3610024,0.042,88.47,0.484,1.178,9.88,0.45,1158.2,2.1,2.6,210.05,23.71,X,-0.18
WASP-6,b,Transit,GO,5924,3,16,Archived,BOTS,PRISM,SUB512,NRSRAPID,4.0,"Oct 16, 2025 19:38:45","Oct 17, 2025 03:22:44",8.19,Sing,0,23 12 37.7368 -22 40 26.27,10.325,197.12,5450.0,0.88,0.818,4.581,3.3610024,0.042,88.47,0.484,1.178,9.88,0.45,1158.2,2.1,2.6,210.05,23.71,X,-0.18
HAT-P-13,b,Transit,GO,8233,4,2,Archived,BOTS,G395M,SUB2048,NRSRAPID,8.0,"Mar 28, 2026 20:31:46","Mar 29, 2026 05:27:08",9.57,Miguel,12,08 39 31.7694 +47 21 6.85,8.975,246.81,5653.0,1.22,1.56,4.13,2.9162412,0.043,83.4,0.899,1.487,11.52,0.41,1640.0,0.7,3.3,164.65,58.07,X,0.41
HAT-P-13,b,Transit,GO,8233,4,1,Archived,SOSS,X,SUBSTRIP256,NISRAPID,3.0,"Mar 14, 2026 06:21:58","Mar 14, 2026 15:30:40",9.81,Miguel,12,08 39 31.7694 +47 21 6.85,8.975,246.81,5653.0,1.22,1.56,4.13,2.9162412,0.043,83.4,0.899,1.487,11.52,0.41,1640.0,0.7,3.3,164.65,58.07,X,0.41
WASP-193,b,Transit,GO,9101,4,5,Archived,BOTS,G140H,SUB2048,NRSRAPID,26.0,"May 25, 2026 03:27:21","May 25, 2026 14:40:39",12.24,Radica,12,10 57 23.8522 -29 59 49.67,10.745,362.09,6080.0,1.038,1.213,4.284,6.2463345,0.067,88.87,0.126,1.319,2.04,0.08,1245.6,1.2,4.3,457.68,12.42,X,-0.08
WASP-17,b,Eclipse,GO,8309,4,5,Implementation,LRS,X,SLITLESSPRISM,FASTR1,168.0,X,X,12.77,Mullens,12,15 59 50.9492 -28 03 42.31,10.224,405.91,6550.0,1.306,1.572,4.176,3.7354417,0.051,86.83,0.49,1.892,3.88,0.11,1748.8,1.7,4.4,367.69,50.36,"Aug 6, 2026 - Aug 6, 2026 (2026.218 - 2026.218)",-0.19
WASP-17,b,Transit,GO,8309,4,3,Implementation,LRS,X,SLITLESSPRISM,FASTR1,168.0,X,X,12.77,Mullens,12,15 59 50.9492 -28 03 42.31,10.224,405.91,6550.0,1.306,1.572,4.176,3.7354417,0.051,86.83,0.49,1.892,3.88,0.11,1748.8,1.7,4.4,367.69,50.36,"Jul 31, 2026 - Jul 31, 2026 (2026.212 - 2026.212)",-0.19
WASP-17,b,Transit,GO,8309,4,1,Implementation,LRS,X,SLITLESSPRISM,FASTR1,168.0,X,X,12.77,Mullens,12,15 59 50.9492 -28 03 42.31,10.224,405.91,6550.0,1.306,1.572,4.176,3.7354417,0.051,86.83,0.49,1.892,3.88,0.11,1748.8,1.7,4.4,367.69,50.36,"Jul 27, 2026 - Jul 27, 2026 (2026.208 - 2026.208)",-0.19
55 Cnc,e,Eclipse,GO,7875,4,3,Flight Ready,MRS,X,FULL,FASTR1,50.0,X,X,6.62,Zhang,12,08 52 35.8111 +28 19 50.95,4.015,12.59,5250.0,0.905,0.964,4.425,0.7365462,0.016,84.65,0.025,0.172,24.24,7.52,1983.8,0.0,1.6,309.73,37.28,"Nov 4, 2026 - Nov 4, 2026 (2026.308 - 2026.308)",0.35
55 Cnc,e,Eclipse,GO,7875,4,1,Archived,MRS,X,FULL,FASTR1,50.0,"Apr 25, 2026 03:10:01","Apr 25, 2026 09:17:11",6.61,Zhang,12,08 52 35.8111 +28 19 50.95,4.015,12.59,5250.0,0.905,0.964,4.425,0.7365462,0.016,84.65,0.025,0.172,24.24,7.52,1983.8,0.0,1.6,309.73,37.28,X,0.35
WD 1856+534,b,Transit,GO,9033,4,3,Archived,BOTS,PRISM,SUB512,NRSRAPID,105.0,"Oct 22, 2025 22:16:11","Oct 23, 2025 01:22:15",3.38,MacDonald,12,18 57 39.3437 +53 30 33.30,15.548,24.74,4920.0,0.562,0.013,7.915,1.4079392,0.021,88.78,9.5,0.937,306.75,17.52,185.4,52.6,0.2,327.37,0.0,X,-999.0
55 Cnc,e,Eclipse,GO,7875,4,2,Flight Ready,MRS,X,FULL,FASTR1,50.0,X,X,6.62,Zhang,12,08 52 35.8111 +28 19 50.95,4.015,12.59,5250.0,0.905,0.964,4.425,0.7365462,0.016,84.65,0.025,0.172,24.24,7.52,1983.8,0.0,1.6,309.73,37.28,"Oct 26, 2026 - Oct 26, 2026 (2026.299 - 2026.299)",0.35
WASP-39,b,Transit,GO,8017,4,1,Archived,BOTS,G140H,SUB2048,NRSRAPID,21.0,"Aug 2, 2025 20:31:47","Aug 3, 2025 05:09:21",9.23,Welbanks,0,14 29 18.4152 -03 26 40.20,10.202,213.98,5326.6,0.918,1.013,4.389,4.0552832,0.049,87.76,0.28,1.279,4.85,0.2,1173.1,2.2,2.8,324.05,20.93,X,-0.03
WASP-39,b,Transit,GO,8017,4,2,Scheduled,BOTS,G235H,SUB2048,NRSRAPID,38.0,"Jun 15, 2026 05:21:09","Jun 15, 2026 11:17:37",9.24,Welbanks,0,14 29 18.4152 -03 26 40.20,10.202,213.98,5326.6,0.918,1.013,4.389,4.0552832,0.049,87.76,0.28,1.279,4.85,0.2,1173.1,2.2,2.8,324.05,20.93,X,-0.03
WASP-193,b,Transit,GO,9101,4,2,Archived,LRS,X,SLITLESSPRISM,FASTR1,250.0,"Feb 14, 2026 04:00:00","Feb 14, 2026 16:10:42",13.36,Radica,12,10 57 23.8522 -29 59 49.67,10.745,362.09,6080.0,1.038,1.213,4.284,6.2463345,0.067,88.87,0.126,1.319,2.04,0.08,1245.6,1.2,4.3,457.68,12.42,X,-0.08
WASP-193,b,Transit,GO,9101,4,3,Archived,BOTS,G395M,SUB2048,NRSRAPID,54.0,"Apr 23, 2026 21:50:54","Apr 24, 2026 09:02:37",12.21,Radica,12,10 57 23.8522 -29 59 49.67,10.745,362.09,6080.0,1.038,1.213,4.284,6.2463345,0.067,88.87,0.126,1.319,2.04,0.08,1245.6,1.2,4.3,457.68,12.42,X,-0.08
WASP-193,b,Transit,GO,9101,4,4,Archived,BOTS,G235M,SUB2048,NRSRAPID,24.0,"Apr 30, 2026 03:46:05","Apr 30, 2026 14:58:47",12.23,Radica,12,10 57 23.8522 -29 59 49.67,10.745,362.09,6080.0,1.038,1.213,4.284,6.2463345,0.067,88.87,0.126,1.319,2.04,0.08,1245.6,1.2,4.3,457.68,12.42,X,-0.08
TOI-199,b,Transit,GO,7188,4,1,Archived,BOTS,G395H,SUB2048,NRSRAPID,19.0,"Nov 2, 2025 22:31:21","Nov 3, 2025 13:55:25",17.41,Acuna,12,05 20 25.4127 -59 53 43.53,8.814,102.27,5302.5,0.936,0.85,4.553,104.8632126,0.425,90.0,0.17,0.853,6.62,0.41,361.4,1.2,6.7,131.58,0.01,X,0.22
TIC_207140650,X,Flares,GO,7068,4,5,Archived,SOSS,X,SUBSTRIP256,NISRAPID,5.0,"Sep 3, 2025 12:40:48","Sep 3, 2025 19:33:37",7.93,Doshi,12,02 56 57.6741 -58 21 45.39,-1.0,-1.0,-1.0,-1.0,-1.0,-1.0,-1.0,-1.0,-1.0,-1.0,-1.0,-1.0,-1.0,-1.0,-1.0,-1.0,-1.0,-1.0,X,-999.0
TIC_231020638,X,Flares,GO,7068,4,2,Archived,SOSS,X,SUBSTRIP256,NISRAPID,3.0,"Sep 3, 2025 00:00:12","Sep 3, 2025 10:35:24",11.81,Doshi,12,01 50 56.9007 -58 44 3.21,-1.0,-1.0,-1.0,-1.0,-1.0,-1.0,-1.0,-1.0,-1.0,-1.0,-1.0,-1.0,-1.0,-1.0,-1.0,-1.0,-1.0,-1.0,X,-999.0
TIC_261560580,X,Flares,GO,7068,4,1,Archived,SOSS,X,SUBSTRIP256,NISRAPID,8.0,"Sep 5, 2025 04:48:57","Sep 5, 2025 15:52:22",12.37,Doshi,12,23 17 0.1185 -74 32 9.44,-1.0,-1.0,-1.0,-1.0,-1.0,-1.0,-1.0,-1.0,-1.0,-1.0,-1.0,-1.0,-1.0,-1.0,-1.0,-1.0,-1.0,-1.0,X,-999.0
TIC_80427281,X,Flares,GO,7068,4,3,Skipped,SOSS,X,SUBSTRIP256,NISRAPID,4.0,X,X,8.75,Doshi,12,00 42 10.9234 -42 52 54.55,-1.0,-1.0,-1.0,-1.0,-1.0,-1.0,-1.0,-1.0,-1.0,-1.0,-1.0,-1.0,-1.0,-1.0,-1.0,-1.0,-1.0,-1.0,X,-999.0
TIC_80427281,X,Flares,GO,7068,4,6,Archived,SOSS,X,SUBSTRIP256,NISRAPID,4.0,"Nov 12, 2025 06:23:56","Nov 12, 2025 13:48:26",8.75,Doshi,12,00 42 10.9234 -42 52 54.55,-1.0,-1.0,-1.0,-1.0,-1.0,-1.0,-1.0,-1.0,-1.0,-1.0,-1.0,-1.0,-1.0,-1.0,-1.0,-1.0,-1.0,-1.0,X,-999.0
NGTS-11,b,Transit,GO,7982,4,1,Flight Ready,SOSS,X,SUBSTRIP256,NISRAPID,15.0,X,X,9.78,Claringbold,12,01 34 5.1361 -14 25 9.15,10.315,190.42,5063.0,0.862,0.831,4.515,35.4557945,0.201,89.16,0.344,0.809,14.89,0.98,496.4,1.0,3.7,39.89,0.08,"Jul 5, 2026 - Jul 5, 2026 (2026.186 - 2026.186)",0.22
NGTS-11,b,Transit,GO,7982,4,4,Flight Ready,BOTS,G395M,SUB2048,NRSRAPID,37.0,X,X,9.33,Claringbold,12,01 34 5.1361 -14 25 9.15,10.315,190.42,5063.0,0.862,0.831,4.515,35.4557945,0.201,89.16,0.344,0.809,14.89,0.98,496.4,1.0,3.7,39.89,0.08,"Nov 24, 2026 - Nov 24, 2026 (2026.328 - 2026.328)",0.22
LTT 1445 A,b,Transit,GO,7073,4,3,Archived,BOTS,G395H,SUB2048,NRSRAPID,3.0,"Jan 3, 2026 05:08:23","Jan 3, 2026 10:23:50",5.44,Lustig-Yaeger,0,03 01 51.3937 -16 35 36.03,6.496,6.87,3340.0,0.256,0.276,4.967,5.3587657,0.038,89.4,0.008,0.121,15.3,6.75,433.6,0.2,1.4,44.25,0.05,X,-0.34
LTT 1445 A,b,Transit,GO,7251,4,2,Inactive,GTS,GRISMR+F444W,SUB41S1_2-SPECTRA,DHS3,8.0,X,X,5.74,Bennett,12,03 01 50.9819 -16 35 40.32,6.496,6.87,3340.0,0.256,0.276,4.967,5.3587657,0.038,89.4,0.008,0.121,15.3,6.75,433.6,0.2,1.4,44.25,0.05,"Sep 1, 2026 - Sep 1, 2026 (2026.244 - 2026.244)",-0.34
LTT 1445 A,c,Transit,GO,7073,4,14,Flight Ready,BOTS,G395H,SUB2048,NRSRAPID,3.0,X,X,5.16,Lustig-Yaeger,0,03 01 51.3937 -16 35 36.03,6.496,6.87,3340.0,0.257,0.271,-1.0,3.1238994,0.027,87.43,0.004,0.102,11.67,6.1,514.2,0.1,0.5,60.16,0.19,"Sep 2, 2026 - Sep 3, 2026 (2026.245 - 2026.246)",-0.34
LTT 1445 A,c,Transit,GO,7073,4,11,Archived,SOSS,X,SUBSTRIP96,NISRAPID,3.0,"Jan 27, 2026 06:14:25","Jan 27, 2026 10:59:06",5.22,Lustig-Yaeger,0,03 01 51.3937 -16 35 36.03,6.496,6.87,3340.0,0.257,0.271,-1.0,3.1238994,0.027,87.43,0.004,0.102,11.67,6.1,514.2,0.1,0.5,60.16,0.19,X,-0.34
LTT 1445 A,c,Transit,GO,7073,4,13,Archived,BOTS,G395H,SUB2048,NRSRAPID,3.0,"Sep 14, 2025 22:02:28","Sep 15, 2025 02:59:02",4.45,Lustig-Yaeger,0,03 01 51.3937 -16 35 36.03,6.496,6.87,3340.0,0.257,0.271,-1.0,3.1238994,0.027,87.43,0.004,0.102,11.67,6.1,514.2,0.1,0.5,60.16,0.19,X,-0.34
LTT 1445 A,c,Transit,GO,7073,4,12,Archived,SOSS,X,SUBSTRIP96,NISRAPID,3.0,"Jan 20, 2026 23:50:40","Jan 21, 2026 05:01:28",5.22,Lustig-Yaeger,0,03 01 51.3937 -16 35 36.03,6.496,6.87,3340.0,0.257,0.271,-1.0,3.1238994,0.027,87.43,0.004,0.102,11.67,6.1,514.2,0.1,0.5,60.16,0.19,X,-0.34
LTT 1445 A,b,Transit,GO,7251,4,4,Inactive,GTS,GRISMR+F444W,SUB41S1_2-SPECTRA,DHS3,8.0,X,X,5.74,Bennett,12,03 01 50.9819 -16 35 40.32,6.496,6.87,3340.0,0.256,0.276,4.967,5.3587657,0.038,89.4,0.008,0.121,15.3,6.75,433.6,0.2,1.4,44.25,0.05,"Sep 12, 2026 - Sep 12, 2026 (2026.255 - 2026.255)",-0.34
LTT 1445 A,b,Transit,GO,7251,4,1,Inactive,GTS,GRISMR+F322W2,SUB41S1_2-SPECTRA,DHS3,7.0,X,X,5.8,Bennett,12,03 01 50.9819 -16 35 40.32,6.496,6.87,3340.0,0.256,0.276,4.967,5.3587657,0.038,89.4,0.008,0.121,15.3,6.75,433.6,0.2,1.4,44.25,0.05,"Jul 25, 2026 - Jul 25, 2026 (2026.206 - 2026.206)",-0.34
LTT 1445 A,b,Transit,GO,7251,4,3,Inactive,GTS,GRISMR+F322W2,SUB41S1_2-SPECTRA,DHS3,7.0,X,X,5.8,Bennett,12,03 01 50.9819 -16 35 40.32,6.496,6.87,3340.0,0.256,0.276,4.967,5.3587657,0.038,89.4,0.008,0.121,15.3,6.75,433.6,0.2,1.4,44.25,0.05,"Sep 6, 2026 - Sep 6, 2026 (2026.249 - 2026.249)",-0.34
IRAS 04125+2902,b,Transit,GO,8597,4,1,Implementation,SOSS,X,SUBSTRIP256,NISRAPID,16.0,X,X,21.55,Feinstein,12,04 15 42.8019 +29 09 59.54,9.376,159.24,3691.5,0.7,1.3,3.847,8.834952,0.077,88.3,-1.0,0.883,-1.0,-1.0,731.4,0.6,6.1,-1.0,1.68,"Oct 5, 2027 - Oct 5, 2027 (2027.278 - 2027.278)",-999.0
HD 86226,c,Transit,GO,7407,4,1,Implementation,GTS,GRISMR+F444W,SUB164S4_8-SPECTRA,DHS4,3.0,X,X,10.48,Nixon,12,09 56 29.8442 -24 05 57.80,6.463,45.68,5883.0,1.019,1.042,4.405,3.9845474,0.049,86.45,0.023,0.191,17.67,4.94,1307.9,0.0,2.6,86.11,3.17,Not a candidate for the long range plan,0.02
HD 86226,c,Transit,GO,7407,4,3,Implementation,LRS,X,SLITLESSPRISM,FASTR1,6.0,X,X,10.37,Nixon,12,09 56 29.8442 -24 05 57.80,6.463,45.68,5883.0,1.019,1.042,4.405,3.9845474,0.049,86.45,0.023,0.191,17.67,4.94,1307.9,0.0,2.6,86.11,3.17,"May 1, 2027 - May 2, 2027 (2027.121 - 2027.122)",0.02
HD 86226,c,Transit,GO,7407,4,2,Implementation,GTS,GRISMR+F322W2,SUB164S4_8-SPECTRA,DHS4,2.0,X,X,10.54,Nixon,12,09 56 29.8442 -24 05 57.80,6.463,45.68,5883.0,1.019,1.042,4.405,3.9845474,0.049,86.45,0.023,0.191,17.67,4.94,1307.9,0.0,2.6,86.11,3.17,Not a candidate for the long range plan,0.02
HIP 9618,b,Transit,GO,8004,4,4,Archived,BOTS,G395H,SUB2048,NRSRAPID,6.0,"Jan 11, 2026 14:22:27","Jan 12, 2026 03:13:44",14.13,Batalha,12,02 03 37.0253 +21 16 51.11,7.559,67.55,5617.3,0.942,0.963,4.45,20.772869,0.144,-1.0,0.026,0.345,6.3,0.98,700.4,0.1,4.9,167.2,0.42,X,-0.06
HIP 9618,b,Transit,GO,8004,4,3,Archived,BOTS,G395H,SUB2048,NRSRAPID,6.0,"Sep 8, 2025 23:12:49","Sep 9, 2025 11:54:02",14.13,Batalha,12,02 03 37.0253 +21 16 51.11,7.559,67.55,5617.3,0.942,0.963,4.45,20.772869,0.144,-1.0,0.026,0.345,6.3,0.98,700.4,0.1,4.9,167.2,0.42,X,-0.06
WASP-127,b,Transit,GO,9101,4,1,Archived,LRS,X,SLITLESSPRISM,FASTR1,45.0,"May 6, 2026 22:41:43","May 7, 2026 11:01:56",13.54,Radica,12,10 42 14.0837 -03 50 6.26,8.641,159.51,5620.0,1.08,1.369,4.18,4.178062,0.05,88.2,0.172,1.311,2.84,0.12,1415.0,1.0,4.3,769.49,44.07,X,-0.18
HAT-P-32,b,Transit,GO,7849,4,6,Archived,LRS,X,SLITLESSPRISM,FASTR1,109.0,"Feb 2, 2026 22:43:38","Feb 3, 2026 07:34:54",9.51,Moran,12,02 04 10.2774 +46 41 16.21,9.99,289.2,6207.0,1.16,1.219,4.33,2.1500082,0.034,88.94,0.81,1.789,7.17,0.21,1784.7,2.3,3.1,355.4,95.09,X,-0.04
HATS-72,b,Transit,GO,7849,4,1,Archived,LRS,X,SLITLESSPRISM,FASTR1,116.0,"Jun 2, 2026 22:08:10","Jun 3, 2026 07:26:15",10.04,Moran,12,22 36 6.3190 -16 59 59.79,9.764,127.59,4656.1,0.731,0.721,4.585,7.3279485,0.067,89.56,0.125,0.785,5.77,0.39,739.4,1.4,3.0,254.14,2.59,X,0.1
LP 890-9,c,Transit,GO,7073,4,57,Archived,BOTS,PRISM,SUB512,NRSRAPID,5.0,"Dec 24, 2025 22:17:08","Dec 25, 2025 03:42:13",5.58,Lustig-Yaeger,0,04 16 31.1618 -28 18 52.95,11.344,32.43,2850.0,0.118,0.156,5.126,8.457463,0.04,89.29,0.08,0.122,151.7,66.55,271.6,0.7,1.0,0.95,0.0,X,-0.03
LP 890-9,c,Transit,GO,7073,4,77,Archived,BOTS,PRISM,SUB512,NRSRAPID,5.0,"Jan 2, 2026 09:12:35","Jan 2, 2026 14:41:32",5.58,Lustig-Yaeger,0,04 16 31.1618 -28 18 52.95,11.344,32.43,2850.0,0.118,0.156,5.126,8.457463,0.04,89.29,0.08,0.122,151.7,66.55,271.6,0.7,1.0,0.95,0.0,X,-0.03
LTT 1445 A,b,Transit,GO,7073,4,1,Archived,SOSS,X,SUBSTRIP96,NISRAPID,3.0,"Jan 24, 2026 14:54:59","Jan 24, 2026 20:58:14",6.22,Lustig-Yaeger,0,03 01 51.3937 -16 35 36.03,6.496,6.87,3340.0,0.256,0.276,4.967,5.3587657,0.038,89.4,0.008,0.121,15.3,6.75,433.6,0.2,1.4,44.25,0.05,X,-0.34
LTT 1445 A,b,Transit,GO,7251,4,8,Inactive,GTS,GRISMR+F444W,SUB41S1_2-SPECTRA,DHS3,8.0,X,X,5.74,Bennett,12,03 01 50.9819 -16 35 40.32,6.496,6.87,3340.0,0.256,0.276,4.967,5.3587657,0.038,89.4,0.008,0.121,15.3,6.75,433.6,0.2,1.4,44.25,0.05,"Dec 12, 2026 - Dec 12, 2026 (2026.346 - 2026.346)",-0.34
LTT 1445 A,b,Transit,GO,7251,4,5,Inactive,GTS,GRISMR+F322W2,SUB41S1_2-SPECTRA,DHS3,7.0,X,X,5.8,Bennett,12,03 01 50.9819 -16 35 40.32,6.496,6.87,3340.0,0.256,0.276,4.967,5.3587657,0.038,89.4,0.008,0.121,15.3,6.75,433.6,0.2,1.4,44.25,0.05,"Sep 17, 2026 - Sep 17, 2026 (2026.260 - 2026.260)",-0.34
LTT 1445 A,b,Transit,GO,7251,4,6,Inactive,GTS,GRISMR+F444W,SUB41S1_2-SPECTRA,DHS3,8.0,X,X,5.74,Bennett,12,03 01 50.9819 -16 35 40.32,6.496,6.87,3340.0,0.256,0.276,4.967,5.3587657,0.038,89.4,0.008,0.121,15.3,6.75,433.6,0.2,1.4,44.25,0.05,"Sep 22, 2026 - Sep 22, 2026 (2026.265 - 2026.265)",-0.34
LTT 1445 A,b,Transit,GO,7073,4,2,Archived,SOSS,X,SUBSTRIP96,NISRAPID,3.0,"Jan 30, 2026 00:05:58","Jan 30, 2026 05:34:55",6.22,Lustig-Yaeger,0,03 01 51.3937 -16 35 36.03,6.496,6.87,3340.0,0.256,0.276,4.967,5.3587657,0.038,89.4,0.008,0.121,15.3,6.75,433.6,0.2,1.4,44.25,0.05,X,-0.34
LTT 1445 A,b,Transit,GO,7251,4,7,Inactive,GTS,GRISMR+F322W2,SUB41S1_2-SPECTRA,DHS3,7.0,X,X,5.8,Bennett,12,03 01 50.9819 -16 35 40.32,6.496,6.87,3340.0,0.256,0.276,4.967,5.3587657,0.038,89.4,0.008,0.121,15.3,6.75,433.6,0.2,1.4,44.25,0.05,"Dec 17, 2026 - Dec 17, 2026 (2026.351 - 2026.351)",-0.34
LP 890-9,c,Transit,GO,7073,4,61,Archived,BOTS,PRISM,SUB512,NRSRAPID,5.0,"Jan 27, 2026 18:56:26","Jan 27, 2026 23:39:49",5.58,Lustig-Yaeger,0,04 16 31.1618 -28 18 52.95,11.344,32.43,2850.0,0.118,0.156,5.126,8.457463,0.04,89.29,0.08,0.122,151.7,66.55,271.6,0.7,1.0,0.95,0.0,X,-0.03
LP 890-9,c,Transit,GO,7073,4,60,Archived,BOTS,PRISM,SUB512,NRSRAPID,5.0,"Jan 19, 2026 07:11:26","Jan 19, 2026 12:40:18",5.58,Lustig-Yaeger,0,04 16 31.1618 -28 18 52.95,11.344,32.43,2850.0,0.118,0.156,5.126,8.457463,0.04,89.29,0.08,0.122,151.7,66.55,271.6,0.7,1.0,0.95,0.0,X,-0.03
LP 890-9,c,Transit,GO,7073,4,54,Flight Ready,BOTS,PRISM,SUB512,NRSRAPID,5.0,X,X,5.6,Lustig-Yaeger,0,04 16 31.1618 -28 18 52.95,11.344,32.43,2850.0,0.118,0.156,5.126,8.457463,0.04,89.29,0.08,0.122,151.7,66.55,271.6,0.7,1.0,0.95,0.0,"Sep 30, 2026 - Sep 30, 2026 (2026.273 - 2026.273)",-0.03
LP 890-9,c,Transit,GO,7073,4,55,Archived,BOTS,PRISM,SUB512,NRSRAPID,5.0,"Nov 4, 2025 04:21:02","Nov 4, 2025 09:48:41",5.58,Lustig-Yaeger,0,04 16 31.1618 -28 18 52.95,11.344,32.43,2850.0,0.118,0.156,5.126,8.457463,0.04,89.29,0.08,0.122,151.7,66.55,271.6,0.7,1.0,0.95,0.0,X,-0.03
LP 890-9,c,Transit,GO,7073,4,62,Archived,BOTS,PRISM,SUB512,NRSRAPID,5.0,"Nov 21, 2025 02:17:07","Nov 21, 2025 07:46:09",5.58,Lustig-Yaeger,0,04 16 31.1618 -28 18 52.95,11.344,32.43,2850.0,0.118,0.156,5.126,8.457463,0.04,89.29,0.08,0.122,151.7,66.55,271.6,0.7,1.0,0.95,0.0,X,-0.03
LP 890-9,c,Transit,GO,7073,4,51,Archived,BOTS,PRISM,SUB512,NRSRAPID,5.0,"Aug 20, 2025 01:36:09","Aug 20, 2025 07:05:07",5.58,Lustig-Yaeger,0,04 16 31.1618 -28 18 52.95,11.344,32.43,2850.0,0.118,0.156,5.126,8.457463,0.04,89.29,0.08,0.122,151.7,66.55,271.6,0.7,1.0,0.95,0.0,X,-0.03
LP 890-9,c,Transit,GO,7073,4,56,Flight Ready,BOTS,PRISM,SUB512,NRSRAPID,5.0,X,X,5.6,Lustig-Yaeger,0,04 16 31.1618 -28 18 52.95,11.344,32.43,2850.0,0.118,0.156,5.126,8.457463,0.04,89.29,0.08,0.122,151.7,66.55,271.6,0.7,1.0,0.95,0.0,"Sep 4, 2026 - Sep 4, 2026 (2026.247 - 2026.247)",-0.03
LP 890-9,c,Transit,GO,7073,4,63,Archived,BOTS,PRISM,SUB512,NRSRAPID,5.0,"Oct 18, 2025 06:22:48","Oct 18, 2025 11:51:49",5.58,Lustig-Yaeger,0,04 16 31.1618 -28 18 52.95,11.344,32.43,2850.0,0.118,0.156,5.126,8.457463,0.04,89.29,0.08,0.122,151.7,66.55,271.6,0.7,1.0,0.95,0.0,X,-0.03
TOI-2431,b,PhaseC,GO,8864,4,4,Flight Ready,LRS,X,SLITLESSPRISM,FASTR1,10.0,X,X,13.56,Dang,12,02 31 3.2802 +08 22 55.18,7.554,36.06,4094.0,0.661,0.666,4.63,0.2241954,0.006,74.0,0.02,0.318,5.47,0.92,2029.0,0.1,0.3,1080.71,82.04,"Aug 5, 2026 - Aug 5, 2026 (2026.217 - 2026.217)",-0.02
LP 890-9,c,Transit,GO,7073,4,53,Flight Ready,BOTS,PRISM,SUB512,NRSRAPID,5.0,X,X,5.6,Lustig-Yaeger,0,04 16 31.1618 -28 18 52.95,11.344,32.43,2850.0,0.118,0.156,5.126,8.457463,0.04,89.29,0.08,0.122,151.7,66.55,271.6,0.7,1.0,0.95,0.0,"Sep 21, 2026 - Sep 21, 2026 (2026.264 - 2026.264)",-0.03
LP 890-9,c,Transit,GO,7073,4,52,Archived,BOTS,PRISM,SUB512,NRSRAPID,5.0,"Sep 14, 2025 10:54:28","Sep 14, 2025 15:59:01",5.58,Lustig-Yaeger,0,04 16 31.1618 -28 18 52.95,11.344,32.43,2850.0,0.118,0.156,5.126,8.457463,0.04,89.29,0.08,0.122,151.7,66.55,271.6,0.7,1.0,0.95,0.0,X,-0.03
LP 890-9,c,Transit,GO,7073,4,65,Archived,BOTS,PRISM,SUB512,NRSRAPID,5.0,"Feb 13, 2026 16:10:03","Feb 13, 2026 21:39:04",5.58,Lustig-Yaeger,0,04 16 31.1618 -28 18 52.95,11.344,32.43,2850.0,0.118,0.156,5.126,8.457463,0.04,89.29,0.08,0.122,151.7,66.55,271.6,0.7,1.0,0.95,0.0,X,-0.03
LP 890-9,c,Transit,GO,7073,4,58,Flight Ready,BOTS,PRISM,SUB512,NRSRAPID,5.0,X,X,5.6,Lustig-Yaeger,0,04 16 31.1618 -28 18 52.95,11.344,32.43,2850.0,0.118,0.156,5.126,8.457463,0.04,89.29,0.08,0.122,151.7,66.55,271.6,0.7,1.0,0.95,0.0,"Aug 18, 2026 - Aug 18, 2026 (2026.230 - 2026.230)",-0.03
LP 890-9,c,Transit,GO,7073,4,59,Archived,BOTS,PRISM,SUB512,NRSRAPID,5.0,"Oct 1, 2025 08:48:41","Oct 1, 2025 13:55:15",5.58,Lustig-Yaeger,0,04 16 31.1618 -28 18 52.95,11.344,32.43,2850.0,0.118,0.156,5.126,8.457463,0.04,89.29,0.08,0.122,151.7,66.55,271.6,0.7,1.0,0.95,0.0,X,-0.03
LP 890-9,c,Transit,GO,7073,4,66,Archived,BOTS,PRISM,SUB512,NRSRAPID,5.0,"Oct 26, 2025 17:26:28","Oct 26, 2025 22:50:09",5.58,Lustig-Yaeger,0,04 16 31.1618 -28 18 52.95,11.344,32.43,2850.0,0.118,0.156,5.126,8.457463,0.04,89.29,0.08,0.122,151.7,66.55,271.6,0.7,1.0,0.95,0.0,X,-0.03
LP 890-9,c,Transit,GO,7073,4,68,Flight Ready,BOTS,PRISM,SUB512,NRSRAPID,5.0,X,X,5.6,Lustig-Yaeger,0,04 16 31.1618 -28 18 52.95,11.344,32.43,2850.0,0.118,0.156,5.126,8.457463,0.04,89.29,0.08,0.122,151.7,66.55,271.6,0.7,1.0,0.95,0.0,"Aug 10, 2026 - Aug 10, 2026 (2026.222 - 2026.222)",-0.03
LP 890-9,c,Transit,GO,7073,4,67,Skipped,BOTS,PRISM,SUB512,NRSRAPID,5.0,X,X,5.58,Lustig-Yaeger,0,04 16 31.1618 -28 18 52.95,11.344,32.43,2850.0,0.118,0.156,5.126,8.457463,0.04,89.29,0.08,0.122,151.7,66.55,271.6,0.7,1.0,0.95,0.0,"Aug 10, 2026 - Aug 10, 2026 (2026.222 - 2026.222)",-0.03
LP 890-9,b,Transit,GO,7073,4,42,Archived,BOTS,PRISM,SUB512,NRSRAPID,5.0,"Aug 31, 2025 14:05:18","Aug 31, 2025 19:20:16",5.45,Lustig-Yaeger,0,04 16 31.1618 -28 18 52.95,11.344,32.43,2868.5,0.118,0.156,5.143,2.7299037,0.019,89.67,0.042,0.119,82.9,37.22,398.4,0.7,0.8,2.49,0.01,X,-0.03
LP 890-9,b,Transit,GO,7073,4,41,Archived,BOTS,PRISM,SUB512,NRSRAPID,5.0,"Sep 14, 2025 05:47:22","Sep 14, 2025 10:54:24",5.45,Lustig-Yaeger,0,04 16 31.1618 -28 18 52.95,11.344,32.43,2868.5,0.118,0.156,5.143,2.7299037,0.019,89.67,0.042,0.119,82.9,37.22,398.4,0.7,0.8,2.49,0.01,X,-0.03
LP 890-9,b,Transit,GO,7073,4,44,Archived,BOTS,PRISM,SUB512,NRSRAPID,5.0,"Aug 17, 2025 22:24:14","Aug 18, 2025 03:46:22",5.45,Lustig-Yaeger,0,04 16 31.1618 -28 18 52.95,11.344,32.43,2868.5,0.118,0.156,5.143,2.7299037,0.019,89.67,0.042,0.119,82.9,37.22,398.4,0.7,0.8,2.49,0.01,X,-0.03
LP 890-9,b,Transit,GO,7073,4,46,Archived,BOTS,PRISM,SUB512,NRSRAPID,5.0,"Sep 11, 2025 12:18:10","Sep 11, 2025 17:23:37",5.45,Lustig-Yaeger,0,04 16 31.1618 -28 18 52.95,11.344,32.43,2868.5,0.118,0.156,5.143,2.7299037,0.019,89.67,0.042,0.119,82.9,37.22,398.4,0.7,0.8,2.49,0.01,X,-0.03
TRAPPIST-1,b+e,Transit,GO,9256,4,14,Withdrawn,BOTS,PRISM,SUB512,NRSRAPID,5.0,X,X,7.08,Allen,0,23 06 30.3652 -05 02 36.70,-1.0,-1.0,-1.0,-1.0,-1.0,-1.0,-1.0,-1.0,-1.0,-1.0,-1.0,-1.0,-1.0,-1.0,-1.0,-1.0,-1.0,-1.0,X,-999.0
TRAPPIST-1,b+e,Transit,GO,9256,4,9,Archived,BOTS,PRISM,SUB512,NRSRAPID,5.0,"Jul 17, 2025 23:03:52","Jul 18, 2025 09:08:24",10.91,Allen,0,23 06 30.3652 -05 02 36.70,-1.0,-1.0,-1.0,-1.0,-1.0,-1.0,-1.0,-1.0,-1.0,-1.0,-1.0,-1.0,-1.0,-1.0,-1.0,-1.0,-1.0,-1.0,X,-999.0
TRAPPIST-1,b+e,Transit,GO,9256,4,10,Archived,BOTS,PRISM,SUB512,NRSRAPID,5.0,"Nov 5, 2025 00:37:44","Nov 5, 2025 10:12:13",10.92,Allen,0,23 06 30.3652 -05 02 36.70,-1.0,-1.0,-1.0,-1.0,-1.0,-1.0,-1.0,-1.0,-1.0,-1.0,-1.0,-1.0,-1.0,-1.0,-1.0,-1.0,-1.0,-1.0,X,-999.0
TRAPPIST-1,b+e,Transit,GO,9256,4,7,Archived,BOTS,PRISM,SUB512,NRSRAPID,5.0,"Oct 29, 2025 19:34:48","Oct 30, 2025 09:25:40",15.28,Allen,0,23 06 30.3652 -05 02 36.70,-1.0,-1.0,-1.0,-1.0,-1.0,-1.0,-1.0,-1.0,-1.0,-1.0,-1.0,-1.0,-1.0,-1.0,-1.0,-1.0,-1.0,-1.0,X,-999.0
TRAPPIST-1,b+e,Transit,GO,9256,4,13,Archived,BOTS,PRISM,SUB512,NRSRAPID,5.0,"Jun 6, 2026 06:45:45","Jun 6, 2026 16:33:53",10.6,Allen,0,23 06 30.3652 -05 02 36.70,-1.0,-1.0,-1.0,-1.0,-1.0,-1.0,-1.0,-1.0,-1.0,-1.0,-1.0,-1.0,-1.0,-1.0,-1.0,-1.0,-1.0,-1.0,X,-999.0
TRAPPIST-1,b+e,Transit,GO,9256,4,11,Archived,BOTS,PRISM,SUB512,NRSRAPID,5.0,"Nov 17, 2025 05:11:08","Nov 17, 2025 12:16:30",7.75,Allen,0,23 06 30.3652 -05 02 36.70,-1.0,-1.0,-1.0,-1.0,-1.0,-1.0,-1.0,-1.0,-1.0,-1.0,-1.0,-1.0,-1.0,-1.0,-1.0,-1.0,-1.0,-1.0,X,-999.0
TRAPPIST-1,b+e,Transit,GO,9256,4,8,Archived,BOTS,PRISM,SUB512,NRSRAPID,5.0,"Jul 11, 2025 22:21:02","Jul 12, 2025 06:43:39",9.33,Allen,0,23 06 30.3652 -05 02 36.70,-1.0,-1.0,-1.0,-1.0,-1.0,-1.0,-1.0,-1.0,-1.0,-1.0,-1.0,-1.0,-1.0,-1.0,-1.0,-1.0,-1.0,-1.0,X,-999.0
TRAPPIST-1,b+e,Transit,GO,9256,4,6,Archived,BOTS,PRISM,SUB512,NRSRAPID,5.0,"Jun 29, 2025 20:02:09","Jun 30, 2025 01:56:23",6.18,Allen,0,23 06 30.3652 -05 02 36.70,-1.0,-1.0,-1.0,-1.0,-1.0,-1.0,-1.0,-1.0,-1.0,-1.0,-1.0,-1.0,-1.0,-1.0,-1.0,-1.0,-1.0,-1.0,X,-999.0
TRAPPIST-1,b+e,Transit,GO,9256,4,12,Archived,BOTS,PRISM,SUB512,NRSRAPID,5.0,"Nov 23, 2025 05:56:29","Nov 23, 2025 15:59:28",11.34,Allen,0,23 06 30.3652 -05 02 36.70,-1.0,-1.0,-1.0,-1.0,-1.0,-1.0,-1.0,-1.0,-1.0,-1.0,-1.0,-1.0,-1.0,-1.0,-1.0,-1.0,-1.0,-1.0,X,-999.0
KELT-9,b,PhaseC,GO,7255,4,2,Flight Ready,SOSS,X,SUBSTRIP96,NISRAPID,3.0,X,X,24.91,Stevenson,12,20 31 26.3534 +39 56 19.77,7.482,204.46,10170.0,2.52,2.362,4.093,1.4811187,0.035,86.79,2.66,1.815,22.9,0.68,4050.7,0.7,4.0,216.71,232.28,"Nov 6, 2026 - Nov 6, 2026 (2026.310 - 2026.310)",-0.03
Kepler-12,b,Transit,GO,7849,4,2,Scheduled,LRS,X,SLITLESSPRISM,FASTR1,596.0,"Jun 16, 2026 11:59:48","Jun 16, 2026 21:25:34",13.36,Moran,12,19 04 58.4221 +50 02 25.27,12.066,881.39,5953.0,1.106,1.483,4.175,4.437963,0.055,89.26,0.432,1.695,4.26,0.13,1491.9,1.7,4.7,123.2,14.07,X,0.07
Kepler-12,b,Transit,GO,7849,4,4,Scheduled,LRS,X,SLITLESSPRISM,FASTR1,596.0,"Jun 12, 2026 01:29:15","Jun 12, 2026 10:55:01",13.36,Moran,12,19 04 58.4221 +50 02 25.27,12.066,881.39,5953.0,1.106,1.483,4.175,4.437963,0.055,89.26,0.432,1.695,4.26,0.13,1491.9,1.7,4.7,123.2,14.07,X,0.07
KELT-9,b,PhaseC,GO,7255,4,1,Flight Ready,SOSS,X,SUBSTRIP96,NISRAPID,3.0,X,X,27.25,Stevenson,12,20 31 26.3534 +39 56 19.77,7.482,204.46,10170.0,2.52,2.362,4.093,1.4811187,0.035,86.79,2.66,1.815,22.9,0.68,4050.7,0.7,4.0,216.71,232.28,"Nov 5, 2026 - Nov 5, 2026 (2026.309 - 2026.309)",-0.03
K2-232,b,Transit,GO,9025,4,2,Flight Ready,BOTS,G395H,SUB2048,NRSRAPID,20.0,X,X,13.87,Gao,12,04 55 3.9626 +18 39 16.31,8.434,130.72,6067.5,1.188,1.19,4.344,11.1684482,0.101,89.14,0.392,1.058,9.94,0.5,1002.9,0.9,5.2,182.98,10.16,"Sep 14, 2026 - Sep 15, 2026 (2026.257 - 2026.258)",0.1
KELT-20,b,Eclipse,GO,6978,4,1,Archived,BOTS,G395H,SUB2048,NRSRAPID,5.0,"Oct 19, 2025 15:59:09","Oct 20, 2025 06:34:30",16.8,Wardenier,12,19 38 38.7400 +31 13 9.12,7.415,136.43,8720.0,1.76,1.565,4.29,3.4741048,0.056,86.12,10.191,1.83,86.25,2.52,2230.8,1.4,3.4,75.06,215.55,X,-0.29
IRAS 04125+2902,b,Transit,GO,8597,4,2,Implementation,BOTS,G395M,SUB2048,NRSRAPID,27.0,X,X,21.15,Feinstein,12,04 15 42.8019 +29 09 59.54,9.376,159.24,3691.5,0.7,1.3,3.847,8.834952,0.077,88.3,-1.0,0.883,-1.0,-1.0,731.4,0.6,6.1,-1.0,1.68,"Oct 14, 2027 - Oct 14, 2027 (2027.287 - 2027.287)",-999.0
LP 890-9,b,Transit,GO,7073,4,47,Archived,BOTS,PRISM,SUB512,NRSRAPID,5.0,"Aug 12, 2025 11:22:36","Aug 12, 2025 16:44:45",5.45,Lustig-Yaeger,0,04 16 31.1618 -28 18 52.95,11.344,32.43,2868.5,0.118,0.156,5.143,2.7299037,0.019,89.67,0.042,0.119,82.9,37.22,398.4,0.7,0.8,2.49,0.01,X,-0.03
LP 890-9,b,Transit,GO,7073,4,45,Archived,BOTS,PRISM,SUB512,NRSRAPID,5.0,"Aug 23, 2025 09:58:37","Aug 23, 2025 14:47:53",5.45,Lustig-Yaeger,0,04 16 31.1618 -28 18 52.95,11.344,32.43,2868.5,0.118,0.156,5.143,2.7299037,0.019,89.67,0.042,0.119,82.9,37.22,398.4,0.7,0.8,2.49,0.01,X,-0.03
LP 890-9,b,Transit,GO,7073,4,48,Archived,BOTS,PRISM,SUB512,NRSRAPID,5.0,"Sep 25, 2025 03:35:43","Sep 25, 2025 08:57:48",5.45,Lustig-Yaeger,0,04 16 31.1618 -28 18 52.95,11.344,32.43,2868.5,0.118,0.156,5.143,2.7299037,0.019,89.67,0.042,0.119,82.9,37.22,398.4,0.7,0.8,2.49,0.01,X,-0.03
LP 890-9,c,Transit,GO,7073,4,64,Flight Ready,BOTS,PRISM,SUB512,NRSRAPID,5.0,X,X,5.6,Lustig-Yaeger,0,04 16 31.1618 -28 18 52.95,11.344,32.43,2850.0,0.118,0.156,5.126,8.457463,0.04,89.29,0.08,0.122,151.7,66.55,271.6,0.7,1.0,0.95,0.0,"Aug 27, 2026 - Aug 27, 2026 (2026.239 - 2026.239)",-0.03
LP 890-9,b,Transit,GO,7073,4,43,Archived,BOTS,PRISM,SUB512,NRSRAPID,5.0,"Sep 16, 2025 23:03:10","Sep 17, 2025 04:25:29",5.45,Lustig-Yaeger,0,04 16 31.1618 -28 18 52.95,11.344,32.43,2868.5,0.118,0.156,5.143,2.7299037,0.019,89.67,0.042,0.119,82.9,37.22,398.4,0.7,0.8,2.49,0.01,X,-0.03
LHS 3844,b,Eclipse,GO,7953,4,5,Archived,LRS,X,SLITLESSPRISM,FASTR1,30.0,"Oct 1, 2025 16:01:40","Oct 1, 2025 19:53:43",4.59,Paragas,12,22 41 59.1203 -69 10 19.95,9.145,14.88,3036.0,0.151,0.189,5.06,0.4629296,0.006,88.5,0.007,0.116,15.64,7.2,806.3,0.5,0.5,48.53,3.86,X,0.22
LHS 3844,b,Eclipse,GO,7953,4,8,Archived,LRS,X,SLITLESSPRISM,FASTR1,30.0,"Oct 3, 2025 00:58:42","Oct 3, 2025 05:13:55",4.59,Paragas,12,22 41 59.1203 -69 10 19.95,9.145,14.88,3036.0,0.151,0.189,5.06,0.4629296,0.006,88.5,0.007,0.116,15.64,7.2,806.3,0.5,0.5,48.53,3.86,X,0.22
LHS 3844,b,Eclipse,GO,7953,4,7,Archived,LRS,X,SLITLESSPRISM,FASTR1,30.0,"Oct 2, 2025 02:41:24","Oct 2, 2025 07:00:31",4.59,Paragas,12,22 41 59.1203 -69 10 19.95,9.145,14.88,3036.0,0.151,0.189,5.06,0.4629296,0.006,88.5,0.007,0.116,15.64,7.2,806.3,0.5,0.5,48.53,3.86,X,0.22
LHS 3844,b,Eclipse,GO,7953,4,4,Archived,LRS,X,SLITLESSPRISM,FASTR1,30.0,"Sep 30, 2025 06:29:41","Sep 30, 2025 10:33:48",4.59,Paragas,12,22 41 59.1203 -69 10 19.95,9.145,14.88,3036.0,0.151,0.189,5.06,0.4629296,0.006,88.5,0.007,0.116,15.64,7.2,806.3,0.5,0.5,48.53,3.86,X,0.22
TOI-5205,b,Eclipse,GO,7683,4,2,Implementation,LRS,X,SLITLESSPRISM,FASTR1,252.0,X,X,11.23,Kanodia,12,20 55 4.9164 +24 21 38.71,11.006,86.45,3430.0,0.393,0.394,4.84,1.630731,0.02,88.03,1.08,0.991,31.15,1.68,739.7,6.8,1.3,112.71,13.29,"Oct 18, 2026 - Oct 19, 2026 (2026.291 - 2026.292)",0.28
TOI-5205,b,Eclipse,GO,7683,4,1,Implementation,LRS,X,SLITLESSPRISM,FASTR1,252.0,X,X,11.23,Kanodia,12,20 55 4.9164 +24 21 38.71,11.006,86.45,3430.0,0.393,0.394,4.84,1.630731,0.02,88.03,1.08,0.991,31.15,1.68,739.7,6.8,1.3,112.71,13.29,"Nov 18, 2026 - Nov 19, 2026 (2026.322 - 2026.323)",0.28
TOI-431,b,PhaseC,GO,8864,4,3,Archived,LRS,X,SLITLESSPRISM,FASTR1,5.0,"Mar 7, 2026 16:58:09","Mar 8, 2026 12:36:20",22.0,Dang,12,05 33 4.6005 -26 43 28.27,6.723,32.57,4850.0,0.78,0.731,4.6,0.490052,0.011,84.3,0.01,0.123,18.14,7.9,1881.0,0.0,1.0,21.04,9.33,X,0.2
TOI-431,d,Transit,GO,8004,4,1,Flight Ready,BOTS,G395H,SUB2048,NRSRAPID,3.0,X,X,10.59,Batalha,12,05 33 4.6005 -26 43 28.27,6.723,32.57,4850.0,0.78,0.731,4.6,12.4610213,0.098,89.7,0.031,0.293,10.28,1.88,638.7,0.2,3.3,202.71,0.53,"Oct 5, 2026 - Oct 5, 2026 (2026.278 - 2026.278)",0.2
TOI-431,d,Transit,GO,8004,4,2,Archived,BOTS,G395H,SUB2048,NRSRAPID,3.0,"Jan 29, 2026 03:13:33","Jan 29, 2026 13:01:05",10.57,Batalha,12,05 33 4.6005 -26 43 28.27,6.723,32.57,4850.0,0.78,0.731,4.6,12.4610213,0.098,89.7,0.031,0.293,10.28,1.88,638.7,0.2,3.3,202.71,0.53,X,0.2
LHS 3844,b,Eclipse,GO,7953,4,1,Archived,LRS,X,SLITLESSPRISM,FASTR1,30.0,"Oct 15, 2025 23:42:55","Oct 16, 2025 04:20:11",4.59,Paragas,12,22 41 59.1203 -69 10 19.95,9.145,14.88,3036.0,0.151,0.189,5.06,0.4629296,0.006,88.5,0.007,0.116,15.64,7.2,806.3,0.5,0.5,48.53,3.86,X,0.22
LHS 3844,b,Eclipse,GO,7953,4,2,Archived,LRS,X,SLITLESSPRISM,FASTR1,30.0,"Sep 29, 2025 19:43:48","Sep 29, 2025 23:41:31",4.59,Paragas,12,22 41 59.1203 -69 10 19.95,9.145,14.88,3036.0,0.151,0.189,5.06,0.4629296,0.006,88.5,0.007,0.116,15.64,7.2,806.3,0.5,0.5,48.53,3.86,X,0.22
LHS 3844,b,Eclipse,GO,7953,4,6,Archived,LRS,X,SLITLESSPRISM,FASTR1,30.0,"Jul 10, 2025 07:22:35","Jul 10, 2025 11:59:55",4.59,Paragas,12,22 41 59.1203 -69 10 19.95,9.145,14.88,3036.0,0.151,0.189,5.06,0.4629296,0.006,88.5,0.007,0.116,15.64,7.2,806.3,0.5,0.5,48.53,3.86,X,0.22
LHS 3844,b,Eclipse,GO,7953,4,3,Archived,LRS,X,SLITLESSPRISM,FASTR1,30.0,"Aug 16, 2025 08:12:10","Aug 16, 2025 12:49:23",4.59,Paragas,12,22 41 59.1203 -69 10 19.95,9.145,14.88,3036.0,0.151,0.189,5.06,0.4629296,0.006,88.5,0.007,0.116,15.64,7.2,806.3,0.5,0.5,48.53,3.86,X,0.22
LHS 3844,b,Eclipse,GO,7953,4,9,Archived,BOTS,G395H,SUB2048,NRSRAPID,15.0,"Oct 4, 2025 10:12:00","Oct 4, 2025 14:39:19",4.63,Paragas,12,22 41 59.1203 -69 10 19.95,9.145,14.88,3036.0,0.151,0.189,5.06,0.4629296,0.006,88.5,0.007,0.116,15.64,7.2,806.3,0.5,0.5,48.53,3.86,X,0.22
LHS 1478,b,Eclipse,GO,7675,4,4,Implementation,LRS,X,SLITLESSPRISM,FASTR1,32.0,X,X,5.6,August,12,02 57 21.4288 +76 33 4.86,8.767,18.23,3397.5,0.236,0.253,4.921,1.9495391,0.018,87.45,0.007,0.118,15.04,6.85,606.3,0.2,0.8,25.46,0.35,"Dec 6, 2026 - Dec 6, 2026 (2026.340 - 2026.340)",-0.13
LHS 1478,b,Eclipse,GO,7675,4,7,Implementation,F1500W,X,SUB256,FASTR1,39.0,X,X,5.35,August,12,02 57 21.4288 +76 33 4.86,8.767,18.23,3397.5,0.236,0.253,4.921,1.9495391,0.018,87.45,0.007,0.118,15.04,6.85,606.3,0.2,0.8,25.46,0.35,"Dec 11, 2026 - Dec 11, 2026 (2026.345 - 2026.345)",-0.13
LHS 1478,b,Eclipse,GO,7675,4,2,Archived,LRS,X,SLITLESSPRISM,FASTR1,32.0,"Dec 23, 2025 21:52:29","Dec 24, 2025 03:21:58",5.59,August,12,02 57 21.4288 +76 33 4.86,8.767,18.23,3397.5,0.236,0.253,4.921,1.9495391,0.018,87.45,0.007,0.118,15.04,6.85,606.3,0.2,0.8,25.46,0.35,X,-0.13
LHS 1478,b,Eclipse,GO,7675,4,3,Implementation,LRS,X,SLITLESSPRISM,FASTR1,32.0,X,X,5.6,August,12,02 57 21.4288 +76 33 4.86,8.767,18.23,3397.5,0.236,0.253,4.921,1.9495391,0.018,87.45,0.007,0.118,15.04,6.85,606.3,0.2,0.8,25.46,0.35,"Nov 14, 2026 - Nov 14, 2026 (2026.318 - 2026.318)",-0.13
LHS 1478,b,Eclipse,GO,7675,4,5,Archived,LRS,X,SLITLESSPRISM,FASTR1,32.0,"Dec 25, 2025 20:56:35","Dec 26, 2025 02:09:24",5.59,August,12,02 57 21.4288 +76 33 4.86,8.767,18.23,3397.5,0.236,0.253,4.921,1.9495391,0.018,87.45,0.007,0.118,15.04,6.85,606.3,0.2,0.8,25.46,0.35,X,-0.13
LHS 1140,c,Transit,GO,7073,4,33,Archived,BOTS,G395M,SUB2048,NRSRAPID,7.0,"Nov 12, 2025 15:53:21","Nov 12, 2025 20:38:21",5.79,Lustig-Yaeger,0,00 44 59.3309 -15 16 17.54,8.821,14.99,3131.0,0.184,0.214,5.041,3.7779364,0.027,89.92,0.006,0.113,12.81,6.04,425.5,0.3,1.1,27.52,0.02,X,-0.24
LHS 1140,c,Transit,GO,7073,4,32,Flight Ready,BOTS,G395M,SUB2048,NRSRAPID,7.0,X,X,5.81,Lustig-Yaeger,0,00 44 59.3309 -15 16 17.54,8.821,14.99,3131.0,0.184,0.214,5.041,3.7779364,0.027,89.92,0.006,0.113,12.81,6.04,425.5,0.3,1.1,27.52,0.02,"Nov 21, 2026 - Nov 21, 2026 (2026.325 - 2026.325)",-0.24
LHS 1478,b,Eclipse,GO,7675,4,1,Implementation,LRS,X,SLITLESSPRISM,FASTR1,32.0,X,X,5.6,August,12,02 57 21.4288 +76 33 4.86,8.767,18.23,3397.5,0.236,0.253,4.921,1.9495391,0.018,87.45,0.007,0.118,15.04,6.85,606.3,0.2,0.8,25.46,0.35,"Dec 9, 2026 - Dec 9, 2026 (2026.343 - 2026.343)",-0.13
LHS 1478,b,Eclipse,GO,7675,4,6,Archived,F1500W,X,SUB256,FASTR1,39.0,"Jan 31, 2026 21:52:33","Feb 1, 2026 03:05:56",5.34,August,12,02 57 21.4288 +76 33 4.86,8.767,18.23,3397.5,0.236,0.253,4.921,1.9495391,0.018,87.45,0.007,0.118,15.04,6.85,606.3,0.2,0.8,25.46,0.35,X,-0.13
LHS 1140,b,Transit,GO,7073,4,25,Archived,BOTS,G395M,SUB2048,NRSRAPID,7.0,"Dec 12, 2025 09:21:46","Dec 12, 2025 15:54:47",6.82,Lustig-Yaeger,0,00 44 59.3309 -15 16 17.54,8.821,14.99,3131.0,0.179,0.214,5.049,24.737165,0.094,89.89,0.02,0.154,24.48,8.5,227.5,0.5,2.1,69.87,0.0,X,-0.24
LHS 1140,b,Transit,GO,7073,4,22,Flight Ready,SOSS,X,SUBSTRIP256,NISRAPID,5.0,X,X,7.05,Lustig-Yaeger,0,00 44 59.3309 -15 16 17.54,8.821,14.99,3131.0,0.179,0.214,5.049,24.737165,0.094,89.89,0.02,0.154,24.48,8.5,227.5,0.5,2.1,69.87,0.0,"Jul 23, 2026 - Jul 23, 2026 (2026.204 - 2026.204)",-0.24
LHS 1140,b,Transit,GO,7073,4,21,Archived,SOSS,X,SUBSTRIP256,NISRAPID,5.0,"Aug 10, 2025 16:44:26","Aug 10, 2025 23:29:27",7.04,Lustig-Yaeger,0,00 44 59.3309 -15 16 17.54,8.821,14.99,3131.0,0.179,0.214,5.049,24.737165,0.094,89.89,0.02,0.154,24.48,8.5,227.5,0.5,2.1,69.87,0.0,X,-0.24
LHS 1140,b,Transit,GO,7073,4,24,Archived,BOTS,G395M,SUB2048,NRSRAPID,7.0,"Jul 16, 2025 23:11:12","Jul 17, 2025 05:44:15",6.82,Lustig-Yaeger,0,00 44 59.3309 -15 16 17.54,8.821,14.99,3131.0,0.179,0.214,5.049,24.737165,0.094,89.89,0.02,0.154,24.48,8.5,227.5,0.5,2.1,69.87,0.0,X,-0.24
LHS 1140,b,Transit,GO,7073,4,26,Flight Ready,BOTS,G395M,SUB2048,NRSRAPID,7.0,X,X,6.84,Lustig-Yaeger,0,00 44 59.3309 -15 16 17.54,8.821,14.99,3131.0,0.179,0.214,5.049,24.737165,0.094,89.89,0.02,0.154,24.48,8.5,227.5,0.5,2.1,69.87,0.0,"Jun 28, 2026 - Jun 28, 2026 (2026.179 - 2026.179)",-0.24
LHS 1140,b,Transit,GO,7073,4,23,Flight Ready,SOSS,X,SUBSTRIP256,NISRAPID,5.0,X,X,7.05,Lustig-Yaeger,0,00 44 59.3309 -15 16 17.54,8.821,14.99,3131.0,0.179,0.214,5.049,24.737165,0.094,89.89,0.02,0.154,24.48,8.5,227.5,0.5,2.1,69.87,0.0,"Nov 23, 2026 - Nov 23, 2026 (2026.327 - 2026.327)",-0.24
LHS 1140,c,Transit,GO,7073,4,31,Archived,SOSS,X,SUBSTRIP256,NISRAPID,5.0,"Jul 26, 2025 01:27:53","Jul 26, 2025 07:19:42",6.0,Lustig-Yaeger,0,00 44 59.3309 -15 16 17.54,8.821,14.99,3131.0,0.184,0.214,5.041,3.7779364,0.027,89.92,0.006,0.113,12.81,6.04,425.5,0.3,1.1,27.52,0.02,X,-0.24
TOI-674,b,Transit,GO,9095,4,4,Archived,LRS,X,SLITLESSPRISM,FASTR1,63.0,"Jun 4, 2026 06:00:04","Jun 4, 2026 10:48:14",4.81,Piaulet Ghorayeb,12,10 58 20.9850 -36 51 29.14,9.469,46.09,3514.0,0.42,0.42,4.81,1.9771642,0.025,87.21,0.074,0.469,9.56,1.09,694.5,1.4,1.1,291.62,3.46,X,0.17
TOI-677,b,Transit,GO,9025,4,5,Archived,BOTS,G395H,SUB2048,NRSRAPID,20.0,"Mar 20, 2026 22:24:35","Mar 21, 2026 06:35:23",8.73,Gao,12,09 36 28.6865 -50 27 47.80,8.429,141.81,6295.0,1.181,1.28,4.291,11.2365992,0.104,86.7,1.236,1.17,25.59,1.17,1065.2,0.9,2.5,72.37,13.23,X,0.0
TOI-677,b,Transit,GO,9025,4,6,Archived,BOTS,G395H,SUB2048,NRSRAPID,20.0,"May 16, 2026 02:50:09","May 16, 2026 11:00:47",8.73,Gao,12,09 36 28.6865 -50 27 47.80,8.429,141.81,6295.0,1.181,1.28,4.291,11.2365992,0.104,86.7,1.236,1.17,25.59,1.17,1065.2,0.9,2.5,72.37,13.23,X,0.0
TOI-6894,b,Transit,GO,8696,4,1,Archived,BOTS,PRISM,SUB512,NRSRAPID,10.0,"Jan 10, 2026 21:54:01","Jan 11, 2026 04:25:36",6.79,Zhang,12,11 33 52.7495 +12 27 3.58,12.207,73.81,3070.0,0.207,0.225,5.033,3.3707011,0.026,89.58,0.168,0.846,6.65,0.42,435.0,16.7,1.5,467.71,0.34,X,0.14
TOI-6255,b,PhaseC,GO,8864,4,5,Flight Ready,LRS,X,SLITLESSPRISM,FASTR1,13.0,X,X,13.61,Dang,12,22 06 0.6662 +39 18 2.90,8.071,20.32,3422.0,0.353,0.37,4.853,0.2381824,0.005,74.4,0.005,0.091,15.5,9.11,1375.9,0.0,0.5,28.08,7.85,"Sep 11, 2026 - Sep 11, 2026 (2026.254 - 2026.254)",-0.14
TOI-674,b,Transit,GO,9095,4,6,Flight Ready,LRS,X,SLITLESSPRISM,FASTR1,63.0,X,X,4.81,Piaulet Ghorayeb,12,10 58 20.9850 -36 51 29.14,9.469,46.09,3514.0,0.42,0.42,4.81,1.9771642,0.025,87.21,0.074,0.469,9.56,1.09,694.5,1.4,1.1,291.62,3.46,"Jun 30, 2026 - Jun 30, 2026 (2026.181 - 2026.181)",0.17
TOI-674,b,Transit,GO,9095,4,5,Scheduled,LRS,X,SLITLESSPRISM,FASTR1,63.0,"Jun 14, 2026 04:46:33","Jun 14, 2026 06:50:20",4.81,Piaulet Ghorayeb,12,10 58 20.9850 -36 51 29.14,9.469,46.09,3514.0,0.42,0.42,4.81,1.9771642,0.025,87.21,0.074,0.469,9.56,1.09,694.5,1.4,1.1,291.62,3.46,X,0.17
TOI-674,b,Transit,GO,9095,4,2,Archived,SOSS,X,SUBSTRIP256,NISRAPID,9.0,"May 9, 2026 13:48:57","May 9, 2026 18:12:19",4.99,Piaulet Ghorayeb,12,10 58 20.9850 -36 51 29.14,9.469,46.09,3514.0,0.42,0.42,4.81,1.9771642,0.025,87.21,0.074,0.469,9.56,1.09,694.5,1.4,1.1,291.62,3.46,X,0.17
TOI-674,b,Transit,GO,9095,4,7,Archived,LRS,X,SLITLESSPRISM,FASTR1,87.0,"Jan 6, 2026 22:28:26","Jan 7, 2026 03:16:27",4.8,Piaulet Ghorayeb,12,10 58 20.9850 -36 51 29.14,9.469,46.09,3514.0,0.42,0.42,4.81,1.9771642,0.025,87.21,0.074,0.469,9.56,1.09,694.5,1.4,1.1,291.62,3.46,X,0.17
WD 1856+534,b,Transit,GO,9033,4,2,Archived,LRS,X,SLITLESSPRISM,FASTR1,380.0,"Sep 13, 2025 11:47:03","Sep 13, 2025 15:13:05",3.46,MacDonald,12,18 57 39.3437 +53 30 33.30,15.548,24.74,4920.0,0.562,0.013,7.915,1.4079392,0.021,88.78,9.5,0.937,306.75,17.52,185.4,52.6,0.2,327.37,0.0,X,-999.0
WASP-25,b,Transit,GO,9025,4,1,Archived,BOTS,G395H,SUB2048,NRSRAPID,99.0,"May 28, 2026 19:39:26","May 29, 2026 03:59:42",8.89,Gao,12,13 01 26.3760 -27 31 19.92,10.174,211.42,5719.5,1.0,0.92,4.511,3.7648329,0.047,88.05,0.577,1.22,10.99,0.48,1215.8,1.9,2.8,173.87,24.06,X,-0.05
BD+05 4868 A,b,PhaseC,GO,8739,4,1,Archived,LRS,X,SLITLESSPRISM,FASTR1,16.0,"Oct 9, 2025 10:14:40","Oct 11, 2025 00:35:54",43.66,Hon,12,21 47 26.7438 +06 36 19.20,7.448,43.57,4596.0,0.7,0.69,4.6,1.271869,0.021,-1.0,0.02,-1.0,-1.0,-1.0,1276.5,1.4,-1.0,-1.0,-1.0,X,-0.05
TOI-1670,c,Transit,GO,7982,4,6,Flight Ready,BOTS,G395M,SUB2048,NRSRAPID,8.0,X,X,13.55,Claringbold,12,17 16 4.1608 +72 09 40.17,8.724,168.07,6330.0,1.214,1.31,4.29,40.7501028,0.249,88.84,0.604,0.97,18.2,1.0,700.1,0.6,5.4,46.23,0.88,"Oct 4, 2026 - Oct 4, 2026 (2026.277 - 2026.277)",0.05
TOI-1670,c,Transit,GO,7982,4,3,Flight Ready,BOTS,G235M,SUB2048,NRSRAPID,4.0,X,X,13.55,Claringbold,12,17 16 4.1608 +72 09 40.17,8.724,168.07,6330.0,1.214,1.31,4.29,40.7501028,0.249,88.84,0.604,0.97,18.2,1.0,700.1,0.6,5.4,46.23,0.88,"Mar 16, 2027 - Mar 16, 2027 (2027.075 - 2027.075)",0.05
TOI-1420,b,Transit,GO,9101,4,8,Implementation,SOSS,X,SUBSTRIP256,NISRAPID,12.0,X,X,10.32,Radica,12,21 31 45.9171 +66 20 55.93,10.119,201.92,5448.5,0.987,0.932,4.482,6.9561098,0.071,88.58,0.079,1.07,1.96,0.1,951.6,1.5,3.4,670.55,7.22,"Dec 13, 2026 - Dec 13, 2026 (2026.347 - 2026.347)",0.28
TOI-1420,b,Transit,GO,9101,4,6,Flight Ready,LRS,X,SLITLESSPRISM,FASTR1,150.0,X,X,10.92,Radica,12,21 31 45.9171 +66 20 55.93,10.119,201.92,5448.5,0.987,0.932,4.482,6.9561098,0.071,88.58,0.079,1.07,1.96,0.1,951.6,1.5,3.4,670.55,7.22,"Sep 14, 2026 - Sep 14, 2026 (2026.257 - 2026.257)",0.28
TOI-1420,b,Transit,GO,9101,4,7,Flight Ready,BOTS,G235M,SUB2048,NRSRAPID,30.0,X,X,9.81,Radica,12,21 31 45.9171 +66 20 55.93,10.119,201.92,5448.5,0.987,0.932,4.482,6.9561098,0.071,88.58,0.079,1.07,1.96,0.1,951.6,1.5,3.4,670.55,7.22,"Dec 6, 2026 - Dec 7, 2026 (2026.340 - 2026.341)",0.28
TOI-2109,b,PhaseC,GO,8877,4,1,Archived,BOTS,G395H,SUB2048,NRSRAPID,26.0,"Aug 14, 2025 22:09:34","Aug 15, 2025 21:05:41",25.82,Wallack,12,16 52 44.7203 +16 34 47.84,9.07,262.04,6593.5,1.453,1.699,4.13,0.6724821,0.018,70.74,5.02,1.375,75.25,2.93,3096.7,0.7,1.8,35.53,137.97,X,0.07
TOI-216,c,X,GO,7982,4,5,Flight Ready,BOTS,G395M,SUB2048,NRSRAPID,34.0,X,X,13.8,Claringbold,12,04 55 55.2549 -63 15 36.31,-1.0,-1.0,-1.0,-1.0,-1.0,-1.0,-1.0,-1.0,-1.0,-1.0,-1.0,-1.0,-1.0,-1.0,-1.0,-1.0,-1.0,-1.0,"Aug 11, 2026 - Aug 11, 2026 (2026.223 - 2026.223)",-999.0
TOI-216,c,X,GO,7982,4,2,Flight Ready,SOSS,X,SUBSTRIP256,NISRAPID,14.0,X,X,14.18,Claringbold,12,04 55 55.2549 -63 15 36.31,-1.0,-1.0,-1.0,-1.0,-1.0,-1.0,-1.0,-1.0,-1.0,-1.0,-1.0,-1.0,-1.0,-1.0,-1.0,-1.0,-1.0,-1.0,"Dec 27, 2026 - Dec 27, 2026 (2026.361 - 2026.361)",-999.0
TOI-2260,b,PhaseC,GO,8864,4,2,Scheduled,LRS,X,SLITLESSPRISM,FASTR1,25.0,"Jun 9, 2026 03:58:26","Jun 10, 2026 01:30:40",27.41,Dang,12,16 30 40.1197 +49 02 47.49,8.684,101.25,5483.0,0.99,0.92,4.565,0.3524662,0.01,-1.0,-1.0,0.151,-1.0,-1.0,2574.9,0.0,0.6,-1.0,6.15,X,0.22
TOI-199,b,Transit,GO,7188,4,2,Archived,BOTS,G395H,SUB2048,NRSRAPID,19.0,"Feb 15, 2026 19:10:17","Feb 16, 2026 10:50:57",17.41,Acuna,12,05 20 25.4127 -59 53 43.53,8.814,102.27,5302.5,0.936,0.85,4.553,104.8632126,0.425,90.0,0.17,0.853,6.62,0.41,361.4,1.2,6.7,131.58,0.01,X,0.22
TOI-2031 A,b,Transit,GO,9025,4,4,Archived,BOTS,G395H,SUB2048,NRSRAPID,85.0,"Sep 18, 2025 23:04:25","Sep 19, 2025 08:16:22",10.28,Gao,12,22 04 28.0921 +81 33 57.39,9.971,276.1,6577.0,1.174,1.213,4.38,5.715547,0.066,88.32,0.8,1.24,14.74,0.64,1359.5,1.2,4.0,93.08,19.01,X,-0.24
TOI-1801,b,Transit,GO,6932,4,5,Archived,SOSS,X,SUBSTRIP96,NISRAPID,5.0,"May 10, 2026 00:05:00","May 10, 2026 07:21:18",7.89,Luque,12,11 42 18.1365 +23 01 37.34,7.805,30.68,3815.0,0.531,0.547,4.72,10.6439385,0.075,89.51,0.034,0.177,30.79,9.28,496.8,0.1,2.7,34.03,0.04,X,-0.02
TOI-1801,b,Transit,GO,6932,4,4,Archived,BOTS,G395H,SUB2048,NRSRAPID,8.0,"Apr 18, 2026 17:00:47","Apr 19, 2026 00:27:10",7.84,Luque,12,11 42 18.1365 +23 01 37.34,7.805,30.68,3815.0,0.531,0.547,4.72,10.6439385,0.075,89.51,0.034,0.177,30.79,9.28,496.8,0.1,2.7,34.03,0.04,X,-0.02
TOI-1801,b,Transit,GO,6932,4,6,Archived,BOTS,G395H,SUB2048,NRSRAPID,8.0,"May 31, 2026 07:12:15","May 31, 2026 14:21:36",7.84,Luque,12,11 42 18.1365 +23 01 37.34,7.805,30.68,3815.0,0.531,0.547,4.72,10.6439385,0.075,89.51,0.034,0.177,30.79,9.28,496.8,0.1,2.7,34.03,0.04,X,-0.02
TOI-1801,b,Transit,GO,6932,4,1,Archived,SOSS,X,SUBSTRIP96,NISRAPID,5.0,"Jan 23, 2026 13:16:32","Jan 23, 2026 20:45:06",7.89,Luque,12,11 42 18.1365 +23 01 37.34,7.805,30.68,3815.0,0.531,0.547,4.72,10.6439385,0.075,89.51,0.034,0.177,30.79,9.28,496.8,0.1,2.7,34.03,0.04,X,-0.02
TOI-1801,b,Transit,GO,6932,4,3,Archived,SOSS,X,SUBSTRIP96,NISRAPID,5.0,"Jan 12, 2026 21:38:33","Jan 13, 2026 04:55:55",7.89,Luque,12,11 42 18.1365 +23 01 37.34,7.805,30.68,3815.0,0.531,0.547,4.72,10.6439385,0.075,89.51,0.034,0.177,30.79,9.28,496.8,0.1,2.7,34.03,0.04,X,-0.02
TOI-1801,b,Transit,GO,6932,4,2,Archived,BOTS,G395H,SUB2048,NRSRAPID,8.0,"Dec 22, 2025 14:27:06","Dec 22, 2025 21:53:22",7.84,Luque,12,11 42 18.1365 +23 01 37.34,7.805,30.68,3815.0,0.531,0.547,4.72,10.6439385,0.075,89.51,0.034,0.177,30.79,9.28,496.8,0.1,2.7,34.03,0.04,X,-0.02
TOI-1807,b,PhaseC,GO,8864,4,1,Archived,LRS,X,SLITLESSPRISM,FASTR1,10.0,"May 19, 2026 21:35:43","May 20, 2026 18:53:40",23.94,Dang,12,13 25 7.9957 +38 55 20.94,7.568,42.58,4743.5,0.76,0.715,4.58,0.5493715,0.012,79.85,0.008,0.128,13.66,5.72,1765.6,0.0,1.0,19.34,6.28,X,-0.03
TIC_89502706,X,Flares,GO,7068,4,4,Archived,SOSS,X,SUBSTRIP256,NISRAPID,4.0,"Nov 12, 2025 00:18:14","Nov 12, 2025 06:23:52",7.3,Doshi,12,23 47 22.4705 -23 17 17.30,-1.0,-1.0,-1.0,-1.0,-1.0,-1.0,-1.0,-1.0,-1.0,-1.0,-1.0,-1.0,-1.0,-1.0,-1.0,-1.0,-1.0,-1.0,X,-999.0
WD 1856+534,b,Transit,GO,9033,4,4,Archived,BOTS,PRISM,SUB512,NRSRAPID,105.0,"Sep 26, 2025 03:54:57","Sep 26, 2025 07:20:09",3.38,MacDonald,12,18 57 39.3437 +53 30 33.30,15.548,24.74,4920.0,0.562,0.013,7.915,1.4079392,0.021,88.78,9.5,0.937,306.75,17.52,185.4,52.6,0.2,327.37,0.0,X,-999.0
WD 1856+534,b,Transit,GO,9033,4,1,Archived,LRS,X,SLITLESSPRISM,FASTR1,380.0,"Sep 5, 2025 00:49:17","Sep 5, 2025 04:28:31",3.46,MacDonald,12,18 57 39.3437 +53 30 33.30,15.548,24.74,4920.0,0.562,0.013,7.915,1.4079392,0.021,88.78,9.5,0.937,306.75,17.52,185.4,52.6,0.2,327.37,0.0,X,-999.0
WASP-84,b,Transit,GO,9025,4,3,Flight Ready,BOTS,G395H,SUB2048,NRSRAPID,30.0,X,X,8.99,Gao,12,08 44 25.7032 +01 51 36.11,8.855,100.59,5307.0,0.842,0.748,4.4,8.5234963,0.077,88.37,0.693,0.956,21.49,1.2,796.1,1.7,2.8,126.65,6.76,"Nov 29, 2026 - Nov 30, 2026 (2026.333 - 2026.334)",0.0
55 Cnc,e,Eclipse,GO,9825,5,2,On Hold (Inactive),SOSS,X,SUB60STRIPE_SOSS,NISRAPID,4.0,X,X,7.56,Hoeijmakers,12,08 52 35.8111 +28 19 50.95,4.015,12.59,5250.0,0.905,0.964,4.425,0.7365462,0.016,84.65,0.025,0.172,24.24,7.52,1983.8,0.0,1.6,309.73,37.28,"Apr 2, 2027 - Apr 2, 2027 (2027.092 - 2027.092)",0.35
55 Cnc,e,Eclipse,GO,9825,5,5,On Hold (Inactive),SOSS,X,SUB60STRIPE_SOSS,NISRAPID,4.0,X,X,7.56,Hoeijmakers,12,08 52 35.8111 +28 19 50.95,4.015,12.59,5250.0,0.905,0.964,4.425,0.7365462,0.016,84.65,0.025,0.172,24.24,7.52,1983.8,0.0,1.6,309.73,37.28,"Apr 13, 2027 - Apr 13, 2027 (2027.103 - 2027.103)",0.35
55 Cnc,e,Eclipse,GO,9825,5,4,On Hold (Inactive),SOSS,X,SUB60STRIPE_SOSS,NISRAPID,4.0,X,X,7.56,Hoeijmakers,12,08 52 35.8111 +28 19 50.95,4.015,12.59,5250.0,0.905,0.964,4.425,0.7365462,0.016,84.65,0.025,0.172,24.24,7.52,1983.8,0.0,1.6,309.73,37.28,"Apr 10, 2027 - Apr 10, 2027 (2027.100 - 2027.100)",0.35
55 Cnc,e,Transit,GO,12237,5,1,Implementation,SOSS,X,SUB17STRIPE_SOSS,NISRAPID,5.0,X,X,6.4,Boehm,12,08 52 35.8111 +28 19 50.95,4.015,12.59,5250.0,0.905,0.964,4.425,0.7365462,0.016,84.65,0.025,0.172,24.24,7.52,1983.8,0.0,1.6,309.73,37.28,"Nov 22, 2026 - Nov 22, 2026 (2026.326 - 2026.326)",0.35
WASP-148,b,Transit,GO,9942,5,7,Implementation,BOTS,G395H,SUB2048,NRSRAPID,109.0,X,X,10.03,Welbanks,12,16 56 31.3397 +44 18 9.55,10.506,246.35,5460.0,0.985,0.94,4.47,8.8038095,0.083,89.3,0.29,0.756,14.41,1.02,884.3,0.8,3.0,49.13,2.08,"Feb 11, 2028 - Feb 11, 2028 (2028.042 - 2028.042)",0.11
GJ 9827,d,Transit,GO,12157,5,11,Implementation,LRS,X,SLITLESSPRISM,FASTR1,10.0,X,X,6.2,Benneke,12,23 27 5.2388 -01 17 7.13,7.193,29.66,4262.0,0.617,0.602,4.682,6.2014699,0.056,87.44,0.011,0.18,9.37,2.78,672.9,0.1,1.2,168.45,0.41,"Dec 12, 2026 - Dec 13, 2026 (2026.346 - 2026.347)",-0.28
HAT-P-1,b,Eclipse,GO,10786,5,1,Implementation,BOTS,G395M,SUB2048,NRSRAPID,9.0,X,X,11.22,Taylor,12,22 57 46.8442 +38 40 30.36,8.858,158.98,5980.0,1.133,1.142,4.382,4.4652991,0.055,85.9,0.527,1.297,8.89,0.37,1310.7,1.4,2.8,292.8,39.56,"Aug 17, 2027 - Aug 18, 2027 (2027.229 - 2027.230)",0.13
GJ 9827,d,Transit,GO,12157,5,13,Implementation,LRS,X,SLITLESSPRISM,FASTR1,10.0,X,X,6.2,Benneke,12,23 27 5.2388 -01 17 7.13,7.193,29.66,4262.0,0.617,0.602,4.682,6.2014699,0.056,87.44,0.011,0.18,9.37,2.78,672.9,0.1,1.2,168.45,0.41,"Nov 19, 2027 - Nov 19, 2027 (2027.323 - 2027.323)",-0.28
GJ 436,b,Transit,GO,11144,5,2,On Hold (Inactive),GTS,GRISMR+F444W,SUB82S2_4-SPECTRA,BRIGHT1,4.0,X,X,6.91,Tsai,12,11 42 11.0933 +26 42 23.65,6.073,9.75,3456.0,0.448,0.446,4.804,2.6438975,0.029,86.74,0.073,0.366,15.44,2.26,656.8,0.6,1.0,627.96,6.42,"Jan 10, 2027 - Jan 11, 2027 (2027.010 - 2027.011)",-0.03
GJ 436,b,Transit,GO,11144,5,1,On Hold (Inactive),GTS,GRISMR+F322W2,SUB82S2_4-SPECTRA,BRIGHT1,3.0,X,X,6.97,Tsai,12,11 42 11.0933 +26 42 23.65,6.073,9.75,3456.0,0.448,0.446,4.804,2.6438975,0.029,86.74,0.073,0.366,15.44,2.26,656.8,0.6,1.0,627.96,6.42,"Dec 4, 2026 - Dec 5, 2026 (2026.338 - 2026.339)",-0.03
55 Cnc,e,Eclipse,GO,9825,5,3,On Hold (Inactive),SOSS,X,SUB60STRIPE_SOSS,NISRAPID,4.0,X,X,7.56,Hoeijmakers,12,08 52 35.8111 +28 19 50.95,4.015,12.59,5250.0,0.905,0.964,4.425,0.7365462,0.016,84.65,0.025,0.172,24.24,7.52,1983.8,0.0,1.6,309.73,37.28,"Apr 6, 2027 - Apr 6, 2027 (2027.096 - 2027.096)",0.35
WASP-127,b,Eclipse,GO,10786,5,3,Implementation,BOTS,G395M,SUB2048,NRSRAPID,7.0,X,X,15.17,Taylor,12,10 42 14.0837 -03 50 6.26,8.641,159.51,5620.0,1.08,1.369,4.18,4.178062,0.05,88.2,0.172,1.311,2.84,0.12,1415.0,1.0,4.3,769.49,44.07,"Apr 25, 2027 - Apr 25, 2027 (2027.115 - 2027.115)",-0.18
WASP-127,b,Transit,GO,9709,5,7,Implementation,BOTS,G395H,SUB2048,NRSRAPID,14.0,X,X,13.11,Sing,0,10 42 14.0837 -03 50 6.26,8.641,159.51,5620.0,1.08,1.369,4.18,4.178062,0.05,88.2,0.172,1.311,2.84,0.12,1415.0,1.0,4.3,769.49,44.07,"Apr 22, 2027 - Apr 23, 2027 (2027.112 - 2027.113)",-0.18
WASP-131,b,Transit,GO,9709,5,10,Implementation,BOTS,G395H,SUB2048,NRSRAPID,10.0,X,X,10.76,Sing,0,14 00 46.4448 -30 35 0.85,8.573,200.08,6030.0,1.06,1.53,4.089,5.3220178,0.061,85.0,0.272,1.226,5.12,0.22,1459.2,0.7,3.8,340.14,31.65,"Jul 3, 2026 - Jul 3, 2026 (2026.184 - 2026.184)",-0.18
WASP-131,b,Transit,GO,9709,5,9,Implementation,SOSS,X,SUB680STRIPE_SOSS,NISRAPID,4.0,X,X,10.87,Sing,0,14 00 46.4448 -30 35 0.85,8.573,200.08,6030.0,1.06,1.53,4.089,5.3220178,0.061,85.0,0.272,1.226,5.12,0.22,1459.2,0.7,3.8,340.14,31.65,"Mar 10, 2027 - Mar 10, 2027 (2027.069 - 2027.069)",-0.18
WASP-139,b,Transit,GO,11779,5,1,Implementation,BOTS,G395M,SUB2048,NRSRAPID,40.0,X,X,9.82,Chachan,12,03 18 14.9435 -41 18 7.66,10.472,212.47,5310.0,0.92,0.8,4.59,5.9242666,0.062,88.9,0.117,0.817,4.97,0.33,919.8,1.1,2.9,224.43,4.3,"Jan 15, 2027 - Jan 15, 2027 (2027.015 - 2027.015)",0.2
WASP-139,b,Transit,GO,11779,5,11,Implementation,SOSS,X,SUBSTRIP256,NISRAPID,11.0,X,X,10.05,Chachan,12,03 18 14.9435 -41 18 7.66,10.472,212.47,5310.0,0.92,0.8,4.59,5.9242666,0.062,88.9,0.117,0.817,4.97,0.33,919.8,1.1,2.9,224.43,4.3,"Sep 14, 2027 - Sep 15, 2027 (2027.257 - 2027.258)",0.2
HAT-P-17,b,Transit,GO,9942,5,1,Implementation,BOTS,G395H,SUB2048,NRSRAPID,18.0,X,X,12.23,Welbanks,12,21 38 8.7310 +30 29 19.45,8.544,92.38,5246.0,0.857,0.839,4.52,10.338524,0.088,89.2,0.549,1.028,14.74,0.77,780.1,1.5,4.1,178.53,6.52,"Sep 30, 2026 - Sep 30, 2026 (2026.273 - 2026.273)",0.0
HAT-P-13,b,Eclipse,GO,10786,5,4,Implementation,BOTS,G395M,SUB2048,NRSRAPID,10.0,X,X,12.02,Taylor,12,08 39 31.8072 +47 21 7.27,8.975,246.81,5653.0,1.22,1.56,4.13,2.9162412,0.043,83.4,0.899,1.487,11.52,0.41,1640.0,0.7,3.3,164.65,58.07,"Mar 23, 2027 - Mar 24, 2027 (2027.082 - 2027.083)",0.41
WASP-178,b,Eclipse,GO,10786,5,8,Implementation,BOTS,G395M,SUB2048,NRSRAPID,20.0,X,X,13.07,Taylor,12,15 09 4.8934 -42 42 17.79,9.703,427.68,9360.0,2.0,1.76,4.31,3.344834,0.055,85.08,1.535,1.891,12.16,0.34,2549.7,1.2,3.5,173.36,77.53,"Aug 20, 2026 - Aug 20, 2026 (2026.232 - 2026.232)",0.08
WASP-178,b,Transit,GO,10290,5,1,Implementation,LRS,X,SLITLESSPRISM,FASTR1,104.0,X,X,9.67,Lothringer,12,15 09 4.8934 -42 42 17.79,9.703,427.68,9360.0,2.0,1.76,4.31,3.344834,0.055,85.08,1.535,1.891,12.16,0.34,2549.7,1.2,3.5,173.36,77.53,"Mar 3, 2028 - Mar 3, 2028 (2028.063 - 2028.063)",0.08
TOI-2374,b,Transit,GO,11779,5,6,Implementation,BOTS,G395M,SUB2048,NRSRAPID,20.0,X,X,7.41,Chachan,12,21 17 59.5906 -22 02 58.88,9.793,134.66,4929.5,0.776,0.711,4.14,4.31361,0.048,87.35,0.186,0.668,11.82,0.95,918.3,1.0,1.9,133.36,5.54,"Oct 8, 2027 - Oct 8, 2027 (2027.281 - 2027.281)",0.14
TOI-2374,b,Transit,GO,11779,5,7,Implementation,SOSS,X,SUBSTRIP256,NISRAPID,6.0,X,X,7.57,Chachan,12,21 17 59.5906 -22 02 58.88,9.793,134.66,4929.5,0.776,0.711,4.14,4.31361,0.048,87.35,0.186,0.668,11.82,0.95,918.3,1.0,1.9,133.36,5.54,"Sep 25, 2027 - Sep 25, 2027 (2027.268 - 2027.268)",0.14
TOI-181,b,Transit,GO,11779,5,4,Implementation,BOTS,G395M,SUB2048,NRSRAPID,10.0,X,X,8.56,Chachan,12,23 28 41.2700 -34 29 29.03,9.047,96.23,4988.5,0.822,0.775,4.611,4.5320251,0.054,88.28,0.145,0.649,9.78,0.81,912.3,0.8,2.2,184.52,5.89,"Oct 24, 2027 - Oct 24, 2027 (2027.297 - 2027.297)",0.27
TOI-181,b,Transit,GO,11779,5,5,Implementation,SOSS,X,SUBSTRIP256,NISRAPID,3.0,X,X,8.73,Chachan,12,23 28 41.2700 -34 29 29.03,9.047,96.23,4988.5,0.822,0.775,4.611,4.5320251,0.054,88.28,0.145,0.649,9.78,0.81,912.3,0.8,2.2,184.52,5.89,"Oct 10, 2027 - Oct 10, 2027 (2027.283 - 2027.283)",0.27
TOI-1823,b,Transit,GO,11779,5,13,Implementation,BOTS,G395M,SUB2048,NRSRAPID,5.0,X,X,12.93,Chachan,12,13 04 52.8851 +63 45 13.65,8.332,71.65,4843.5,0.841,0.812,4.519,38.8067749,0.212,-1.0,0.212,0.702,12.18,0.93,457.2,1.0,5.9,101.7,0.08,"Mar 6, 2027 - Mar 6, 2027 (2027.065 - 2027.065)",0.24
TOI-1420,b,Transit,GO,9709,5,1,Implementation,BOTS,G395H,SUB2048,NRSRAPID,70.0,X,X,9.67,Sing,0,21 31 45.9171 +66 20 55.93,10.119,201.92,5448.5,0.987,0.932,4.482,6.9561098,0.071,88.58,0.079,1.07,1.96,0.1,951.6,1.5,3.4,670.55,7.22,"Oct 22, 2027 - Oct 23, 2027 (2027.295 - 2027.296)",0.28
TOI-2134,c,Transit,GO,9709,5,4,Implementation,SOSS,X,SUB204STRIPE_SOSS,NISRAPID,3.0,X,X,13.7,Sing,0,18 07 44.4478 +39 04 26.92,6.091,22.62,4493.0,0.744,0.74,4.652,95.852876,0.301,89.08,0.156,0.645,10.62,0.88,339.6,0.6,5.3,269.48,0.01,"May 14, 2027 - May 14, 2027 (2027.134 - 2027.134)",0.12
TOI-2134,c,Transit,GO,9709,5,5,Implementation,BOTS,G395H,SUB2048,NRSRAPID,3.0,X,X,13.54,Sing,0,18 07 44.4478 +39 04 26.92,6.091,22.62,4493.0,0.744,0.74,4.652,95.852876,0.301,89.08,0.156,0.645,10.62,0.88,339.6,0.6,5.3,269.48,0.01,"Jul 30, 2026 - Jul 30, 2026 (2026.211 - 2026.211)",0.12
TOI-178,d,Transit,GO,10047,5,15,Implementation,SOSS,X,SUBSTRIP256,NISRAPID,4.0,X,X,10.38,Luque,0,00 29 12.3029 -30 27 13.47,8.656,62.7,4316.0,0.649,0.66,4.45,6.5577,0.059,88.58,0.013,0.229,6.95,1.62,694.9,0.1,2.2,126.51,0.34,"Jun 29, 2027 - Jun 30, 2027 (2027.180 - 2027.181)",-0.23
TOI-178,g,Transit,GO,10047,5,16,Implementation,SOSS,X,SUBSTRIP256,NISRAPID,4.0,X,X,8.98,Luque,0,00 29 12.3029 -30 27 13.47,8.656,62.7,4316.0,0.649,0.662,4.45,20.7095,0.128,88.82,0.013,0.262,5.41,1.1,474.2,0.2,2.2,126.04,0.02,"Dec 10, 2027 - Dec 11, 2027 (2027.344 - 2027.345)",-0.23
TOI-1338,b,Transit,GO,11302,5,1,Implementation,BOTS,PRISM,SUB512,NRSRAPID,3.0,X,X,24.71,French,12,06 08 31.9675 -59 32 28.08,10.635,399.02,6050.0,1.127,1.338,3.8,95.174,0.461,89.93,0.068,0.684,4.16,0.33,497.2,0.3,11.6,40.27,0.01,"Sep 24, 2026 - Sep 24, 2026 (2026.267 - 2026.267)",0.01
TOI-1338,b,Eclipse,GO,11302,5,3,Implementation,BOTS,PRISM,SUB512,NRSRAPID,3.0,X,X,16.83,French,12,06 08 31.9675 -59 32 28.08,10.635,399.02,6050.0,1.127,1.338,3.8,95.174,0.461,89.93,0.068,0.684,4.16,0.33,497.2,0.3,11.6,40.27,0.01,"Sep 25, 2026 - Sep 25, 2026 (2026.268 - 2026.268)",0.01
TOI-1338,b,Transit,GO,11302,5,2,Implementation,BOTS,PRISM,SUB512,NRSRAPID,3.0,X,X,7.61,French,12,06 08 31.9675 -59 32 28.08,10.635,399.02,6050.0,1.127,1.338,3.8,95.174,0.461,89.93,0.068,0.684,4.16,0.33,497.2,0.3,11.6,40.27,0.01,"Sep 25, 2026 - Sep 25, 2026 (2026.268 - 2026.268)",0.01
WASP-20,b,Transit,GO,9709,5,12,Implementation,BOTS,G395H,SUB2048,NRSRAPID,30.0,X,X,8.98,Sing,0,00 20 38.5350 -23 56 8.60,9.39,211.88,5940.0,1.2,1.392,4.231,4.8996448,0.06,85.82,0.311,1.425,4.34,0.16,1379.7,1.1,3.2,365.74,30.27,"Jun 18, 2027 - Jun 19, 2027 (2027.169 - 2027.170)",-0.01
WASP-20,b,Transit,GO,9709,5,11,Implementation,SOSS,X,SUBSTRIP256,NISRAPID,4.0,X,X,9.19,Sing,0,00 20 38.5350 -23 56 8.60,9.39,211.88,5940.0,1.2,1.392,4.231,4.8996448,0.06,85.82,0.311,1.425,4.34,0.16,1379.7,1.1,3.2,365.74,30.27,"Nov 25, 2026 - Nov 25, 2026 (2026.329 - 2026.329)",-0.01
GJ 3090,b,Transit,GO,12157,5,15,Implementation,LRS,X,SLITLESSPRISM,FASTR1,10.0,X,X,6.14,Benneke,12,01 21 45.2173 -46 42 53.04,7.294,22.48,3629.5,0.519,0.516,4.727,2.853102,0.032,86.9,0.012,0.19,9.71,2.73,707.0,0.2,1.3,233.89,1.08,"Oct 7, 2027 - Oct 7, 2027 (2027.280 - 2027.280)",-0.06
GJ 3090,b,Transit,GO,12157,5,17,Implementation,LRS,X,SLITLESSPRISM,FASTR1,10.0,X,X,6.14,Benneke,12,01 21 45.2173 -46 42 53.04,7.294,22.48,3629.5,0.519,0.516,4.727,2.853102,0.032,86.9,0.012,0.19,9.71,2.73,707.0,0.2,1.3,233.89,1.08,"Sep 19, 2026 - Sep 19, 2026 (2026.262 - 2026.262)",-0.06
G 264-17,b,PhaseC,GO,10653,5,1,Implementation,LRS,X,SLITLESSPRISM,FASTR1,25.0,X,X,26.97,Dai,12,22 03 21.2557 +67 29 59.83,-1.0,-1.0,-1.0,-1.0,-1.0,-1.0,-1.0,-1.0,-1.0,-1.0,-1.0,-1.0,-1.0,-1.0,-1.0,-1.0,-1.0,-1.0,"Jan 23, 2027 - Jan 24, 2027 (2027.023 - 2027.024)",-999.0
L 98-59,d,Transit,GO,10498,5,3,Implementation,BOTS,G395H,SUB2048,NRSRAPID,6.0,X,X,5.42,Murphy,12,08 18 7.8951 -68 18 52.25,7.101,10.62,3413.5,0.312,0.313,4.925,7.4507309,0.05,88.45,0.006,0.141,9.2,3.5,413.5,0.1,0.8,47.82,0.02,"Feb 18, 2028 - Feb 18, 2028 (2028.049 - 2028.049)",-0.5
L 98-59,d,Transit,GO,10498,5,5,Implementation,BOTS,G395H,SUB2048,NRSRAPID,6.0,X,X,5.42,Murphy,12,08 18 7.8951 -68 18 52.25,7.101,10.62,3413.5,0.312,0.313,4.925,7.4507309,0.05,88.45,0.006,0.141,9.2,3.5,413.5,0.1,0.8,47.82,0.02,"Feb 3, 2028 - Feb 3, 2028 (2028.034 - 2028.034)",-0.5
L 98-59,d,Transit,GO,10498,5,7,Implementation,BOTS,G395H,SUB2048,NRSRAPID,6.0,X,X,5.42,Murphy,12,08 18 7.8951 -68 18 52.25,7.101,10.62,3413.5,0.312,0.313,4.925,7.4507309,0.05,88.45,0.006,0.141,9.2,3.5,413.5,0.1,0.8,47.82,0.02,"May 26, 2027 - May 26, 2027 (2027.146 - 2027.146)",-0.5
L 98-59,d,Transit,GO,10498,5,4,Implementation,BOTS,G395H,SUB2048,NRSRAPID,6.0,X,X,5.42,Murphy,12,08 18 7.8951 -68 18 52.25,7.101,10.62,3413.5,0.312,0.313,4.925,7.4507309,0.05,88.45,0.006,0.141,9.2,3.5,413.5,0.1,0.8,47.82,0.02,"Aug 1, 2026 - Aug 1, 2026 (2026.213 - 2026.213)",-0.5
L 98-59,d,Transit,GO,10498,5,8,Implementation,BOTS,G395H,SUB2048,NRSRAPID,6.0,X,X,5.42,Murphy,12,08 18 7.8951 -68 18 52.25,7.101,10.62,3413.5,0.312,0.313,4.925,7.4507309,0.05,88.45,0.006,0.141,9.2,3.5,413.5,0.1,0.8,47.82,0.02,"Jul 9, 2027 - Jul 9, 2027 (2027.190 - 2027.190)",-0.5
Kepler-89,c,Transit,GO,10674,5,4,Implementation,BOTS,PRISM,SUB512,NRSRAPID,4.0,X,X,14.3,Lothringer,12,19 49 19.9343 +41 53 28.01,-1.0,-1.0,-1.0,-1.0,-1.0,-1.0,-1.0,-1.0,-1.0,-1.0,-1.0,-1.0,-1.0,-1.0,-1.0,-1.0,-1.0,-1.0,"Aug 14, 2026 - Aug 14, 2026 (2026.226 - 2026.226)",-999.0
Kepler-89,c,Transit,GO,10674,5,3,Implementation,BOTS,PRISM,SUB512,NRSRAPID,4.0,X,X,14.3,Lothringer,12,19 49 19.9343 +41 53 28.01,-1.0,-1.0,-1.0,-1.0,-1.0,-1.0,-1.0,-1.0,-1.0,-1.0,-1.0,-1.0,-1.0,-1.0,-1.0,-1.0,-1.0,-1.0,"Jul 24, 2026 - Jul 24, 2026 (2026.205 - 2026.205)",-999.0
Kepler-89,c,Transit,GO,10674,5,2,Implementation,BOTS,PRISM,SUB512,NRSRAPID,4.0,X,X,14.3,Lothringer,12,19 49 19.9343 +41 53 28.01,-1.0,-1.0,-1.0,-1.0,-1.0,-1.0,-1.0,-1.0,-1.0,-1.0,-1.0,-1.0,-1.0,-1.0,-1.0,-1.0,-1.0,-1.0,"Nov 15, 2026 - Nov 15, 2026 (2026.319 - 2026.319)",-999.0
L 98-59,d,Transit,GO,10498,5,6,Implementation,BOTS,G395H,SUB2048,NRSRAPID,6.0,X,X,5.42,Murphy,12,08 18 7.8951 -68 18 52.25,7.101,10.62,3413.5,0.312,0.313,4.925,7.4507309,0.05,88.45,0.006,0.141,9.2,3.5,413.5,0.1,0.8,47.82,0.02,"Jul 2, 2027 - Jul 2, 2027 (2027.183 - 2027.183)",-0.5
L 98-59,d,Transit,GO,10498,5,1,Implementation,BOTS,G395H,SUB2048,NRSRAPID,6.0,X,X,5.42,Murphy,12,08 18 7.8951 -68 18 52.25,7.101,10.62,3413.5,0.312,0.313,4.925,7.4507309,0.05,88.45,0.006,0.141,9.2,3.5,413.5,0.1,0.8,47.82,0.02,"Mar 4, 2028 - Mar 4, 2028 (2028.064 - 2028.064)",-0.5
L 98-59,d,Transit,GO,10498,5,9,Implementation,BOTS,G395H,SUB2048,NRSRAPID,6.0,X,X,5.42,Murphy,12,08 18 7.8951 -68 18 52.25,7.101,10.62,3413.5,0.312,0.313,4.925,7.4507309,0.05,88.45,0.006,0.141,9.2,3.5,413.5,0.1,0.8,47.82,0.02,"Jun 17, 2027 - Jun 17, 2027 (2027.168 - 2027.168)",-0.5
L 98-59,d,Transit,GO,10498,5,2,Implementation,BOTS,G395H,SUB2048,NRSRAPID,6.0,X,X,5.42,Murphy,12,08 18 7.8951 -68 18 52.25,7.101,10.62,3413.5,0.312,0.313,4.925,7.4507309,0.05,88.45,0.006,0.141,9.2,3.5,413.5,0.1,0.8,47.82,0.02,"Mar 19, 2027 - Mar 20, 2027 (2027.078 - 2027.079)",-0.5
TOI-6109,b,Transit,GO,10047,5,1,Implementation,SOSS,X,SUBSTRIP256,NISRAPID,5.0,X,X,9.18,Luque,0,03 20 31.6230 +42 36 25.49,9.251,151.74,5538.0,1.03,0.986,4.47,5.6928492,0.06,85.69,-1.0,0.392,-1.0,-1.0,1083.2,0.1,1.1,-1.0,2.22,"Sep 21, 2027 - Sep 21, 2027 (2027.264 - 2027.264)",-999.0
TOI-6109,c,Transit,GO,10047,5,4,Implementation,BOTS,G395H,SUB2048,NRSRAPID,35.0,X,X,9.84,Luque,0,03 20 31.6230 +42 36 25.49,9.251,151.74,5538.0,1.03,0.986,4.47,8.5387706,0.079,87.2,-1.0,0.396,-1.0,-1.0,945.6,0.2,2.3,-1.0,1.25,"Jan 7, 2028 - Jan 7, 2028 (2028.007 - 2028.007)",-999.0
TOI-6109,c,Transit,GO,10047,5,3,Implementation,SOSS,X,SUBSTRIP256,NISRAPID,5.0,X,X,9.87,Luque,0,03 20 31.6230 +42 36 25.49,9.251,151.74,5538.0,1.03,0.986,4.47,8.5387706,0.079,87.2,-1.0,0.396,-1.0,-1.0,945.6,0.2,2.3,-1.0,1.25,"Feb 16, 2027 - Feb 17, 2027 (2027.047 - 2027.048)",-999.0
TOI-421,c,Transit,GO,11672,5,1,Implementation,SOSS,X,SUBSTRIP96,NISRAPID,3.0,X,X,9.58,Ih,12,05 27 24.8259 -14 16 37.05,8.071,74.8,5325.0,0.852,0.868,4.483,16.067536,0.118,88.35,0.048,0.454,6.6,0.78,696.8,0.3,2.7,182.5,0.74,"Feb 24, 2027 - Feb 24, 2027 (2027.055 - 2027.055)",-0.02
TOI-421,c,Transit,GO,11672,5,2,Implementation,BOTS,G395H,SUB2048,NRSRAPID,10.0,X,X,9.5,Ih,12,05 27 24.8259 -14 16 37.05,8.071,74.8,5325.0,0.852,0.868,4.483,16.067536,0.118,88.35,0.048,0.454,6.6,0.78,696.8,0.3,2.7,182.5,0.74,"Feb 8, 2027 - Feb 8, 2027 (2027.039 - 2027.039)",-0.02
TOI-6109,b,Transit,GO,10047,5,2,Implementation,BOTS,G395H,SUB2048,NRSRAPID,35.0,X,X,9.14,Luque,0,03 20 31.6230 +42 36 25.49,9.251,151.74,5538.0,1.03,0.986,4.47,5.6928492,0.06,85.69,-1.0,0.392,-1.0,-1.0,1083.2,0.1,1.1,-1.0,2.22,"Jan 2, 2027 - Jan 3, 2027 (2027.002 - 2027.003)",-999.0
LP 791-18,c,Transit,GO,12157,5,3,Implementation,LRS,X,SLITLESSPRISM,FASTR1,160.0,X,X,6.03,Benneke,12,11 02 45.9546 -16 24 22.29,10.644,26.49,2960.0,0.139,0.171,5.115,4.98991,0.03,89.78,0.022,0.219,13.21,3.23,343.4,1.9,1.2,186.3,0.01,"May 9, 2027 - May 9, 2027 (2027.129 - 2027.129)",-0.09
LP 791-18,c,Transit,GO,12157,5,1,Implementation,LRS,X,SLITLESSPRISM,FASTR1,160.0,X,X,6.03,Benneke,12,11 02 45.9546 -16 24 22.29,10.644,26.49,2960.0,0.139,0.171,5.115,4.98991,0.03,89.78,0.022,0.219,13.21,3.23,343.4,1.9,1.2,186.3,0.01,"May 19, 2027 - May 19, 2027 (2027.139 - 2027.139)",-0.09
KELT-11,b,Transit,GO,9709,5,16,Implementation,BOTS,G395H,SUB2048,NRSRAPID,3.0,X,X,17.77,Sing,0,10 46 49.7402 -09 23 56.50,6.122,99.16,5370.0,1.44,2.72,3.727,4.7362042,0.062,85.3,0.195,1.35,3.03,0.12,1709.6,0.2,7.1,724.67,71.11,"May 7, 2027 - May 7, 2027 (2027.127 - 2027.127)",0.18
KELT-11,b,Transit,GO,9709,5,8,Implementation,SOSS,X,SUB204STRIPE_SOSS,NISRAPID,3.0,X,X,17.86,Sing,0,10 46 49.7402 -09 23 56.50,6.122,99.16,5370.0,1.44,2.72,3.727,4.7362042,0.062,85.3,0.195,1.35,3.03,0.12,1709.6,0.2,7.1,724.67,71.11,"May 21, 2027 - May 21, 2027 (2027.141 - 2027.141)",0.18
HIP-41378,X,Bkg,GO,11253,5,4,Implementation,SOSS,X,FULL,NISRAPID,12.0,X,X,0.64,Cassese,12,08 26 27.8491 +10 04 49.33,-1.0,-1.0,-1.0,-1.0,-1.0,-1.0,-1.0,-1.0,-1.0,-1.0,-1.0,-1.0,-1.0,-1.0,-1.0,-1.0,-1.0,-1.0,"Apr 25, 2027 - Apr 26, 2027 (2027.115 - 2027.116)",-999.0
HIP-41378,X,Bkg,GO,11253,5,3,Implementation,SOSS,X,FULL,NISRAPID,12.0,X,X,1.29,Cassese,12,08 26 27.8491 +10 04 49.33,-1.0,-1.0,-1.0,-1.0,-1.0,-1.0,-1.0,-1.0,-1.0,-1.0,-1.0,-1.0,-1.0,-1.0,-1.0,-1.0,-1.0,-1.0,"Apr 25, 2027 - Apr 26, 2027 (2027.115 - 2027.116)",-999.0
HIP-41378,X,Bkg,GO,11253,5,7,Implementation,SOSS,X,FULL,NISRAPID,12.0,X,X,0.64,Cassese,12,08 26 27.8491 +10 04 49.33,-1.0,-1.0,-1.0,-1.0,-1.0,-1.0,-1.0,-1.0,-1.0,-1.0,-1.0,-1.0,-1.0,-1.0,-1.0,-1.0,-1.0,-1.0,"Apr 25, 2027 - Apr 26, 2027 (2027.115 - 2027.116)",-999.0
HIP-41378,X,Bkg,GO,11253,5,6,Implementation,SOSS,X,FULL,NISRAPID,12.0,X,X,0.66,Cassese,12,08 26 27.8491 +10 04 49.33,-1.0,-1.0,-1.0,-1.0,-1.0,-1.0,-1.0,-1.0,-1.0,-1.0,-1.0,-1.0,-1.0,-1.0,-1.0,-1.0,-1.0,-1.0,"Apr 25, 2027 - Apr 26, 2027 (2027.115 - 2027.116)",-999.0
KELT-4,b,Transit,GO,9709,5,15,Implementation,BOTS,G395H,SUB2048,NRSRAPID,20.0,X,X,9.71,Sing,0,10 28 15.0111 +25 34 23.47,-1.0,-1.0,-1.0,-1.0,-1.0,-1.0,-1.0,-1.0,-1.0,-1.0,-1.0,-1.0,-1.0,-1.0,-1.0,-1.0,-1.0,-1.0,"Apr 7, 2027 - Apr 7, 2027 (2027.097 - 2027.097)",-999.0
KELT-4,b,Transit,GO,9709,5,14,Implementation,SOSS,X,SUB680STRIPE_SOSS,NISRAPID,5.0,X,X,9.83,Sing,0,10 28 15.0111 +25 34 23.47,-1.0,-1.0,-1.0,-1.0,-1.0,-1.0,-1.0,-1.0,-1.0,-1.0,-1.0,-1.0,-1.0,-1.0,-1.0,-1.0,-1.0,-1.0,"May 12, 2027 - May 13, 2027 (2027.132 - 2027.133)",-999.0
KELT-7,b,Eclipse,GO,10786,5,7,Implementation,BOTS,G395H,SUB2048,NRSRAPID,7.0,X,X,12.84,Taylor,12,05 13 10.9289 +33 19 5.40,7.543,136.68,6768.0,1.535,1.751,4.149,2.7347656,0.044,83.76,1.335,1.588,15.0,0.51,2055.3,0.8,3.4,259.99,141.96,"Feb 11, 2027 - Feb 12, 2027 (2027.042 - 2027.043)",0.14
K2-287,b,Transit,GO,9942,5,6,Implementation,BOTS,G395H,SUB2048,NRSRAPID,32.0,X,X,12.35,Welbanks,12,15 32 17.8470 -22 21 29.76,9.188,158.34,5695.0,1.056,1.07,4.398,14.89329,0.121,88.12,0.315,0.847,12.45,0.79,818.0,0.6,3.5,83.47,2.32,"Aug 3, 2027 - Aug 3, 2027 (2027.215 - 2027.215)",0.2
K2-33,b,Transit,GO,10586,5,2,Implementation,LRS,X,SLITLESSPRISM,FASTR1,174.0,X,X,12.6,Mann,12,16 10 14.7377 -19 19 9.41,10.026,139.27,3410.0,0.454,0.963,3.952,5.4249975,0.041,88.0,3.65,0.366,770.97,112.61,798.0,0.2,4.2,0.53,0.74,"Jul 26, 2027 - Jul 26, 2027 (2027.207 - 2027.207)",-999.0
K2-33,b,Transit,GO,10586,5,1,Implementation,BOTS,PRISM,SUB512,NRSRAPID,2.0,X,X,11.79,Mann,12,16 10 14.7377 -19 19 9.41,10.026,139.27,3410.0,0.454,0.963,3.952,5.4249975,0.041,88.0,3.65,0.366,770.97,112.61,798.0,0.2,4.2,0.53,0.74,"Mar 17, 2027 - Mar 18, 2027 (2027.076 - 2027.077)",-999.0
Kepler-89,c,Transit,GO,10674,5,1,Implementation,BOTS,PRISM,SUB512,NRSRAPID,4.0,X,X,14.3,Lothringer,12,19 49 19.9343 +41 53 28.01,-1.0,-1.0,-1.0,-1.0,-1.0,-1.0,-1.0,-1.0,-1.0,-1.0,-1.0,-1.0,-1.0,-1.0,-1.0,-1.0,-1.0,-1.0,"Sep 3, 2026 - Sep 4, 2026 (2026.246 - 2026.247)",-999.0
Kepler-89,d,Transit,GO,10674,5,5,Implementation,BOTS,PRISM,SUB512,NRSRAPID,4.0,X,X,17.17,Lothringer,12,19 49 19.9343 +41 53 28.01,-1.0,-1.0,-1.0,-1.0,-1.0,-1.0,-1.0,-1.0,-1.0,-1.0,-1.0,-1.0,-1.0,-1.0,-1.0,-1.0,-1.0,-1.0,"Sep 27, 2026 - Sep 27, 2026 (2026.270 - 2026.270)",-999.0
Kepler-89,e,Transit,GO,10674,5,7,Implementation,BOTS,PRISM,SUB512,NRSRAPID,4.0,X,X,21.56,Lothringer,12,19 49 19.9343 +41 53 28.01,-1.0,-1.0,-1.0,-1.0,-1.0,-1.0,-1.0,-1.0,-1.0,-1.0,-1.0,-1.0,-1.0,-1.0,-1.0,-1.0,-1.0,-1.0,"Sep 26, 2027 - Sep 26, 2027 (2027.269 - 2027.269)",-999.0
Kepler-89,e,Transit,GO,10674,5,6,Implementation,BOTS,PRISM,SUB512,NRSRAPID,4.0,X,X,21.56,Lothringer,12,19 49 19.9343 +41 53 28.01,-1.0,-1.0,-1.0,-1.0,-1.0,-1.0,-1.0,-1.0,-1.0,-1.0,-1.0,-1.0,-1.0,-1.0,-1.0,-1.0,-1.0,-1.0,"Jun 10, 2027 - Jun 10, 2027 (2027.161 - 2027.161)",-999.0
TOI-270,c,Transit,GO,12157,5,9,Implementation,LRS,X,SLITLESSPRISM,FASTR1,21.0,X,X,6.88,Benneke,12,04 33 39.8638 -51 57 26.75,8.251,22.48,3506.0,0.393,0.38,4.872,5.66051,0.046,89.53,0.019,0.21,12.44,3.16,484.7,0.3,1.7,164.48,0.1,"Sep 23, 2027 - Sep 24, 2027 (2027.266 - 2027.267)",-0.17
TOI-270,c,Transit,GO,12157,5,7,Implementation,LRS,X,SLITLESSPRISM,FASTR1,21.0,X,X,6.88,Benneke,12,04 33 39.8638 -51 57 26.75,8.251,22.48,3506.0,0.393,0.38,4.872,5.66051,0.046,89.53,0.019,0.21,12.44,3.16,484.7,0.3,1.7,164.48,0.1,"Oct 8, 2026 - Oct 8, 2026 (2026.281 - 2026.281)",-0.17
TOI-270,d,Transit,GO,12157,5,5,Implementation,LRS,X,SLITLESSPRISM,FASTR1,21.0,X,X,7.72,Benneke,12,04 33 39.8638 -51 57 26.75,8.251,22.48,3506.0,0.393,0.38,4.872,11.3799196,0.073,89.69,0.014,0.19,11.09,3.12,386.5,0.3,2.1,132.82,0.01,"Oct 11, 2026 - Oct 12, 2026 (2026.284 - 2026.285)",-0.17
HD 110067,f,Transit,GO,10047,5,13,Implementation,SOSS,X,SUB204STRIPE_SOSS,NISRAPID,5.0,X,X,15.93,Luque,0,12 39 21.5037 +20 01 40.04,6.492,32.16,5266.0,0.798,0.788,4.54,41.05854,0.216,89.67,0.016,0.232,8.35,1.92,484.7,0.0,5.2,141.24,0.03,"Jun 13, 2027 - Jun 14, 2027 (2027.164 - 2027.165)",-0.2
HD 110067,b,Transit,GO,10047,5,9,Implementation,SOSS,X,SUB204STRIPE_SOSS,NISRAPID,5.0,X,X,11.13,Luque,0,12 39 21.5037 +20 01 40.04,6.492,32.16,5266.0,0.798,0.788,4.54,9.113678,0.079,89.06,0.018,0.196,13.17,3.59,800.5,0.0,3.1,125.03,0.8,"Jun 15, 2027 - Jun 15, 2027 (2027.166 - 2027.166)",-0.2
HD 110067,b,Transit,GO,10047,5,10,Implementation,BOTS,G395H,SUB2048,NRSRAPID,3.0,X,X,11.17,Luque,0,12 39 21.5037 +20 01 40.04,6.492,32.16,5266.0,0.798,0.788,4.54,9.113678,0.079,89.06,0.018,0.196,13.17,3.59,800.5,0.0,3.1,125.03,0.8,"May 28, 2027 - May 28, 2027 (2027.148 - 2027.148)",-0.2
HATS-48 A,b,Transit,GO,11779,5,12,Implementation,BOTS,PRISM,SUB512,NRSRAPID,5.0,X,X,8.5,Chachan,12,19 14 41.2747 -59 34 45.76,11.427,263.61,4546.0,0.728,0.715,4.591,3.1316672,0.038,89.58,0.243,0.824,10.15,0.66,954.9,1.5,2.4,92.75,5.36,"Aug 12, 2026 - Aug 13, 2026 (2026.224 - 2026.225)",0.19
HAT-P-30,b,Eclipse,GO,10786,5,5,Implementation,BOTS,G395M,SUB2048,NRSRAPID,12.0,X,X,9.12,Taylor,12,08 15 47.9802 +05 50 12.35,9.151,213.98,6304.0,1.242,1.215,4.36,2.810601,0.042,83.6,0.733,1.427,10.2,0.38,1636.9,1.1,2.2,270.81,69.01,"Apr 18, 2027 - Apr 19, 2027 (2027.108 - 2027.109)",0.13
HAT-P-32,b,Eclipse,GO,10786,5,6,Implementation,BOTS,G395M,SUB2048,NRSRAPID,27.0,X,X,12.2,Taylor,12,02 04 10.2774 +46 41 16.21,9.99,289.2,6207.0,1.16,1.219,4.33,2.1500082,0.034,88.94,0.81,1.789,7.17,0.21,1784.7,2.3,3.1,355.4,95.09,"Dec 25, 2026 - Dec 25, 2026 (2026.359 - 2026.359)",-0.04
V1298 Tau,e,Transit,GO,11831,5,3,Implementation,SOSS,X,SUBSTRIP96,NISRAPID,5.0,X,X,19.77,Barat,12,04 05 19.5910 +20 09 25.56,8.094,108.2,4970.0,1.101,1.33,4.227,48.677714,0.269,89.2,1.01,0.89,36.14,2.17,533.0,0.0,7.4,21.08,0.19,"Jan 23, 2027 - Jan 23, 2027 (2027.023 - 2027.023)",0.1
V1298 Tau,b,Transit,GO,11831,5,1,Implementation,SOSS,X,SUBSTRIP96,NISRAPID,5.0,X,X,16.97,Barat,12,04 05 19.5910 +20 09 25.56,8.094,108.2,4970.0,1.1,1.325,4.246,24.13975,0.169,88.88,0.341,0.868,12.81,0.79,671.5,0.5,6.4,73.61,1.01,"Sep 7, 2026 - Sep 8, 2026 (2026.250 - 2026.251)",0.1
HD 189733,b,PhaseC,GO,11301,5,1,Implementation,LRS,X,SLITLESSPRISM,FASTR1,5.0,X,X,69.53,Splinter,12,20 00 43.7129 +22 42 39.07,5.541,19.76,5031.5,0.828,0.766,4.582,2.2185752,0.031,85.71,1.144,1.139,24.99,1.17,1204.9,2.3,1.8,861.48,299.93,"Oct 28, 2026 - Oct 28, 2026 (2026.301 - 2026.301)",-0.03
HD 209458,b,Transit,GO,9709,5,13,Implementation,SOSS,X,SUB60STRIPE_SOSS,NISRAPID,5.0,X,X,9.25,Sing,0,22 03 10.7727 +18 53 3.55,6.308,48.3,6065.0,1.119,1.18,4.361,3.5247486,0.047,86.71,0.685,1.38,10.2,0.4,1464.3,1.6,3.0,920.51,191.81,"Oct 25, 2026 - Oct 25, 2026 (2026.298 - 2026.298)",0.0
HD 110067,d,Transit,GO,10047,5,11,Implementation,SOSS,X,SUB204STRIPE_SOSS,NISRAPID,5.0,X,X,12.8,Luque,0,12 39 21.5037 +20 01 40.04,6.492,32.16,5266.0,0.798,0.788,4.54,20.519617,0.136,89.25,0.027,0.254,11.74,2.47,610.8,0.0,3.8,138.81,0.25,"May 8, 2027 - May 8, 2027 (2027.128 - 2027.128)",-0.2
HD 110067,d,Transit,GO,10047,5,12,Implementation,BOTS,G395H,SUB2048,NRSRAPID,3.0,X,X,12.84,Luque,0,12 39 21.5037 +20 01 40.04,6.492,32.16,5266.0,0.798,0.788,4.54,20.519617,0.136,89.25,0.027,0.254,11.74,2.47,610.8,0.0,3.8,138.81,0.25,"Jan 25, 2027 - Jan 26, 2027 (2027.025 - 2027.026)",-0.2
HD 110067,f,Transit,GO,10047,5,14,Implementation,BOTS,G395H,SUB2048,NRSRAPID,3.0,X,X,15.97,Luque,0,12 39 21.5037 +20 01 40.04,6.492,32.16,5266.0,0.798,0.788,4.54,41.05854,0.216,89.67,0.016,0.232,8.35,1.92,484.7,0.0,5.2,141.24,0.03,"May 3, 2027 - May 4, 2027 (2027.123 - 2027.124)",-0.2
HIP-41378,X,Bkg,GO,11253,5,8,Implementation,SOSS,X,FULL,NISRAPID,12.0,X,X,0.64,Cassese,12,08 26 27.8491 +10 04 49.33,-1.0,-1.0,-1.0,-1.0,-1.0,-1.0,-1.0,-1.0,-1.0,-1.0,-1.0,-1.0,-1.0,-1.0,-1.0,-1.0,-1.0,-1.0,"Apr 25, 2027 - Apr 26, 2027 (2027.115 - 2027.116)",-999.0
HD 63935,b,Transit,GO,11962,5,1,Implementation,BOTS,G395H,SUB2048,NRSRAPID,3.0,X,X,10.6,Scarsdale,12,07 51 41.9140 +09 23 6.87,6.881,48.97,5534.0,0.937,0.96,4.438,9.058811,0.083,88.49,0.034,0.26,14.04,2.89,907.5,0.1,3.4,99.35,1.39,"Mar 28, 2027 - Mar 28, 2027 (2027.087 - 2027.087)",0.09
HD 63935,b,Transit,GO,11962,5,3,Implementation,SOSS,X,SUB204STRIPE_SOSS,NISRAPID,6.0,X,X,10.78,Scarsdale,12,07 51 41.9140 +09 23 6.87,6.881,48.97,5534.0,0.937,0.96,4.438,9.058811,0.083,88.49,0.034,0.26,14.04,2.89,907.5,0.1,3.4,99.35,1.39,"Mar 10, 2027 - Mar 10, 2027 (2027.069 - 2027.069)",0.09
HD 63935,c,Transit,GO,11962,5,2,Implementation,BOTS,G395H,SUB2048,NRSRAPID,3.0,X,X,14.08,Scarsdale,12,07 51 41.9140 +09 23 6.87,6.881,48.97,5534.0,0.937,0.96,4.438,21.4023,0.148,88.24,0.035,0.268,13.81,2.76,679.6,0.1,5.4,79.07,0.29,"Mar 12, 2028 - Mar 12, 2028 (2028.072 - 2028.072)",0.09
HD 63935,c,Transit,GO,11962,5,4,Implementation,SOSS,X,SUB204STRIPE_SOSS,NISRAPID,6.0,X,X,14.25,Scarsdale,12,07 51 41.9140 +09 23 6.87,6.881,48.97,5534.0,0.937,0.96,4.438,21.4023,0.148,88.24,0.035,0.268,13.81,2.76,679.6,0.1,5.4,79.07,0.29,"Mar 14, 2027 - Mar 14, 2027 (2027.073 - 2027.073)",0.09
WASP-12,b,Eclipse,GO,10786,5,9,Implementation,BOTS,G395M,SUB2048,NRSRAPID,32.0,X,X,11.61,Taylor,12,06 30 32.7966 +29 40 20.26,10.188,427.25,6300.0,1.35,1.638,4.134,1.0914202,0.023,83.2,1.41,1.825,12.0,0.35,2552.6,1.4,3.0,156.73,113.89,"Oct 2, 2026 - Oct 3, 2026 (2026.275 - 2026.276)",0.3
WASP-12,b,PhaseC,GO,10248,5,1,Implementation,BOTS,G395H,SUB2048,NRSRAPID,30.0,X,X,39.0,Vissapragada,12,06 30 32.7966 +29 40 20.26,10.188,427.25,6300.0,1.35,1.638,4.134,1.0914202,0.023,83.2,1.41,1.825,12.0,0.35,2552.6,1.4,3.0,156.73,113.89,"Feb 20, 2028 - Feb 20, 2028 (2028.051 - 2028.051)",0.3
HIP-41378,X,Bkg,GO,11253,5,5,Implementation,SOSS,X,FULL,NISRAPID,12.0,X,X,0.64,Cassese,12,08 26 27.8491 +10 04 49.33,-1.0,-1.0,-1.0,-1.0,-1.0,-1.0,-1.0,-1.0,-1.0,-1.0,-1.0,-1.0,-1.0,-1.0,-1.0,-1.0,-1.0,-1.0,"Apr 25, 2027 - Apr 26, 2027 (2027.115 - 2027.116)",-999.0
HIP-41378,f,X,GO,11253,5,2,Implementation,SOSS,X,SUB204STRIPE_SOSS,NISRAPID,12.0,X,X,0.83,Cassese,12,08 26 27.8491 +10 04 49.33,-1.0,-1.0,-1.0,-1.0,-1.0,-1.0,-1.0,-1.0,-1.0,-1.0,-1.0,-1.0,-1.0,-1.0,-1.0,-1.0,-1.0,-1.0,"Apr 27, 2027 - Apr 28, 2027 (2027.117 - 2027.118)",-999.0
HIP-41378,f,Transit,GO,11253,5,1,Implementation,SOSS,X,SUB204STRIPE_SOSS,NISRAPID,12.0,X,X,39.2,Cassese,12,08 26 27.8491 +10 04 49.33,-1.0,-1.0,-1.0,-1.0,-1.0,-1.0,-1.0,-1.0,-1.0,-1.0,-1.0,-1.0,-1.0,-1.0,-1.0,-1.0,-1.0,-1.0,"Apr 26, 2027 - Apr 26, 2027 (2027.116 - 2027.116)",-999.0
TOI-1173,b,Transit,GO,9709,5,3,Implementation,BOTS,G395H,SUB2048,NRSRAPID,26.0,X,X,7.81,Sing,0,13 10 43.7621 +70 46 6.27,9.134,132.35,5415.0,0.928,0.936,4.45,7.06456,0.07,87.23,0.088,0.82,3.69,0.24,952.8,0.8,2.6,424.62,6.71,"Mar 21, 2027 - Mar 21, 2027 (2027.080 - 2027.080)",0.16
TOI-1173,b,Transit,GO,9709,5,2,Implementation,SOSS,X,SUBSTRIP256,NISRAPID,4.0,X,X,8.0,Sing,0,13 10 43.7621 +70 46 6.27,9.134,132.35,5415.0,0.928,0.936,4.45,7.06456,0.07,87.23,0.088,0.82,3.69,0.24,952.8,0.8,2.6,424.62,6.71,"Jan 16, 2027 - Jan 17, 2027 (2027.016 - 2027.017)",0.16
TOI-1136,d,Transit,GO,10047,5,5,Implementation,SOSS,X,SUBSTRIP96,NISRAPID,4.0,X,X,13.54,Luque,0,12 48 44.3726 +64 51 19.15,8.034,84.54,5770.0,1.022,0.968,4.47,12.519049,0.107,89.3,0.032,0.413,5.4,0.7,838.4,0.2,4.1,199.63,1.28,"Feb 14, 2028 - Feb 14, 2028 (2028.045 - 2028.045)",0.07
TOI-1136,d,Transit,GO,10047,5,6,Implementation,BOTS,G395H,SUB2048,NRSRAPID,11.0,X,X,13.51,Luque,0,12 48 44.3726 +64 51 19.15,8.034,84.54,5770.0,1.022,0.968,4.47,12.519049,0.107,89.3,0.032,0.413,5.4,0.7,838.4,0.2,4.1,199.63,1.28,"Jan 20, 2028 - Jan 20, 2028 (2028.020 - 2028.020)",0.07
TOI-1136,f,Transit,GO,10047,5,8,Implementation,BOTS,G395H,SUB2048,NRSRAPID,11.0,X,X,15.95,Luque,0,12 48 44.3726 +64 51 19.15,8.034,84.54,5770.0,1.022,0.968,4.47,26.3193488,0.174,89.34,0.066,0.333,16.74,2.69,655.3,0.1,5.0,45.27,0.19,"May 15, 2027 - May 16, 2027 (2027.135 - 2027.136)",0.07
TOI-1136,f,Transit,GO,10047,5,7,Implementation,SOSS,X,SUBSTRIP96,NISRAPID,4.0,X,X,15.97,Luque,0,12 48 44.3726 +64 51 19.15,8.034,84.54,5770.0,1.022,0.968,4.47,26.3193488,0.174,89.34,0.066,0.333,16.74,2.69,655.3,0.1,5.0,45.27,0.19,"Jan 30, 2027 - Jan 30, 2027 (2027.030 - 2027.030)",0.07
TOI-1823,b,Transit,GO,11779,5,14,Implementation,SOSS,X,SUBSTRIP256,NISRAPID,3.0,X,X,13.24,Chachan,12,13 04 52.8851 +63 45 13.65,8.332,71.65,4843.5,0.841,0.812,4.519,38.8067749,0.212,-1.0,0.212,0.702,12.18,0.93,457.2,1.0,5.9,101.7,0.08,"May 22, 2027 - May 22, 2027 (2027.142 - 2027.142)",0.24
55 Cnc,e,Eclipse,GO,9825,5,1,Implementation,SOSS,X,SUB60STRIPE_SOSS,NISRAPID,4.0,X,X,7.56,Hoeijmakers,12,08 52 35.8111 +28 19 50.95,4.015,12.59,5250.0,0.905,0.964,4.425,0.7365462,0.016,84.65,0.025,0.172,24.24,7.52,1983.8,0.0,1.6,309.73,37.28,"Mar 15, 2027 - Mar 15, 2027 (2027.074 - 2027.074)",0.35
WASP-193,b,Transit,GO,9709,5,6,Implementation,SOSS,X,SUBSTRIP256,NISRAPID,12.0,X,X,12.0,Sing,0,10 57 23.8522 -29 59 49.67,10.745,362.09,6080.0,1.038,1.213,4.284,6.2463345,0.067,88.87,0.126,1.319,2.04,0.08,1245.6,1.2,4.3,457.68,12.42,"Jan 17, 2027 - Jan 17, 2027 (2027.017 - 2027.017)",-0.08
WASP-94 A,b,Eclipse,GO,10786,5,2,Implementation,BOTS,G395M,SUB2048,NRSRAPID,9.0,X,X,15.79,Taylor,12,20 55 7.9444 -34 08 8.01,8.874,211.21,6153.0,1.45,1.62,4.181,3.9501954,0.055,88.7,0.456,1.72,4.37,0.14,1607.3,1.2,4.5,478.31,62.93,"Sep 20, 2026 - Sep 21, 2026 (2026.263 - 2026.264)",0.26
