category,pid,pi,cycle,observation,visit,status,event,target,target_in_program,planets,ra,dec,instrument,mode,disperser,filter,subarray,readout,groups,integrations,duration,date_start,date_end,plan_window,proprietary_period,label,special_reqs,phase_reqs,between_reqs,period,phase_start,phase_duration
COM,1033,Kendrew,0,5,1,Archived,transit,L 168-9,L168-9,b,23:20:6.8620,-60:03:56.63,MIRI,LRS,None,None,SLITLESSPRISM,FASTR1,9,9371,4.97,2022-05-29 06:44:37,2022-05-29 12:18:14,,0,L 168-9b : l168-9b lrs,"['NoParallelAttachments', 'PeriodZeroPhase', 'TimeSeriesObservation']","{'ZeroPhase': '2458637.16604', 'Period': '1.401526 Days', 'PhaseStart': '0.91616', 'PhaseEnd': '0.94589'}",[],1.401526,0.931025,0.14775561304844384
COM,1118,Proffitt,0,5,1,Archived,transit,HAT-P-14,HAT-P-14,b,17:20:27.8813,+38:14:31.81,NIRSPEC,BOTS,G395H,F290LP,SUB2048,NRSRAPID,20,1139,6.83,2022-05-29 23:38:36,2022-05-30 07:03:52,,6, : bots verification,"['GuideStarID', 'PeriodZeroPhase', 'TimeSeriesObservation']","{'ZeroPhase': '2459030.9299226585', 'Period': '4.62767 Days', 'PhaseStart': '0.9645357887086446', 'PhaseEnd': '0.973539599841821'}",[],4.62767,0.9690376942752328,0.061496030039595154
GTO,1177,Greene,1,1,1,Archived,transit,WASP-80,WASP-80,b,20:12:40.0319,-02:08:39.97,MIRI,LRS,None,None,SLITLESSPRISM,FASTR1,29,4506,7.9,2022-09-24 00:27:58,2022-09-24 07:47:57,,12,MIRI LRS Transiting Planets : wasp-80b trans,"['NoParallelAttachments', 'OrientRange', 'PeriodZeroPhase', 'TimeSeriesObservation']","{'ZeroPhase': '2456487.42501 ', 'Period': '3.06785234 Days', 'PhaseStart': '0.95093', 'PhaseEnd': '0.96454'}",[],3.06785234,0.957735,0.10729547259326917
GTO,1177,Greene,1,2,1,Archived,eclipse,WASP-80,WASP-80,b,20:12:40.0319,-02:08:39.97,MIRI,LRS,None,None,SLITLESSPRISM,FASTR1,29,4506,7.9,2022-09-25 13:08:19,2022-09-25 20:27:24,,12,MIRI LRS Transiting Planets : wasp-80b emis,"['NoParallelAttachments', 'OrientRange', 'PeriodZeroPhase', 'TimeSeriesObservation']","{'ZeroPhase': '2456487.42501 ', 'Period': '3.06785234 Days', 'PhaseStart': '0.44754 ', 'PhaseEnd': '0.46114 '}",[],3.06785234,0.45433999999999997,0.10729547259326917
GTO,1177,Greene,1,3,1,Archived,eclipse,WASP-69,WASP-69,b,21:00:6.2319,-05:05:41.49,MIRI,LRS,None,None,SLITLESSPRISM,FASTR1,16,8276,8.3,2023-05-02 21:27:34,2023-05-03 05:00:30,,12,MIRI LRS Transiting Planets : wasp-69 b emis,"['NoParallelAttachments', 'PeriodZeroPhase', 'TimeSeriesObservation']","{'ZeroPhase': '2455748.83422 ', 'Period': '3.8681382 Days', 'PhaseStart': '0.45713', 'PhaseEnd': '0.46791'}",[],3.8681382,0.46252,0.08940563016423078
GTO,1177,Greene,1,4,1,Archived,eclipse,GJ 436,GJ-436,b,11:42:12.1620,+26:42:10.63,MIRI,LRS,None,None,SLITLESSPRISM,FASTR1,5,18075,6.65,2023-05-26 06:54:53,2023-05-26 13:01:48,,12,MIRI LRS Transiting Planets : gj 436b emis,"['NoParallelAttachments', 'OrientRange', 'PeriodZeroPhase', 'TimeSeriesObservation']","{'ZeroPhase': '2454873.015820', 'Period': '2.64389751 Days', 'PhaseStart': '0.53496 ', 'PhaseEnd': '0.55073 '}",[],2.64389751,0.542845,0.10480108713946833
GTO,1177,Greene,1,5,1,Archived,eclipse,GJ 436,GJ-436,b,11:42:12.1620,+26:42:10.63,MIRI,LRS,None,None,SLITLESSPRISM,FASTR1,5,18075,6.64,2023-12-02 15:29:48,2023-12-02 21:43:06,,12,MIRI LRS Transiting Planets : gj 436b emis,"['NoParallelAttachments', 'OrientRange', 'PeriodZeroPhase', 'TimeSeriesObservation']","{'ZeroPhase': '2454873.015820', 'Period': '2.64389751 Days', 'PhaseStart': '0.53496 ', 'PhaseEnd': '0.55073 '}",[],2.64389751,0.542845,0.10464349151970972
GTO,1177,Greene,1,6,1,Archived,transit,HAT-P-26,HAT-P-26B,b,14:12:37.5722,+04:03:33.90,MIRI,LRS,None,None,SLITLESSPRISM,FASTR1,90,1660,8.84,2023-06-10 20:36:03,2023-06-11 04:36:46,,12,MIRI LRS Transiting Planets : hat-p-26 b trans,"['NoParallelAttachments', 'OrientRange', 'PeriodZeroPhase', 'TimeSeriesObservation']","{'ZeroPhase': '2455304.65218 ', 'Period': '4.2345023 Days', 'PhaseStart': '0.96107 ', 'PhaseEnd': '0.97093'}",[],4.2345023,0.966,0.0869838548283073
GTO,1177,Greene,1,7,1,Archived,eclipse,TRAPPIST-1,TRAPPIST-1B,b,23:06:30.3341,-05:02:36.46,MIRI,Imaging TS,None,F1500W,FULL,FASTR1,14,377,5.8,2022-11-08 02:17:33,2022-11-08 07:47:10,,12,MIRIM Transiting Planets : trappist-1 b sec eclipse,"['NoParallelAttachments', 'Offset', 'OrientRange', 'PeriodZeroPhase', 'TimeSeriesObservation']","{'ZeroPhase': '2459785.2533425996', 'Period': '1.5108794 Days', 'PhaseStart': '0.41578 ', 'PhaseEnd': '0.44339 '}",[],1.5108794,0.429585,0.15995099719187822
GTO,1177,Greene,1,8,1,Archived,eclipse,TRAPPIST-1,TRAPPIST-1B,b,23:06:30.3341,-05:02:36.46,MIRI,Imaging TS,None,F1500W,FULL,FASTR1,14,377,5.8,2022-11-20 04:24:30,2022-11-20 09:54:11,,12,MIRIM Transiting Planets : trappist-1 b sec eclipse,"['NoParallelAttachments', 'Offset', 'OrientRange', 'PeriodZeroPhase', 'TimeSeriesObservation']","{'ZeroPhase': '2459785.2533425996', 'Period': '1.5108794 Days', 'PhaseStart': '0.41578 ', 'PhaseEnd': '0.44339 '}",[],1.5108794,0.429585,0.15995099719187822
GTO,1177,Greene,1,9,1,Archived,eclipse,TRAPPIST-1,TRAPPIST-1B,b,23:06:30.3341,-05:02:36.46,MIRI,Imaging TS,None,F1500W,FULL,FASTR1,14,377,5.8,2022-11-24 17:26:22,2022-11-24 23:00:44,,12,MIRIM Transiting Planets : trappist-1 b sec eclipse,"['NoParallelAttachments', 'Offset', 'OrientRange', 'PeriodZeroPhase', 'TimeSeriesObservation']","{'ZeroPhase': '2459785.2533425996', 'Period': '1.5108794 Days', 'PhaseStart': '0.41578 ', 'PhaseEnd': '0.44339 '}",[],1.5108794,0.429585,0.15995099719187822
GTO,1177,Greene,1,10,1,Archived,eclipse,TRAPPIST-1,TRAPPIST-1B,b,23:06:30.3341,-05:02:36.46,MIRI,Imaging TS,None,F1500W,FULL,FASTR1,14,377,5.9,2022-12-03 19:25:56,2022-12-04 00:37:36,,12,MIRIM Transiting Planets : trappist-1 b sec eclipse,"['NoParallelAttachments', 'Offset', 'OrientRange', 'PeriodZeroPhase', 'TimeSeriesObservation']","{'ZeroPhase': '2459785.2533425996', 'Period': '1.5108794 Days', 'PhaseStart': '0.41578 ', 'PhaseEnd': '0.44339 '}",[],1.5108794,0.429585,0.1627087730055313
GTO,1177,Greene,1,11,1,Archived,eclipse,TRAPPIST-1,TRAPPIST-1B,b,23:06:30.3341,-05:02:36.46,MIRI,Imaging TS,None,F1500W,FULL,FASTR1,14,377,5.8,2022-11-12 15:05:09,2022-11-12 20:34:15,,12,MIRIM Transiting Planets : trappist-1 b sec eclipse,"['NoParallelAttachments', 'Offset', 'OrientRange', 'PeriodZeroPhase', 'TimeSeriesObservation']","{'ZeroPhase': '2459785.2533425996', 'Period': '1.5108794 Days', 'PhaseStart': '0.41578 ', 'PhaseEnd': '0.44339 '}",[],1.5108794,0.429585,0.15995099719187822
GTO,1185,Greene,1,1,1,Archived,eclipse,HD 189733,HD-189733,b,20:00:43.7093,+22:42:35.19,NIRCAM,GRISMR TS,"CLEAR,GRISMR","WLP4,F444W",SUBGRISM64,BRIGHT2,4,6533,7.39,2022-09-28 16:28:29,2022-09-28 23:19:08,,12,HD 189733 b : f444w sec eclipse,"['OrientRange', 'PeriodZeroPhase', 'TimeSeriesObservation']","{'ZeroPhase': '2454279.436714', 'Period': '2.21857567 Days', 'PhaseStart': '0.43122 ', 'PhaseEnd': '0.45003 '}",[],2.21857567,0.440625,0.13879024764869377
GTO,1185,Greene,1,2,1,Archived,transit,WASP-80,WASP-80,b,20:12:40.0319,-02:08:39.97,NIRCAM,GRISMR TS,"WLP8,GRISMR","F210M,F322W2",SUBGRISM256,BRIGHT2,6,1227,7.85,2022-10-30 20:34:41,2022-10-31 03:33:08,,12,WASP-80 b : f322w2 transit,"['OrientRange', 'PeriodZeroPhase', 'TimeSeriesObservation']","{'ZeroPhase': '2456487.42501', 'Period': '3.06785234 Days', 'PhaseStart': '0.95319', 'PhaseEnd': '0.96680'}",[],3.06785234,0.9599949999999999,0.10661638732369151
GTO,1185,Greene,1,3,1,Skipped,transit,WASP-80,WASP-80,b,20:12:40.0319,-02:08:39.97,NIRCAM,GRISMR TS,"WLP8,GRISMR","F210M,F444W",SUBGRISM256,BRIGHT2,12,639,7.95,,,,12,WASP-80 b : f444w transit,"['OrientRange', 'PeriodZeroPhase', 'TimeSeriesObservation']","{'ZeroPhase': '2456487.42501', 'Period': '3.06785234 Days', 'PhaseStart': '0.95319 ', 'PhaseEnd': '0.96680'}",[],3.06785234,0.9599949999999999,0.10797455786284682
GTO,1185,Greene,1,103,1,Archived,transit,WASP-80,WASP-80,b,20:12:40.0319,-02:08:39.97,NIRCAM,GRISMR TS,"WLP8,GRISMR","F210M,F444W",SUBGRISM256,BRIGHT2,12,639,7.95,2023-10-06 08:53:28,2023-10-06 16:13:09,,12,WASP-80 b : f444w transit,"['Before', 'OrientRange', 'PeriodZeroPhase', 'TimeSeriesObservation']","{'ZeroPhase': '2456487.42501', 'Period': '3.06785234 Days', 'PhaseStart': '0.95319 ', 'PhaseEnd': '0.96680'}",[],3.06785234,0.9599949999999999,0.10797455786284682
GTO,1185,Greene,1,4,1,Archived,eclipse,WASP-80,WASP-80,b,20:12:40.0319,-02:08:39.97,NIRCAM,GRISMR TS,"WLP8,GRISMR","F210M,F322W2",SUBGRISM256,BRIGHT2,6,1227,7.85,2022-10-29 07:24:57,2022-10-29 14:18:41,,12,WASP-80 b : f322w2 sec eclipse,"['OrientRange', 'PeriodZeroPhase', 'TimeSeriesObservation']","{'ZeroPhase': '2456487.42501', 'Period': '3.06785234 Days', 'PhaseStart': '0.44754 ', 'PhaseEnd': '0.46114'}",[],3.06785234,0.45433999999999997,0.10661638732369151
GTO,1185,Greene,1,5,1,Archived,eclipse,WASP-80,WASP-80,b,20:12:40.0319,-02:08:39.97,NIRCAM,GRISMR TS,"WLP8,GRISMR","F210M,F444W",SUBGRISM256,BRIGHT2,12,639,7.95,2023-06-13 07:28:37,2023-06-13 14:43:17,,12,WASP-80 b : f444w sec eclipse,"['OrientRange', 'PeriodZeroPhase', 'TimeSeriesObservation']","{'ZeroPhase': '2456487.42501', 'Period': '3.06785234 Days', 'PhaseStart': '0.44754 ', 'PhaseEnd': '0.46114'}",[],3.06785234,0.45433999999999997,0.10797455786284682
GTO,1185,Greene,1,6,1,Archived,eclipse,WASP-69,WASP-69,b,21:00:6.2319,-05:05:41.49,NIRCAM,GRISMR TS,"WLP8,GRISMR","F210M,F322W2",SUBGRISM256,BRIGHT2,3,2367,8.12,2022-10-25 08:33:18,2022-10-25 16:01:58,,12,WASP-69 b : f322w2 sec eclipse,"['PeriodZeroPhase', 'TimeSeriesObservation']","{'ZeroPhase': '2455748.83422 ', 'Period': '3.8681382 Days', 'PhaseStart': '0.45713', 'PhaseEnd': '0.46791'}",[],3.8681382,0.46252,0.0874667128835607
GTO,1185,Greene,1,7,1,Archived,eclipse,WASP-69,WASP-69,b,21:00:6.2319,-05:05:41.49,NIRCAM,GRISMR TS,"WLP8,GRISMR","F210M,F444W",SUBGRISM256,BRIGHT2,5,1507,8.22,2023-06-06 16:58:04,2023-06-07 00:26:49,,12,WASP-69 b : f444w sec eclipse,"['PeriodZeroPhase', 'TimeSeriesObservation']","{'ZeroPhase': '2455748.83422 ', 'Period': '3.8681382 Days', 'PhaseStart': '0.45713 ', 'PhaseEnd': '0.46791 '}",[],3.8681382,0.46252,0.08854388915059964
GTO,1185,Greene,1,8,1,Archived,transit,WASP-107,WASP-107,b,12:33:32.7426,-10:08:46.37,NIRCAM,GRISMR TS,"WLP8,GRISMR","F210M,F322W2",SUBGRISM256,BRIGHT2,7,1293,9.44,2023-01-14 00:41:08,2023-01-14 09:12:11,,12,WASP-107 b : f322w2 transit,"['OrientRange', 'PeriodZeroPhase', 'TimeSeriesObservation']","{'ZeroPhase': '2456514.410600', 'Period': '5.72149 Days', 'PhaseStart': '0.97024', 'PhaseEnd': '0.97753'}",[],5.72149,0.973885,0.06874666098050217
GTO,1185,Greene,1,9,1,Archived,transit,WASP-107,WASP-107,b,12:33:32.7426,-10:08:46.37,NIRCAM,GRISMR TS,"WLP8,GRISMR","F210M,F444W",SUBGRISM256,BRIGHT2,15,625,9.43,2023-07-04 16:21:00,2023-07-05 00:55:03,,12,WASP-107 b : f444w transit,"['OrientRange', 'PeriodZeroPhase', 'TimeSeriesObservation']","{'ZeroPhase': '2456514.410600', 'Period': '5.72149 Days', 'PhaseStart': '0.97024', 'PhaseEnd': '0.97753'}",[],5.72149,0.973885,0.06867383612776858
GTO,1185,Greene,1,10,1,Archived,eclipse,GJ 436,GJ-436,b,11:42:12.1620,+26:42:10.63,NIRCAM,GRISMR TS,"CLEAR,GRISMR","WLP4,F322W2",SUBGRISM64,BRIGHT2,3,7215,6.58,2023-01-16 17:45:05,2023-01-16 23:45:34,,12,GJ 436 b : f322w2 sec eclipse,"['OrientRange', 'PeriodZeroPhase', 'TimeSeriesObservation']","{'ZeroPhase': '2454873.015820', 'Period': '2.64389751 Days', 'PhaseStart': '0.53496', 'PhaseEnd': '0.55073'}",[],2.64389751,0.542845,0.10369791780115813
GTO,1185,Greene,1,11,1,Archived,eclipse,GJ 436,GJ-436,b,11:42:12.1620,+26:42:10.63,NIRCAM,GRISMR TS,"CLEAR,GRISMR","WLP4,F444W",SUBGRISM64,BRIGHT2,5,4597,6.58,2023-01-11 10:48:03,2023-01-11 16:51:42,,12,GJ 436 b : f444w sec eclipse,"['OrientRange', 'PeriodZeroPhase', 'TimeSeriesObservation']","{'ZeroPhase': '2454873.015820', 'Period': '2.64389751 Days', 'PhaseStart': '0.53496', 'PhaseEnd': '0.55073'}",[],2.64389751,0.542845,0.10369791780115813
GTO,1185,Greene,1,12,1,Archived,eclipse,GJ 436,GJ-436-offset,b,11:42:11.6753,+26:42:4.14,NIRCAM,GRISMR TS,"CLEAR,GRISMR","WLP4,F322W2",SUBGRISM64,BRIGHT2,3,7136,6.58,2023-04-21 22:18:02,2023-04-22 04:04:54,,12,GJ 436 b : f322w2 sec eclipse,"['OrientRange', 'PeriodZeroPhase', 'TimeSeriesObservation']","{'ZeroPhase': '2454873.015820', 'Period': '2.64389751 Days', 'PhaseStart': '0.53496', 'PhaseEnd': '0.55073'}",[],2.64389751,0.542845,0.10369791780115813
GTO,1185,Greene,1,13,1,Archived,eclipse,GJ 436,GJ-436,b,11:42:12.1620,+26:42:10.63,NIRCAM,GRISMR TS,"CLEAR,GRISMR","WLP4,F444W",SUBGRISM64,BRIGHT2,5,4597,6.58,2022-12-31 21:00:26,2023-01-01 03:04:13,,12,GJ 436 b : f444w sec eclipse,"['OrientRange', 'PeriodZeroPhase', 'TimeSeriesObservation']","{'ZeroPhase': '2454873.015820', 'Period': '2.64389751 Days', 'PhaseStart': '0.53496', 'PhaseEnd': '0.55073'}",[],2.64389751,0.542845,0.10369791780115813
GTO,1185,Greene,1,14,1,Archived,eclipse,GJ 436,GJ-436,b,11:42:12.1620,+26:42:10.63,NIRCAM,GRISMR TS,"CLEAR,GRISMR","WLP4,F322W2",SUBGRISM64,BRIGHT2,3,7136,6.57,2023-12-21 03:36:36,2023-12-21 09:46:21,,12,GJ 436 b : f322w2 sec eclipse,"['Offset', 'OrientRange', 'PeriodZeroPhase', 'TimeSeriesObservation']","{'ZeroPhase': '2454873.015820', 'Period': '2.64389751 Days', 'PhaseStart': '0.53496', 'PhaseEnd': '0.55073'}",[],2.64389751,0.542845,0.10354032218139954
GTO,1185,Greene,1,15,1,Archived,eclipse,GJ 436,GJ-436,b,11:42:12.1620,+26:42:10.63,NIRCAM,GRISMR TS,"CLEAR,GRISMR","WLP4,F444W",SUBGRISM64,BRIGHT2,5,4549,6.58,2023-12-07 22:26:56,2023-12-08 04:36:52,,12,GJ 436 b : f444w sec eclipse,"['Offset', 'OrientRange', 'PeriodZeroPhase', 'TimeSeriesObservation']","{'ZeroPhase': '2454873.015820', 'Period': '2.64389751 Days', 'PhaseStart': '0.53496', 'PhaseEnd': '0.55073'}",[],2.64389751,0.542845,0.10369791780115813
GTO,1185,Greene,1,16,1,Archived,transit,GJ 3470,GJ-3470,b,07:59:5.6405,+15:23:28.35,NIRCAM,GRISMR TS,"WLP8,GRISMR","F210M,F322W2",SUBGRISM256,BRIGHT2,4,1681,7.49,2022-10-31 13:35:23,2022-10-31 20:31:17,,12,GJ 3470 b : f322w2 transit,"['OrientRange', 'PeriodZeroPhase', 'TimeSeriesObservation']","{'ZeroPhase': '2459527.228800', 'Period': '3.33667 Days', 'PhaseStart': '0.95887', 'PhaseEnd': '0.97139'}",[],3.33667,0.96513,0.09353137509353138
GTO,1185,Greene,1,17,1,Archived,transit,GJ 3470,GJ-3470,b,07:59:5.6405,+15:23:28.35,NIRCAM,GRISMR TS,"WLP8,GRISMR","F210M,F444W",SUBGRISM256,BRIGHT2,7,1009,7.49,2022-11-03 21:39:42,2022-11-04 04:39:24,,12,GJ 3470 b : f444w transit,"['PeriodZeroPhase', 'TimeSeriesObservation']","{'ZeroPhase': '2459527.228800', 'Period': '3.33667 Days', 'PhaseStart': '0.95887', 'PhaseEnd': '0.97139'}",[],3.33667,0.96513,0.09353137509353138
GTO,1185,Greene,1,18,1,Archived,transit,GJ 1214,GJ-1214,b,17:15:19.5552,+04:57:38.07,NIRSPEC,BOTS,G395H,F290LP,SUB2048,NRSRAPID,16,1084,6.37,2023-07-18 06:19:28,2023-07-18 12:12:40,,12,GJ 1214 b : g395h transit,"['PeriodZeroPhase', 'TimeSeriesObservation']","{'ZeroPhase': '2455320.53573', 'Period': '1.580404938 Days', 'PhaseStart': '0.927', 'PhaseEnd': '0.95342'}",[],1.580404938,0.94021,0.16794219018484657
GTO,1185,Greene,1,19,1,Archived,transit,GJ 1214,GJ-1214,b,17:15:19.5552,+04:57:38.07,NIRSPEC,BOTS,G395H,F290LP,SUB2048,NRSRAPID,16,1084,6.37,2023-07-19 20:15:24,2023-07-20 02:08:28,,12,GJ 1214 b : g395h transit,"['PeriodZeroPhase', 'TimeSeriesObservation']","{'ZeroPhase': '2455320.53573', 'Period': '1.580404938 Days', 'PhaseStart': '0.927', 'PhaseEnd': '0.95342'}",[],1.580404938,0.94021,0.16794219018484657
GTO,1201,Lafreniere,1,1,1,Archived,phase curve,WASP-121,WASP-121,b,07:10:24.0555,-39:05:50.17,NIRISS,SOSS,None,CLEAR,SUBSTRIP256,NISRAPID,6,3452,43.85,2023-10-26 16:33:55,2023-10-28 06:45:13,,12,WASP-121 : phase curve,"['OrientRange', 'PeriodZeroPhase', 'TimeSeriesObservation']","{'ZeroPhase': '2456636.3457828', 'Period': '2.549851 Days', 'PhaseStart': '0.936453', 'PhaseEnd': '0.952821'}",[],1.2749255,0.8892739999999999,1.4330902733793727
GTO,1201,Lafreniere,1,2,1,Archived,phase curve,LTT 9779,LTT-9779,b,23:54:40.5304,-37:37:41.61,NIRISS,SOSS,None,CLEAR,SUBSTRIP256,NISRAPID,2,4790,26.51,2022-07-07 00:10:15,2022-07-07 23:30:21,,12,LTT 9779 : phase curve,"['OrientRange', 'PeriodZeroPhase', 'TimeSeriesObservation']","{'ZeroPhase': '2458783.912395', 'Period': '1.58414044 Days', 'PhaseStart': '0.936126', 'PhaseEnd': '0.962472'}",[],0.79207022,0.898598,1.3945522826667227
GTO,1201,Lafreniere,1,3,1,Archived,transit,HAT-P-1,HATP1,b,22:57:46.8872,+38:40:29.71,NIRISS,SOSS,None,CLEAR,SUBSTRIP256,NISRAPID,4,823,8.46,2023-07-20 19:52:28,2023-07-21 03:06:14,,12,HAT-P-1 : primary transit,"['OrientRange', 'PeriodZeroPhase', 'TimeSeriesObservation']","{'ZeroPhase': '2453979.93204', 'Period': '4.46529976 Days', 'PhaseStart': '0.964059', 'PhaseEnd': '0.973406'}",[],4.46529976,0.9687325,0.07894206860593836
GTO,1201,Lafreniere,1,4,1,Archived,eclipse,HAT-P-1,HAT-P-1,b,22:57:45.9200,+38:40:27.20,NIRISS,SOSS,None,CLEAR,SUBSTRIP256,NISRAPID,4,823,8.37,2022-07-12 22:39:34,2022-07-13 06:21:30,,12,HAT-P-1 : secondary eclipse,"['OrientRange', 'PeriodZeroPhase', 'TimeSeriesObservation']","{'ZeroPhase': '2453982.1646899', 'Period': '4.46529976 Days', 'PhaseStart': '0.964059', 'PhaseEnd': '0.973406'}",[],4.46529976,0.4687325,0.07810225936544964
GTO,1201,Lafreniere,1,5,1,Skipped,transit,WASP-52,WASP-52,b,23:13:58.7504,+08:45:39.89,NIRISS,SOSS,None,CLEAR,SUBSTRIP256,NISRAPID,15,182,6.43,,,,12,WASP-52 : transit,"['OrientRange', 'PeriodZeroPhase', 'TimeSeriesObservation']","{'ZeroPhase': '2455793.68143', 'Period': '1.7497798 Days', 'PhaseStart': '0.929088', 'PhaseEnd': '0.952940'}",[],1.7497798,0.941014,0.15311450427457596
GTO,1201,Lafreniere,1,6,1,Archived,transit,WASP-127,WASP-127,b,10:42:14.1035,-03:50:6.00,NIRISS,SOSS,None,CLEAR,SUBSTRIP256,NISRAPID,3,1411,11.05,2023-12-03 07:14:12,2023-12-03 16:29:22,,12,WASP-127 : transit,"['OrientRange', 'PeriodZeroPhase', 'TimeSeriesObservation']","{'ZeroPhase': '2457248.74131', 'Period': '4.178062 Days', 'PhaseStart': '0.947048', 'PhaseEnd': '0.957037'}",[],4.178062,0.9520425,0.1101986199981395
GTO,1201,Lafreniere,1,7,1,Archived,eclipse,WASP-80,WASP-80,b,20:12:40.0319,-02:08:39.97,NIRISS,SOSS,None,CLEAR,SUBSTRIP256,NISRAPID,4,668,6.97,2023-10-26 07:33:10,2023-10-26 14:05:03,,12,WASP-80 : eclipse,"['OrientRange', 'PeriodZeroPhase', 'TimeSeriesObservation']","{'ZeroPhase': '2456488.9586597', 'Period': '3.06785234 Days', 'PhaseStart': '0.955189', 'PhaseEnd': '0.968794'}",[],3.06785234,0.4619915,0.09466448657912482
GTO,1201,Lafreniere,1,8,1,Archived,transit,WASP-107,WASP-107,b,12:33:32.7426,-10:08:46.37,NIRISS,SOSS,None,CLEAR,SUBSTRIP256,NISRAPID,5,678,8.26,2023-06-11 18:55:22,2023-06-12 02:26:05,,12,WASP-107 : primary transit,"['PeriodZeroPhase', 'TimeSeriesObservation']","{'ZeroPhase': '2457584.329897', 'Period': '5.7214742 Days', 'PhaseStart': '0.972512', 'PhaseEnd': '0.979807'}",[],5.7214742,0.9761595000000001,0.06015349447292215
GTO,1201,Lafreniere,1,9,1,Failed - Archived,eclipse,WASP-107,WASP-107,b,12:33:32.7426,-10:08:46.37,NIRSPEC,BOTS,G395H,F290LP,SUB2048,NRSRAPID,20,1600,10.85,2023-05-28 19:17:15,2023-05-28 19:56:51,,12,WASP-107 : eclipse nirspec,"['PeriodZeroPhase', 'TimeSeriesObservation']","{'ZeroPhase': '2458577.341660712', 'Period': '5.72148836 Days', 'PhaseStart': '0.9684541939229837', 'PhaseEnd': '0.9757491758822955'}",[],5.72148836,0.4721016849026396,0.07901498786468444
GTO,1201,Lafreniere,1,502,1,Archived,eclipse,WASP-107,WASP-107,b,12:33:32.7426,-10:08:46.37,NIRSPEC,BOTS,G395M,F290LP,SUB2048,NRSRAPID,6,4789,10.85,2024-06-26 08:47:54,2024-06-26 17:55:06,,12,WASP-107 : eclipse nirspec (repeat),"['PeriodZeroPhase', 'TimeSeriesObservation']","{'ZeroPhase': '2458577.0968174366', 'Period': '5.72148836 Days', 'PhaseStart': '0.9656648408116253', 'PhaseEnd': '0.9729598216489243'}",[],5.72148836,0.4693123312302747,0.07901498786468444
GTO,1201,Lafreniere,1,10,1,Archived,eclipse,GJ 3470,GJ-3470,b,07:59:5.6405,+15:23:28.35,NIRSPEC,BOTS,G395H,F290LP,SUB2048,NRSRAPID,10,1675,6.45,2023-11-04 06:25:51,2023-11-04 12:30:43,,12,GJ 3470 : eclipse,"['PeriodZeroPhase', 'TimeSeriesObservation']","{'ZeroPhase': '2456092.145336', 'Period': '3.33665191 Days', 'PhaseStart': '0.961766', 'PhaseEnd': '0.974274'}",[],3.3366519099999996,0.46802,0.08054481176012154
GTO,1201,Lafreniere,1,101,1,Archived,transit,TRAPPIST-1,TRAPPIST-1,f,23:06:30.3652,-05:02:36.70,NIRISS,SOSS,None,CLEAR,SUBSTRIP256,NISRAPID,18,121,5.03,2022-10-28 08:59:03,2022-10-28 13:48:06,,12,TRAPPIST-1 : planet f - transit 1,"['Between', 'OrientRange', 'TimeSeriesObservation']",,"[{'After': '24-JUN-2023:18:42:08', 'Before': '24-JUN-2023:19:42:14'}, {'After': '28-OCT-2022:10:14:49', 'Before': '28-OCT-2022:11:14:55'}]",,,
GTO,1201,Lafreniere,1,102,1,Archived,transit,TRAPPIST-1,TRAPPIST-1,f,23:06:30.3652,-05:02:36.70,NIRISS,SOSS,None,CLEAR,SUBSTRIP256,NISRAPID,18,121,5.13,2023-07-03 23:08:18,2023-07-04 03:16:46,,12,TRAPPIST-1 : planet f - transit 2,"['Between', 'OrientRange', 'TimeSeriesObservation']",,"[{'After': '03-JUL-2023:23:38:55', 'Before': '04-JUL-2023:00:39:01'}, {'After': '06-NOV-2022:15:09:45', 'Before': '06-NOV-2022:16:09:51'}]",,,
GTO,1201,Lafreniere,1,103,1,Archived,transit,TRAPPIST-1,TRAPPIST-1,f,23:06:30.3652,-05:02:36.70,NIRISS,SOSS,None,CLEAR,SUBSTRIP256,NISRAPID,18,121,5.13,2023-07-22 09:05:11,2023-07-22 13:25:36,,12,TRAPPIST-1 : planet f - transit 3,"['Between', 'OrientRange', 'TimeSeriesObservation']",,"[{'After': '22-JUL-2023:09:31:36', 'Before': '22-JUL-2023:10:31:42'}, {'After': '15-NOV-2022:20:23:19', 'Before': '15-NOV-2022:21:23:25'}]",,,
GTO,1201,Lafreniere,1,104,1,Archived,transit,TRAPPIST-1,TRAPPIST-1,f,23:06:30.3652,-05:02:36.70,NIRISS,SOSS,None,CLEAR,SUBSTRIP256,NISRAPID,18,121,5.13,2023-06-24 18:37:49,2023-06-24 22:54:08,,12,TRAPPIST-1 : planet f - transit 4,"['Between', 'OrientRange', 'TimeSeriesObservation']",,"[{'After': '06-JUN-2023:08:55:17', 'Before': '06-JUN-2023:09:55:23'}, {'After': '25-NOV-2022:01:19:03', 'Before': '25-NOV-2022:02:19:09'}, {'After': '24-JUN-2023:18:42:08', 'Before': '24-JUN-2023:19:42:14'}]",,,
GTO,1201,Lafreniere,1,105,1,Archived,transit,TRAPPIST-1,TRAPPIST-1,f,23:06:30.3652,-05:02:36.70,NIRISS,SOSS,None,CLEAR,SUBSTRIP256,NISRAPID,18,121,5.13,2023-06-15 12:35:02,2023-06-15 17:24:06,,12,TRAPPIST-1 : planet f - transit 5,"['Between', 'OrientRange', 'TimeSeriesObservation']",,"[{'After': '15-JUN-2023:13:50:48', 'Before': '15-JUN-2023:14:50:54'}, {'After': '04-DEC-2022:06:17:02', 'Before': '04-DEC-2022:07:17:08'}]",,,
GTO,1201,Lafreniere,1,111,1,Archived,transit,TRAPPIST-1,TRAPPIST-1,d,23:06:30.3652,-05:02:36.70,NIRSPEC,BOTS,PRISM,CLEAR,SUB512,NRSRAPID,6,7200,4.61,2022-11-09 16:20:18,2022-11-09 20:25:46,,12,TRAPPIST-1 : planet d - transit 1,"['Between', 'TimeSeriesObservation']",,"[{'After': '08-JUN-2022:19:31:44', 'Before': '08-JUN-2022:20:31:50'}, {'After': '12-JUN-2022:20:43:44', 'Before': '12-JUN-2022:21:43:50'}, {'After': '20-JUN-2022:23:07:53', 'Before': '21-JUN-2022:00:07:59'}, {'After': '25-JUN-2022:00:19:55', 'Before': '25-JUN-2022:01:20:01'}, {'After': '29-JUN-2022:01:31:59', 'Before': '29-JUN-2022:02:32:05'}, {'After': '03-JUL-2022:02:44:34', 'Before': '03-JUL-2022:03:44:40'}, {'After': '07-JUL-2022:03:56:58', 'Before': '07-JUL-2022:04:57:04'}, {'After': '11-JUL-2022:05:08:47', 'Before': '11-JUL-2022:06:08:53'}, {'After': '15-JUL-2022:06:21:30', 'Before': '15-JUL-2022:07:21:36'}, {'After': '19-JUL-2022:07:33:23', 'Before': '19-JUL-2022:08:33:29'}, {'After': '28-OCT-2022:13:33:29', 'Before': '28-OCT-2022:14:33:35'}, {'After': '01-NOV-2022:14:46:21', 'Before': '01-NOV-2022:15:46:27'}, {'After': '05-NOV-2022:15:57:13', 'Before': '05-NOV-2022:16:57:19'}, {'After': '09-NOV-2022:17:08:33', 'Before': '09-NOV-2022:18:08:39'}, {'After': '13-NOV-2022:18:21:49', 'Before': '13-NOV-2022:19:21:55'}, {'After': '21-NOV-2022:20:44:20', 'Before': '21-NOV-2022:21:44:26'}, {'After': '25-NOV-2022:21:57:08', 'Before': '25-NOV-2022:22:57:14'}, {'After': '29-NOV-2022:23:07:46', 'Before': '30-NOV-2022:00:07:52'}, {'After': '04-DEC-2022:00:19:02', 'Before': '04-DEC-2022:01:19:08'}, {'After': '08-DEC-2022:01:31:36', 'Before': '08-DEC-2022:02:31:42'}]",,,
GTO,1201,Lafreniere,1,112,1,Archived,transit,TRAPPIST-1,TRAPPIST-1,d,23:06:30.3652,-05:02:36.70,NIRSPEC,BOTS,PRISM,CLEAR,SUB512,NRSRAPID,6,7200,4.61,2022-11-05 14:47:14,2022-11-05 19:14:37,,12,TRAPPIST-1 : planet d - transit 1,"['Between', 'TimeSeriesObservation']",,"[{'After': '08-JUN-2022:19:31:44', 'Before': '08-JUN-2022:20:31:50'}, {'After': '12-JUN-2022:20:43:44', 'Before': '12-JUN-2022:21:43:50'}, {'After': '20-JUN-2022:23:07:53', 'Before': '21-JUN-2022:00:07:59'}, {'After': '25-JUN-2022:00:19:55', 'Before': '25-JUN-2022:01:20:01'}, {'After': '29-JUN-2022:01:31:59', 'Before': '29-JUN-2022:02:32:05'}, {'After': '03-JUL-2022:02:44:34', 'Before': '03-JUL-2022:03:44:40'}, {'After': '07-JUL-2022:03:56:58', 'Before': '07-JUL-2022:04:57:04'}, {'After': '11-JUL-2022:05:08:47', 'Before': '11-JUL-2022:06:08:53'}, {'After': '15-JUL-2022:06:21:30', 'Before': '15-JUL-2022:07:21:36'}, {'After': '19-JUL-2022:07:33:23', 'Before': '19-JUL-2022:08:33:29'}, {'After': '28-OCT-2022:13:33:29', 'Before': '28-OCT-2022:14:33:35'}, {'After': '01-NOV-2022:14:46:21', 'Before': '01-NOV-2022:15:46:27'}, {'After': '05-NOV-2022:15:57:13', 'Before': '05-NOV-2022:16:57:19'}, {'After': '09-NOV-2022:17:08:33', 'Before': '09-NOV-2022:18:08:39'}, {'After': '13-NOV-2022:18:21:49', 'Before': '13-NOV-2022:19:21:55'}, {'After': '21-NOV-2022:20:44:20', 'Before': '21-NOV-2022:21:44:26'}, {'After': '25-NOV-2022:21:57:08', 'Before': '25-NOV-2022:22:57:14'}, {'After': '29-NOV-2022:23:07:46', 'Before': '30-NOV-2022:00:07:52'}, {'After': '04-DEC-2022:00:19:02', 'Before': '04-DEC-2022:01:19:08'}, {'After': '08-DEC-2022:01:31:36', 'Before': '08-DEC-2022:02:31:42'}]",,,
GTO,1201,Lafreniere,1,201,1,Archived,transit,GJ 357,GJ-357,b,09:36:1.7915,-21:39:54.23,NIRISS,SOSS,None,CLEAR,SUBSTRIP96,NISRAPID,2,2201,5.78,2023-11-22 11:40:30,2023-11-22 17:10:32,,12,GJ 357 : transit,"['OrientRange', 'PeriodZeroPhase', 'TimeSeriesObservation']","{'ZeroPhase': '2458517.9994', 'Period': '3.93086 Days', 'PhaseStart': '0.969631', 'PhaseEnd': '0.980249'}",[],3.93086,0.97494,0.06126733929301306
GTO,1201,Lafreniere,1,301,1,Failed - Archived,transit,L 98-59,L-98-59,c,08:18:7.8865,-68:18:52.08,NIRISS,SOSS,None,CLEAR,SUBSTRIP96,NISRAPID,4,1229,5.44,2023-12-29 20:49:57,2023-12-29 22:20:14,,12,L98-59 : transit c,"['OrientRange', 'PeriodZeroPhase', 'TimeSeriesObservation']","{'ZeroPhase': '2458367.2755', 'Period': '3.69062197 Days', 'PhaseStart': '0.969049', 'PhaseEnd': '0.980357'}",[],3.6906219700000005,0.9747030000000001,0.06141692877492588
GTO,1201,Lafreniere,1,302,1,Archived,transit,L 98-59,L-98-59,c,08:18:7.8865,-68:18:52.08,NIRISS,SOSS,None,CLEAR,SUBSTRIP96,NISRAPID,4,1229,5.44,2025-03-02 00:14:06,2025-03-02 05:36:16,,12,L98-59 : transit c,"['OrientRange', 'PeriodZeroPhase', 'TimeSeriesObservation']","{'ZeroPhase': '2458367.27375', 'Period': '3.6906777 Days', 'PhaseStart': '0.969049', 'PhaseEnd': '0.980358'}",[],3.6906776999999997,0.9747035,0.061416001366542156
GTO,1201,Lafreniere,1,311,1,Archived,transit,L 98-59,L-98-59,d,08:18:7.8865,-68:18:52.08,NIRISS,SOSS,None,CLEAR,SUBSTRIP96,NISRAPID,4,1101,4.99,2022-12-28 16:32:38,2022-12-28 20:55:44,,12,L98-59 : transit d,"['OrientRange', 'PeriodZeroPhase', 'TimeSeriesObservation']","{'ZeroPhase': '2458362.7375', 'Period': '7.45085656 Days', 'PhaseStart': '0.985956', 'PhaseEnd': '0.991558'}",[],7.45085656,0.9887570000000001,0.027905069033655732
GTO,1201,Lafreniere,1,401,1,Archived,transit,LP 791-18,LP-791-18,c,11:02:45.7162,-16:24:23.20,NIRSPEC,BOTS,PRISM,CLEAR,SUB512,NRSRAPID,6,8175,5.22,2023-06-17 16:21:45,2023-06-17 21:15:16,,12,LP 791-18 : transit,"['PeriodZeroPhase', 'TimeSeriesObservation']","{'ZeroPhase': '2458771.055182', 'Period': '4.9899093 Days', 'PhaseStart': '0.977823', 'PhaseEnd': '0.986187'}",[],4.9899093,0.982005,0.043587966618952374
GTO,1201,Lafreniere,1,501,1,Archived,transit,WASP-52,WASP-52,b,23:13:58.7504,+08:45:39.89,NIRISS,SOSS,None,CLEAR,SUBSTRIP256,NISRAPID,10,265,6.12,2022-11-27 05:44:19,2022-11-27 11:36:20,,12,WASP-52 repeat : transit,"['OrientRange', 'PeriodZeroPhase', 'TimeSeriesObservation']","{'ZeroPhase': '2455793.68143', 'Period': '1.7497798 Days', 'PhaseStart': '0.929088', 'PhaseEnd': '0.952940'}",[],1.7497798,0.941014,0.14573262304205364
GTO,1224,Birkmann,1,1,1,Archived,transit,L 98-59,L98-59,d,08:18:7.8951,-68:18:52.25,NIRSPEC,BOTS,G395H,F290LP,SUB2048,NRSRAPID,6,2121,5.34,2023-06-25 12:48:03,2023-06-25 17:43:16,,12, : l98-59d - transit,"['PeriodZeroPhase', 'TimeSeriesObservation']","{'ZeroPhase': '2458362.7375', 'Period': '7.45086 Days', 'PhaseStart': '0.986774457', 'PhaseEnd': '0.992366653'}",[],7.4508600000000005,0.989570555,0.029862324617560925
GTO,1224,Birkmann,1,2,1,Archived,phase curve,WASP-43,WASP-43,b,10:19:37.9634,-09:48:23.21,NIRSPEC,BOTS,G395H,F290LP,SUB2048,NRSRAPID,20,4498,28.57,2023-05-14 09:03:30,2023-05-15 10:04:44,,12, : wasp-43b - phase curve,"['PeriodZeroPhase', 'TimeSeriesObservation']","{'ZeroPhase': '2455934.792', 'Period': '1.626947956 Days', 'PhaseStart': '0.183935604', 'PhaseEnd': '0.209545930'}",[],0.813473978,0.39348153399999997,1.4633739970311217
GTO,1224,Birkmann,1,3,1,Archived,transit,WASP-107,WASP-107,b,12:33:32.7394,-10:08:46.38,NIRSPEC,BOTS,G395H,F290LP,SUB2048,NRSRAPID,20,1230,8.59,2023-06-23 05:47:09,2023-06-23 13:11:34,,12, : wasp-107b - transit,"['PeriodZeroPhase', 'TimeSeriesObservation']","{'ZeroPhase': '2457584.329746', 'Period': '5.72149242 Days', 'PhaseStart': '0.969132180', 'PhaseEnd': '0.976414662'}",[],5.72149242,0.9727734210000001,0.06255652203881915
GTO,1224,Birkmann,1,4,1,Archived,eclipse,WASP-52,WASP-52,b,23:13:58.7501,+08:45:39.86,NIRSPEC,BOTS,PRISM,CLEAR,SUB512S,NRSRAPID,3,29096,6.59,2023-06-10 08:41:17,2023-06-10 14:34:08,,12, : wasp-52b - eclipse,"['PeriodZeroPhase', 'TimeSeriesObservation']","{'ZeroPhase': '2456673.821', 'Period': '1.7497828 Days', 'PhaseStart': '0.430829510', 'PhaseEnd': '0.454641989'}",[],1.7497828,0.44273574950000005,0.1569242384445277
GTO,1274,Lunine,1,1,1,Archived,eclipse,HD 189733,HD189733,b,20:00:43.7128,+22:42:39.07,NIRCAM,GRISMR TS,"CLEAR,GRISMR","WLP4,F322W2",SUBGRISM64,BRIGHT2,2,11752,7.44,2022-08-26 09:44:57,2022-08-26 16:35:39,,12, : hd189_f322w2,"['OrientRange', 'PeriodZeroPhase', 'TimeSeriesObservation']","{'ZeroPhase': '2454279.436714', 'Period': '2.21857567 Days', 'PhaseStart': '0.43122', 'PhaseEnd': '0.45003'}",[],2.21857567,0.440625,0.13972928856647923
GTO,1274,Lunine,1,2,1,Archived,transit,HD 209458,HD209458,b,22:03:10.7728,+18:53:3.55,NIRCAM,GRISMR TS,"CLEAR,GRISMR","WLP4,F322W2",SUBGRISM64,BRIGHT2,4,9473,10.31,2022-11-09 23:55:18,2022-11-10 08:56:41,,12, : hd209_f322w2,"['PeriodZeroPhase', 'TimeSeriesObservation']","{'ZeroPhase': '2455216.405640', 'Period': '3.5247455 Days', 'PhaseStart': '0.94042123', 'PhaseEnd': '0.95224242'}",[],3.5247455000000003,0.946331825,0.12187641159718718
GTO,1274,Lunine,1,3,1,Archived,transit,HD 209458,HD209458,b,22:03:10.7728,+18:53:3.55,NIRCAM,GRISMR TS,"CLEAR,GRISMR","WLP4,F444W",SUBGRISM64,BRIGHT1,6,7107,10.3,2022-11-06 11:08:00,2022-11-06 20:25:29,,12, : hd209_f444w,"['PeriodZeroPhase', 'TimeSeriesObservation']","{'ZeroPhase': '2455216.405640', 'Period': '3.5247455 Days', 'PhaseStart': '0.94042123', 'PhaseEnd': '0.95224242'}",[],3.5247455000000003,0.946331825,0.12175819975276701
GTO,1274,Lunine,1,4,1,Archived,eclipse,HD 149026,HD149026,b,16:30:29.6185,+38:20:50.31,NIRCAM,GRISMR TS,"CLEAR,GRISMR","WLP4,F322W2",SUBGRISM64,BRIGHT2,5,7935,10.53,2022-07-14 23:39:18,2022-07-15 09:12:16,,12, : hd149_f322w2,"['PeriodZeroPhase', 'TimeSeriesObservation']","{'ZeroPhase': '2454599.144396', 'Period': '2.8758916 Days', 'PhaseStart': '0.92560278', 'PhaseEnd': '0.94009104'}",[],2.8758916,0.93284691,0.15256138305073808
GTO,1274,Lunine,1,5,1,Archived,eclipse,HD 149026,HD149026,b,16:30:29.6185,+38:20:50.31,NIRCAM,GRISMR TS,"CLEAR,GRISMR","WLP4,F444W",SUBGRISM64,BRIGHT2,9,4597,10.53,2022-08-04 02:49:38,2022-08-04 12:22:50,,12, : hd149_f444w,"['PeriodZeroPhase', 'TimeSeriesObservation']","{'ZeroPhase': '2454599.144396', 'Period': '2.8758916 Days', 'PhaseStart': '0.92560278', 'PhaseEnd': '0.94009104'}",[],2.8758916,0.93284691,0.15256138305073808
GTO,1274,Lunine,1,9,1,Archived,eclipse,WASP-19,WASP-19,b,09:53:40.0241,-45:39:32.79,NIRSPEC,BOTS,PRISM,CLEAR,SUB512,NRSRAPID,4,18231,7.78,2023-02-18 04:52:38,2023-02-18 11:58:59,,12, : w19_prism,"['PeriodZeroPhase', 'TimeSeriesObservation']","{'ZeroPhase': '2455708.534626', 'Period': '0.788838989 Days', 'PhaseStart': '0.313', 'PhaseEnd': '0.366'}",[],0.788838989,0.3395,0.4109414863958589
GTO,1274,Lunine,1,10,1,Archived,eclipse,WASP-77 A,WASP-77A,b,02:28:37.2266,-07:03:38.37,NIRSPEC,BOTS,G395H,F290LP,SUB2048,NRSRAPID,17,1419,8.47,2022-08-24 21:01:29,2022-08-25 04:37:08,,12, : w77_g395,"['PeriodZeroPhase', 'TimeSeriesObservation']","{'ZeroPhase': '2455870.45054', 'Period': '1.3600309 Days', 'PhaseStart': '0.383', 'PhaseEnd': '0.413'}",[],1.3600309,0.398,0.25949165321660467
GTO,1274,Lunine,1,12,1,Archived,eclipse,GJ 1132,GJ1132,b,10:14:50.1767,-47:09:17.77,MIRI,LRS,None,None,SLITLESSPRISM,FASTR1,28,3594,6.42,2023-07-01 12:50:50,2023-07-01 18:46:33,,12,GJ1132_MIRI : eclipse,"['NoParallelAttachments', 'PeriodZeroPhase', 'TimeSeriesObservation']","{'ZeroPhase': '2457184.55747', 'Period': '1.6289299 Days', 'PhaseStart': '0.41799370', 'PhaseEnd': '0.44357294'}",[],1.6289298999999997,0.43078332,0.16421823922564135
GTO,1279,Lagage,1,1,1,Skipped,eclipse,TRAPPIST-1,TRAPPIST-1B,b,23:06:29.3600,-05:02:29.20,MIRI,Imaging TS,None,F1280W,FULL,FASTR1,17,280,5.25,,,,12,MIRIM TRAPPIST-1b : trappist-1 b eclipse1,"['NoParallelAttachments', 'Offset', 'OrientRange', 'PeriodZeroPhase', 'TimeSeriesObservation']","{'ZeroPhase': '2457322.51736', 'Period': '1.51087081 Days', 'PhaseStart': '0.42659', 'PhaseEnd': '0.45419'}",[],1.51087081,0.44039,0.14478405337647632
GTO,1279,Lagage,1,6,1,Archived,eclipse,TRAPPIST-1,TRAPPIST-1B,b,23:06:29.3600,-05:02:29.20,MIRI,Imaging TS,None,F1280W,FULL,FASTR1,17,280,5.25,2022-11-21 16:39:04,2022-11-21 21:46:11,,12,MIRIM TRAPPIST-1b : repeat visit 1.1,"['NoParallelAttachments', 'Offset', 'OrientRange', 'PeriodZeroPhase', 'TimeSeriesObservation']","{'ZeroPhase': '2457322.51736', 'Period': '1.51087081 Days', 'PhaseStart': '0.42659', 'PhaseEnd': '0.45419'}",[],1.51087081,0.44039,0.14478405337647632
GTO,1279,Lagage,1,2,1,Archived,eclipse,TRAPPIST-1,TRAPPIST-1B,b,23:06:29.3600,-05:02:29.20,MIRI,Imaging TS,None,F1280W,FULL,FASTR1,15,315,5.35,2023-07-15 10:31:13,2023-07-15 15:02:53,,12,MIRIM TRAPPIST-1b : trappist-1 b eclipse1,"['NoParallelAttachments', 'PeriodZeroPhase', 'TimeSeriesObservation']","{'ZeroPhase': '2459785.2533425996', 'Period': '1.5108794 Days', 'PhaseStart': '0.42659', 'PhaseEnd': '0.45419'}",[],1.5108794,0.44039,0.1475410060304394
GTO,1279,Lagage,1,3,1,Archived,eclipse,TRAPPIST-1,TRAPPIST-1B,b,23:06:29.3600,-05:02:29.20,MIRI,Imaging TS,None,F1280W,FULL,FASTR1,15,315,5.35,2023-07-22 23:02:40,2023-07-23 04:03:14,,12,MIRIM TRAPPIST-1b : trappist-1 b eclipse1,"['NoParallelAttachments', 'PeriodZeroPhase', 'TimeSeriesObservation']","{'ZeroPhase': '2459785.2533425996', 'Period': '1.5108794 Days', 'PhaseStart': '0.42659', 'PhaseEnd': '0.45419'}",[],1.5108794,0.44039,0.1475410060304394
GTO,1279,Lagage,1,4,1,Archived,eclipse,TRAPPIST-1,TRAPPIST-1B,b,23:06:29.3600,-05:02:29.20,MIRI,Imaging TS,None,F1280W,FULL,FASTR1,15,315,5.35,2023-07-06 08:13:36,2023-07-06 13:12:41,,12,MIRIM TRAPPIST-1b : trappist-1 b eclipse1,"['NoParallelAttachments', 'PeriodZeroPhase', 'TimeSeriesObservation']","{'ZeroPhase': '2459785.2533425996', 'Period': '1.5108794 Days', 'PhaseStart': '0.42659', 'PhaseEnd': '0.45419'}",[],1.5108794,0.44039,0.1475410060304394
GTO,1279,Lagage,1,5,1,Archived,eclipse,TRAPPIST-1,TRAPPIST-1B,b,23:06:29.3600,-05:02:29.20,MIRI,Imaging TS,None,F1280W,FULL,FASTR1,15,315,5.35,2023-07-07 20:27:41,2023-07-08 01:28:53,,12,MIRIM TRAPPIST-1b : trappist-1 b eclipse1,"['NoParallelAttachments', 'PeriodZeroPhase', 'TimeSeriesObservation']","{'ZeroPhase': '2459785.2533425996', 'Period': '1.5108794 Days', 'PhaseStart': '0.42659', 'PhaseEnd': '0.45419'}",[],1.5108794,0.44039,0.1475410060304394
GTO,1280,Lagage,1,1,1,Archived,transit,WASP-107,WASP-107,b,12:33:32.8480,-10:08:46.14,MIRI,LRS,None,None,SLITLESSPRISM,FASTR1,40,4546,10.65,2023-01-19 17:06:22,2023-01-20 02:40:30,,12, : wasp-107 b transit lrs,"['NoParallelAttachments', 'OrientRange', 'PeriodZeroPhase', 'TimeSeriesObservation']","{'ZeroPhase': '2457584.329746', 'Period': '5.72149242 Days', 'PhaseStart': '0.96413', 'PhaseEnd': '0.97142'}",[],5.72149242,0.967775,0.07755843535662676
GTO,1281,Lagage,1,1,1,Archived,transit,HAT-P-12,HAT-P-12,b,13:57:33.2749,+43:29:35.92,MIRI,LRS,None,None,SLITLESSPRISM,FASTR1,150,930,8.29,2023-06-07 09:21:53,2023-06-07 16:54:11,,12,Transiting : hat-p-12 b miri,"['NoParallelAttachments', 'PeriodZeroPhase', 'TimeSeriesObservation']","{'ZeroPhase': '2456032.151332', 'Period': '3.21305756 Days', 'PhaseStart': '0.9524', 'PhaseEnd': '0.9655'}",[],3.21305756,0.95895,0.10750403944418183
GTO,1281,Lagage,1,2,1,Archived,transit,HAT-P-12,HAT-P-12,b,13:57:33.2749,+43:29:35.92,NIRSPEC,BOTS,G395M,F290LP,SUB2048,NRSRAPID,30,816,8.34,2023-02-11 17:18:13,2023-02-12 00:54:20,,12,Transiting : hat-p-12 b nirspec long,"['PeriodZeroPhase', 'TimeSeriesObservation']","{'ZeroPhase': '2456032.151332', 'Period': '3.21305756 Days', 'PhaseStart': '0.9524', 'PhaseEnd': '0.9655'}",[],3.21305756,0.95895,0.1081524353395026
GTO,1281,Lagage,1,3,1,Archived,transit,HAT-P-12,HAT-P-12,b,13:57:33.2749,+43:29:35.92,NIRISS,SOSS,None,CLEAR,SUBSTRIP256,NISRAPID,15,254,8.25,2023-06-20 05:47:48,2023-06-20 13:18:29,,12,Transiting : hat-p_12 b niriss,"['OrientRange', 'PeriodZeroPhase', 'TimeSeriesObservation']","{'ZeroPhase': '2456032.151332', 'Period': '3.21305756 Days', 'PhaseStart': '0.9524', 'PhaseEnd': '0.9655'}",[],3.21305756,0.95895,0.10698532272792523
GTO,1312,Lewis,1,1,1,Archived,transit,HAT-P-26,HAT-P-26,b,14:12:37.5735,+04:03:33.83,NIRISS,SOSS,None,CLEAR,SUBSTRIP256,NISRAPID,7,483,8.07,2023-07-02 01:15:06,2023-07-02 08:37:01,,12,HAT-P-26b : soss transit,"['OrientRange', 'PeriodZeroPhase', 'TimeSeriesObservation']","{'ZeroPhase': '2459670.42417', 'Period': '4.2345026 Days', 'PhaseStart': '0.96605445', 'PhaseEnd': '0.97589425'}",[],4.2345026,0.97097435,0.07940720121414023
GTO,1312,Lewis,1,3,1,Archived,transit,HAT-P-26,HAT-P-26,b,14:12:37.5735,+04:03:33.83,NIRSPEC,BOTS,G395H,F290LP,SUB2048,NRSRAPID,48,481,7.93,2023-06-15 02:47:56,2023-06-15 10:05:27,,12,HAT-P-26b : g395h transit,"['PeriodZeroPhase', 'TimeSeriesObservation']","{'ZeroPhase': '2459670.42417', 'Period': '4.234502600 Days', 'PhaseStart': '0.96601293', 'PhaseEnd': '0.97585273'}",[],4.2345026,0.97093283,0.07802962895020224
GTO,1312,Lewis,1,4,1,Skipped,eclipse,HAT-P-26,HAT-P-26,b,14:12:37.5735,+04:03:33.83,NIRSPEC,BOTS,G395H,F290LP,SUB2048,NRSRAPID,48,563,9.1,,,,12,HAT-P-26b : g395h eclipse,"['PeriodZeroPhase', 'TimeSeriesObservation']","{'ZeroPhase': '2459670.42417', 'Period': '4.234502600 Days', 'PhaseStart': '0.46105761', 'PhaseEnd': '0.47089741'}",[],4.2345026,0.46597751,0.08954219715596978
GTO,1312,Lewis,1,104,1,Archived,eclipse,HAT-P-26,HAT-P-26,b,14:12:37.5735,+04:03:33.83,NIRSPEC,BOTS,G395H,F290LP,SUB2048,NRSRAPID,48,563,9.1,2023-07-25 09:00:04,2023-07-25 16:55:11,,12,HAT-P-26b : g395h eclipse,"['PeriodZeroPhase', 'TimeSeriesObservation']","{'ZeroPhase': '2459670.42417', 'Period': '4.234502600 Days', 'PhaseStart': '0.46105761', 'PhaseEnd': '0.47089741'}",[],4.2345026,0.46597751,0.08954219715596978
GTO,1312,Lewis,1,6,1,Archived,eclipse,HAT-P-26,HAT-P-26,b,14:12:37.5735,+04:03:33.83,MIRI,LRS,None,None,SLITLESSPRISM,FASTR1,115,1414,9.5,2023-06-17 04:59:34,2023-06-17 13:28:28,,12,HAT-P-26b : lrs eclipse,"['NoParallelAttachments', 'OrientRange', 'PeriodZeroPhase', 'TimeSeriesObservation']","{'ZeroPhase': '2459670.42417', 'Period': '4.234502600 Days', 'PhaseStart': '0.45942965', 'PhaseEnd': '0.46926945'}",[],4.2345026,0.46434955,0.09347811791007835
GTO,1331,Lewis,1,1,1,Archived,transit,TRAPPIST-1,TRAPPIST-1,e,23:06:30.3652,-05:02:36.70,NIRSPEC,BOTS,PRISM,CLEAR,SUB512,NRSRAPID,5,10497,5.65,2023-06-28 22:00:15,2023-06-29 03:04:34,,12,TRAPPIST-1e : prism transit 1,"['Between', 'PeriodZeroPhase', 'TimeSeriesObservation']","{'ZeroPhase': '2459856.16714253', 'Period': '6.09964055227565 Days', 'PhaseStart': '0.9828665261', 'PhaseEnd': '0.9896975297'}","[{'After': '21-NOV-2021:00:00:00', 'Before': '16-JUL-2023:00:00:00'}, {'After': '18-JUL-2023:00:00:00', 'Before': '05-NOV-2023:00:00:00'}]",6.09964055227565,0.9862820279,0.03859517042833575
GTO,1331,Lewis,1,2,1,Archived,transit,TRAPPIST-1,TRAPPIST-1,e,23:06:30.3652,-05:02:36.70,NIRSPEC,BOTS,PRISM,CLEAR,SUB512,NRSRAPID,5,10497,5.65,2023-10-28 21:53:04,2023-10-29 02:39:50,,12,TRAPPIST-1e : prism transit 2,"['Between', 'PeriodZeroPhase', 'TimeSeriesObservation']","{'ZeroPhase': '2459856.16714253', 'Period': '6.09964055227565 Days', 'PhaseStart': '0.9828665261', 'PhaseEnd': '0.9896975297'}","[{'After': '21-NOV-2021:00:00:00', 'Before': '16-JUL-2023:00:00:00'}, {'After': '18-JUL-2023:00:00:00', 'Before': '05-NOV-2023:00:00:00'}]",6.09964055227565,0.9862820279,0.03859517042833575
GTO,1331,Lewis,1,3,1,Archived,transit,TRAPPIST-1,TRAPPIST-1,e,23:06:30.3652,-05:02:36.70,NIRSPEC,BOTS,PRISM,CLEAR,SUB512,NRSRAPID,5,10497,5.65,2023-06-22 19:07:45,2023-06-23 00:35:02,,12,TRAPPIST-1e : prism transit 3,"['Between', 'PeriodZeroPhase', 'TimeSeriesObservation']","{'ZeroPhase': '2459856.16714253', 'Period': '6.09964055227565 Days', 'PhaseStart': '0.9828665261', 'PhaseEnd': '0.9896975297'}","[{'After': '21-NOV-2021:00:00:00', 'Before': '16-JUL-2023:00:00:00'}, {'After': '18-JUL-2023:00:00:00', 'Before': '05-NOV-2023:00:00:00'}]",6.09964055227565,0.9862820279,0.03859517042833575
GTO,1331,Lewis,1,4,1,Skipped,transit,TRAPPIST-1,TRAPPIST-1,e,23:06:30.3652,-05:02:36.70,NIRSPEC,BOTS,PRISM,CLEAR,SUB512,NRSRAPID,5,10497,5.65,,,,12,TRAPPIST-1e : prism transit 4,"['Between', 'PeriodZeroPhase', 'TimeSeriesObservation']","{'ZeroPhase': '2459856.16714253', 'Period': '6.09964055227565 Days', 'PhaseStart': '0.9828665261', 'PhaseEnd': '0.9896975297'}","[{'After': '21-NOV-2021:00:00:00', 'Before': '16-JUL-2023:00:00:00'}, {'After': '18-JUL-2023:00:00:00', 'Before': '05-NOV-2023:00:00:00'}]",6.09964055227565,0.9862820279,0.03859517042833575
GTO,1331,Lewis,1,104,1,Archived,transit,TRAPPIST-1,TRAPPIST-1,e,23:06:30.3652,-05:02:36.70,NIRSPEC,BOTS,PRISM,CLEAR,SUB512,NRSRAPID,5,10497,5.65,2023-07-23 07:32:28,2023-07-23 12:22:22,,12,TRAPPIST-1e : prism transit 4,"['Between', 'PeriodZeroPhase', 'TimeSeriesObservation']","{'ZeroPhase': '2459856.16714253', 'Period': '6.09964055227565 Days', 'PhaseStart': '0.9828665261', 'PhaseEnd': '0.9896975297'}","[{'After': '21-NOV-2021:00:00:00', 'Before': '16-JUL-2023:00:00:00'}, {'After': '18-JUL-2023:00:00:00', 'Before': '05-NOV-2023:00:00:00'}]",6.09964055227565,0.9862820279,0.03859517042833575
GTO,1353,Lewis,1,1,1,Failed - Archived,transit,WASP-17,WASP-17,b,15:59:50.9395,-28:03:42.46,NIRISS,SOSS,None,CLEAR,SUBSTRIP256,NISRAPID,8,720,12.72,2023-02-18 12:35:38,2023-02-18 23:57:35,,12,WASP-17b : soss transit,"['OrientRange', 'PeriodZeroPhase', 'TimeSeriesObservation']","{'ZeroPhase': '2459359.28138246', 'Period': '3.73548546 Days', 'PhaseStart': '0.936562637', 'PhaseEnd': '0.947716922'}",[],3.73548546,0.9421397794999999,0.1418824957760644
GTO,1353,Lewis,1,101,1,Archived,transit,WASP-17,WASP-17,b,15:59:50.9395,-28:03:42.46,NIRISS,SOSS,None,CLEAR,SUBSTRIP256,NISRAPID,8,720,12.72,2023-03-20 09:44:14,2023-03-20 21:06:25,,12,WASP-17b : soss transit repeat,"['OrientRange', 'PeriodZeroPhase', 'TimeSeriesObservation']","{'ZeroPhase': '2459359.28138246', 'Period': '3.73548546 Days', 'PhaseStart': '0.936562637', 'PhaseEnd': '0.947716922'}",[],3.73548546,0.9421397794999999,0.1418824957760644
GTO,1353,Lewis,1,2,1,Archived,eclipse,WASP-17,WASP-17,b,15:59:50.9395,-28:03:42.46,NIRISS,SOSS,None,CLEAR,SUBSTRIP256,NISRAPID,8,720,12.72,2023-03-22 06:33:33,2023-03-22 17:57:41,,12,WASP-17b : soss eclipse,"['OrientRange', 'PeriodZeroPhase', 'TimeSeriesObservation']","{'ZeroPhase': '2459359.28138246', 'Period': '3.73548546 Days', 'PhaseStart': '0.4365626373', 'PhaseEnd': '0.4477169216'}",[],3.73548546,0.44213977945,0.1418824957760644
GTO,1353,Lewis,1,3,1,Archived,transit,WASP-17,WASP-17,b,15:59:50.9395,-28:03:42.46,NIRSPEC,BOTS,G395H,F290LP,SUB2048,NRSRAPID,66,587,12.42,2023-03-31 14:45:54,2023-04-01 01:52:14,,12,WASP-17b : g395h transit,"['PeriodZeroPhase', 'TimeSeriesObservation']","{'ZeroPhase': '2459359.28138246', 'Period': '3.73548546 Days', 'PhaseStart': '0.936562637', 'PhaseEnd': '0.947716922'}",[],3.73548546,0.9421397794999999,0.13853621049832704
GTO,1353,Lewis,1,4,1,Archived,eclipse,WASP-17,WASP-17,b,15:59:50.9395,-28:03:42.46,NIRSPEC,BOTS,G395H,F290LP,SUB2048,NRSRAPID,66,587,12.42,2023-04-02 11:35:14,2023-04-02 22:41:33,,12,WASP-17b : g395h eclipse,"['PeriodZeroPhase', 'TimeSeriesObservation']","{'ZeroPhase': '2459359.28138246', 'Period': '3.73548546 Days', 'PhaseStart': '0.4365626373', 'PhaseEnd': '0.4477169216'}",[],3.73548546,0.44213977945,0.13853621049832704
GTO,1353,Lewis,1,5,1,Archived,transit,WASP-17,WASP-17,b,15:59:50.9395,-28:03:42.46,MIRI,LRS,None,None,SLITLESSPRISM,FASTR1,175,638,12.61,2023-03-12 22:29:28,2023-03-13 09:45:26,,12,WASP-17b : lrs transit,"['NoParallelAttachments', 'OrientRange', 'PeriodZeroPhase', 'TimeSeriesObservation']","{'ZeroPhase': '2459359.28138246', 'Period': '3.73548546 Days', 'PhaseStart': '0.936562637', 'PhaseEnd': '0.947716922'}",[],3.73548546,0.9421397794999999,0.14065552450756072
GTO,1353,Lewis,1,6,1,Archived,eclipse,WASP-17,WASP-17,b,15:59:50.9395,-28:03:42.46,MIRI,LRS,None,None,SLITLESSPRISM,FASTR1,175,638,12.61,2023-03-14 19:18:44,2023-03-15 06:34:42,,12,WASP-17b : lrs eclipse,"['NoParallelAttachments', 'OrientRange', 'PeriodZeroPhase', 'TimeSeriesObservation']","{'ZeroPhase': '2459359.28138246', 'Period': '3.73548546 Days', 'PhaseStart': '0.4365626373', 'PhaseEnd': '0.4477169216'}",[],3.73548546,0.44213977945,0.14065552450756072
ERS,1366,Meech,1,1,1,Archived,transit,WASP-39,WASP-39,b,14:29:18.3955,-03:26:40.20,NIRISS,SOSS,None,CLEAR,SUBSTRIP256,NISRAPID,9,537,10.67,2022-07-26 19:48:02,2022-07-27 05:08:51,,0,Transmission - WASP-39b : niriss soss,"['OrientRange', 'PeriodZeroPhase', 'TimeSeriesObservation']","{'ZeroPhase': '2457792.356338', 'Period': '4.05527999 Days', 'PhaseStart': '0.95248', 'PhaseEnd': '0.96275'}",[],4.05527999,0.957615,0.10963073682449566
ERS,1366,Meech,1,2,1,Archived,transit,WASP-39,WASP-39,b,14:29:18.3955,-03:26:40.20,NIRCAM,GRISMR TS,"WLP8,GRISMR","F210M,F322W2",SUBGRISM256,SHALLOW4,12,366,10.45,2022-07-22 18:10:36,2022-07-23 03:39:36,,0,Transmission - WASP-39b : nircam f322w2,"['OrientRange', 'PeriodZeroPhase', 'TimeSeriesObservation']","{'ZeroPhase': '2457792.356338', 'Period': '4.05527999 Days', 'PhaseStart': '0.95248', 'PhaseEnd': '0.96275'}",[],4.05527999,0.957615,0.10737030926110398
ERS,1366,Meech,1,3,1,Archived,transit,WASP-39,WASP-39,b,14:29:18.3955,-03:26:40.20,NIRSPEC,BOTS,G395H,F290LP,SUB2048,NRSRAPID,70,465,10.56,2022-07-30 20:46:32,2022-07-31 06:21:30,,0,Transmission - WASP-39b : nirspec g395h,"['OrientRange', 'PeriodZeroPhase', 'TimeSeriesObservation']","{'ZeroPhase': '2457792.356338', 'Period': '4.05527999 Days', 'PhaseStart': '0.95248', 'PhaseEnd': '0.96275'}",[],4.05527999,0.957615,0.10850052304279982
ERS,1366,Meech,1,4,1,Archived,transit,WASP-39,WASP-39,b,14:29:18.3955,-03:26:40.20,NIRSPEC,BOTS,PRISM,CLEAR,SUB512,NRSRAPID,5,21500,10.52,2022-07-10 14:05:46,2022-07-10 23:38:37,,0,Transmission - WASP-39b : nirspec prism,"['OrientRange', 'PeriodZeroPhase', 'TimeSeriesObservation']","{'ZeroPhase': '2457792.356338', 'Period': '4.05527999 Days', 'PhaseStart': '0.95248', 'PhaseEnd': '0.96275'}",[],4.05527999,0.957615,0.10808953621309225
ERS,1366,Meech,1,11,1,Archived,phase curve,WASP-43,WASP-43,b,10:19:37.9649,-09:48:23.19,MIRI,LRS,None,None,SLITLESSPRISM,FASTR1,64,3072,31.82,2022-11-30 23:36:01,2022-12-02 03:25:16,,0,Phase Curve - WASP-43b : miri lrs phase curve,"['Before', 'NoParallelAttachments', 'OrientRange', 'PeriodZeroPhase', 'TimeSeriesObservation']","{'ZeroPhase': '2456047.051715', 'Period': '1.62694828 Days', 'PhaseStart': '0.13912', 'PhaseEnd': '0.16473'}",[],0.81347414,0.30384999999999995,1.629840787973092
ERS,1366,Meech,1,21,1,Archived,eclipse,WASP-18,WASP-18,b,01:37:25.0708,-45:40:40.06,NIRISS,SOSS,None,CLEAR,SUBSTRIP96,NISRAPID,3,2720,8.81,2022-08-11 03:53:43,2022-08-11 11:58:50,,0,Bright Object - WASP-18b : niriss soss eclipse,"['OrientRange', 'PeriodZeroPhase', 'TimeSeriesObservation']","{'ZeroPhase': '2455562.110070', 'Period': '0.941452540 Days', 'PhaseStart': '0.32450', 'PhaseEnd': '0.36875'}",[],0.94145254,0.346625,0.3899116713130683
COM,1442,Schlawin,0,1,1,Archived,transit,HAT-P-14,HAT-P-14,b,17:20:27.8813,+38:14:31.81,NIRCAM,GRISMR TS,"WLP8,GRISMR","F210M,F322W2",SUBGRISM128,BRIGHT2,20,780,6.8,2022-05-02 05:46:15,2022-05-02 12:44:23,,12, : car nircam-33: time series stability verification,"['OrientRange', 'PeriodZeroPhase', 'TimeSeriesObservation']","{'ZeroPhase': '2455421.35484', 'Period': '4.6276623 Days', 'PhaseStart': '0.9645358', 'PhaseEnd': '0.973540'}",[],4.6276623,0.9690379,0.061226017579833626
COM,1442,Schlawin,0,2,1,Withdrawn,transit,WASP-18,WASP-18,b,01:37:25.0709,-45:40:40.06,NIRCAM,GRISMR TS,"WLP8,GRISMR","F210M,F322W2",SUBGRISM128,BRIGHT2,11,1390,6.8,,,,12, : nrc-33 secondary target,"['OnHold', 'OrientRange', 'PeriodZeroPhase', 'TimeSeriesObservation']","{'ZeroPhase': '2458375.169883', 'Period': '0.9414526 Days', 'PhaseStart': '0.8276740322', 'PhaseEnd': '0.8719318982334345'}",[],0.9414526,0.8498029652167173,0.3009533707096176
COM,1541,Espinoza,0,1,1,Archived,transit,HAT-P-14,HAT-P-14,b,17:20:27.8812,+38:14:31.81,NIRISS,SOSS,None,CLEAR,SUBSTRIP256,NISRAPID,6,572,7.07,2022-06-08 05:44:06,2022-06-08 13:24:53,,12, : hat-p-14 transit (primary target),"['OrientRange', 'PeriodZeroPhase', 'TimeSeriesObservation']","{'ZeroPhase': '2459030.9299226585', 'Period': '4.62767 Days', 'PhaseStart': '0.9645357887086446', 'PhaseEnd': '0.973539599841821'}",[],4.62767,0.9690376942752328,0.0636569447115575
COM,1541,Espinoza,0,2,1,Withdrawn,transit,WASP-18,WASP-18,b,01:37:25.0708,-45:40:40.06,NIRISS,SOSS,None,CLEAR,SUBSTRIP256,NISRAPID,3,1000,7.05,,,,12, : wasp-18b transit (backup target 1),"['OrientRange', 'PeriodZeroPhase', 'TimeSeriesObservation']","{'ZeroPhase': '2458022.12523', 'Period': '22.5948582 Hours', 'PhaseStart': '0.82763', 'PhaseEnd': '0.87193'}",[],0.941452425,0.84978,0.3120178908668699
COM,1541,Espinoza,0,3,1,Withdrawn,transit,K2-34,K2-34,b,08:30:18.8936,+22:14:9.31,NIRISS,SOSS,None,CLEAR,SUBSTRIP256,NISRAPID,16,236,7.23,,,,12, : k2-34 transit (backup target 2),"['OrientRange', 'PeriodZeroPhase', 'TimeSeriesObservation']","{'ZeroPhase': '2457141.35125', 'Period': '2.995633 Days', 'PhaseStart': '0.9412088641476888', 'PhaseEnd': '0.9551180001021486'}",[],2.995633,0.9481634321249187,0.10056305295074529
COM,1541,Espinoza,0,4,1,Withdrawn,transit,WASP-164,WASP-164,b,22:59:29.6611,-60:26:52.15,NIRISS,SOSS,None,CLEAR,SUBSTRIP256,NISRAPID,30,128,7.38,,,,12, : wasp-164b transit (backup target 3),"['OrientRange', 'PeriodZeroPhase', 'TimeSeriesObservation']","{'ZeroPhase': '2457203.85378', 'Period': '1.7771255 Days', 'PhaseStart': '0.9167231952198461', 'PhaseEnd': '0.9401692977413995'}",[],1.7771255,0.9284462464806228,0.17303223660906336
GO,1633,Deming,1,1,1,Archived,transit,HD 189733,HD-189733,b,20:00:43.7093,+22:42:35.19,MIRI,MRS,SHORT(A),None,FULL,FASTR1,30,257,8.07,2023-04-24 02:44:39,2023-04-24 10:07:14,,12, : miri mrs a transit,"['NoParallelAttachments', 'PeriodZeroPhase', 'TimeSeriesObservation']","{'ZeroPhase': '2453955.525551', 'Period': '2.218575200 Days', 'PhaseStart': '0.92591', 'PhaseEnd': '0.94469'}",[],2.2185752,0.9353,0.15156123623846512
GO,1633,Deming,1,2,1,Archived,transit,HD 189733,HD-189733,b,20:00:43.7093,+22:42:35.19,MIRI,MRS,MEDIUM(B),None,FULL,FASTR1,30,257,8.07,2023-05-31 20:10:52,2023-06-01 03:14:13,,12, : miri mrs transit b,"['NoParallelAttachments', 'PeriodZeroPhase', 'TimeSeriesObservation']","{'ZeroPhase': '2453955.525551', 'Period': '2.2185752 Days', 'PhaseStart': '0.92591', 'PhaseEnd': '0.94469'}",[],2.2185752,0.9353,0.15156123623846512
GO,1633,Deming,1,3,1,Archived,transit,HD 189733,HD-189733,b,20:00:43.7093,+22:42:35.19,MIRI,MRS,LONG(C),None,FULL,FASTR1,30,257,7.98,2022-08-23 01:35:56,2022-08-23 08:56:55,,12, : miri mrs transit c,"['NoParallelAttachments', 'PeriodZeroPhase', 'TimeSeriesObservation']","{'ZeroPhase': '2453955.525551', 'Period': '2.2185752 Days', 'PhaseStart': '0.92591', 'PhaseEnd': '0.94469'}",[],2.2185752,0.9353,0.1498709622283707
GO,1633,Deming,1,4,1,Archived,transit,HD 189733,HD-189733,b,20:00:43.7093,+22:42:35.19,NIRCAM,GRISMR TS,"CLEAR,GRISMR","WLP4,F322W2",SUBGRISM64,BRIGHT1,3,10437,7.81,2022-08-29 17:24:45,2022-08-30 00:37:27,,12, : nircam f322 transit,"['OrientRange', 'PeriodZeroPhase', 'TimeSeriesObservation']","{'ZeroPhase': '2453955.525551', 'Period': '2.2185752 Days', 'PhaseStart': '0.92748', 'PhaseEnd': '0.94626'}",[],2.2185752,0.93687,0.14667822243152573
GO,1633,Deming,1,5,1,Archived,transit,HD 189733,HD-189733,b,20:00:43.7093,+22:42:35.19,NIRCAM,GRISMR TS,"CLEAR,GRISMR","WLP4,F444W",SUBGRISM64,BRIGHT1,4,7877,7.85,2022-08-25 06:56:04,2022-08-25 14:10:33,,12, : inircam f444 transit,"['OrientRange', 'PeriodZeroPhase', 'TimeSeriesObservation']","{'ZeroPhase': '2453955.525551', 'Period': '2.2185752 Days', 'PhaseStart': '0.92779', 'PhaseEnd': '0.94657'}",[],2.2185752,0.93718,0.147429455324901
GO,1729,Mikal-Evans,1,1,1,Archived,phase curve,WASP-121,WASP-121,b,07:10:24.0555,-39:05:50.17,NIRSPEC,BOTS,G395H,F290LP,SUB2048,NRSRAPID,42,3504,44.8,2022-10-14 07:05:00,2022-10-15 22:00:09,,12,WASP-121 NIRSpec-G395H : phase curve,"['PeriodZeroPhase', 'TimeSeriesObservation']","{'ZeroPhase': '2456635.70832', 'Period': '2.549851 Days', 'PhaseStart': '0.18012', 'PhaseEnd': '0.19672'}",[],1.2749255,0.37684,1.4641378391652429
GO,1743,Weiner Mansfield,1,1,1,Archived,eclipse,GJ 486,GL486,b,12:47:55.5675,+09:44:57.91,MIRI,LRS,None,None,SLITLESSPRISM,FASTR1,6,14810,6.4,2023-05-29 04:19:04,2023-05-29 10:13:15,,12,Gl 486b : gl486_visit1,"['NoParallelAttachments', 'PeriodZeroPhase', 'TimeSeriesObservation']","{'ZeroPhase': '2458931.1593', 'Period': '1.46713 Days', 'PhaseStart': '0.414', 'PhaseEnd': '0.456'}",[],1.46713,0.435,0.18176076194111404
GO,1743,Weiner Mansfield,1,2,1,Archived,eclipse,GJ 486,GL486,b,12:47:55.5675,+09:44:57.91,MIRI,LRS,None,None,SLITLESSPRISM,FASTR1,6,14810,6.4,2023-06-01 03:14:16,2023-06-01 08:59:39,,12,Gl 486b : gl486_visit2,"['NoParallelAttachments', 'PeriodZeroPhase', 'TimeSeriesObservation']","{'ZeroPhase': '2458931.1593', 'Period': '1.46713 Days', 'PhaseStart': '0.414', 'PhaseEnd': '0.456'}",[],1.46713,0.435,0.18176076194111404
GO,1803,Bean,1,1,1,Archived,phase curve,GJ 1214,GJ1214,b,17:15:19.5358,+04:57:38.45,MIRI,LRS,None,None,SLITLESSPRISM,FASTR1,42,4320,48.61,2022-07-20 13:58:41,2022-07-22 08:21:50,,12, : phasecurve_1,"['NoParallelAttachments', 'PeriodZeroPhase', 'TimeSeriesObservation']","{'ZeroPhase': '2454966.525129', 'Period': '3.160808660 Days', 'PhaseStart': '0.22142082', 'PhaseEnd': '0.23460310'}",[],1.58040433,0.45602392,1.2815813195517294
GO,1846,Kreidberg,1,1,1,Archived,eclipse,LHS 3844,LHS-3844,b,22:41:59.0890,-69:10:19.59,MIRI,LRS,None,None,SLITLESSPRISM,FASTR1,30,1887,4.08,2023-06-19 02:52:07,2023-06-19 06:06:27,,12,LHS 3844b eclipse,"['NoParallelAttachments', 'PeriodZeroPhase', 'TimeSeriesObservation']","{'ZeroPhase': '2459085.392951', 'Period': '0.462929551 Days', 'PhaseStart': '0.31989683820501846', 'PhaseEnd': '0.40999342239131353'}",[],0.462929551,0.364945130298166,0.36722650267794205
GO,1846,Kreidberg,1,2,1,Failed - Archived,eclipse,LHS 3844,LHS-3844,b,22:41:59.0890,-69:10:19.59,MIRI,LRS,None,None,SLITLESSPRISM,FASTR1,30,1887,4.08,2023-08-18 06:14:33,2023-08-18 07:31:20,,12,LHS 3844b eclipse,"['NoParallelAttachments', 'PeriodZeroPhase', 'TimeSeriesObservation']","{'ZeroPhase': '2459085.392951', 'Period': '0.462929551 Days', 'PhaseStart': '0.31989683820501846', 'PhaseEnd': '0.40999342239131353'}",[],0.462929551,0.364945130298166,0.36722650267794205
GO,1846,Kreidberg,1,102,1,Archived,eclipse,LHS 3844,LHS-3844,b,22:41:59.0890,-69:10:19.59,MIRI,LRS,None,None,SLITLESSPRISM,FASTR1,30,1887,4.08,2023-09-30 08:15:59,2023-09-30 11:55:36,,12,LHS 3844b eclipse,"['NoParallelAttachments', 'PeriodZeroPhase', 'TimeSeriesObservation']","{'ZeroPhase': '2459085.392951', 'Period': '0.462929551 Days', 'PhaseStart': '0.31989683820501846', 'PhaseEnd': '0.40999342239131353'}",[],0.462929551,0.364945130298166,0.36722650267794205
GO,1846,Kreidberg,1,3,1,Archived,eclipse,LHS 3844,LHS-3844,b,22:41:59.0890,-69:10:19.59,MIRI,LRS,None,None,SLITLESSPRISM,FASTR1,30,1887,4.08,2024-05-03 23:04:50,2024-05-04 03:06:08,,12,LHS 3844b eclipse,"['NoParallelAttachments', 'PeriodZeroPhase', 'TimeSeriesObservation']","{'ZeroPhase': '2459085.392951', 'Period': '0.462929551 Days', 'PhaseStart': '0.31989683820501846', 'PhaseEnd': '0.40999342239131353'}",[],0.462929551,0.364945130298166,0.36722650267794205
GO,1935,Kempton,1,1,1,Archived,transit,TOI-421,TOI-421,b,05:27:24.8259,-14:16:37.05,NIRISS,SOSS,None,CLEAR,SUBSTRIP96,NISRAPID,3,1561,5.6,2023-11-06 13:31:05,2023-11-06 18:52:39,,12, : niriss,"['OrientRange', 'PeriodZeroPhase', 'TimeSeriesObservation']","{'ZeroPhase': '2458441.282998', 'Period': '5.197574 Days', 'PhaseStart': '0.97848018', 'PhaseEnd': '0.98657818'}",[],5.197574,0.98252918,0.04489273906121074
GO,1935,Kempton,1,2,1,Archived,transit,TOI-421,TOI-421,b,05:27:24.8259,-14:16:37.05,NIRSPEC,BOTS,G395M,F290LP,SUB2048,NRSRAPID,4,3058,5.53,2023-09-10 10:01:09,2023-09-10 15:06:47,,12, : nirspec,"['PeriodZeroPhase', 'TimeSeriesObservation']","{'ZeroPhase': '2458441.282998', 'Period': '5.197574 Days', 'PhaseStart': '0.97848018', 'PhaseEnd': '0.98657818'}",[],5.197574,0.98252918,0.0443315798229456
GO,1952,Hu,1,1,1,Archived,eclipse,55 Cnc,-RHO01-CNC,e,08:52:35.8113,+28:19:50.96,NIRCAM,GRISMR TS,"CLEAR,GRISMR","WLP4,F444W",SUBGRISM64,RAPID,2,20471,7.7,2022-11-24 10:49:16,2022-11-24 17:26:18,,12, : nircam f444w eclipse,"['PeriodZeroPhase', 'TimeSeriesObservation']","{'ZeroPhase': '2458723.38328', 'Period': '0.73654604 Days', 'PhaseStart': '0.3076', 'PhaseEnd': '0.3642'}",[],0.73654604,0.3359,0.4355916886517146
GO,1952,Hu,1,2,1,Archived,eclipse,55 Cnc,-RHO01-CNC,e,08:52:35.8113,+28:19:50.96,MIRI,LRS,None,None,SLITLESSPRISM,FASTR1,5,22033,7.87,2023-03-24 11:05:18,2023-03-24 18:20:01,,12, : miri lrs eclipse,"['NoParallelAttachments', 'PeriodZeroPhase', 'TimeSeriesObservation']","{'ZeroPhase': '2458723.38328', 'Period': '0.73654604 Days', 'PhaseStart': '0.28497', 'PhaseEnd': '0.34157'}",[],0.73654604,0.31327,0.44520864801155763
GO,1981,Stevenson,1,41,1,Archived,transit,GJ 4102,GJ-4102,b,19:20:57.1076,-82:33:35.24,NIRSPEC,BOTS,G395H,F290LP,SUB2048,NRSRAPID,9,1158,4.4,2022-08-31 17:23:06,2022-08-31 21:43:53,,12,GJ 4102b : visit 1,"['PeriodZeroPhase', 'TimeSeriesObservation']","{'ZeroPhase': '2458626.20653', 'Period': '2.0290882 Days', 'PhaseStart': '0.9548', 'PhaseEnd': '0.9754'}",[],2.0290882,0.9651000000000001,0.09035256985543229
GO,1981,Stevenson,1,42,1,Skipped,transit,GJ 4102,GJ-4102,b,19:20:57.1076,-82:33:35.24,NIRSPEC,BOTS,G395H,F290LP,SUB2048,NRSRAPID,9,1158,4.4,,,,12,GJ 4102b : visit 2,"['PeriodZeroPhase', 'TimeSeriesObservation']","{'ZeroPhase': '2458626.20653', 'Period': '2.0290882 Days', 'PhaseStart': '0.9548', 'PhaseEnd': '0.9754'}",[],2.0290882,0.9651000000000001,0.09035256985543229
GO,1981,Stevenson,1,44,1,Executed,transit,GJ 4102,GJ-4102,b,19:20:57.1076,-82:33:35.24,NIRSPEC,BOTS,G395H,F290LP,SUB2048,NRSRAPID,9,1224,4.53,2022-09-27 03:06:35,2022-09-27 03:47:40,,12,GJ 4102b : visit 4,"['PeriodZeroPhase', 'TimeSeriesObservation']","{'ZeroPhase': '2458626.20653', 'Period': '2.0290882 Days', 'PhaseStart': '0.9599', 'PhaseEnd': '0.9804'}",[],2.0290882,0.9701500000000001,0.09302207760116096
GO,1981,Stevenson,1,45,1,Failed - Archived,transit,GJ 4102 A,GJ-4102A,b,19:20:57.1077,-82:33:35.24,NIRSPEC,BOTS,G395H,F290LP,SUB2048,NRSRAPID,9,1224,4.64,2023-06-21 22:52:54,2023-06-22 00:14:28,,12,GJ 4102b : visit 5,"['PeriodZeroPhase', 'TimeSeriesObservation']","{'ZeroPhase': '2458626.20653', 'Period': '2.0290882 Days', 'PhaseStart': '0.9599', 'PhaseEnd': '0.9804'}",[],2.0290882,0.9701500000000001,0.09528089184754676
GO,1981,Stevenson,1,43,1,Archived,transit,GJ 4102,GJ-4102,b,19:20:57.1076,-82:33:35.24,NIRSPEC,BOTS,G395H,F290LP,SUB2048,NRSRAPID,9,1158,4.4,2022-09-04 18:47:08,2022-09-04 23:04:51,,12,GJ 4102b : visit 3,"['PeriodZeroPhase', 'TimeSeriesObservation']","{'ZeroPhase': '2458626.20653', 'Period': '2.0290882 Days', 'PhaseStart': '0.9548', 'PhaseEnd': '0.9754'}",[],2.0290882,0.9651000000000001,0.09035256985543229
GO,1981,Stevenson,1,11,1,Archived,transit,Wolf 437,WOLF-437,b,12:47:55.5675,+09:44:57.91,NIRSPEC,BOTS,G395H,F290LP,SUB2048,NRSRAPID,3,3507,5.19,2022-12-25 10:17:50,2022-12-25 15:09:48,,12,WOLF 437b : visit 1,"['PeriodZeroPhase', 'TimeSeriesObservation']","{'ZeroPhase': '2459670.58857', 'Period': '1.4671214 Days', 'PhaseStart': '0.9356', 'PhaseEnd': '0.9640'}",[],1.4671214,0.9498,0.14739748189890764
GO,1981,Stevenson,1,12,1,Archived,transit,Wolf 437,WOLF-437,b,12:47:55.5675,+09:44:57.91,NIRSPEC,BOTS,G395H,F290LP,SUB2048,NRSRAPID,3,3507,5.19,2022-12-29 19:55:11,2022-12-30 00:47:10,,12,WOLF 437b : visit 2,"['PeriodZeroPhase', 'TimeSeriesObservation']","{'ZeroPhase': '2459670.58857', 'Period': '1.4671214 Days', 'PhaseStart': '0.9356', 'PhaseEnd': '0.9640'}",[],1.4671214,0.9498,0.14739748189890764
GO,1981,Stevenson,1,21,1,Archived,transit,GJ 1132,GJ-1132,b,10:14:50.1768,-47:09:17.77,NIRSPEC,BOTS,G395H,F290LP,SUB2048,NRSRAPID,14,814,4.62,2023-03-05 11:35:55,2023-03-05 15:58:32,,12,GJ 1132b : visit 1,"['PeriodZeroPhase', 'TimeSeriesObservation']","{'ZeroPhase': '2457184.55759', 'Period': '1.6289287 Days', 'PhaseStart': '0.9480', 'PhaseEnd': '0.9736'}",[],1.6289286999999997,0.9608,0.11817582930425378
GO,1981,Stevenson,1,22,1,Archived,transit,GJ 1132,GJ-1132,b,10:14:50.1768,-47:09:17.77,NIRSPEC,BOTS,G395H,F290LP,SUB2048,NRSRAPID,14,814,4.62,2023-02-25 08:07:53,2023-02-25 12:30:30,,12,GJ 1132b : visit 2,"['PeriodZeroPhase', 'TimeSeriesObservation']","{'ZeroPhase': '2457184.55759', 'Period': '1.6289287 Days', 'PhaseStart': '0.9480', 'PhaseEnd': '0.9736'}",[],1.6289286999999997,0.9608,0.11817582930425378
GO,1981,Stevenson,1,23,1,Archived,transit,GJ 1132,GJ-1132,b,10:14:50.1768,-47:09:17.77,NIRSPEC,BOTS,G395M,F290LP,SUB2048,NRSRAPID,6,1732,4.6,2024-02-08 22:07:45,2024-02-09 02:40:58,,12,GJ 1132b : visit 3,"['Before', 'PeriodZeroPhase', 'TimeSeriesObservation']","{'ZeroPhase': '2457184.55759', 'Period': '1.6289287 Days', 'PhaseStart': '0.9480', 'PhaseEnd': '0.9736'}",[],1.6289286999999997,0.9608,0.11766424562761199
GO,1981,Stevenson,1,24,1,Archived,transit,GJ 1132,GJ-1132,b,10:14:50.1768,-47:09:17.77,NIRSPEC,BOTS,G395M,F290LP,SUB2048,NRSRAPID,6,1932,4.95,2024-06-05 05:02:24,2024-06-05 09:51:30,,12,GJ 1132b : visit 4,"['Before', 'PeriodZeroPhase', 'TimeSeriesObservation']","{'ZeroPhase': '2457184.55759', 'Period': '1.6289287 Days', 'PhaseStart': '0.9480', 'PhaseEnd': '0.9736'}",[],1.6289286999999997,0.9608,0.12661695996884334
GO,1981,Stevenson,1,31,1,Archived,transit,GJ 341,GJ-341,b,09:21:35.8504,-60:16:52.21,NIRCAM,GRISMR TS,"WLP8,GRISMR","F212N,F444W",SUBGRISM128,BRIGHT1,3,4652,7.1,2023-03-10 07:40:32,2023-03-10 14:11:15,,12,GJ-341b : visit 1,"['OrientRange', 'PeriodZeroPhase', 'TimeSeriesObservation']","{'ZeroPhase': '2458544.0874', 'Period': '7.5768707 Days', 'PhaseStart': '0.9828', 'PhaseEnd': '0.9883'}",[],7.5768707,0.9855499999999999,0.039044263132711685
GO,1981,Stevenson,1,32,1,Archived,transit,GJ 341,GJ-341,b,09:21:35.8504,-60:16:52.21,NIRCAM,GRISMR TS,"WLP8,GRISMR","F212N,F444W",SUBGRISM128,BRIGHT1,3,4652,7.1,2023-03-02 17:50:00,2023-03-03 00:20:17,,12,GJ-341b : visit 2,"['OrientRange', 'PeriodZeroPhase', 'TimeSeriesObservation']","{'ZeroPhase': '2458544.0874', 'Period': '7.5768707 Days', 'PhaseStart': '0.9828', 'PhaseEnd': '0.9883'}",[],7.5768707,0.9855499999999999,0.039044263132711685
GO,1981,Stevenson,1,33,1,Archived,transit,GJ 341,GJ-341,b,09:21:35.8504,-60:16:52.21,NIRCAM,GRISMR TS,"WLP8,GRISMR","F212N,F444W",SUBGRISM128,BRIGHT1,3,4652,7.1,2023-04-17 05:32:04,2023-04-17 11:47:07,,12,GJ-341b : visit 3,"['OrientRange', 'PeriodZeroPhase', 'TimeSeriesObservation']","{'ZeroPhase': '2458544.0874', 'Period': '7.5768707 Days', 'PhaseStart': '0.9828', 'PhaseEnd': '0.9883'}",[],7.5768707,0.9855499999999999,0.039044263132711685
GO,1981,Stevenson,1,51,1,Archived,transit,TRAPPIST-1,TRAPPIST-1,h,23:06:30.3341,-05:02:36.46,NIRSPEC,BOTS,PRISM,CLEAR,SUB512,NRSRAPID,5,10550,5.67,2023-12-11 04:39:31,2023-12-11 10:08:21,,12,TRAPPIST-1h : visit 1,"['Before', 'PeriodZeroPhase', 'TimeSeriesObservation']","{'ZeroPhase': '2459877.02238', 'Period': '18.765 Days', 'PhaseStart': '0.9944', 'PhaseEnd': '0.9966'}",[],18.765,0.9955,0.012589928057553957
GO,1981,Stevenson,1,53,1,Archived,transit,TRAPPIST-1,TRAPPIST-1,h,23:06:30.3341,-05:02:36.46,NIRSPEC,BOTS,PRISM,CLEAR,SUB512,NRSRAPID,5,10550,5.67,2023-07-14 02:34:34,2023-07-14 07:33:41,,12,TRAPPIST-1h : visit 3,"['Before', 'PeriodZeroPhase', 'TimeSeriesObservation']","{'ZeroPhase': '2459877.02238', 'Period': '18.765 Days', 'PhaseStart': '0.9944', 'PhaseEnd': '0.9966'}",[],18.765,0.9955,0.012589928057553957
GO,2001,Min,1,1,1,Archived,transit,HD 189733,HD-189733B,b,20:00:43.7093,+22:42:35.19,MIRI,LRS,None,None,SLITLESSPRISM,FASTR1,5,17656,6.4,2022-09-16 12:20:00,2022-09-16 18:19:04,,12,,"['NoParallelAttachments', 'OrientRange', 'PeriodZeroPhase', 'TimeSeriesObservation']","{'ZeroPhase': '2453955.525551', 'Period': '2.218575200 Days', 'PhaseStart': '0.946', 'PhaseEnd': '0.9655'}",[],2.2185752,0.95575,0.12019726294004668
GO,2008,Kataria,1,1,1,Archived,phase curve,HD 80606,HD-80606,b,09:22:37.6680,+50:36:13.60,MIRI,LRS,None,None,SLITLESSPRISM,FASTR1,14,10812,26.04,2025-04-10 16:03:58,2025-04-11 15:12:49,,12, : hd 80606b phase curve,"['Between', 'OrientRange', 'TimeSeriesObservation']",,"[{'After': '10-APR-2025:17:33:17', 'Before': '10-APR-2025:18:33:17'}]",,,
GO,2021,Kilpatrick,1,1,1,Failed - Archived,eclipse,HD 189733,HD-189733B,b,20:00:43.7093,+22:42:35.19,MIRI,LRS,None,None,SLITLESSPRISM,FASTR1,5,17035,6.22,2022-09-24 07:48:01,2022-09-24 13:07:54,,12,Eclipse1,"['NoParallelAttachments', 'OrientRange', 'PeriodZeroPhase', 'TimeSeriesObservation']","{'ZeroPhase': '2453955.525551', 'Period': '2.21857567 Days', 'PhaseStart': '0.4492917904395841', 'PhaseEnd': '0.4680726087952938'}",[],2.21857567,0.45868219961743895,0.11681669017251356
GO,2021,Kilpatrick,1,11,1,Archived,eclipse,HD 189733,HD-189733B,b,20:00:43.7093,+22:42:35.19,MIRI,LRS,None,None,SLITLESSPRISM,FASTR1,5,17035,6.34,2023-06-30 19:49:47,2023-07-01 01:41:22,,12,Eclipse1,"['NoParallelAttachments', 'OrientRange', 'PeriodZeroPhase', 'TimeSeriesObservation']","{'ZeroPhase': '2453955.525551', 'Period': '2.21857567 Days', 'PhaseStart': '0.4492917904395841', 'PhaseEnd': '0.4680726087952938'}",[],2.21857567,0.45868219961743895,0.1190703883751987
GO,2021,Kilpatrick,1,2,1,Archived,eclipse,HD 189733,HD-189733B,b,20:00:43.7093,+22:42:35.19,MIRI,LRS,None,None,SLITLESSPRISM,FASTR1,5,17035,6.22,2022-10-18 16:38:42,2022-10-18 22:29:04,,12,Eclipse2,"['NoParallelAttachments', 'OrientRange', 'PeriodZeroPhase', 'TimeSeriesObservation']","{'ZeroPhase': '2453955.525551', 'Period': '2.21857567 Days', 'PhaseStart': '0.4492917904395841', 'PhaseEnd': '0.4680726087952938'}",[],2.21857567,0.45868219961743895,0.11681669017251356
GO,2055,Lothringer,1,1,1,Archived,transit,HD 134004,HD-134004,b,15:09:4.8930,-42:42:17.79,NIRSPEC,BOTS,G395H,F290LP,SUB2048,NRSRAPID,45,605,9.11,2023-03-07 06:46:58,2023-03-07 15:01:24,,12, : transit,"['PeriodZeroPhase', 'TimeSeriesObservation']","{'ZeroPhase': '2456927.06839', 'Period': '3.3448285 Days', 'PhaseStart': '0.95', 'PhaseEnd': '0.9625'}",[],3.3448284999999998,0.95625,0.11348364597268092
GO,2062,Mayo,1,1,1,Skipped,transit,WASP-166,WASP-166,b,09:39:30.0251,-20:58:56.71,NIRISS,SOSS,None,CLEAR,SUBSTRIP96,NISRAPID,2,4836,11.52,,,,12,WASP-166b NIRISS SOSS : wasp-166b niriss soss,"['OrientRange', 'PeriodZeroPhase', 'TimeSeriesObservation']","{'ZeroPhase': '2457664.3289 ', 'Period': '5.44354 Days', 'PhaseStart': '0.95904931962 ', 'PhaseEnd': '0.966704 '}",[],5.44354,0.96287665981,0.08817791363708176
GO,2062,Mayo,1,4,1,Archived,transit,WASP-166,WASP-166,b,09:39:30.0251,-20:58:56.71,NIRISS,SOSS,None,CLEAR,SUBSTRIP96,NISRAPID,2,4836,11.5,2023-12-31 02:28:20,2023-12-31 12:59:55,,12,WASP-166b NIRISS SOSS : wasp-166b niriss soss - repeat of observation 1,"['OrientRange', 'PeriodZeroPhase', 'TimeSeriesObservation']","{'ZeroPhase': '2457664.3289 ', 'Period': '5.44354 Days', 'PhaseStart': '0.95904931962 ', 'PhaseEnd': '0.966704 '}",[],5.44354,0.96287665981,0.08802482698146183
GO,2062,Mayo,1,2,1,Failed - Archived,transit,WASP-166,WASP-166,b,09:39:30.0251,-20:58:56.71,NIRSPEC,BOTS,G395M,F290LP,SUB2048,NRSRAPID,3,8880,11.46,2023-11-28 10:50:23,2023-11-28 12:12:52,,12,WASP-166b NIRSpec BOTS : wasp-166b nirspec bots,"['PeriodZeroPhase', 'TimeSeriesObservation']","{'ZeroPhase': '2457664.3289 ', 'Period': '5.443540 Days', 'PhaseStart': '0.95904931962 ', 'PhaseEnd': '0.966704 '}",[],5.44354,0.96287665981,0.08771865367022195
GO,2062,Mayo,1,3,1,Archived,transit,WASP-166,WASP-166,b,09:39:30.0251,-20:58:56.71,NIRSPEC,BOTS,G395M,F290LP,SUB2048,NRSRAPID,3,8880,11.46,2024-01-16 11:07:55,2024-01-16 21:01:46,,12,WASP-166b NIRSpec BOTS : wasp-166b nirspec bots,"['PeriodZeroPhase', 'TimeSeriesObservation']","{'ZeroPhase': '2457664.3289 ', 'Period': '5.443540 Days', 'PhaseStart': '0.95904931962 ', 'PhaseEnd': '0.966704 '}",[],5.44354,0.96287665981,0.08771865367022195
GO,2084,Brandeker,1,1,1,Archived,eclipse,55 Cnc,55CNC,e,08:52:35.2410,+28:19:47.34,NIRCAM,GRISMR TS,"CLEAR,GRISMR","WLP4,F444W",SUBGRISM64,RAPID,2,16100,6.25,2022-11-18 13:21:28,2022-11-18 19:13:05,,12, : even occultation,"['PeriodZeroPhase', 'TimeSeriesObservation']","{'ZeroPhase': '2458932.56274', 'Period': '1.47308920 Days', 'PhaseStart': '0.17041', 'PhaseEnd': '0.19897'}",[],0.7365446,0.36938000000000004,0.35356537359267404
GO,2084,Brandeker,1,2,1,Archived,eclipse,55 Cnc,55CNC,e,08:52:35.2410,+28:19:47.34,NIRCAM,GRISMR TS,"CLEAR,GRISMR","WLP4,F444W",SUBGRISM64,RAPID,2,16100,6.25,2022-11-20 18:58:19,2022-11-21 00:15:39,,12, : odd occultation,"['PeriodZeroPhase', 'TimeSeriesObservation']","{'ZeroPhase': '2458932.56274', 'Period': '1.47308920 Days', 'PhaseStart': '0.67041', 'PhaseEnd': '0.69897'}",[],0.7365446,0.36938000000000004,0.35356537359267404
GO,2084,Brandeker,1,3,1,Archived,eclipse,55 Cnc,55CNC,e,08:52:35.2410,+28:19:47.34,NIRCAM,GRISMR TS,"CLEAR,GRISMR","WLP4,F444W",SUBGRISM64,RAPID,2,16100,6.25,2022-11-22 23:49:03,2022-11-23 05:16:09,,12, : even occultation,"['PeriodZeroPhase', 'TimeSeriesObservation']","{'ZeroPhase': '2458932.56274', 'Period': '1.47308920 Days', 'PhaseStart': '0.17041', 'PhaseEnd': '0.19897'}",[],0.7365446,0.36938000000000004,0.35356537359267404
GO,2084,Brandeker,1,4,1,Skipped,eclipse,55 Cnc,55CNC,e,08:52:35.2410,+28:19:47.34,NIRCAM,GRISMR TS,"CLEAR,GRISMR","WLP4,F444W",SUBGRISM64,RAPID,2,16100,6.25,,,,12, : odd occultation,"['PeriodZeroPhase', 'TimeSeriesObservation']","{'ZeroPhase': '2458932.56274', 'Period': '1.47308920 Days', 'PhaseStart': '0.67041', 'PhaseEnd': '0.69897'}",[],0.7365446,0.36938000000000004,0.35356537359267404
GO,2084,Brandeker,1,5,1,Archived,eclipse,55 Cnc,55CNC,e,08:52:35.2410,+28:19:47.34,NIRCAM,GRISMR TS,"CLEAR,GRISMR","WLP4,F444W",SUBGRISM64,RAPID,2,16100,6.35,2023-04-24 10:36:29,2023-04-24 16:31:59,,12, : repeat obs 4 - odd occultation,"['PeriodZeroPhase', 'TimeSeriesObservation']","{'ZeroPhase': '2458932.56274', 'Period': '1.47308920 Days', 'PhaseStart': '0.67041', 'PhaseEnd': '0.69897'}",[],0.7365446,0.36938000000000004,0.3592224195701568
GO,2113,Espinoza,1,5,1,Archived,transit,CD-38 2551,CD-38-2551,b,06:17:20.7248,-38:19:24.19,NIRISS,SOSS,None,CLEAR,SUBSTRIP256,NISRAPID,4,1493,13.8,2023-09-28 18:01:44,2023-09-29 06:11:49,,12, : wasp-63 transit,"['OrientRange', 'PeriodZeroPhase', 'TimeSeriesObservation']","{'ZeroPhase': '2459227.10539', 'Period': '4.3780830 Days', 'PhaseStart': '0.9362310653429823', 'PhaseEnd': '0.9457481683002964'}",[],4.378083,0.9409896168216394,0.13133602081093484
GO,2149,Desert,1,1,1,Archived,transit,V1298 Tau,V-V1298-TAU,c,04:05:19.5970,+20:09:25.31,NIRSPEC,BOTS,G395H,F290LP,SUB2048,NRSRAPID,4,10988,17.12,2023-01-14 17:49:26,2023-01-14 18:31:08,,12, : v1298 tau c,"['Between', 'TimeSeriesObservation']",,"[{'After': '14-JAN-2023:18:38:03', 'Before': '14-JAN-2023:19:38:03'}, {'After': '23-JAN-2023:00:35:52', 'Before': '23-JAN-2023:01:35:52'}, {'After': '31-JAN-2023:06:31:52', 'Before': '31-JAN-2023:07:31:52'}, {'After': '08-FEB-2023:12:31:59', 'Before': '08-FEB-2023:13:31:59'}, {'After': '16-FEB-2023:18:29:10', 'Before': '16-FEB-2023:19:29:10'}, {'After': '25-FEB-2023:00:27:28', 'Before': '25-FEB-2023:01:27:28'}]",,,
GO,2149,Desert,1,2,1,Archived,transit,V1298 Tau,V-V1298-TAU,b,04:05:19.5970,+20:09:25.31,NIRSPEC,BOTS,G395H,F290LP,SUB2048,NRSRAPID,4,9385,14.71,2023-02-12 04:04:41,2023-02-12 16:54:02,,12, : v1298 tau b,"['Between', 'TimeSeriesObservation']",,"[{'After': '19-JAN-2023:01:49:52', 'Before': '19-JAN-2023:02:49:52'}, {'After': '12-FEB-2023:04:57:35', 'Before': '12-FEB-2023:05:57:35'}]",,,
GO,2158,Parmentier,1,1,1,Archived,phase curve,NGTS-10,NGTS-10,b,06:07:29.3400,-25:35:41.62,NIRSPEC,BOTS,PRISM,CLEAR,SUB512,NRSRAPID,6,15513,25.14,2023-03-11 01:57:48,2023-03-12 00:03:24,,12, : ngts-10,"['PeriodZeroPhase', 'TimeSeriesObservation']","{'ZeroPhase': '2457518.84377', 'Period': '1.5337888 Days', 'PhaseStart': '0.20414', 'PhaseEnd': '0.231844'}",[],0.7668944,0.435984,1.365898616550075
GO,2159,Espinoza,1,1,1,Archived,phase curve,K2-141,K2-141,b,23:23:40.0950,-01:11:21.05,NIRSPEC,BOTS,G395H,F290LP,SUB2048,NRSRAPID,10,4317,14.91,2023-07-05 06:05:28,2023-07-05 18:46:45,,12, : k2-141 phase curve,"['PeriodZeroPhase', 'TimeSeriesObservation']","{'ZeroPhase': ' 2457744.21168', 'Period': '20.1833955 Hours', 'PhaseStart': '0.8156', 'PhaseEnd': '0.8652'}",[],0.42048740625,0.6808000000000001,1.4774520966999831
GO,2304,Kreidberg,1,1,1,Archived,eclipse,TRAPPIST-1,TRAPPIST-1,c,23:06:30.3341,-05:02:36.46,MIRI,Imaging TS,None,F1500W,FULL,FASTR1,13,298,4.48,2022-10-27 12:55:21,2022-10-27 17:22:35,,12,,"['NoParallelAttachments', 'OrientRange', 'PeriodZeroPhase', 'TimeSeriesObservation']","{'ZeroPhase': '2457282.8113871', 'Period': '2.42179346 Days', 'PhaseStart': '0.459566626492211', 'PhaseEnd': '0.476770487148647'}",[],2.42179346,0.468168556820429,0.07707786388467111
GO,2304,Kreidberg,1,2,1,Archived,eclipse,TRAPPIST-1,TRAPPIST-1,c,23:06:30.3341,-05:02:36.46,MIRI,Imaging TS,None,F1500W,FULL,FASTR1,13,298,4.57,2022-11-30 10:43:10,2022-11-30 15:03:50,,12,,"['NoParallelAttachments', 'OrientRange', 'PeriodZeroPhase', 'TimeSeriesObservation']","{'ZeroPhase': '2457282.8113871', 'Period': '2.42179346 Days', 'PhaseStart': '0.459566626492211', 'PhaseEnd': '0.476770487148647'}",[],2.42179346,0.468168556820429,0.07862630311449709
GO,2304,Kreidberg,1,3,1,Archived,eclipse,TRAPPIST-1,TRAPPIST-1,c,23:06:30.3341,-05:02:36.46,MIRI,Imaging TS,None,F1500W,FULL,FASTR1,13,297,4.46,2022-10-29 23:03:01,2022-10-30 03:22:25,,12,,"['NoParallelAttachments', 'OrientRange', 'PeriodZeroPhase', 'TimeSeriesObservation']","{'ZeroPhase': '2457282.8113871', 'Period': '2.42179346 Days', 'PhaseStart': '0.459566626492211', 'PhaseEnd': '0.476770487148647'}",[],2.42179346,0.468168556820429,0.07673376627804311
GO,2304,Kreidberg,1,4,1,Archived,eclipse,TRAPPIST-1,TRAPPIST-1,c,23:06:30.3341,-05:02:36.46,MIRI,Imaging TS,None,F1500W,FULL,FASTR1,13,297,4.46,2022-11-06 05:42:51,2022-11-06 09:45:53,,12,,"['NoParallelAttachments', 'OrientRange', 'PeriodZeroPhase', 'TimeSeriesObservation']","{'ZeroPhase': '2457282.8113871', 'Period': '2.42179346 Days', 'PhaseStart': '0.459566626492211', 'PhaseEnd': '0.476770487148647'}",[],2.42179346,0.468168556820429,0.07673376627804311
GO,2319,Hooton,1,1,1,Archived,transit,TOI-178,TOI-178,d,00:29:12.4828,-30:27:14.82,NIRSPEC,BOTS,G395M,F290LP,SUB2048,NRSRAPID,7,3150,8.42,2023-08-06 21:50:29,2023-08-07 05:05:41,,12,TOI-178 NIRSPEC BOTS : toi-178d,"['PeriodZeroPhase', 'TimeSeriesObservation']","{'ZeroPhase': '2458747.1464507', 'Period': '6.5576941 Days', 'PhaseStart': '0.97439', 'PhaseEnd': '0.98075'}",[],6.5576941,0.97757,0.05349949661929692
GO,2319,Hooton,1,2,1,Skipped,transit,TOI-178,TOI-178,g,00:29:12.4828,-30:27:14.82,NIRSPEC,BOTS,G395M,F290LP,SUB2048,NRSRAPID,7,3060,8.21,,,,12,TOI-178 NIRSPEC BOTS : toi-178g,"['PeriodZeroPhase', 'TimeSeriesObservation']","{'ZeroPhase': '2458748.02934', 'Period': '20.70945955 Days', 'PhaseStart': '0.99207', 'PhaseEnd': '0.99408'}",[],20.70945955,0.9930749999999999,0.016518216349751792
GO,2319,Hooton,1,102,1,Archived,transit,TOI-178,TOI-178,g,00:29:12.4828,-30:27:14.82,NIRSPEC,BOTS,G395M,F290LP,SUB2048,NRSRAPID,7,3060,8.21,2023-11-11 02:56:55,2023-11-11 10:15:12,,12,TOI-178 NIRSPEC BOTS : toi-178g,"['PeriodZeroPhase', 'TimeSeriesObservation']","{'ZeroPhase': '2458748.02934', 'Period': '20.70945955 Days', 'PhaseStart': '0.99207', 'PhaseEnd': '0.99408'}",[],20.70945955,0.9930749999999999,0.016518216349751792
GO,2319,Hooton,1,3,1,Archived,transit,TOI-178,TOI-178,b,00:29:12.4828,-30:27:14.82,NIRSPEC,BOTS,G395M,F290LP,SUB2048,NRSRAPID,7,2697,7.37,2023-07-13 13:58:27,2023-07-13 20:26:54,,12,TOI-178 NIRSPEC BOTS : toi-178b,"['Between', 'PeriodZeroPhase', 'TimeSeriesObservation']","{'ZeroPhase': '2458741.63705', 'Period': '1.9145567 Days', 'PhaseStart': '0.92601', 'PhaseEnd': '0.94777'}","[{'After': '24-NOV-2020:00:00:00', 'Before': '12-DEC-2022:00:00:00'}, {'After': '14-DEC-2022:00:00:00', 'Before': '24-NOV-2050:00:00:00'}]",1.9145567,0.93689,0.16039396134537742
GO,2334,Damiano,1,1,1,Archived,transit,G 268-38,NAME-G-268-38B,b,00:44:59.6717,-15:16:26.79,NIRSPEC,BOTS,G395H,F290LP,SUB2048,NRSRAPID,15,1342,7.26,2023-07-30 13:37:03,2023-07-30 20:16:06,,12,,"['PeriodZeroPhase', 'TimeSeriesObservation']","{'ZeroPhase': '2456915.6997', 'Period': '24.73712 Days', 'PhaseStart': '0.9942021090937316', 'PhaseEnd': '0.9958865013068894'}",[],24.73712,0.9950443052003105,0.012228586027799518
GO,2334,Damiano,1,2,1,Archived,transit,G 268-38,NAME-G-268-38B,b,00:44:59.6717,-15:16:26.79,NIRSPEC,BOTS,G235H,F170LP,SUB2048,NRSRAPID,8,2382,7.26,2023-07-05 19:58:40,2023-07-06 02:37:36,,12,,"['PeriodZeroPhase', 'TimeSeriesObservation']","{'ZeroPhase': '2456915.6997', 'Period': '24.73712 Days', 'PhaseStart': '0.9942021090937316', 'PhaseEnd': '0.9958865013068894'}",[],24.73712,0.9950443052003105,0.012228586027799518
GO,2347,Dang,1,1,1,Archived,phase curve,K2-141,K2-141,b,23:23:40.0911,-01:11:21.06,MIRI,LRS,None,None,SLITLESSPRISM,FASTR1,41,3718,25.12,2023-06-08 03:12:47,2023-06-09 01:08:53,,12,K2-141b : k2-141b (ph1),"['NoParallelAttachments', 'PeriodZeroPhase', 'TimeSeriesObservation']","{'ZeroPhase': '2457738.46540', 'Period': '1.1212976 Days', 'PhaseStart': '0.325', 'PhaseEnd': '0.425'}",[],0.5606488,0.75,1.8668846997740238
GO,2358,MacDonald,1,1,1,Archived,transit,WD 1856+534,WD1856B,b,18:57:39.3437,+53:30:33.30,NIRSPEC,BOTS,PRISM,CLEAR,SUB2048,NRSRAPID,33,240,3.33,2022-08-29 14:59:19,2022-08-29 15:38:32,,12,WD 1856b : prism transit 1,"['PeriodZeroPhase', 'TimeSeriesObservation']","{'ZeroPhase': '2458779.3750828', 'Period': '1.4079389 Days', 'PhaseStart': '0.9482103472908756', 'PhaseEnd': '0.9778044345532324'}",[],1.4079389,0.963007390922054,0.0985483105836482
GO,2358,MacDonald,1,2,1,Archived,transit,WD 1856+534,WD1856B,b,18:57:39.3437,+53:30:33.30,NIRSPEC,BOTS,PRISM,CLEAR,SUB2048,NRSRAPID,33,240,3.33,2022-08-31 00:46:47,2022-08-31 01:38:38,,12,WD 1856b : prism transit 2,"['PeriodZeroPhase', 'TimeSeriesObservation']","{'ZeroPhase': '2458779.3750828', 'Period': '1.4079389 Days', 'PhaseStart': '0.9482103472908756', 'PhaseEnd': '0.9778044345532324'}",[],1.4079389,0.963007390922054,0.0985483105836482
GO,2358,MacDonald,1,3,1,Skipped,transit,WD 1856+534,WD1856B,b,18:57:39.3437,+53:30:33.30,NIRSPEC,BOTS,PRISM,CLEAR,SUB2048,NRSRAPID,33,240,3.33,,,,12,WD 1856b : prism transit 3,"['PeriodZeroPhase', 'TimeSeriesObservation']","{'ZeroPhase': '2458779.3750828', 'Period': '1.4079389 Days', 'PhaseStart': '0.9482103472908756', 'PhaseEnd': '0.9778044345532324'}",[],1.4079389,0.963007390922054,0.0985483105836482
GO,2358,MacDonald,1,4,1,Archived,transit,WD 1856+534,WD1856B,b,18:57:39.3437,+53:30:33.30,NIRSPEC,BOTS,PRISM,CLEAR,SUB2048,NRSRAPID,33,240,3.33,2022-09-04 06:09:11,2022-09-04 06:38:33,,12,WD 1856b : prism transit 4,"['PeriodZeroPhase', 'TimeSeriesObservation']","{'ZeroPhase': '2458779.3750828', 'Period': '1.4079389 Days', 'PhaseStart': '0.9482103472908756', 'PhaseEnd': '0.9778044345532324'}",[],1.4079389,0.963007390922054,0.0985483105836482
GO,2358,MacDonald,1,30,1,Archived,transit,WD 1856+534,WD-1856+534-B,b,18:57:39.7755,+53:30:32.46,NIRSPEC,BOTS,PRISM,CLEAR,SUB2048,NRSRAPID,33,240,3.36,2023-04-27 09:22:11,2023-04-27 12:39:24,,12,WD 1856b : clone of obs 3,"['PeriodZeroPhase', 'TimeSeriesObservation']","{'ZeroPhase': '2458779.375086', 'Period': '1.40793913 Days', 'PhaseStart': '0.9512881814265912', 'PhaseEnd': '0.9808822638544776'}",[],1.40793913,0.9660852226405344,0.09943611695769831
GO,2372,Hu,1,1,1,Archived,transit,K2-18,K2-18,b,11:30:14.4338,+07:35:16.19,NIRSPEC,BOTS,G235H,F170LP,SUB2048,NRSRAPID,9,3548,11.34,2024-01-18 00:55:09,2024-01-18 11:17:22,,12, : k2-18 b g235h,"['PeriodZeroPhase', 'TimeSeriesObservation']","{'ZeroPhase': '2457725.551189', 'Period': '32.940045 Days', 'PhaseStart': '0.9934329341552374', 'PhaseEnd': '0.9946978585555126'}",[],32.940045,0.9940653963553749,0.014344242699121997
GO,2372,Hu,1,2,1,Archived,transit,K2-18,K2-18,b,11:30:14.4338,+07:35:16.19,NIRSPEC,BOTS,G235H,F170LP,SUB2048,NRSRAPID,9,3548,11.34,2025-01-14 09:01:21,2025-01-14 19:28:17,,12, : k2-18 b g235h,"['PeriodZeroPhase', 'TimeSeriesObservation']","{'ZeroPhase': '2457725.551189', 'Period': '32.940045 Days', 'PhaseStart': '0.9934329341552374', 'PhaseEnd': '0.9946978585555126'}",[],32.940045,0.9940653963553749,0.014344242699121997
GO,2372,Hu,1,3,1,Failed - Archived,transit,K2-18,K2-18,b,11:30:14.4338,+07:35:16.19,NIRSPEC,BOTS,G395H,F290LP,SUB2048,NRSRAPID,16,2089,11.35,2023-04-29 12:36:52,2023-04-29 13:11:33,,12, : k2-18 b g395h,"['PeriodZeroPhase', 'TimeSeriesObservation']","{'ZeroPhase': '2457725.551189', 'Period': '32.940045 Days', 'PhaseStart': '0.9934329341552374', 'PhaseEnd': '0.9946978585555126'}",[],32.940045,0.9940653963553749,0.01435689194312475
GO,2372,Hu,1,7,1,Archived,transit,K2-18,K2-18,b,11:30:14.4338,+07:35:16.19,NIRSPEC,BOTS,G395H,F290LP,SUB2048,NRSRAPID,16,2089,11.34,2024-05-28 19:18:00,2024-05-29 05:35:06,,12, : k2-18 b g395h - repeat of observation 3,"['PeriodZeroPhase', 'TimeSeriesObservation']","{'ZeroPhase': '2457725.551189', 'Period': '32.940045 Days', 'PhaseStart': '0.9934329341552374', 'PhaseEnd': '0.9946978585555126'}",[],32.940045,0.9940653963553749,0.014344242699121997
GO,2372,Hu,1,4,1,Archived,transit,K2-18,K2-18,b,11:30:14.4338,+07:35:16.19,NIRSPEC,BOTS,G395H,F290LP,SUB2048,NRSRAPID,16,2089,11.34,2024-12-12 10:32:12,2024-12-12 20:58:58,,12, : k2-18 b g395h,"['PeriodZeroPhase', 'TimeSeriesObservation']","{'ZeroPhase': '2457725.551189', 'Period': '32.940045 Days', 'PhaseStart': '0.9934329341552374', 'PhaseEnd': '0.9946978585555126'}",[],32.940045,0.9940653963553749,0.014344242699121997
GO,2372,Hu,1,5,1,Archived,transit,K2-18,K2-18,b,11:30:14.4338,+07:35:16.19,NIRSPEC,BOTS,G395H,F290LP,SUB2048,NRSRAPID,16,2089,11.34,2025-05-26 03:27:31,2025-05-26 13:45:13,,12, : k2-18 b g395h,"['PeriodZeroPhase', 'TimeSeriesObservation']","{'ZeroPhase': '2457725.551189', 'Period': '32.940045 Days', 'PhaseStart': '0.9934329341552374', 'PhaseEnd': '0.9946978585555126'}",[],32.940045,0.9940653963553749,0.014344242699121997
GO,2372,Hu,1,6,1,Archived,transit,K2-18,K2-18,b,11:30:14.4338,+07:35:16.19,NIRSPEC,BOTS,G395H,F290LP,SUB2048,NRSRAPID,16,2089,11.34,2025-12-09 18:42:56,2025-12-10 05:09:53,,12, : k2-18 b g395h,"['PeriodZeroPhase', 'TimeSeriesObservation']","{'ZeroPhase': '2457725.551189', 'Period': '32.940045 Days', 'PhaseStart': '0.9934329341552374', 'PhaseEnd': '0.9946978585555126'}",[],32.940045,0.9940653963553749,0.014344242699121997
GO,2420,Rathcke,1,1,1,Archived,transit,TRAPPIST-1,TRAPPIST-1,c,23:06:30.3341,-05:02:36.46,NIRSPEC,BOTS,PRISM,CLEAR,SUB512S,NRSRAPID,3,27459,6.25,2022-07-11 18:23:03,2022-07-12 00:05:40,,0,Transit observations : transit 1,"['PeriodZeroPhase', 'TimeSeriesObservation']","{'ZeroPhase': '2457282.810578842', 'Period': '2.42179346 Days', 'PhaseStart': '0.9466115358436333', 'PhaseEnd': '0.9638164161750331'}",[],2.42179346,0.9552139760093332,0.10753050207124874
GO,2420,Rathcke,1,2,1,Failed,transit,TRAPPIST-1,TRAPPIST-1,c,23:06:30.3341,-05:02:36.46,NIRSPEC,BOTS,PRISM,CLEAR,SUB512S,NRSRAPID,6,15925,6.27,2023-11-17 18:36:28,2023-11-17 19:11:19,,0,Transit observations : transit 2,"['PeriodZeroPhase', 'TimeSeriesObservation']","{'ZeroPhase': '2457282.810578842', 'Period': '2.42179346 Days', 'PhaseStart': '0.9466115358436333', 'PhaseEnd': '0.9638164161750331'}",[],2.42179346,0.9552139760093332,0.10787459967787674
GO,2420,Rathcke,1,5,1,Archived,transit,TRAPPIST-1,TRAPPIST-1,c,23:06:30.3341,-05:02:36.46,NIRSPEC,BOTS,PRISM,CLEAR,SUB512,NRSRAPID,6,10208,6.26,2024-07-09 16:58:54,2024-07-09 23:03:05,,0,Transit observations : transit 2-wopr copy,"['Between', 'TimeSeriesObservation']",,"[{'After': '09-JUL-2024:18:25:00', 'Before': '09-JUL-2024:19:25:01'}]",,,
GO,2420,Rathcke,1,3,1,Archived,transit,TRAPPIST-1,TRAPPIST-1,c,23:06:30.3341,-05:02:36.46,NIRSPEC,BOTS,PRISM,CLEAR,SUB512S,NRSRAPID,6,15925,6.27,2023-10-29 09:34:58,2023-10-29 15:30:28,,0,Transit observations : transit 3,"['PeriodZeroPhase', 'TimeSeriesObservation']","{'ZeroPhase': '2457282.810578842', 'Period': '2.42179346 Days', 'PhaseStart': '0.9466115358436333', 'PhaseEnd': '0.9638164161750331'}",[],2.42179346,0.9552139760093332,0.10787459967787674
GO,2420,Rathcke,1,4,1,Archived,transit,TRAPPIST-1,TRAPPIST-1,c,23:06:30.3341,-05:02:36.46,NIRSPEC,BOTS,PRISM,CLEAR,SUB512S,NRSRAPID,6,15925,6.27,2023-11-08 02:05:40,2023-11-08 08:00:59,,0,Transit observations : transit 4,"['PeriodZeroPhase', 'TimeSeriesObservation']","{'ZeroPhase': '2457282.810578842', 'Period': '2.42179346 Days', 'PhaseStart': '0.9466115358436333', 'PhaseEnd': '0.9638164161750331'}",[],2.42179346,0.9552139760093332,0.10787459967787674
GO,2437,Pelletier,1,1,1,Archived,transit,WASP-127,WASP-127B,b,10:42:14.1035,-03:50:6.00,NIRSPEC,BOTS,G395H,F290LP,SUB2048,NRSRAPID,14,2754,13.11,2023-05-08 07:22:36,2023-05-08 19:03:55,,12,WASP-127b NIRSpec BOTS : wasp-127b - g379h,"['PeriodZeroPhase', 'TimeSeriesObservation']","{'ZeroPhase': '2457248.741', 'Period': '4.178062 Days', 'PhaseStart': '0.93958522', 'PhaseEnd': '0.949557952945648'}",[],4.178062,0.944571586472824,0.13074243512901437
GO,2454,Gao,1,1,1,Archived,transit,Kepler-51,KEPLER-51,b,19:45:55.1430,+49:56:15.54,NIRSPEC,BOTS,PRISM,CLEAR,SUB512,NRSRAPID,17,10612,15.01,2023-05-29 17:55:25,2023-05-30 07:15:17,,12,,"['PeriodZeroPhase', 'TimeSeriesObservation']","{'ZeroPhase': '2457565.95248', 'Period': '45.1542 Days', 'PhaseStart': '0.9935406526', 'PhaseEnd': '0.9944634165'}",[],45.1542,0.99400203455,0.013850686462536522
GO,2488,Sikora,1,1,1,Archived,phase curve,HD 80606,HD-80606,b,09:22:37.6680,+50:36:13.60,NIRSPEC,BOTS,G395H,F290LP,SUB2048,NRSRAPID,5,13818,25.11,2022-11-01 05:04:55,2022-11-02 03:12:43,,12, : hd80606b,"['Between', 'TimeSeriesObservation']",,"[{'After': '01-NOV-2022:06:15:00', 'Before': '01-NOV-2022:07:15:00'}]",,,
GO,2498,Mann,1,1,1,Archived,transit,HIP 67522,HIP67522,b,13:50:6.2402,-40:50:9.23,NIRSPEC,BOTS,G395H,F290LP,SUB2048,NRSRAPID,9,2703,8.95,2023-02-27 02:23:15,2023-02-27 10:30:04,,12, : hip67522b_transit,"['PeriodZeroPhase', 'TimeSeriesObservation']","{'ZeroPhase': '2458604.02421', 'Period': '6.959469 Days', 'PhaseStart': '0.9673706', 'PhaseEnd': '0.9733576'}",[],6.959469000000001,0.9703641000000001,0.053584068937826516
GO,2507,Vanderburg,1,1,1,Archived,transit,LP 141-14,LP-141-14,b,18:57:39.7620,+53:30:32.49,NIRSPEC,BOTS,G395M,F290LP,SUB2048,NRSRAPID,16,414,3.03,2023-06-17 01:59:03,2023-06-17 04:59:29,,12,WD 1856 transit block,"['PeriodZeroPhase', 'TimeSeriesObservation']","{'ZeroPhase': '2459038.4358981', 'Period': '1.407939217 Days', 'PhaseStart': '0.95659534845451277', 'PhaseEnd': '0.98618942905370865'}",[],1.407939217,0.9713923887541107,0.08967006421556337
GO,2508,Zhang,1,1,1,Archived,phase curve,CD-45 5378,CD-45-5378,b,09:44:29.1514,-45:46:44.46,MIRI,LRS,None,None,SLITLESSPRISM,FASTR1,5,15973,15.84,2023-02-22 02:33:20,2023-02-22 16:13:30,,12, : science,"['NoParallelAttachments', 'PeriodZeroPhase', 'TimeSeriesObservation']","{'ZeroPhase': '2459036.3530', 'Period': '0.6438414 Days', 'PhaseStart': '0.055', 'PhaseEnd': '0.12'}",[],0.3219207,0.175,2.05019434910523
GO,2512,Batalha,1,1,1,Archived,transit,TOI-260,TOI-260,b,00:19:5.5243,-09:57:58.14,NIRSPEC,BOTS,G395H,F290LP,SUB2048,NRSRAPID,3,5718,7.75,2023-11-16 18:07:30,2023-11-17 01:19:34,,0,260.01 (x2) : toi 260.01 (t1),"['PeriodZeroPhase', 'TimeSeriesObservation']","{'ZeroPhase': '2459847.6884', 'Period': '13.4759 Days', 'PhaseStart': '0.9904076637', 'PhaseEnd': '0.9934996147 '}",[],13.4759,0.9919536392,0.023962530641119827
GO,2512,Batalha,1,2,1,Archived,transit,TOI-260,TOI-260,b,00:19:5.5243,-09:57:58.14,NIRSPEC,BOTS,G395H,F290LP,SUB2048,NRSRAPID,3,5718,7.75,2023-11-30 05:56:35,2023-11-30 12:46:37,,0,260.01 (x2) : toi 260.01 (t2),"['PeriodZeroPhase', 'TimeSeriesObservation']","{'ZeroPhase': '2459847.688400', 'Period': '13.4759 Days', 'PhaseStart': '0.9904076637', 'PhaseEnd': '0.9934996147 '}",[],13.4759,0.9919536392,0.023962530641119827
GO,2512,Batalha,1,3,1,Archived,transit,TOI-776,TOI-776,c,11:54:18.7193,-37:33:12.08,NIRSPEC,BOTS,G395H,F290LP,SUB2048,NRSRAPID,7,3636,9.55,2023-05-11 19:03:20,2023-05-12 03:21:39,,0,776.01 (x2) : toi-776.01 (t1),"['PeriodZeroPhase', 'TimeSeriesObservation']","{'ZeroPhase': '2459324.5347620 ', 'Period': '15.66531838 Days', 'PhaseStart': '0.9903925172', 'PhaseEnd': '0.9930523237 '}",[],15.665318379999999,0.9917224204499999,0.025401122212408343
GO,2512,Batalha,1,4,1,Archived,transit,TOI-776,TOI-776,c,11:54:18.7193,-37:33:12.08,NIRSPEC,BOTS,G395H,F290LP,SUB2048,NRSRAPID,7,3636,9.55,2023-05-27 11:23:56,2023-05-27 19:22:01,,0,776.01 (x2) : toi-776.01 (t2),"['PeriodZeroPhase', 'TimeSeriesObservation']","{'ZeroPhase': '2459324.5347620', 'Period': '15.66531838 Days', 'PhaseStart': '0.9903925172 ', 'PhaseEnd': '0.9930523237 '}",[],15.665318379999999,0.9917224204499999,0.025401122212408343
GO,2512,Batalha,1,5,1,Archived,transit,TOI-776,TOI-776,b,11:54:18.7193,-37:33:12.08,NIRSPEC,BOTS,G395H,F290LP,SUB2048,NRSRAPID,7,3288,8.74,2023-06-09 13:29:17,2023-06-09 21:25:19,,0,776.02 (x2) : toi-776.02 (t1),"['PeriodZeroPhase', 'TimeSeriesObservation']","{'ZeroPhase': '2458571.4167 ', 'Period': '8.24661 Days', 'PhaseStart': '0.9789812621994574 ', 'PhaseEnd': '0.9840338434015108 '}",[],8.24661,0.9815075528004841,0.04415955970594786
GO,2512,Batalha,1,6,1,Archived,transit,TOI-776,TOI-776,b,11:54:18.7193,-37:33:12.08,NIRSPEC,BOTS,G395H,F290LP,SUB2048,NRSRAPID,7,3288,8.74,2023-05-24 01:37:27,2023-05-24 09:33:30,,0,776.02 (x2) : toi-776.02 (t2),"['PeriodZeroPhase', 'TimeSeriesObservation']","{'ZeroPhase': '2458571.4167 ', 'Period': '8.24661 Days', 'PhaseStart': '0.9789812621994574 ', 'PhaseEnd': '0.9840338434015108 '}",[],8.24661,0.9815075528004841,0.04415955970594786
GO,2512,Batalha,1,7,1,Archived,transit,TOI-562,TOI-562,b,09:36:1.7915,-21:39:54.23,NIRSPEC,BOTS,G395H,F290LP,SUB2048,NRSRAPID,3,4401,6.22,2023-12-04 04:52:25,2023-12-04 10:16:25,,0,562.01 (x1) : toi-562.01 (t1),"['PeriodZeroPhase', 'TimeSeriesObservation']","{'ZeroPhase': '2459272.6757', 'Period': '3.930600 Days', 'PhaseStart': '0.9737854134', 'PhaseEnd': '0.9843860089'}",[],3.9306,0.97908571115,0.06593565019759494
GO,2512,Batalha,1,8,1,Archived,transit,TOI-836,TOI-836,c,15:00:19.1712,-24:27:15.11,NIRSPEC,BOTS,G395H,F290LP,SUB2048,NRSRAPID,3,6755,8.91,2023-02-16 11:57:15,2023-02-16 20:01:50,,0,836.01 (x1) : toi-836.01 (t1),"['PeriodZeroPhase', 'TimeSeriesObservation']","{'ZeroPhase': '2458599.762300', 'Period': '8.59545 Days', 'PhaseStart': '0.979318677776568', 'PhaseEnd': '0.984166187228591'}",[],8.59545,0.9817424325025794,0.043191455944714935
GO,2512,Batalha,1,9,1,Archived,transit,TOI-836,TOI-836,b,15:00:19.1712,-24:27:15.11,NIRSPEC,BOTS,G395H,F290LP,SUB2048,NRSRAPID,3,5259,7.16,2023-03-04 16:52:36,2023-03-04 23:26:47,,0,836.02 (x2) : toi-836.02 (t1),"['PeriodZeroPhase', 'TimeSeriesObservation']","{'ZeroPhase': '2458599.9953 ', 'Period': '3.8167262 Days', 'PhaseStart': '0.9703541009', 'PhaseEnd': '0.9812709612 '}",[],3.8167262000000006,0.97581253105,0.07816471963153482
GO,2512,Batalha,1,10,1,Archived,transit,TOI-836,TOI-836,b,15:00:19.1712,-24:27:15.11,NIRSPEC,BOTS,G395H,F290LP,SUB2048,NRSRAPID,3,5259,7.16,2023-03-08 12:28:11,2023-03-08 19:02:28,,0,836.02 (x2) : toi-836.02 (t2),"['PeriodZeroPhase', 'TimeSeriesObservation']","{'ZeroPhase': '2458599.9953 ', 'Period': '3.8167262 Days', 'PhaseStart': '0.9703541009 ', 'PhaseEnd': '0.9812709612'}",[],3.8167262000000006,0.97581253105,0.07816471963153482
GO,2512,Batalha,1,11,1,Archived,transit,TOI-134,TOI-134,b,23:20:6.8620,-60:03:56.63,NIRSPEC,BOTS,G395H,F290LP,SUB2048,NRSRAPID,4,3359,5.97,2023-06-18 17:41:17,2023-06-18 23:14:05,,0,134.01 (x3) : toi-134.01 (t1),"['PeriodZeroPhase', 'TimeSeriesObservation']","{'ZeroPhase': '2459082.857000 ', 'Period': '1.4015272 Days', 'PhaseStart': '0.9335908996', 'PhaseEnd': '0.9633209508 '}",[],1.4015272,0.9484559252,0.17748496069145142
GO,2512,Batalha,1,12,1,Archived,transit,TOI-134,TOI-134,b,23:20:6.8620,-60:03:56.63,NIRSPEC,BOTS,G395H,F290LP,SUB2048,NRSRAPID,4,3359,5.97,2023-06-27 03:29:54,2023-06-27 09:09:33,,0,134.01 (x3) : toi-134.01 (t2),"['PeriodZeroPhase', 'TimeSeriesObservation']","{'ZeroPhase': '2459082.857000 ', 'Period': '1.4015272 Days', 'PhaseStart': '0.9335908996', 'PhaseEnd': '0.9633209508 '}",[],1.4015272,0.9484559252,0.17748496069145142
GO,2512,Batalha,1,13,1,Archived,transit,TOI-134,TOI-134,b,23:20:6.8620,-60:03:56.63,NIRSPEC,BOTS,G395H,F290LP,SUB2048,NRSRAPID,4,3359,5.97,2023-06-03 07:42:18,2023-06-03 13:15:08,,0,134.01 (x3) : toi-134.01 (t3),"['PeriodZeroPhase', 'TimeSeriesObservation']","{'ZeroPhase': '2459082.857000 ', 'Period': '1.4015272 Days', 'PhaseStart': '0.9335908996', 'PhaseEnd': '0.9633209508 '}",[],1.4015272,0.9484559252,0.17748496069145142
GO,2512,Batalha,1,14,1,Archived,transit,TOI-455,TOI-455,b,03:01:50.9947,-16:35:40.18,NIRSPEC,BOTS,G395H,F290LP,SUB2048,NRSRAPID,3,4468,6.3,2023-08-03 00:40:00,2023-08-03 01:28:53,,0,455.01 (x1) : toi-455.01 (t1),"['PeriodZeroPhase', 'TimeSeriesObservation']","{'ZeroPhase': '2458412.70851 ', 'Period': '5.3587657 Days', 'PhaseStart': '0.9833030873', 'PhaseEnd': '0.9910785097'}",[],5.3587657,0.9871907985,0.048985160892554044
GO,2512,Batalha,1,21,1,Failed - Archived,transit,TOI-455,TOI-455-revised,b,03:01:51.3937,-16:35:36.03,NIRSPEC,BOTS,G395H,F290LP,SUB2048,NRSRAPID,3,4468,6.29,2024-09-02 13:07:21,2024-09-02 17:29:30,,0,455.01 (x1) : toi-455.01 (t1),"['PeriodZeroPhase', 'TimeSeriesObservation']","{'ZeroPhase': '2458412.70851 ', 'Period': '5.3587657 Days', 'PhaseStart': '0.9803030873', 'PhaseEnd': '0.9880785097'}",[],5.3587657,0.9841907985,0.04890740666891507
GO,2512,Batalha,1,921,1,Archived,transit,TOI-455,TOI-455-revised,b,03:01:51.3937,-16:35:36.03,NIRSPEC,BOTS,G395H,F290LP,SUB2048,NRSRAPID,3,4468,6.29,2025-09-01 22:37:46,2025-09-02 04:43:42,,0,455.01 (x1) : wopr toi-455.01 (t1),"['PeriodZeroPhase', 'TimeSeriesObservation']","{'ZeroPhase': '2458412.70851 ', 'Period': '5.3587657 Days', 'PhaseStart': '0.9803030873', 'PhaseEnd': '0.9880785097'}",[],5.3587657,0.9841907985,0.04890740666891507
GO,2512,Batalha,1,15,1,Archived,transit,TOI-175,TOI-175,c,08:18:7.8865,-68:18:52.08,NIRSPEC,BOTS,G395H,F290LP,SUB2048,NRSRAPID,4,3311,5.91,2023-07-13 03:49:35,2023-07-13 09:19:21,,0,175.01 (x2) : toi-175.01 (t1),"['PeriodZeroPhase', 'TimeSeriesObservation']","{'ZeroPhase': '2458367.273750 ', 'Period': '3.6906777 Days', 'PhaseStart': '0.9753553359 ', 'PhaseEnd': '0.986645042'}",[],3.6906776999999997,0.98100018895,0.06672216324931327
GO,2512,Batalha,1,16,1,Archived,transit,TOI-175,TOI-175,c,08:18:7.8865,-68:18:52.08,NIRSPEC,BOTS,G395H,F290LP,SUB2048,NRSRAPID,4,3311,5.91,2023-07-09 11:59:39,2023-07-09 16:51:08,,0,175.01 (x2) : toi-175.01 (t2),"['PeriodZeroPhase', 'TimeSeriesObservation']","{'ZeroPhase': '2458367.273750', 'Period': '3.6906777 Days', 'PhaseStart': '0.9753553359', 'PhaseEnd': '0.986645042 '}",[],3.6906776999999997,0.98100018895,0.06672216324931327
GO,2512,Batalha,1,17,1,Archived,transit,TOI-402,TOI-402,b,02:27:28.2923,-27:38:10.02,NIRSPEC,BOTS,G395H,F290LP,SUB2048,NRSRAPID,4,5500,9.04,2023-07-16 21:49:04,2023-07-17 06:03:25,,0,402.01 (x1) : toi-402.01 (t1),"['PeriodZeroPhase', 'TimeSeriesObservation']","{'ZeroPhase': '2458411.463494', 'Period': '4.75597367928781 Days', 'PhaseStart': '0.9621240545', 'PhaseEnd': '0.9708849664 '}",[],4.75597367928781,0.9665045104500001,0.07919864407724626
GO,2512,Batalha,1,18,1,Archived,transit,TOI-402,TOI-402,c,02:27:28.2923,-27:38:10.02,NIRSPEC,BOTS,G395H,F290LP,SUB2048,NRSRAPID,4,4654,7.8,2023-07-24 04:05:54,2023-07-24 10:39:13,,0,402.02 (x2) : toi-402.02 (t1),"['PeriodZeroPhase', 'TimeSeriesObservation']","{'ZeroPhase': '2458414.55', 'Period': '17.180721 Days', 'PhaseStart': '0.992342858', 'PhaseEnd': '0.9947680569'}",[],17.180721,0.9935554574500001,0.01891655187229919
GO,2512,Batalha,1,19,1,Archived,transit,TOI-402,TOI-402,c,02:27:28.2923,-27:38:10.02,NIRSPEC,BOTS,G395H,F290LP,SUB2048,NRSRAPID,4,4654,7.8,2023-08-27 10:25:37,2023-08-27 17:33:13,,0,402.02 (x2) : toi-402.02 (t2),"['PeriodZeroPhase', 'TimeSeriesObservation']","{'ZeroPhase': '2460149.75614', 'Period': '17.180721 Days', 'PhaseStart': '0.992342858', 'PhaseEnd': '0.9947680569'}",[],17.180721,0.9935554574500001,0.01891655187229919
GO,2571,Libby-Roberts,1,1,1,Archived,transit,Kepler-51,KEPLER-51,d,19:45:55.1430,+49:56:15.54,NIRSPEC,BOTS,PRISM,CLEAR,SUB512,NRSRAPID,12,9041,18.3,2023-06-26 02:10:16,2023-06-26 17:46:04,,12,Kepler-51d : kepler-51d,"['PeriodZeroPhase', 'TimeSeriesObservation']","{'ZeroPhase': '2459991.7465', 'Period': '130.1845 Days', 'PhaseStart': '0.9974397181641755', 'PhaseEnd': '0.9977597533936535'}",[],130.1845,0.9975997357789146,0.005857072078473243
GO,2589,Lim,1,1,1,Archived,transit,TRAPPIST-1,TRAPPIST-1,b,23:06:30.3341,-05:02:36.46,NIRISS,SOSS,None,CLEAR,SUBSTRIP256,NISRAPID,18,153,6.47,2022-07-18 12:44:20,2022-07-18 18:48:37,,0,TRAPPIST-1 : trappist-1b,"['Between', 'OrientRange', 'TimeSeriesObservation']",,"[{'After': '17-JUL-2022:01:43:33', 'Before': '17-JUL-2022:02:43:33'}, {'After': '18-JUL-2022:14:00:06', 'Before': '18-JUL-2022:15:00:06'}, {'After': '20-JUL-2022:02:15:42', 'Before': '20-JUL-2022:03:15:42'}, {'After': '21-JUL-2022:14:31:03', 'Before': '21-JUL-2022:15:31:03'}, {'After': '15-JUL-2022:13:28:01', 'Before': '15-JUL-2022:14:28:01'}, {'After': '14-JUL-2022:01:12:41', 'Before': '14-JUL-2022:02:12:41'}, {'After': '23-JUL-2022:02:46:35', 'Before': '23-JUL-2022:03:46:35'}]",,,
GO,2589,Lim,1,2,1,Archived,transit,TRAPPIST-1,TRAPPIST-1,b,23:06:30.3341,-05:02:36.46,NIRISS,SOSS,None,CLEAR,SUBSTRIP256,NISRAPID,18,153,6.47,2022-07-20 00:59:56,2022-07-20 07:04:06,,0,TRAPPIST-1 : trappist-1b,"['Between', 'OrientRange', 'TimeSeriesObservation']",,"[{'After': '17-JUL-2022:01:43:33', 'Before': '17-JUL-2022:02:43:33'}, {'After': '18-JUL-2022:14:00:06', 'Before': '18-JUL-2022:15:00:06'}, {'After': '20-JUL-2022:02:15:42', 'Before': '20-JUL-2022:03:15:42'}, {'After': '21-JUL-2022:14:31:03', 'Before': '21-JUL-2022:15:31:03'}, {'After': '15-JUL-2022:13:28:01', 'Before': '15-JUL-2022:14:28:01'}, {'After': '14-JUL-2022:01:12:41', 'Before': '14-JUL-2022:02:12:41'}, {'After': '23-JUL-2022:02:46:35', 'Before': '23-JUL-2022:03:46:35'}]",,,
GO,2589,Lim,1,3,1,Archived,transit,TRAPPIST-1,TRAPPIST-1,c,23:06:30.3341,-05:02:36.46,NIRISS,SOSS,None,CLEAR,SUBSTRIP256,NISRAPID,18,159,6.67,2022-10-28 17:45:31,2022-10-28 23:34:49,,0,TRAPPIST-1 : trappist-1c,"['Between', 'OrientRange', 'TimeSeriesObservation']",,"[{'After': '23-JUL-2022:21:36:59', 'Before': '23-JUL-2022:22:36:59'}, {'After': '21-JUL-2022:11:29:16', 'Before': '21-JUL-2022:12:29:16'}, {'After': '16-JUL-2022:15:15:31', 'Before': '16-JUL-2022:16:15:31'}, {'After': '14-JUL-2022:05:07:55', 'Before': '14-JUL-2022:06:07:55'}, {'After': '26-JUL-2022:07:44:48', 'Before': '26-JUL-2022:08:44:48'}, {'After': '23-OCT-2022:21:56:16', 'Before': '23-OCT-2022:22:56:16'}, {'After': '26-OCT-2022:08:04:10', 'Before': '26-OCT-2022:09:04:10'}, {'After': '28-OCT-2022:18:11:52', 'Before': '28-OCT-2022:19:11:52'}, {'After': '31-OCT-2022:04:18:24', 'Before': '31-OCT-2022:05:18:24'}, {'After': '02-NOV-2022:14:25:53', 'Before': '02-NOV-2022:15:25:53'}, {'After': '05-NOV-2022:00:33:16', 'Before': '05-NOV-2022:01:33:16'}, {'After': '07-NOV-2022:10:41:10', 'Before': '07-NOV-2022:11:41:10'}, {'After': '09-NOV-2022:20:48:48', 'Before': '09-NOV-2022:21:48:48'}, {'After': '12-NOV-2022:06:55:16', 'Before': '12-NOV-2022:07:55:16'}, {'After': '14-NOV-2022:17:02:43', 'Before': '14-NOV-2022:18:02:43'}, {'After': '17-NOV-2022:03:10:17', 'Before': '17-NOV-2022:04:10:17'}, {'After': '19-NOV-2022:13:18:09', 'Before': '19-NOV-2022:14:18:09'}, {'After': '21-NOV-2022:23:25:46', 'Before': '22-NOV-2022:00:25:46'}, {'After': '24-NOV-2022:09:32:06', 'Before': '24-NOV-2022:10:32:06'}, {'After': '26-NOV-2022:19:39:35', 'Before': '26-NOV-2022:20:39:35'}, {'After': '29-NOV-2022:05:47:18', 'Before': '29-NOV-2022:06:47:18'}, {'After': '01-DEC-2022:15:55:09', 'Before': '01-DEC-2022:16:55:09'}, {'After': '04-DEC-2022:02:02:40', 'Before': '04-DEC-2022:03:02:40'}, {'After': '06-DEC-2022:12:08:56', 'Before': '06-DEC-2022:13:08:56'}, {'After': '08-DEC-2022:22:16:29', 'Before': '08-DEC-2022:23:16:29'}, {'After': '11-DEC-2022:08:24:20', 'Before': '11-DEC-2022:09:24:20'}, {'After': '13-DEC-2022:18:32:06', 'Before': '13-DEC-2022:19:32:06'}]",,,
GO,2589,Lim,1,4,1,Archived,transit,TRAPPIST-1,TRAPPIST-1,c,23:06:30.3341,-05:02:36.46,NIRISS,SOSS,None,CLEAR,SUBSTRIP256,NISRAPID,18,159,6.76,2023-10-31 20:16:59,2023-11-01 02:06:43,,0,TRAPPIST-1 : trappist-1c,"['Between', 'OrientRange', 'TimeSeriesObservation']",,"[{'After': '23-JUL-2022:21:36:59', 'Before': '23-JUL-2022:22:36:59'}, {'After': '21-JUL-2022:11:29:16', 'Before': '21-JUL-2022:12:29:16'}, {'After': '16-JUL-2022:15:15:31', 'Before': '16-JUL-2022:16:15:31'}, {'After': '14-JUL-2022:05:07:55', 'Before': '14-JUL-2022:06:07:55'}, {'After': '26-JUL-2022:07:44:48', 'Before': '26-JUL-2022:08:44:48'}, {'After': '23-OCT-2022:21:56:16', 'Before': '23-OCT-2022:22:56:16'}, {'After': '26-OCT-2022:08:04:10', 'Before': '26-OCT-2022:09:04:10'}, {'After': '28-OCT-2022:18:11:52', 'Before': '28-OCT-2022:19:11:52'}, {'After': '31-OCT-2022:04:18:24', 'Before': '31-OCT-2022:05:18:24'}, {'After': '02-NOV-2022:14:25:53', 'Before': '02-NOV-2022:15:25:53'}, {'After': '05-NOV-2022:00:33:16', 'Before': '05-NOV-2022:01:33:16'}, {'After': '07-NOV-2022:10:41:10', 'Before': '07-NOV-2022:11:41:10'}, {'After': '09-NOV-2022:20:48:48', 'Before': '09-NOV-2022:21:48:48'}, {'After': '12-NOV-2022:06:55:16', 'Before': '12-NOV-2022:07:55:16'}, {'After': '14-NOV-2022:17:02:43', 'Before': '14-NOV-2022:18:02:43'}, {'After': '17-NOV-2022:03:10:17', 'Before': '17-NOV-2022:04:10:17'}, {'After': '19-NOV-2022:13:18:09', 'Before': '19-NOV-2022:14:18:09'}, {'After': '21-NOV-2022:23:25:46', 'Before': '22-NOV-2022:00:25:46'}, {'After': '24-NOV-2022:09:32:06', 'Before': '24-NOV-2022:10:32:06'}, {'After': '26-NOV-2022:19:39:35', 'Before': '26-NOV-2022:20:39:35'}, {'After': '29-NOV-2022:05:47:18', 'Before': '29-NOV-2022:06:47:18'}, {'After': '01-DEC-2022:15:55:09', 'Before': '01-DEC-2022:16:55:09'}, {'After': '04-DEC-2022:02:02:40', 'Before': '04-DEC-2022:03:02:40'}, {'After': '06-DEC-2022:12:08:56', 'Before': '06-DEC-2022:13:08:56'}, {'After': '08-DEC-2022:22:16:29', 'Before': '08-DEC-2022:23:16:29'}, {'After': '11-DEC-2022:08:24:20', 'Before': '11-DEC-2022:09:24:20'}, {'After': '13-DEC-2022:18:32:06', 'Before': '13-DEC-2022:19:32:06'}, {'After': '08-NOV-2023:03:18:57', 'Before': '08-NOV-2023:04:18:57'}, {'After': '05-NOV-2023:17:10:50', 'Before': '05-NOV-2023:18:10:50'}, {'After': '03-NOV-2023:07:03:17', 'Before': '03-NOV-2023:08:03:17'}, {'After': '31-OCT-2023:20:55:52', 'Before': '31-OCT-2023:21:55:52'}, {'After': '29-OCT-2023:10:49:33', 'Before': '29-OCT-2023:11:49:33'}, {'After': '27-OCT-2023:00:41:50', 'Before': '27-OCT-2023:01:41:50'}, {'After': '24-OCT-2023:14:33:37', 'Before': '24-OCT-2023:15:33:37'}]",,,
GO,2589,Lim,1,5,1,Skipped,transit,TRAPPIST-1,TRAPPIST-1,g,23:06:30.3341,-05:02:36.46,NIRSPEC,BOTS,PRISM,CLEAR,SUB512,NRSRAPID,6,11117,6.71,,,,0,TRAPPIST-1 : trappist-1g,"['Between', 'TimeSeriesObservation']",,"[{'After': '28-MAY-2022:18:43:39', 'Before': '28-MAY-2022:19:43:39'}, {'After': '10-JUN-2022:03:15:39', 'Before': '10-JUN-2022:04:15:39'}, {'After': '04-JUL-2022:20:09:33', 'Before': '04-JUL-2022:21:09:33'}, {'After': '17-JUL-2022:04:41:12', 'Before': '17-JUL-2022:05:41:12'}, {'After': '29-JUL-2022:12:57:50', 'Before': '29-JUL-2022:13:57:50'}, {'After': '11-OCT-2022:15:33:42', 'Before': '11-OCT-2022:16:33:42'}, {'After': '05-NOV-2022:08:36:40', 'Before': '05-NOV-2022:09:36:40'}, {'After': '12-DEC-2022:09:55:32', 'Before': '12-DEC-2022:10:55:32'}, {'After': '24-DEC-2022:18:14:59', 'Before': '24-DEC-2022:19:14:59'}]",,,
GO,2589,Lim,1,7,1,Archived,transit,TRAPPIST-1,TRAPPIST-1,g,23:06:30.3341,-05:02:36.46,NIRSPEC,BOTS,PRISM,CLEAR,SUB512,NRSRAPID,6,11117,6.74,2022-12-12 08:45:33,2022-12-12 14:57:48,,0,TRAPPIST-1 : trappist-1g,"['Between', 'TimeSeriesObservation']",,"[{'After': '28-MAY-2022:18:43:39', 'Before': '28-MAY-2022:19:43:39'}, {'After': '10-JUN-2022:03:15:39', 'Before': '10-JUN-2022:04:15:39'}, {'After': '04-JUL-2022:20:09:33', 'Before': '04-JUL-2022:21:09:33'}, {'After': '17-JUL-2022:04:41:12', 'Before': '17-JUL-2022:05:41:12'}, {'After': '29-JUL-2022:12:57:50', 'Before': '29-JUL-2022:13:57:50'}, {'After': '11-OCT-2022:15:33:42', 'Before': '11-OCT-2022:16:33:42'}, {'After': '05-NOV-2022:08:36:40', 'Before': '05-NOV-2022:09:36:40'}, {'After': '12-DEC-2022:09:55:32', 'Before': '12-DEC-2022:10:55:32'}, {'After': '24-DEC-2022:18:14:59', 'Before': '24-DEC-2022:19:14:59'}]",,,
GO,2589,Lim,1,6,1,Archived,transit,TRAPPIST-1,TRAPPIST-1,g,23:06:30.3341,-05:02:36.46,NIRSPEC,BOTS,PRISM,CLEAR,SUB512,NRSRAPID,6,11117,6.71,2022-07-17 03:35:50,2022-07-17 09:43:23,,0,TRAPPIST-1 : trappist-1g,"['Between', 'TimeSeriesObservation']",,"[{'After': '28-MAY-2022:18:43:39', 'Before': '28-MAY-2022:19:43:39'}, {'After': '10-JUN-2022:03:15:39', 'Before': '10-JUN-2022:04:15:39'}, {'After': '04-JUL-2022:20:09:33', 'Before': '04-JUL-2022:21:09:33'}, {'After': '17-JUL-2022:04:41:12', 'Before': '17-JUL-2022:05:41:12'}, {'After': '29-JUL-2022:12:57:50', 'Before': '29-JUL-2022:13:57:50'}, {'After': '11-OCT-2022:15:33:42', 'Before': '11-OCT-2022:16:33:42'}, {'After': '05-NOV-2022:08:36:40', 'Before': '05-NOV-2022:09:36:40'}, {'After': '12-DEC-2022:09:55:32', 'Before': '12-DEC-2022:10:55:32'}, {'After': '24-DEC-2022:18:14:59', 'Before': '24-DEC-2022:19:14:59'}]",,,
GO,2594,Spake,1,1,1,Archived,transit,HATS-72,HATS-72,b,22:36:6.2016,-17:00:1.10,NIRSPEC,BOTS,G395M,F290LP,SUB2048,NRSRAPID,18,1336,8.37,2023-11-14 23:30:35,2023-11-15 07:06:30,,12,HATS-72 : g395m transit,"['PeriodZeroPhase', 'TimeSeriesObservation']","{'ZeroPhase': '2458087.54782', 'Period': '7.3279474 Days', 'PhaseStart': '0.94106', 'PhaseEnd': '0.95221'}",[],7.327947399999999,0.946635,0.04759177174224804
GO,2594,Spake,1,2,1,Archived,transit,HATS-72,HATS-72,b,22:36:6.2016,-17:00:1.10,NIRISS,SOSS,None,CLEAR,FULL,NISRAPID,4,405,8.32,2023-06-14 02:36:54,2023-06-14 03:56:35,,12,HATS-72 : soss transit,"['PeriodZeroPhase', 'TimeSeriesObservation']","{'ZeroPhase': '2458087.54782', 'Period': '7.3279474 Days', 'PhaseStart': '0.94106', 'PhaseEnd': '0.95221'}",[],7.327947399999999,0.946635,0.04730747203052613
GO,2667,Wakeford,1,1,1,Skipped,transit,HD 209458,HD-209458,b,22:03:10.8053,+18:53:3.27,MIRI,LRS,None,None,SLITLESSPRISM,FASTR1,7,20191,9.37,,,,12, : hd209_miri_transit,"['NoParallelAttachments', 'PeriodZeroPhase', 'TimeSeriesObservation']","{'ZeroPhase': '2451659.93742', 'Period': '3.5247486 Days', 'PhaseStart': '0.9030663728282162', 'PhaseEnd': '0.9148875468735558'}",[],3.5247486,0.908976959850886,0.11076440080483092
GO,2667,Wakeford,1,51,1,Archived,transit,HD 209458,HD-209458,b,22:03:10.8053,+18:53:3.27,MIRI,LRS,None,None,SLITLESSPRISM,FASTR1,7,20191,9.37,2023-07-14 14:26:35,2023-07-14 22:50:43,,12, : hd209_miri_transit,"['NoParallelAttachments', 'PeriodZeroPhase', 'TimeSeriesObservation']","{'ZeroPhase': '2451659.93742', 'Period': '3.5247486 Days', 'PhaseStart': '0.9030663728282162', 'PhaseEnd': '0.9148875468735558'}",[],3.5247486,0.908976959850886,0.11076440080483092
GO,2708,Berta-Thompson,1,1,1,Archived,eclipse,LTT 1445 A,LTT1445A,b,03:01:50.9800,-16:35:40.32,MIRI,LRS,None,None,SLITLESSPRISM,FASTR1,5,22862,8.0,2022-08-27 16:01:50,2022-08-27 23:25:34,,12,First Visit with Wider Baseline : visit 1,"['NoParallelAttachments', 'OrientRange', 'PeriodZeroPhase', 'TimeSeriesObservation']","{'ZeroPhase': '2458412.70851', 'Period': '5.3587657 Days', 'PhaseStart': '0.469364835886244', 'PhaseEnd': '0.47714025825014145'}",[],5.3587657,0.47325254706819275,0.06220337891117974
GO,2708,Berta-Thompson,1,2,1,Archived,eclipse,LTT 1445 A,LTT1445A,b,03:01:50.9800,-16:35:40.32,MIRI,LRS,None,None,SLITLESSPRISM,FASTR1,5,14185,5.45,2022-12-23 14:39:33,2022-12-23 19:44:30,,12,Second Visit : visit 1,"['NoParallelAttachments', 'OrientRange', 'PeriodZeroPhase', 'TimeSeriesObservation']","{'ZeroPhase': '2458412.70851', 'Period': '5.3587657 Days', 'PhaseStart': '0.4789545234683842', 'PhaseEnd': '0.4867299458322817'}",[],5.3587657,0.48284223465033294,0.04237605188324119
GO,2708,Berta-Thompson,1,3,1,Archived,eclipse,LTT 1445 A,LTT1445A,b,03:01:50.9800,-16:35:40.32,MIRI,LRS,None,None,SLITLESSPRISM,FASTR1,5,14185,5.45,2023-08-05 16:21:10,2023-08-05 21:26:22,,12,Third Visit : visit 1,"['NoParallelAttachments', 'OrientRange', 'PeriodZeroPhase', 'TimeSeriesObservation']","{'ZeroPhase': '2458412.70851', 'Period': '5.3587657 Days', 'PhaseStart': '0.4789545234683842', 'PhaseEnd': '0.4867299458322817'}",[],5.3587657,0.48284223465033294,0.04237605188324119
GO,2722,Madhusudhan,1,1,1,Archived,transit,K2-18,K2-18,b,11:30:14.4311,+07:35:16.13,NIRSPEC,BOTS,G395H,F290LP,SUB2048,NRSRAPID,12,1625,7.16,2023-01-20 18:37:38,2023-01-21 01:11:32,,12,K2-18b : g395h,"['PeriodZeroPhase', 'TimeSeriesObservation']","{'ZeroPhase': '2457725.551189', 'Period': '32.940045 Days', 'PhaseStart': '0.9955727645990364', 'PhaseEnd': '0.9968376889993117'}",[],32.940045,0.9962052267991741,0.009056858705971208
GO,2722,Madhusudhan,1,2,1,Archived,transit,K2-18,K2-18,b,11:30:14.4311,+07:35:16.13,MIRI,LRS,None,None,SLITLESSPRISM,FASTR1,25,5095,7.86,2024-04-25 21:51:08,2024-04-26 05:05:42,,12,K2-18b : miri,"['NoParallelAttachments', 'PeriodZeroPhase', 'TimeSeriesObservation']","{'ZeroPhase': '2457725.551189', 'Period': '32.940045 Days', 'PhaseStart': '0.9949403023988987', 'PhaseEnd': '0.9962052267991741'}",[],32.940045,0.9955727645990364,0.009942305786163924
GO,2722,Madhusudhan,1,3,1,Archived,transit,K2-18,K2-18,b,11:30:14.4311,+07:35:16.13,NIRISS,SOSS,None,CLEAR,SUBSTRIP256,NISRAPID,4,648,6.94,2023-06-01 13:49:20,2023-06-01 19:36:05,,12,K2-18b : niriss,"['PeriodZeroPhase', 'TimeSeriesObservation']","{'ZeroPhase': '2457725.551189', 'Period': '32.940045 Days', 'PhaseStart': '0.99620522679917412', 'PhaseEnd': '0.99747015119944937'}",[],32.940045,0.9968376889993118,0.00877857533791064
COM,2734,Pontoppidan,0,1,1,Archived,transit,HAT-P-18,HAT-P-18,b,17:05:23.1302,+33:00:44.37,NIRISS,SOSS,None,CLEAR,SUBSTRIP256,NISRAPID,9,469,8.18,2022-06-13 03:11:52,2022-06-13 11:59:06,,12, : hat-p-18b niriss soss transit,"['OrientRange', 'PeriodZeroPhase', 'TimeSeriesObservation']","{'ZeroPhase': '2459033.31734', 'Period': '5.5080234 Days', 'PhaseStart': '0.9712540537079578', 'PhaseEnd': '0.9788187764163899'}",[],5.5080234,0.9750364150621739,0.06187942726120832
COM,2734,Pontoppidan,0,2,1,Archived,transit,WASP-96,WASP-96,b,00:04:11.1377,-47:21:38.32,NIRISS,SOSS,None,CLEAR,SUBSTRIP256,NISRAPID,14,280,7.51,2022-06-21 02:41:18,2022-06-21 10:48:41,,12, : wasp-96b niriss soss transit,"['OrientRange', 'PeriodZeroPhase', 'TimeSeriesObservation']","{'ZeroPhase': '2459111.30170', 'Period': '3.4252602 Days', 'PhaseStart': '0.9549912539004579', 'PhaseEnd': '0.9671557798733071'}",[],3.4252602,0.9610735168868825,0.09135559005609753
GTO,2759,Lafreniere,2,1,1,Archived,transit,L 231-32,L-231-32,d,04:33:39.8638,-51:57:26.75,NIRISS,SOSS,None,CLEAR,SUBSTRIP256,NISRAPID,3,1055,8.53,2024-08-06 08:37:54,2024-08-06 16:01:47,,12,L231-32d : transit,"['OrientRange', 'PeriodZeroPhase', 'TimeSeriesObservation']","{'ZeroPhase': '2458389.68186', 'Period': '11.379573 Days', 'PhaseStart': '0.986515', 'PhaseEnd': '0.990182'}",[],11.379573,0.9883485000000001,0.03123286494727584
SURVEY,2765,Valenti,1,1,1,Withdrawn,phase curve,TOI-849,TOI-849,b,01:54:51.7910,-29:25:18.15,NIRSPEC,BOTS,PRISM,CLEAR,SUB512,NRSRAPID,3,37500,23.41,,,,0," : toi-849 b, 1.05 period",['TimeSeriesObservation'],,[],,,
SURVEY,2765,Valenti,1,2,1,Withdrawn,phase curve,TOI-849,TOI-849,b,01:54:51.7910,-29:25:18.15,NIRSPEC,BOTS,PRISM,CLEAR,SUB512,NRSRAPID,3,37500,34.64,,,,0," : toi-849 b, 1.57 period",['TimeSeriesObservation'],,[],,,
SURVEY,2765,Valenti,1,3,1,Withdrawn,phase curve,TOI-849,TOI-849,b,01:54:51.7910,-29:25:18.15,NIRSPEC,BOTS,PRISM,CLEAR,SUB512,NRSRAPID,3,37500,45.87,,,,0," : toi-849 b, 2.1 period",['TimeSeriesObservation'],,[],,,
SURVEY,2765,Valenti,1,4,1,Withdrawn,phase curve,TOI-2109,TOI-2109,b,16:52:44.7110,+16:34:47.69,NIRSPEC,BOTS,G395H,F290LP,SUB2048,NRSRAPID,23,2819,20.76,,,,0," : toi-2109 b, 1.05 period",['TimeSeriesObservation'],,[],,,
SURVEY,2765,Valenti,1,5,1,Withdrawn,phase curve,TOI-2109,TOI-2109,b,16:52:44.7110,+16:34:47.69,NIRSPEC,BOTS,G395H,F290LP,SUB2048,NRSRAPID,23,4214,30.51,,,,0," : toi-2109 b, 1.57 period",['TimeSeriesObservation'],,[],,,
SURVEY,2765,Valenti,1,6,1,Withdrawn,phase curve,TOI-2109,TOI-2109,b,16:52:44.7110,+16:34:47.69,NIRSPEC,BOTS,G395H,F290LP,SUB2048,NRSRAPID,23,5637,40.45,,,,0," : toi-2109 b, 2.1 period",['TimeSeriesObservation'],,[],,,
DD,2783,Powell,1,1,1,Archived,transit,WASP-39,WASP-39,b,14:29:18.3955,-03:26:40.20,MIRI,LRS,None,None,SLITLESSPRISM,FASTR1,100,1779,10.29,2023-02-14 13:44:35,2023-02-14 23:00:46,,0, : transit observation,"['NoParallelAttachments', 'PeriodZeroPhase', 'TimeSeriesObservation']","{'ZeroPhase': '2457792.356338', 'Period': '4.05527999 Days', 'PhaseStart': '0.95248', 'PhaseEnd': '0.96275'}",[],4.05527999,0.957615,0.1057263619422737
GO,2950,Waters,2,1,1,Archived,transit,HAT-P-1,HAT-P-1,b,22:57:46.8872,+38:40:29.71,MIRI,LRS,None,None,SLITLESSPRISM,FASTR1,49,3486,10.01,2024-10-27 03:59:32,2024-10-27 12:32:25,,12,HAT-P-1b transit LRS : hat-p-1b transit lrs,"['OrientRange', 'PeriodZeroPhase', 'TimeSeriesObservation']","{'ZeroPhase': '2454381.80898', 'Period': '4.46529958 Days', 'PhaseStart': '0.9547', 'PhaseEnd': '0.9645'}",[],4.46529958,0.9596,0.09340545373516312
GO,2950,Waters,2,2,1,Archived,transit,HD 106315,HD106315,c,12:13:53.3938,-00:23:36.37,MIRI,LRS,None,None,SLITLESSPRISM,FASTR1,19,6382,14.17,2024-06-13 00:21:21,2024-06-13 12:52:51,,12,HD106315c transit LRS : hd106315c transit lrs,"['PeriodZeroPhase', 'TimeSeriesObservation']","{'ZeroPhase': '2458432.34123', 'Period': '21.056614 Days', 'PhaseStart': '0.98686', 'PhaseEnd': '0.98894'}",[],21.056614,0.9879,0.028039487576999166
GO,2950,Waters,2,3,1,Archived,transit,HAT-P-11,HAT-P-11,b,19:50:50.4423,+48:04:54.71,MIRI,LRS,None,None,SLITLESSPRISM,FASTR1,9,15229,8.88,2024-10-29 06:12:38,2024-10-29 14:27:42,,12,HAT-P-11b transit LRS : hat-p-11b transit lrs,"['OrientRange', 'PeriodZeroPhase', 'TimeSeriesObservation']","{'ZeroPhase': '2457631.44091', 'Period': '4.88780232 Days', 'PhaseStart': '0.9628', 'PhaseEnd': '0.9718'}",[],4.88780232,0.9673,0.075698642411545
GO,2961,Molliere,2,1,1,Archived,eclipse,WASP-121,WASP-121B,b,07:10:24.0555,-39:05:50.17,MIRI,LRS,None,None,SLITLESSPRISM,FASTR1,83,1849,9.04,2024-04-10 16:21:13,2024-04-11 00:39:15,,12,Eclipse of WASP 121 b : miri-lrs_wasp121b,"['OrientRange', 'PeriodZeroPhase', 'TimeSeriesObservation']","{'ZeroPhase': '2458119.72074', 'Period': '1.27492550 Days', 'PhaseStart': '0.3729', 'PhaseEnd': '0.40565'}",[],1.2749255,0.38927500000000004,0.2954420996887008
GO,3077,Gillon,2,1,1,Archived,phase curve,TRAPPIST-1,TRAPPIST-1,b c,23:06:29.3685,-05:02:29.04,MIRI,Imaging TS,None,F1500W,BRIGHTSKY,FASTR1,45,3473,45.4,2023-11-22 18:33:39,2023-11-24 10:13:19,,0,Phasecurve_b+c : phasecurve_b+c,"['Between', 'OrientRange', 'TimeSeriesObservation']",,"[{'After': '10-NOV-2023:18:30:00', 'Before': '10-NOV-2023:19:30:00'}, {'After': '22-NOV-2023:19:45:00', 'Before': '22-NOV-2023:20:45:00'}]",,,
GO,3077,Gillon,2,2,1,Archived,phase curve,TRAPPIST-1,TRAPPIST-1,b c,23:06:29.3685,-05:02:29.04,MIRI,Imaging TS,None,F1500W,BRIGHTSKY,FASTR1,45,1863,24.04,2023-11-24 10:13:23,2023-11-25 06:55:41,,0,Phasecurve_b+c : phasecurve_b+c,"['OrientRange', 'TimeSeriesObservation']",,[],,,
GO,3154,Ahrer,2,1,1,Archived,transit,WASP-94 A,WASP-94A,b,20:55:7.9774,-34:08:8.70,NIRSPEC,BOTS,G395H,F290LP,SUB2048,NRSRAPID,21,1451,10.35,2024-06-07 13:44:14,2024-06-07 22:49:03,,12, : nirspec transit observation wasp-94ab,"['PeriodZeroPhase', 'TimeSeriesObservation']","{'ZeroPhase': '2458328.29911', 'Period': '3.95019 Days', 'PhaseStart': '0.9525339287477311', 'PhaseEnd': '0.9630819445815686'}",[],3.95019,0.9578079366646499,0.10917196388021841
GO,3171,Kanodia,2,1,1,Archived,transit,TOI-3984,TOI-3984,b,15:05:20.9784,+36:47:12.45,NIRSPEC,BOTS,PRISM,CLEAR,SUB512,NRSRAPID,4,18105,7.71,2024-04-28 07:02:51,2024-04-28 13:32:14,,0,TOI-3984 : toi-3984,"['PeriodZeroPhase', 'TimeSeriesObservation']","{'ZeroPhase': '2459715.02268', 'Period': '4.353326 Days', 'PhaseStart': '0.966405', 'PhaseEnd': '0.97597622'}",[],4.353326,0.97119061,0.07379415187376273
GO,3171,Kanodia,2,2,1,Archived,transit,TOI-3984,TOI-3984,b,15:05:20.9784,+36:47:12.45,NIRSPEC,BOTS,PRISM,CLEAR,SUB512,NRSRAPID,4,18105,7.71,2024-06-06 10:42:32,2024-06-06 17:51:41,,0,TOI-3984 : toi-3984,"['PeriodZeroPhase', 'TimeSeriesObservation']","{'ZeroPhase': '2459715.02268', 'Period': '4.353326 Days', 'PhaseStart': '0.966405', 'PhaseEnd': '0.97597622'}",[],4.353326,0.97119061,0.07379415187376273
GO,3171,Kanodia,2,3,1,Archived,transit,TOI-3984,TOI-3984,b,15:05:20.9784,+36:47:12.45,NIRSPEC,BOTS,PRISM,CLEAR,SUB512,NRSRAPID,4,18105,7.71,2024-06-10 19:18:55,2024-06-11 02:20:51,,0,TOI-3984 : toi-3984,"['PeriodZeroPhase', 'TimeSeriesObservation']","{'ZeroPhase': '2459715.02268', 'Period': '4.353326 Days', 'PhaseStart': '0.966405', 'PhaseEnd': '0.97597622'}",[],4.353326,0.97119061,0.07379415187376273
GO,3171,Kanodia,2,4,1,Archived,transit,TOI-3757,TOI-3757,b,06:04:0.8904,+55:01:12.59,NIRSPEC,BOTS,PRISM,CLEAR,SUB512,NRSRAPID,4,17460,7.47,2024-03-19 23:10:52,2024-03-20 05:47:12,,0,TOI-3757 : toi-3757,"['PeriodZeroPhase', 'TimeSeriesObservation']","{'ZeroPhase': '2458838.77148', 'Period': '3.438753 Days', 'PhaseStart': '0.958075888 ', 'PhaseEnd': '0.970192683 '}",[],3.438753,0.9641342854999999,0.0905124619302404
GO,3171,Kanodia,2,5,1,Archived,transit,TOI-3757,TOI-3757,b,06:04:0.8904,+55:01:12.59,NIRSPEC,BOTS,PRISM,CLEAR,SUB512,NRSRAPID,4,17460,7.47,2024-03-23 09:22:35,2024-03-23 16:19:24,,0,TOI-3757 : toi-3757,"['PeriodZeroPhase', 'TimeSeriesObservation']","{'ZeroPhase': '2458838.77148', 'Period': '3.438753 Days', 'PhaseStart': '0.958075888 ', 'PhaseEnd': '0.970192683 '}",[],3.438753,0.9641342854999999,0.0905124619302404
GO,3171,Kanodia,2,6,1,Archived,transit,HATS-6,HATS-6,b,05:52:35.2367,-19:01:53.97,NIRSPEC,BOTS,PRISM,CLEAR,SUB512,NRSRAPID,4,17850,7.61,2024-01-15 02:41:02,2024-01-15 09:47:38,,0,HATS-6 : hats-6,"['PeriodZeroPhase', 'TimeSeriesObservation']","{'ZeroPhase': '2456660.36771', 'Period': '3.3252725 Days', 'PhaseStart': '0.955630704 ', 'PhaseEnd': '0.968161005 '}",[],3.3252725,0.9618958545,0.09535559366437889
GO,3171,Kanodia,2,7,1,Archived,transit,HATS-6,HATS-6,b,05:52:35.2367,-19:01:53.97,NIRSPEC,BOTS,PRISM,CLEAR,SUB512,NRSRAPID,4,17850,7.61,2024-01-21 18:15:31,2024-01-22 01:25:03,,0,HATS-6 : hats-6,"['PeriodZeroPhase', 'TimeSeriesObservation']","{'ZeroPhase': '2456660.36771', 'Period': '3.3252725 Days', 'PhaseStart': '0.955630704 ', 'PhaseEnd': '0.968161005 '}",[],3.3252725,0.9618958545,0.09535559366437889
GO,3171,Kanodia,2,8,1,Skipped,transit,HATS-75,HATS-75,b,04:03:47.8393,-25:24:32.09,NIRSPEC,BOTS,PRISM,CLEAR,SUB512,NRSRAPID,5,14402,7.38,,,,0,HATS-75 : hats-75,"['PeriodZeroPhase', 'TimeSeriesObservation']","{'ZeroPhase': '2458611.05487', 'Period': '2.7886556 Days', 'PhaseStart': '0.948358031 ', 'PhaseEnd': '0.96329952 '}",[],2.7886556,0.9558287755,0.11026818801145613
GO,3171,Kanodia,2,9,1,Archived,transit,HATS-75,HATS-75,b,04:03:47.8393,-25:24:32.09,NIRSPEC,BOTS,PRISM,CLEAR,SUB512,NRSRAPID,5,14402,7.38,2024-08-09 17:38:32,2024-08-10 00:40:35,,0,HATS-75 : hats-75,"['PeriodZeroPhase', 'TimeSeriesObservation']","{'ZeroPhase': '2458611.05487', 'Period': '2.7886556 Days', 'PhaseStart': '0.948358031 ', 'PhaseEnd': '0.96329952 '}",[],2.7886556,0.9558287755,0.11026818801145613
GO,3171,Kanodia,2,10,1,Archived,transit,HATS-75,HATS-75,b,04:03:47.8393,-25:24:32.09,NIRSPEC,BOTS,PRISM,CLEAR,SUB512,NRSRAPID,5,14402,7.38,2024-08-15 07:29:18,2024-08-15 14:31:18,,0,HATS-75 : hats-75,"['PeriodZeroPhase', 'TimeSeriesObservation']","{'ZeroPhase': '2458611.05487', 'Period': '2.7886556 Days', 'PhaseStart': '0.948358031 ', 'PhaseEnd': '0.96329952 '}",[],2.7886556,0.9558287755,0.11026818801145613
GO,3171,Kanodia,2,19,1,Archived,transit,HATS-75,HATS-75,b,04:03:47.8393,-25:24:32.09,NIRSPEC,BOTS,PRISM,CLEAR,SUB512,NRSRAPID,5,14402,7.38,2024-08-18 02:24:42,2024-08-18 09:26:36,,0,HATS-75 : hats-75,"['PeriodZeroPhase', 'TimeSeriesObservation']","{'ZeroPhase': '2458611.05487', 'Period': '2.7886556 Days', 'PhaseStart': '0.948358031 ', 'PhaseEnd': '0.96329952 '}",[],2.7886556,0.9558287755,0.11026818801145613
GO,3171,Kanodia,2,11,1,Archived,transit,TOI-5293,TOI-5293,b,23:43:18.8831,-02:02:42.34,NIRSPEC,BOTS,PRISM,CLEAR,SUB512,NRSRAPID,5,14528,7.44,2024-06-27 11:04:33,2024-06-27 18:09:33,,0,TOI-5293 : toi-5293,"['PeriodZeroPhase', 'TimeSeriesObservation']","{'ZeroPhase': '2459448.9148', 'Period': '2.930289 Days', 'PhaseStart': '0.950516826 ', 'PhaseEnd': '0.964736129 '}",[],2.930289,0.9576264775000001,0.10579161304567569
GO,3171,Kanodia,2,12,1,Skipped,transit,TOI-5293,TOI-5293,b,23:43:18.8831,-02:02:42.34,NIRSPEC,BOTS,PRISM,CLEAR,SUB512,NRSRAPID,5,14528,7.44,,,,0,TOI-5293 : toi-5293,"['PeriodZeroPhase', 'TimeSeriesObservation']","{'ZeroPhase': '2459448.9148', 'Period': '2.930289 Days', 'PhaseStart': '0.950516826 ', 'PhaseEnd': '0.964736129 '}",[],2.930289,0.9576264775000001,0.10579161304567569
GO,3171,Kanodia,2,20,1,Archived,transit,TOI-5293,TOI-5293,b,23:43:18.8831,-02:02:42.34,NIRSPEC,BOTS,PRISM,CLEAR,SUB512,NRSRAPID,5,14528,7.44,2024-07-09 05:07:26,2024-07-09 11:47:55,,0,TOI-5293 : toi-5293 repeat,"['PeriodZeroPhase', 'TimeSeriesObservation']","{'ZeroPhase': '2459448.9148', 'Period': '2.930289 Days', 'PhaseStart': '0.950516826 ', 'PhaseEnd': '0.964736129 '}",[],2.930289,0.9576264775000001,0.10579161304567569
GO,3171,Kanodia,2,13,1,Archived,transit,TOI-3714,TOI-3714,b,04:38:12.5354,+39:27:29.91,NIRSPEC,BOTS,PRISM,CLEAR,SUB512,NRSRAPID,4,16622,7.16,2024-02-29 19:35:52,2024-03-01 01:32:21,,0,TOI-3714 : toi-3714,"['PeriodZeroPhase', 'TimeSeriesObservation']","{'ZeroPhase': '2458840.5093', 'Period': '2.154849 Days', 'PhaseStart': '0.935610337 ', 'PhaseEnd': '0.954946572 '}",[],2.154849,0.9452784544999999,0.13844744264369954
GO,3171,Kanodia,2,14,1,Archived,transit,TOI-3714,TOI-3714,b,04:38:12.5354,+39:27:29.91,NIRSPEC,BOTS,PRISM,CLEAR,SUB512,NRSRAPID,4,16622,7.16,2024-03-02 21:52:24,2024-03-03 04:33:15,,0,TOI-3714 : toi-3714,"['PeriodZeroPhase', 'TimeSeriesObservation']","{'ZeroPhase': '2458840.5093', 'Period': '2.154849 Days', 'PhaseStart': '0.935610337 ', 'PhaseEnd': '0.954946572 '}",[],2.154849,0.9452784544999999,0.13844744264369954
GO,3171,Kanodia,2,15,1,Archived,transit,TOI-3714,TOI-3714,b,04:38:12.5354,+39:27:29.91,NIRSPEC,BOTS,PRISM,CLEAR,SUB512,NRSRAPID,4,16622,7.15,2024-03-07 05:23:59,2024-03-07 12:04:40,,0,TOI-3714 : toi-3714,"['PeriodZeroPhase', 'TimeSeriesObservation']","{'ZeroPhase': '2458840.5093', 'Period': '2.154849 Days', 'PhaseStart': '0.935610337 ', 'PhaseEnd': '0.954946572 '}",[],2.154849,0.9452784544999999,0.1382540802936385
GO,3171,Kanodia,2,16,1,Archived,transit,TOI-5205,TOI-5205,b,20:55:4.9164,+24:21:38.71,NIRSPEC,BOTS,PRISM,CLEAR,SUB512,NRSRAPID,4,15784,6.84,2023-10-10 04:36:55,2023-10-10 10:39:10,,0,TOI-5205 : toi-5205,"['PeriodZeroPhase', 'TimeSeriesObservation']","{'ZeroPhase': '2459443.47179', 'Period': '1.630757 Days', 'PhaseStart': '0.918248601 ', 'PhaseEnd': '0.943799107 '}",[],1.6307569999999998,0.931023854,0.17476546168435889
GO,3171,Kanodia,2,17,1,Archived,transit,TOI-5205,TOI-5205,b,20:55:4.9164,+24:21:38.71,NIRSPEC,BOTS,PRISM,CLEAR,SUB512,NRSRAPID,4,15784,6.84,2023-10-11 19:22:19,2023-10-12 01:47:24,,0,TOI-5205 : toi-5205,"['PeriodZeroPhase', 'TimeSeriesObservation']","{'ZeroPhase': '2459443.47179', 'Period': '1.630757 Days', 'PhaseStart': '0.918248601 ', 'PhaseEnd': '0.943799107 '}",[],1.6307569999999998,0.931023854,0.17476546168435889
GO,3171,Kanodia,2,18,1,Archived,transit,TOI-5205,TOI-5205,b,20:55:4.9164,+24:21:38.71,NIRSPEC,BOTS,PRISM,CLEAR,SUB512,NRSRAPID,4,15784,6.84,2023-10-13 10:30:46,2023-10-13 16:55:55,,0,TOI-5205 : toi-5205,"['PeriodZeroPhase', 'TimeSeriesObservation']","{'ZeroPhase': '2459443.47179', 'Period': '1.630757 Days', 'PhaseStart': '0.918248601 ', 'PhaseEnd': '0.943799107 '}",[],1.6307569999999998,0.931023854,0.17476546168435889
GO,3231,Crossfield,2,1,1,Archived,phase curve,LTT 9779,LTT9779,b,23:54:40.5408,-37:37:41.64,NIRSPEC,BOTS,G395H,F290LP,SUB2048,NRSRAPID,7,10276,24.97,2024-10-17 07:35:52,2024-10-18 05:10:30,,12, : phase curve,"['PeriodZeroPhase', 'TimeSeriesObservation']","{'ZeroPhase': ' 2459043.310602', 'Period': '1.5841282 Days', 'PhaseStart': '0.218042', 'PhaseEnd': '0.244345'}",[],0.7920640999999999,0.462387,1.3135510960118844
GO,3235,Fortney,2,1,1,Archived,transit,Kepler-86,KEPLER-86B,b,19:19:3.2691,+51:57:45.66,NIRSPEC,BOTS,PRISM,CLEAR,SUB512,NRSRAPID,6,21000,23.75,2024-09-10 00:35:08,2024-09-10 20:53:56,,12, : ph2b,"['PeriodZeroPhase', 'TimeSeriesObservation']","{'ZeroPhase': '2455761.123', 'Period': '282.5255 Days', 'PhaseStart': '0.9983334838', 'PhaseEnd': '0.9984072234'}",[],282.5255,0.9983703535999999,0.003502633685572924
GO,3263,Luque,2,1,1,Archived,phase curve,TOI-1685,TOI-1685,b,04:34:22.5487,+43:02:13.34,NIRSPEC,BOTS,G395H,F290LP,SUB2048,NRSRAPID,16,4450,23.03,2024-02-14 22:06:50,2024-02-15 18:33:54,,12, : phase curve,"['PeriodZeroPhase', 'TimeSeriesObservation']","{'ZeroPhase': '2459910.93830', 'Period': '1.3382812 Days', 'PhaseStart': '0.17344907', 'PhaseEnd': '0.204583536'}",[],0.6691406,0.378032606,1.4340533713442787
GO,3279,Hoeijmakers,2,1,1,Archived,transit,HD 133112,HD-133112,b,15:02:44.8157,-03:01:53.35,NIRISS,SOSS,None,CLEAR,SUBSTRIP256,NISRAPID,7,857,13.19,2024-03-05 22:44:55,2024-03-06 10:00:40,,0,Transit 1/1,"['OrientRange', 'PeriodZeroPhase', 'TimeSeriesObservation']","{'ZeroPhase': '2458926.5416960', 'Period': '2.7240330 Days', 'PhaseStart': '0.9069', 'PhaseEnd': '0.9222'}",[],2.724033,0.91455,0.20175355193323039
GO,3315,Wright,2,1,1,Archived,transit,K2-22,K2-22B,b,11:17:55.8491,+02:37:8.53,MIRI,LRS,None,None,SLITLESSPRISM,FASTR1,450,151,4.57,2024-04-26 12:42:38,2024-04-26 16:52:29,,12, : transit 1,"['PeriodZeroPhase', 'TimeSeriesObservation']","{'ZeroPhase': '2458876.939', 'Period': '0.3810771 Days', 'PhaseStart': '0.780866', 'PhaseEnd': '0.890205'}",[],0.38107709999999995,0.8355355,0.4996801609613033
GO,3315,Wright,2,2,1,Archived,transit,K2-22,K2-22B,b,11:17:55.8491,+02:37:8.53,MIRI,LRS,None,None,SLITLESSPRISM,FASTR1,450,151,4.57,2024-04-24 14:41:47,2024-04-24 19:08:25,,12, : transit 2,"['PeriodZeroPhase', 'TimeSeriesObservation']","{'ZeroPhase': '2458876.939', 'Period': '0.3810771 Days', 'PhaseStart': '0.780866', 'PhaseEnd': '0.890205'}",[],0.38107709999999995,0.8355355,0.4996801609613033
GO,3315,Wright,2,3,1,Archived,phase curve,K2-22,K2-22B,b,11:17:55.8491,+02:37:8.53,MIRI,LRS,None,None,SLITLESSPRISM,FASTR1,450,305,15.2,2024-04-27 06:43:08,2024-04-27 20:20:00,,12, : phase curve,"['PeriodZeroPhase', 'TimeSeriesObservation']","{'ZeroPhase': '2458876.939168', 'Period': '0.7621542 Days', 'PhaseStart': '0.890433', 'PhaseEnd': '0.9451026'}",[],0.38107709999999995,0.8355356,1.661955896413963
GO,3385,Huang,2,1,1,Archived,transit,TOI-1130,TOI-1130,c,19:05:30.2409,-41:26:15.50,NIRSPEC,BOTS,G395H,F290LP,SUB2048,NRSRAPID,8,850,7.8,2025-04-04 15:11:17,2025-04-04 22:35:38,,12,TOI-1130 NIRSPEC BOTS : toi-1130c,"['Between', 'TimeSeriesObservation']",,"[{'After': '02-APR-2024:07:42:00', 'Before': '02-APR-2024:08:42:00'}, {'After': '10-APR-2024:16:05:00', 'Before': '10-APR-2024:17:05:00'}, {'After': '19-APR-2024:00:29:00', 'Before': '19-APR-2024:01:29:00'}, {'After': '27-APR-2024:08:55:00', 'Before': '27-APR-2024:09:55:00'}, {'After': '05-MAY-2024:17:21:00', 'Before': '05-MAY-2024:18:21:00'}, {'After': '14-MAY-2024:01:48:00', 'Before': '14-MAY-2024:02:48:00'}, {'After': '22-AUG-2024:06:14:00', 'Before': '22-AUG-2024:07:14:00'}, {'After': '30-AUG-2024:14:35:00', 'Before': '30-AUG-2024:15:35:00'}, {'After': '07-SEP-2024:22:58:00', 'Before': '07-SEP-2024:23:58:00'}, {'After': '16-SEP-2024:07:22:00', 'Before': '16-SEP-2024:08:22:00'}, {'After': '24-SEP-2024:15:46:00', 'Before': '24-SEP-2024:16:46:00'}, {'After': '03-OCT-2024:00:07:26', 'Before': '03-OCT-2024:01:07:26'}, {'After': '04-APR-2025:16:37:18', 'Before': '04-APR-2025:17:37:18'}, {'After': '13-APR-2025:01:13:47', 'Before': '13-APR-2025:02:13:47'}]",,,
GO,3385,Huang,2,2,1,Archived,transit,TOI-1130,TOI-1130,b,19:05:30.2409,-41:26:15.50,NIRSPEC,BOTS,G395H,F290LP,SUB2048,NRSRAPID,8,891,8.12,2024-08-20 08:44:54,2024-08-20 16:25:46,,12,TOI-1130 NIRSPEC BOTS : toi-1130b,"['Between', 'TimeSeriesObservation']",,"[{'After': '30-MAR-2024:17:19:00', 'Before': '30-MAR-2024:18:19:00'}, {'After': '03-APR-2024:19:16:00', 'Before': '03-APR-2024:20:16:00'}, {'After': '07-APR-2024:21:23:00', 'Before': '07-APR-2024:22:23:00'}, {'After': '11-APR-2024:23:14:00', 'Before': '12-APR-2024:00:14:00'}, {'After': '16-APR-2024:01:10:00', 'Before': '16-APR-2024:02:10:00'}, {'After': '20-APR-2024:02:54:00', 'Before': '20-APR-2024:03:54:00'}, {'After': '24-APR-2024:04:39:00', 'Before': '24-APR-2024:05:39:00'}, {'After': '28-APR-2024:06:17:00', 'Before': '28-APR-2024:07:17:00'}, {'After': '02-MAY-2024:07:51:00', 'Before': '02-MAY-2024:08:51:00'}, {'After': '06-MAY-2024:09:24:00', 'Before': '06-MAY-2024:10:24:00'}, {'After': '10-MAY-2024:10:52:00', 'Before': '10-MAY-2024:11:52:00'}, {'After': '14-MAY-2024:12:21:00', 'Before': '14-MAY-2024:13:21:00'}, {'After': '18-MAY-2024:13:47:00', 'Before': '18-MAY-2024:14:47:00'}, {'After': '20-AUG-2024:10:11:00', 'Before': '20-AUG-2024:11:11:00'}, {'After': '24-AUG-2024:12:19:00', 'Before': '24-AUG-2024:13:19:00'}, {'After': '28-AUG-2024:14:38:00', 'Before': '28-AUG-2024:15:38:00'}, {'After': '01-SEP-2024:16:42:00', 'Before': '01-SEP-2024:17:42:00'}, {'After': '05-SEP-2024:18:59:00', 'Before': '05-SEP-2024:19:59:00'}, {'After': '09-SEP-2024:20:58:00', 'Before': '09-SEP-2024:21:58:00'}, {'After': '13-SEP-2024:23:09:00', 'Before': '14-SEP-2024:00:09:00'}, {'After': '18-SEP-2024:01:02:00', 'Before': '18-SEP-2024:02:02:00'}, {'After': '26-SEP-2024:04:55:00', 'Before': '26-SEP-2024:05:55:00'}, {'After': '22-SEP-2024:03:07:00', 'Before': '22-SEP-2024:04:07:00'}]",,,
GO,3385,Huang,2,3,1,Archived,transit,TOI-1130,TOI-1130,c,19:05:30.2409,-41:26:15.50,NIRISS,SOSS,None,CLEAR,SUBSTRIP256,NISRAPID,2,1259,7.74,2024-09-07 21:26:04,2024-09-08 04:47:01,,12,TOI-1130 NIRISS SOSS : toi-1130 c,"['Between', 'OrientRange', 'TimeSeriesObservation']",,"[{'After': '02-APR-2024:07:42:00', 'Before': '02-APR-2024:08:42:00'}, {'After': '10-APR-2024:16:05:00', 'Before': '10-APR-2024:17:05:00'}, {'After': '19-APR-2024:00:29:00', 'Before': '19-APR-2024:01:29:00'}, {'After': '27-APR-2024:08:55:00', 'Before': '27-APR-2024:09:55:00'}, {'After': '05-MAY-2024:17:21:00', 'Before': '05-MAY-2024:18:21:00'}, {'After': '14-MAY-2024:01:48:00', 'Before': '14-MAY-2024:02:48:00'}, {'After': '22-AUG-2024:06:14:00', 'Before': '22-AUG-2024:07:14:00'}, {'After': '30-AUG-2024:14:35:00', 'Before': '30-AUG-2024:15:35:00'}, {'After': '07-SEP-2024:22:58:00', 'Before': '07-SEP-2024:23:58:00'}, {'After': '16-SEP-2024:07:22:00', 'Before': '16-SEP-2024:08:22:00'}, {'After': '24-SEP-2024:15:46:00', 'Before': '24-SEP-2024:16:46:00'}]",,,
GO,3385,Huang,2,4,1,Archived,transit,TOI-1130,TOI-1130,b,19:05:30.2409,-41:26:15.50,NIRISS,SOSS,None,CLEAR,SUBSTRIP256,NISRAPID,2,1320,8.07,2024-08-24 10:46:04,2024-08-24 18:23:54,,12,TOI-1130 NIRISS SOSS : toi 1130 b,"['Between', 'OrientRange', 'TimeSeriesObservation']",,"[{'After': '30-MAR-2024:17:19:00', 'Before': '30-MAR-2024:18:19:00'}, {'After': '03-APR-2024:19:16:00', 'Before': '03-APR-2024:20:16:00'}, {'After': '07-APR-2024:21:23:00', 'Before': '07-APR-2024:22:23:00'}, {'After': '11-APR-2024:23:14:00', 'Before': '12-APR-2024:00:14:00'}, {'After': '16-APR-2024:01:10:00', 'Before': '16-APR-2024:02:10:00'}, {'After': '20-APR-2024:02:54:00', 'Before': '20-APR-2024:03:54:00'}, {'After': '24-APR-2024:04:39:00', 'Before': '24-APR-2024:05:39:00'}, {'After': '28-APR-2024:06:17:00', 'Before': '28-APR-2024:07:17:00'}, {'After': '02-MAY-2024:07:51:00', 'Before': '02-MAY-2024:08:51:00'}, {'After': '06-MAY-2024:09:24:00', 'Before': '06-MAY-2024:10:24:00'}, {'After': '10-MAY-2024:10:52:00', 'Before': '10-MAY-2024:11:52:00'}, {'After': '14-MAY-2024:12:21:00', 'Before': '14-MAY-2024:13:21:00'}, {'After': '18-MAY-2024:13:47:00', 'Before': '18-MAY-2024:14:47:00'}, {'After': '20-AUG-2024:10:11:00', 'Before': '20-AUG-2024:11:11:00'}, {'After': '24-AUG-2024:12:18:00', 'Before': '24-AUG-2024:13:18:00'}, {'After': '28-AUG-2024:14:38:00', 'Before': '28-AUG-2024:15:38:00'}, {'After': '01-SEP-2024:16:42:00', 'Before': '01-SEP-2024:17:42:00'}, {'After': '05-SEP-2024:18:59:00', 'Before': '05-SEP-2024:19:59:00'}, {'After': '09-SEP-2024:20:58:00', 'Before': '09-SEP-2024:21:58:00'}, {'After': '13-SEP-2024:23:09:00', 'Before': '14-SEP-2024:00:09:00'}, {'After': '18-SEP-2024:01:02:00', 'Before': '18-SEP-2024:02:02:00'}, {'After': '22-SEP-2024:03:07:00', 'Before': '22-SEP-2024:04:07:00'}, {'After': '26-SEP-2024:04:55:00', 'Before': '26-SEP-2024:05:55:00'}]",,,
GO,3557,Madhusudhan,2,1,1,Archived,transit,TOI-1231,TOI-1231,b,10:26:59.3375,-52:28:4.16,NIRISS,SOSS,None,CLEAR,SUBSTRIP256,NISRAPID,2,1195,7.66,2025-01-21 19:04:36,2025-01-22 02:21:43,,12,TOI-1231 b : niriss,"['OrientRange', 'PeriodZeroPhase', 'TimeSeriesObservation']","{'ZeroPhase': '2458685.1163', 'Period': '24.245586 Days', 'PhaseStart': '0.994225753091717', 'PhaseEnd': '0.995944278957277'}",[],24.245586,0.9950850160244971,0.01316390813019189
GO,3557,Madhusudhan,2,2,1,Archived,transit,TOI-1231,TOI-1231,b,10:26:59.3375,-52:28:4.16,NIRSPEC,BOTS,G395H,F290LP,SUB2048,NRSRAPID,7,2726,7.36,2024-04-30 02:52:48,2024-04-30 09:18:42,,12,TOI-1231 b : g395h,"['PeriodZeroPhase', 'TimeSeriesObservation']","{'ZeroPhase': '2458685.1163', 'Period': '24.245586 Days', 'PhaseStart': '0.994225753091717', 'PhaseEnd': '0.995944278957277'}",[],24.245586,0.9950850160244971,0.0126483503705238
GO,3557,Madhusudhan,2,3,1,Archived,transit,TOI-1231,TOI-1231,b,10:26:59.3375,-52:28:4.16,MIRI,LRS,None,None,SLITLESSPRISM,FASTR1,12,11284,8.59,2024-12-28 13:09:49,2024-12-28 20:32:47,,12,TOI-1231 b : miri,"['PeriodZeroPhase', 'TimeSeriesObservation']","{'ZeroPhase': '2460430.797120', 'Period': '24.245586 Days', 'PhaseStart': '0.9925072272261571', 'PhaseEnd': '0.9942257530917173'}",[],24.245586,0.9933664901589372,0.014762137185162968
GO,3557,Madhusudhan,2,4,1,Archived,transit,LTT 3780,LTT-3780,c,10:18:34.7652,-11:43:4.21,NIRISS,SOSS,None,CLEAR,SUBSTRIP256,NISRAPID,2,632,4.67,2024-04-20 19:04:33,2024-04-20 23:37:32,,12,LTT 3780 c : niriss,"['OrientRange', 'PeriodZeroPhase', 'TimeSeriesObservation']","{'ZeroPhase': '2458608.11003', 'Period': '12.252208 Days', 'PhaseStart': '0.993368542225205', 'PhaseEnd': '0.996769289802023'}",[],12.252208000000001,0.9950689160136139,0.015881491183738744
GO,3557,Madhusudhan,2,5,1,Archived,transit,LTT 3780,LTT-3780,c,10:18:34.7652,-11:43:4.21,NIRSPEC,BOTS,G395H,F290LP,SUB2048,NRSRAPID,7,1543,4.6,2024-05-27 13:43:12,2024-05-27 17:57:13,,12,LTT 3780 c : g395h,"['PeriodZeroPhase', 'TimeSeriesObservation']","{'ZeroPhase': '2460421.441794', 'Period': '12.252284 Days', 'PhaseStart': '0.9931985470355296', 'PhaseEnd': '0.9965992735177648'}",[],12.252284,0.9948989102766472,0.015643341818281937
GO,3557,Madhusudhan,2,6,1,Archived,transit,LTT 3780,LTT-3780,c,10:18:34.7652,-11:43:4.21,MIRI,LRS,None,None,SLITLESSPRISM,FASTR1,13,5821,5.24,2024-12-09 13:41:17,2024-12-09 18:52:43,,12,LTT 3780 c : miri,"['PeriodZeroPhase', 'TimeSeriesObservation']","{'ZeroPhase': '2460421.441794', 'Period': '12.252284 Days', 'PhaseStart': '0.9916682201185237', 'PhaseEnd': '0.995068946600759'}",[],12.252284,0.9933685833596413,0.017819806766912465
GO,3557,Madhusudhan,2,7,1,Archived,transit,TOI-1468,TOI-1468,c,01:06:36.9279,+19:13:29.60,NIRISS,SOSS,None,CLEAR,SUBSTRIP256,NISRAPID,3,578,5.44,2024-12-01 16:41:02,2024-12-01 22:03:31,,12,TOI-1468 c : niriss,"['OrientRange', 'PeriodZeroPhase', 'TimeSeriesObservation']","{'ZeroPhase': '2458766.9269', 'Period': '15.532482 Days', 'PhaseStart': '0.9939240232179248', 'PhaseEnd': '0.9966065736735872'}",[],15.532482,0.995265298445756,0.014593074478802981
GO,3557,Madhusudhan,2,8,1,Archived,transit,TOI-1468,TOI-1468,c,01:06:36.9279,+19:13:29.60,NIRSPEC,BOTS,G395H,F290LP,SUB2048,NRSRAPID,10,1278,5.16,2024-07-14 22:18:31,2024-07-15 03:03:04,,12,TOI-1468 c : g395h,"['PeriodZeroPhase', 'TimeSeriesObservation']","{'ZeroPhase': '2458766.9269', 'Period': '15.532482 Days', 'PhaseStart': '0.9939240232179248', 'PhaseEnd': '0.9966065736735872'}",[],15.532482,0.995265298445756,0.013841960351217533
GO,3557,Madhusudhan,2,9,1,Archived,transit,TOI-1468,TOI-1468,c,01:06:36.9279,+19:13:29.60,MIRI,LRS,None,None,SLITLESSPRISM,FASTR1,22,4456,6.32,2024-08-30 11:13:03,2024-08-30 17:20:17,,12,TOI-1468 c : miri,"['PeriodZeroPhase', 'TimeSeriesObservation']","{'ZeroPhase': '2458766.9269', 'Period': '15.532482 Days', 'PhaseStart': '0.991710919092003', 'PhaseEnd': '0.994393469547665'}",[],15.532482,0.993052194319834,0.016953718879785817
GO,3557,Madhusudhan,2,10,1,Withdrawn,transit,TOI-270,TOI-270,d,04:33:39.8638,-51:57:26.75,NIRISS,SOSS,None,CLEAR,SUBSTRIP256,NISRAPID,2,937,6.33,,,,12,TOI-270 d : niriss,"['PeriodZeroPhase', 'TimeSeriesObservation']","{'ZeroPhase': '2458389.68186', 'Period': '11.379573 Days', 'PhaseStart': '0.9900333108573874', 'PhaseEnd': '0.9936948425041959'}",[],11.379573,0.9918640766807917,0.023177495324297314
GO,3557,Madhusudhan,2,12,1,Archived,transit,TOI-270,TOI-270,d,04:33:39.8638,-51:57:26.75,MIRI,LRS,None,None,SLITLESSPRISM,FASTR1,17,5403,6.05,2024-07-25 23:54:42,2024-07-26 05:47:59,,12,TOI-270 d : miri,"['PeriodZeroPhase', 'TimeSeriesObservation']","{'ZeroPhase': '2460346.977984', 'Period': '11.379573 Days', 'PhaseStart': '0.9900333108573874', 'PhaseEnd': '0.9936948425041959'}",[],11.379573,0.9918640766807917,0.022152266463190958
GO,3615,Zieba,2,1,1,Archived,eclipse,WASP-47,WASP-47,e,22:04:48.7426,-12:01:8.66,NIRSPEC,BOTS,G395H,F290LP,SUB2048,NRSRAPID,44,551,8.28,2024-06-13 23:21:37,2024-06-14 07:00:35,,12,WASP-47e NIRSpec BOTS : wasp-47e - g395h,"['PeriodZeroPhase', 'TimeSeriesObservation']","{'ZeroPhase': '2457011.34862', 'Period': '0.7895933 Days', 'PhaseStart': '0.29702429277', 'PhaseEnd': '0.34979407522'}",[],0.7895933,0.32340918399499996,0.43693379870371235
GO,3615,Zieba,2,2,1,Archived,eclipse,WASP-47,WASP-47,e,22:04:48.7426,-12:01:8.66,NIRSPEC,BOTS,G395H,F290LP,SUB2048,NRSRAPID,44,551,8.28,2024-06-10 00:39:26,2024-06-10 08:16:05,,12,WASP-47e NIRSpec BOTS : wasp-47e - g395h,"['PeriodZeroPhase', 'TimeSeriesObservation']","{'ZeroPhase': '2457011.34862', 'Period': '0.7895933 Days', 'PhaseStart': '0.29702429277', 'PhaseEnd': '0.34979407522'}",[],0.7895933,0.32340918399499996,0.43693379870371235
GO,3712,Cubillos,2,1,1,Archived,transit,WASP-69,WASP-69,b,21:00:6.2319,-05:05:41.49,NIRSPEC,BOTS,G395H,F290LP,SUB2048,NRSRAPID,5,4115,8.27,2024-09-30 06:39:59,2024-09-30 14:28:11,,12,NIRSpec/G395H WASP-69b,"['PeriodZeroPhase', 'TimeSeriesObservation']","{'ZeroPhase': '2455748.83422', 'Period': '3.8681382 Days', 'PhaseStart': '0.957128', 'PhaseEnd': '0.967900'}",[],3.8681382,0.962514,0.0890824772841191
GO,3712,Cubillos,2,2,1,Archived,transit,WASP-69,WASP-69,b,21:00:6.2319,-05:05:41.49,MIRI,LRS,None,None,SLITLESSPRISM,FASTR1,15,8360,7.93,2024-10-04 03:36:09,2024-10-04 11:06:17,,12,MIRI/LRS WASP-69b,"['PeriodZeroPhase', 'TimeSeriesObservation']","{'ZeroPhase': '2455748.83422', 'Period': '3.8681382 Days', 'PhaseStart': '0.958743', 'PhaseEnd': '0.969516'}",[],3.8681382,0.9641295000000001,0.08542007797618675
GO,3730,Diamond-Lowe,2,1,1,Archived,eclipse,GJ 3473,GJ-3473,b,08:02:22.4521,+03:20:13.60,MIRI,Imaging TS,None,F1500W,SUB256,FASTR1,39,1017,4.78,2024-03-12 10:47:52,2024-03-12 14:59:33,,12,GJ-3473 : gj-3473_1,"['PeriodZeroPhase', 'TimeSeriesObservation']","{'ZeroPhase': '2458492.203283507', 'Period': '1.198003975976397 Days', 'PhaseStart': '0.42491506531639817', 'PhaseEnd': '0.45969517387102476'}",[],1.198003975976397,0.44230511959371144,0.16624875264236239
GO,3730,Diamond-Lowe,2,2,1,Archived,eclipse,GJ 3473,GJ-3473,b,08:02:22.4521,+03:20:13.60,MIRI,Imaging TS,None,F1500W,SUB256,FASTR1,39,1017,4.78,2024-03-13 15:01:20,2024-03-13 19:19:35,,12,GJ-3473 : gj-3473_2,"['PeriodZeroPhase', 'TimeSeriesObservation']","{'ZeroPhase': '2458492.203283507', 'Period': '1.198003975976397 Days', 'PhaseStart': '0.42491506531639817', 'PhaseEnd': '0.45969517387102476'}",[],1.198003975976397,0.44230511959371144,0.16624875264236239
GO,3730,Diamond-Lowe,2,3,1,Skipped,eclipse,GJ 3473,GJ-3473,b,08:02:22.4521,+03:20:13.60,MIRI,Imaging TS,None,F1500W,SUB256,FASTR1,39,1017,4.78,,,,12,GJ-3473 : gj-3473_3,"['PeriodZeroPhase', 'TimeSeriesObservation']","{'ZeroPhase': '2458492.203283507', 'Period': '1.198003975976397 Days', 'PhaseStart': '0.42491506531639817', 'PhaseEnd': '0.45969517387102476'}",[],1.198003975976397,0.44230511959371144,0.16624875264236239
GO,3730,Diamond-Lowe,2,29,1,Archived,eclipse,GJ 3473,GJ-3473,b,08:02:22.4521,+03:20:13.60,MIRI,Imaging TS,None,F1500W,SUB256,FASTR1,39,1017,4.78,2024-10-20 00:57:28,2024-10-20 05:45:12,,12,GJ-3473 : gj-3473_3,"['PeriodZeroPhase', 'TimeSeriesObservation']","{'ZeroPhase': '2458492.203283507', 'Period': '1.198003975976397 Days', 'PhaseStart': '0.42491506531639817', 'PhaseEnd': '0.45969517387102476'}",[],1.198003975976397,0.44230511959371144,0.16624875264236239
GO,3730,Diamond-Lowe,2,4,1,Archived,eclipse,GJ 3473,GJ-3473,b,08:02:22.4521,+03:20:13.60,MIRI,Imaging TS,None,F1500W,SUB256,FASTR1,39,1017,4.78,2024-03-30 09:11:58,2024-03-30 13:49:04,,12,GJ-3473 : gj-3473_4,"['PeriodZeroPhase', 'TimeSeriesObservation']","{'ZeroPhase': '2458492.203283507', 'Period': '1.198003975976397 Days', 'PhaseStart': '0.42491506531639817', 'PhaseEnd': '0.45969517387102476'}",[],1.198003975976397,0.44230511959371144,0.16624875264236239
GO,3730,Diamond-Lowe,2,5,1,Skipped,eclipse,GJ 357,GJ-357,b,09:36:1.7964,-21:39:54.72,MIRI,Imaging TS,None,F1500W,SUB64,FASTR1,22,8125,5.98,,,,12,GJ-357 : gj-357_1,"['PeriodZeroPhase', 'TimeSeriesObservation']","{'ZeroPhase': '2458517.9978584545', 'Period': '3.9306063296116895 Days', 'PhaseStart': '0.4716692025581442', 'PhaseEnd': '0.48226978293665534'}",[],3.9306063296116895,0.47696949274739975,0.06339140727208929
GO,3730,Diamond-Lowe,2,27,1,Archived,eclipse,GJ 357,GJ-357,b,09:36:1.7964,-21:39:54.72,MIRI,Imaging TS,None,F1500W,SUB64,FASTR1,22,8125,5.98,2024-05-11 10:13:47,2024-05-11 15:19:58,,12,GJ-357 : gj-357_1,"['PeriodZeroPhase', 'TimeSeriesObservation']","{'ZeroPhase': '2458517.9978584545', 'Period': '3.9306063296116895 Days', 'PhaseStart': '0.4716692025581442', 'PhaseEnd': '0.48226978293665534'}",[],3.9306063296116895,0.47696949274739975,0.06339140727208929
GO,3730,Diamond-Lowe,2,6,1,Archived,eclipse,HD 260655,HD-260655,b,06:37:9.9436,+17:33:58.74,MIRI,Imaging TS,None,F1500W,SUB64,FASTR1,16,9484,5.28,2024-03-07 14:25:22,2024-03-07 19:05:39,,12,HD-260655 : hd-260655_1,"['Between', 'PeriodZeroPhase', 'TimeSeriesObservation']","{'ZeroPhase': '2459497.9093691213', 'Period': '2.76953 Days', 'PhaseStart': '0.46434595794633016', 'PhaseEnd': '0.47939064362705336'}","[{'After': '01-JUL-2023:00:00:00', 'Before': '15-AUG-2023:15:31:07'}, {'After': '26-AUG-2024:14:11:01', 'Before': '29-AUG-2024:01:43:59'}, {'After': '01-JUN-2024:17:39:12', 'Before': '26-AUG-2024:07:15:52'}, {'After': '29-MAY-2024:23:11:05', 'Before': '01-JUN-2024:10:44:03'}, {'After': '27-MAY-2024:04:42:57', 'Before': '29-MAY-2024:16:15:55'}, {'After': '24-MAY-2024:10:14:50', 'Before': '26-MAY-2024:21:47:48'}, {'After': '28-FEB-2024:13:43:01', 'Before': '24-MAY-2024:03:19:41'}, {'After': '25-FEB-2024:19:14:53', 'Before': '28-FEB-2024:06:47:51'}, {'After': '23-FEB-2024:00:46:46', 'Before': '25-FEB-2024:12:19:44'}, {'After': '20-FEB-2024:06:18:39', 'Before': '22-FEB-2024:17:51:37'}, {'After': '23-NOV-2023:15:18:42', 'Before': '19-FEB-2024:23:23:29'}, {'After': '20-NOV-2023:20:50:35', 'Before': '23-NOV-2023:08:23:33'}, {'After': '18-NOV-2023:02:22:27', 'Before': '20-NOV-2023:13:55:25'}, {'After': '21-AUG-2023:11:22:31', 'Before': '17-NOV-2023:19:27:18'}, {'After': '18-AUG-2023:16:54:23', 'Before': '21-AUG-2023:04:27:21'}, {'After': '15-AUG-2023:22:26:16', 'Before': '18-AUG-2023:09:59:14'}, {'After': '04-DEC-2024:07:03:27', 'Before': '06-DEC-2024:18:36:25'}, {'After': '01-DEC-2024:12:35:20', 'Before': '04-DEC-2024:00:08:18'}, {'After': '03-SEP-2024:21:35:23', 'Before': '01-DEC-2024:05:40:11'}, {'After': '01-SEP-2024:03:07:16', 'Before': '03-SEP-2024:14:40:14'}, {'After': '29-AUG-2024:08:39:09', 'Before': '31-AUG-2024:20:12:07'}]",2.76953,0.47186830078669173,0.07943586095835756
GO,3730,Diamond-Lowe,2,7,1,Archived,eclipse,HD 260655,HD-260655,b,06:37:9.9436,+17:33:58.74,MIRI,Imaging TS,None,F1500W,SUB64,FASTR1,16,9484,5.28,2024-03-15 21:27:55,2024-03-16 02:31:16,,12,HD-260655 : hd-260655_2,"['Between', 'PeriodZeroPhase', 'TimeSeriesObservation']","{'ZeroPhase': '2459497.9093691213', 'Period': '2.76953 Days', 'PhaseStart': '0.46434595794633016', 'PhaseEnd': '0.47939064362705336'}","[{'After': '01-JUL-2023:00:00:00', 'Before': '15-AUG-2023:15:31:07'}, {'After': '26-AUG-2024:14:11:01', 'Before': '29-AUG-2024:01:43:59'}, {'After': '01-JUN-2024:17:39:12', 'Before': '26-AUG-2024:07:15:52'}, {'After': '29-MAY-2024:23:11:05', 'Before': '01-JUN-2024:10:44:03'}, {'After': '27-MAY-2024:04:42:57', 'Before': '29-MAY-2024:16:15:55'}, {'After': '24-MAY-2024:10:14:50', 'Before': '26-MAY-2024:21:47:48'}, {'After': '28-FEB-2024:13:43:01', 'Before': '24-MAY-2024:03:19:41'}, {'After': '25-FEB-2024:19:14:53', 'Before': '28-FEB-2024:06:47:51'}, {'After': '23-FEB-2024:00:46:46', 'Before': '25-FEB-2024:12:19:44'}, {'After': '20-FEB-2024:06:18:39', 'Before': '22-FEB-2024:17:51:37'}, {'After': '23-NOV-2023:15:18:42', 'Before': '19-FEB-2024:23:23:29'}, {'After': '20-NOV-2023:20:50:35', 'Before': '23-NOV-2023:08:23:33'}, {'After': '18-NOV-2023:02:22:27', 'Before': '20-NOV-2023:13:55:25'}, {'After': '21-AUG-2023:11:22:31', 'Before': '17-NOV-2023:19:27:18'}, {'After': '18-AUG-2023:16:54:23', 'Before': '21-AUG-2023:04:27:21'}, {'After': '15-AUG-2023:22:26:16', 'Before': '18-AUG-2023:09:59:14'}, {'After': '04-DEC-2024:07:03:27', 'Before': '06-DEC-2024:18:36:25'}, {'After': '01-DEC-2024:12:35:20', 'Before': '04-DEC-2024:00:08:18'}, {'After': '03-SEP-2024:21:35:23', 'Before': '01-DEC-2024:05:40:11'}, {'After': '01-SEP-2024:03:07:16', 'Before': '03-SEP-2024:14:40:14'}, {'After': '29-AUG-2024:08:39:09', 'Before': '31-AUG-2024:20:12:07'}]",2.76953,0.47186830078669173,0.07943586095835756
GO,3730,Diamond-Lowe,2,8,1,Archived,eclipse,L 98-59,L-98-59,c,08:18:7.8951,-68:18:52.25,MIRI,Imaging TS,None,F1500W,SUB128,FASTR1,23,4594,5.08,2024-02-02 23:34:28,2024-02-03 04:33:06,,12,L-98-59 : l-98-59_1,"['Between', 'PeriodZeroPhase', 'TimeSeriesObservation']","{'ZeroPhase': '2458367.2729527242', 'Period': '3.6906777 Days', 'PhaseStart': '0.47415406616892236', 'PhaseEnd': '0.48544378359218404'}","[{'After': '26-JUN-2024:04:33:35', 'Before': '07-JUL-2024:00:26:15'}, {'After': '11-JUN-2024:10:15:16', 'Before': '25-JUN-2024:22:42:31'}, {'After': '16-MAY-2024:14:13:14', 'Before': '11-JUN-2024:04:24:13'}, {'After': '01-MAY-2024:19:54:56', 'Before': '16-MAY-2024:08:22:11'}, {'After': '05-APR-2024:23:52:54', 'Before': '01-MAY-2024:14:03:53'}, {'After': '22-MAR-2024:05:34:36', 'Before': '05-APR-2024:18:01:51'}, {'After': '11-MAR-2024:03:50:52', 'Before': '21-MAR-2024:23:43:33'}, {'After': '25-FEB-2024:09:32:34', 'Before': '10-MAR-2024:21:59:49'}, {'After': '30-JAN-2024:13:30:32', 'Before': '25-FEB-2024:03:41:31'}, {'After': '15-JAN-2024:19:12:14', 'Before': '30-JAN-2024:07:39:29'}, {'After': '04-JAN-2024:17:28:31', 'Before': '15-JAN-2024:13:21:11'}, {'After': '20-DEC-2023:23:10:12', 'Before': '04-JAN-2024:11:37:27'}, {'After': '06-DEC-2023:04:51:54', 'Before': '20-DEC-2023:17:19:09'}, {'After': '25-NOV-2023:03:08:10', 'Before': '05-DEC-2023:23:00:51'}, {'After': '10-NOV-2023:08:49:52', 'Before': '24-NOV-2023:21:17:07'}, {'After': '30-OCT-2023:07:06:09', 'Before': '10-NOV-2023:02:58:49'}, {'After': '26-OCT-2023:14:31:34', 'Before': '30-OCT-2023:01:15:05'}, {'After': '22-OCT-2023:21:56:59', 'Before': '26-OCT-2023:08:40:31'}, {'After': '19-OCT-2023:05:22:25', 'Before': '22-OCT-2023:16:05:56'}, {'After': '15-OCT-2023:12:47:50', 'Before': '18-OCT-2023:23:31:22'}, {'After': '11-OCT-2023:20:13:16', 'Before': '15-OCT-2023:06:56:47'}, {'After': '08-OCT-2023:03:38:41', 'Before': '11-OCT-2023:14:22:12'}, {'After': '30-SEP-2023:18:29:32', 'Before': '07-OCT-2023:21:47:38'}, {'After': '19-SEP-2023:16:45:48', 'Before': '30-SEP-2023:12:38:29'}, {'After': '04-SEP-2023:22:27:30', 'Before': '19-SEP-2023:10:54:45'}, {'After': '10-AUG-2023:02:25:28', 'Before': '04-SEP-2023:16:36:27'}, {'After': '26-JUL-2023:08:07:10', 'Before': '09-AUG-2023:20:34:25'}, {'After': '01-JUL-2023:00:00:00', 'Before': '26-JUL-2023:02:16:07'}, {'After': '09-NOV-2024:17:52:53', 'Before': '13-NOV-2024:04:36:24'}, {'After': '06-NOV-2024:01:18:18', 'Before': '09-NOV-2024:12:01:50'}, {'After': '22-OCT-2024:07:00:00', 'Before': '05-NOV-2024:19:27:15'}, {'After': '11-OCT-2024:05:16:17', 'Before': '22-OCT-2024:01:08:57'}, {'After': '26-SEP-2024:10:57:58', 'Before': '10-OCT-2024:23:25:13'}, {'After': '31-AUG-2024:14:55:56', 'Before': '26-SEP-2024:05:06:55'}, {'After': '16-AUG-2024:20:37:38', 'Before': '31-AUG-2024:09:04:53'}, {'After': '22-JUL-2024:00:35:36', 'Before': '16-AUG-2024:14:46:35'}, {'After': '07-JUL-2024:06:17:18', 'Before': '21-JUL-2024:18:44:33'}, {'After': '01-DEC-2024:21:20:20', 'Before': '16-DEC-2024:09:47:35'}, {'After': '28-NOV-2024:04:45:46', 'Before': '01-DEC-2024:15:29:17'}, {'After': '24-NOV-2024:12:11:11', 'Before': '27-NOV-2024:22:54:42'}, {'After': '20-NOV-2024:19:36:37', 'Before': '24-NOV-2024:06:20:08'}, {'After': '17-NOV-2024:03:02:02', 'Before': '20-NOV-2024:13:45:33'}, {'After': '13-NOV-2024:10:27:28', 'Before': '16-NOV-2024:21:10:59'}]",3.6906776999999997,0.4797989248805532,0.05735170715846216
GO,3730,Diamond-Lowe,2,9,1,Archived,eclipse,LHS 1140,LHS-1140,c,00:44:59.6827,-15:16:27.09,MIRI,Imaging TS,None,F1500W,SUB256,FASTR1,36,1262,5.36,2024-07-07 15:25:11,2024-07-07 20:03:37,,12,LHS-1140 : lhs-1140_1,"['Between', 'PeriodZeroPhase', 'TimeSeriesObservation']","{'ZeroPhase': '2458389.293428752', 'Period': '3.777939728 Days', 'PhaseStart': '0.47344360234540084', 'PhaseEnd': '0.48447255233751496'}","[{'After': '05-SEP-2023:21:29:59', 'Before': '29-AUG-2024:12:42:17'}, {'After': '01-JUL-2023:00:00:00', 'Before': '05-SEP-2023:15:00:08'}]",3.7779397280000007,0.4789580773414579,0.05911511284261899
GO,3730,Diamond-Lowe,2,10,1,Archived,eclipse,LHS 1140,LHS-1140,c,00:44:59.6827,-15:16:27.09,MIRI,Imaging TS,None,F1500W,SUB256,FASTR1,36,1262,5.36,2023-11-27 17:19:23,2023-11-27 22:27:52,,12,LHS-1140 : lhs-1140_2,"['Between', 'PeriodZeroPhase', 'TimeSeriesObservation']","{'ZeroPhase': '2458389.293428752', 'Period': '3.777939728 Days', 'PhaseStart': '0.47344360234540084', 'PhaseEnd': '0.48447255233751496'}","[{'After': '05-SEP-2023:21:29:59', 'Before': '29-AUG-2024:12:42:17'}, {'After': '01-JUL-2023:00:00:00', 'Before': '05-SEP-2023:15:00:08'}]",3.7779397280000007,0.4789580773414579,0.05911511284261899
GO,3730,Diamond-Lowe,2,11,1,Archived,eclipse,LHS 1140,LHS-1140,c,00:44:59.6827,-15:16:27.09,MIRI,Imaging TS,None,F1500W,SUB256,FASTR1,36,1262,5.36,2024-07-18 23:19:55,2024-07-19 04:03:18,,12,LHS-1140 : lhs-1140_3,"['Between', 'PeriodZeroPhase', 'TimeSeriesObservation']","{'ZeroPhase': '2458389.293428752', 'Period': '3.777939728 Days', 'PhaseStart': '0.47344360234540084', 'PhaseEnd': '0.48447255233751496'}","[{'After': '05-SEP-2023:21:29:59', 'Before': '29-AUG-2024:12:42:17'}, {'After': '01-JUL-2023:00:00:00', 'Before': '05-SEP-2023:15:00:08'}]",3.7779397280000007,0.4789580773414579,0.05911511284261899
GO,3730,Diamond-Lowe,2,12,1,Archived,eclipse,LHS 1478,LHS-1478,b,02:57:21.4288,+76:33:4.86,MIRI,Imaging TS,None,F1500W,SUB256,FASTR1,39,964,4.58,2024-01-20 04:06:47,2024-01-20 08:38:56,,12,LHS-1478 : lhs-1478_1,"['PeriodZeroPhase', 'TimeSeriesObservation']","{'ZeroPhase': '2458786.753429026', 'Period': '1.9495378 Days', 'PhaseStart': '0.4557651824353146', 'PhaseEnd': '0.4771377910266091'}",[],1.9495378000000003,0.4664514867309618,0.09788644946167922
GO,3730,Diamond-Lowe,2,13,1,Archived,eclipse,LHS 1478,LHS-1478,b,02:57:21.4288,+76:33:4.86,MIRI,Imaging TS,None,F1500W,SUB256,FASTR1,39,964,4.58,2023-11-18 18:55:27,2023-11-18 23:23:17,,12,LHS-1478 : lhs-1478_2,"['PeriodZeroPhase', 'TimeSeriesObservation']","{'ZeroPhase': '2458786.753429026', 'Period': '1.9495378 Days', 'PhaseStart': '0.4557651824353146', 'PhaseEnd': '0.4771377910266091'}",[],1.9495378000000003,0.4664514867309618,0.09788644946167922
GO,3730,Diamond-Lowe,2,14,1,Archived,eclipse,LTT 3780,LTT-3780,b,10:18:34.7652,-11:43:4.21,MIRI,Imaging TS,None,F1500W,SUB256,FASTR1,22,1717,4.67,2024-05-05 09:37:10,2024-05-05 14:08:20,,12,LTT-3780 : ltt-3780_1,"['Between', 'PeriodZeroPhase', 'TimeSeriesObservation']","{'ZeroPhase': '2458543.911989638', 'Period': '0.768377 Days', 'PhaseStart': '0.3856100389883261', 'PhaseEnd': '0.43983694626604697'}","[{'After': '13-AUG-2023:18:40:26', 'Before': '19-AUG-2023:17:37:32'}, {'After': '19-AUG-2023:22:12:08', 'Before': '25-AUG-2023:21:09:14'}, {'After': '03-DEC-2024:17:00:21', 'Before': '09-DEC-2024:15:57:27'}, {'After': '27-NOV-2024:13:28:39', 'Before': '03-DEC-2024:12:25:44'}, {'After': '15-NOV-2024:06:25:14', 'Before': '21-NOV-2024:05:22:20'}, {'After': '26-AUG-2023:01:43:51', 'Before': '01-SEP-2023:00:40:56'}, {'After': '01-SEP-2023:05:15:33', 'Before': '07-SEP-2023:04:12:38'}, {'After': '09-MAY-2024:11:28:54', 'Before': '02-NOV-2024:18:47:13'}, {'After': '27-APR-2024:04:25:30', 'Before': '03-MAY-2024:03:22:36'}, {'After': '19-SEP-2023:15:50:39', 'Before': '25-SEP-2023:14:47:45'}, {'After': '07-SEP-2023:08:47:15', 'Before': '13-SEP-2023:07:44:21'}, {'After': '14-APR-2024:21:22:06', 'Before': '20-APR-2024:20:19:11'}, {'After': '21-MAR-2024:07:15:17', 'Before': '27-MAR-2024:06:12:23'}, {'After': '13-SEP-2023:12:18:57', 'Before': '19-SEP-2023:11:16:03'}, {'After': '25-SEP-2023:19:22:21', 'Before': '01-OCT-2023:18:19:27'}, {'After': '08-APR-2024:17:50:24', 'Before': '14-APR-2024:16:47:29'}, {'After': '27-MAR-2024:10:46:59', 'Before': '02-APR-2024:09:44:05'}, {'After': '02-APR-2024:14:18:41', 'Before': '08-APR-2024:13:15:47'}, {'After': '21-APR-2024:00:53:48', 'Before': '26-APR-2024:23:50:54'}, {'After': '09-NOV-2024:02:53:32', 'Before': '15-NOV-2024:01:50:38'}, {'After': '03-MAY-2024:07:57:12', 'Before': '09-MAY-2024:06:54:18'}, {'After': '02-NOV-2024:23:21:50', 'Before': '08-NOV-2024:22:18:56'}, {'After': '09-DEC-2024:20:32:03', 'Before': '15-DEC-2024:19:29:09'}, {'After': '21-NOV-2024:09:56:57', 'Before': '27-NOV-2024:08:54:02'}, {'After': '01-OCT-2023:22:54:04', 'Before': '21-MAR-2024:02:40:40'}, {'After': '16-DEC-2024:00:03:45', 'Before': '21-DEC-2024:23:00:51'}, {'After': '07-AUG-2023:15:08:44', 'Before': '13-AUG-2023:14:05:50'}, {'After': '01-JUL-2023:00:00:00', 'Before': '07-AUG-2023:10:34:07'}]",0.7683769999999999,0.41272349262718655,0.25323940374755277
GO,3730,Diamond-Lowe,2,15,1,Archived,eclipse,LTT 3780,LTT-3780,b,10:18:34.7652,-11:43:4.21,MIRI,Imaging TS,None,F1500W,SUB256,FASTR1,22,1717,4.67,2024-05-04 15:13:45,2024-05-04 19:42:06,,12,LTT-3780 : ltt-3780_2,"['Between', 'PeriodZeroPhase', 'TimeSeriesObservation']","{'ZeroPhase': '2458543.911989638', 'Period': '0.768377 Days', 'PhaseStart': '0.3856100389883261', 'PhaseEnd': '0.43983694626604697'}","[{'After': '13-AUG-2023:18:40:26', 'Before': '19-AUG-2023:17:37:32'}, {'After': '19-AUG-2023:22:12:08', 'Before': '25-AUG-2023:21:09:14'}, {'After': '03-DEC-2024:17:00:21', 'Before': '09-DEC-2024:15:57:27'}, {'After': '27-NOV-2024:13:28:39', 'Before': '03-DEC-2024:12:25:44'}, {'After': '15-NOV-2024:06:25:14', 'Before': '21-NOV-2024:05:22:20'}, {'After': '26-AUG-2023:01:43:51', 'Before': '01-SEP-2023:00:40:56'}, {'After': '01-SEP-2023:05:15:33', 'Before': '07-SEP-2023:04:12:38'}, {'After': '09-MAY-2024:11:28:54', 'Before': '02-NOV-2024:18:47:13'}, {'After': '27-APR-2024:04:25:30', 'Before': '03-MAY-2024:03:22:36'}, {'After': '19-SEP-2023:15:50:39', 'Before': '25-SEP-2023:14:47:45'}, {'After': '07-SEP-2023:08:47:15', 'Before': '13-SEP-2023:07:44:21'}, {'After': '14-APR-2024:21:22:06', 'Before': '20-APR-2024:20:19:11'}, {'After': '21-MAR-2024:07:15:17', 'Before': '27-MAR-2024:06:12:23'}, {'After': '13-SEP-2023:12:18:57', 'Before': '19-SEP-2023:11:16:03'}, {'After': '25-SEP-2023:19:22:21', 'Before': '01-OCT-2023:18:19:27'}, {'After': '08-APR-2024:17:50:24', 'Before': '14-APR-2024:16:47:29'}, {'After': '27-MAR-2024:10:46:59', 'Before': '02-APR-2024:09:44:05'}, {'After': '02-APR-2024:14:18:41', 'Before': '08-APR-2024:13:15:47'}, {'After': '21-APR-2024:00:53:48', 'Before': '26-APR-2024:23:50:54'}, {'After': '09-NOV-2024:02:53:32', 'Before': '15-NOV-2024:01:50:38'}, {'After': '03-MAY-2024:07:57:12', 'Before': '09-MAY-2024:06:54:18'}, {'After': '02-NOV-2024:23:21:50', 'Before': '08-NOV-2024:22:18:56'}, {'After': '09-DEC-2024:20:32:03', 'Before': '15-DEC-2024:19:29:09'}, {'After': '21-NOV-2024:09:56:57', 'Before': '27-NOV-2024:08:54:02'}, {'After': '01-OCT-2023:22:54:04', 'Before': '21-MAR-2024:02:40:40'}, {'After': '16-DEC-2024:00:03:45', 'Before': '21-DEC-2024:23:00:51'}, {'After': '07-AUG-2023:15:08:44', 'Before': '13-AUG-2023:14:05:50'}, {'After': '01-JUL-2023:00:00:00', 'Before': '07-AUG-2023:10:34:07'}]",0.7683769999999999,0.41272349262718655,0.25323940374755277
GO,3730,Diamond-Lowe,2,16,1,Archived,eclipse,TOI-1468,TOI-1468,b,01:06:36.9279,+19:13:29.60,MIRI,Imaging TS,None,F1500W,SUB256,FASTR1,31,1448,5.33,2023-11-29 21:35:51,2023-11-30 02:42:04,,12,TOI-1468 : toi-1468_1,"['Between', 'PeriodZeroPhase', 'TimeSeriesObservation']","{'ZeroPhase': '2458765.6799888485', 'Period': '1.8805136 Days', 'PhaseStart': '0.44697807717035193', 'PhaseEnd': '0.46913516677254'}","[{'After': '30-AUG-2024:17:46:09', 'Before': '24-OCT-2024:00:17:55'}, {'After': '28-APR-2024:15:02:08', 'Before': '29-JUN-2024:10:05:40'}, {'After': '31-OCT-2024:19:08:10', 'Before': '25-DEC-2024:01:39:56'}, {'After': '03-JAN-2024:00:49:53', 'Before': '04-MAR-2024:19:53:25'}, {'After': '01-NOV-2023:23:27:53', 'Before': '02-JAN-2024:18:31:24'}, {'After': '08-JUL-2023:09:15:38', 'Before': '08-SEP-2023:04:19:09'}, {'After': '08-SEP-2023:10:37:38', 'Before': '01-NOV-2023:17:09:24'}, {'After': '05-MAR-2024:02:11:54', 'Before': '28-APR-2024:08:43:40'}, {'After': '29-JUN-2024:16:24:09', 'Before': '30-AUG-2024:11:27:40'}, {'After': '24-OCT-2024:06:36:24', 'Before': '31-OCT-2024:12:49:41'}, {'After': '01-JUL-2023:00:00:00', 'Before': '08-JUL-2023:02:57:09'}]",1.8805136000000002,0.458056621971446,0.11809716948249314
GO,3730,Diamond-Lowe,2,17,1,Archived,eclipse,TOI-1468,TOI-1468,b,01:06:36.9279,+19:13:29.60,MIRI,Imaging TS,None,F1500W,SUB256,FASTR1,31,1448,5.33,2023-12-01 18:44:00,2023-12-01 23:51:08,,12,TOI-1468 : toi-1468_2,"['Between', 'PeriodZeroPhase', 'TimeSeriesObservation']","{'ZeroPhase': '2458765.6799888485', 'Period': '1.8805136 Days', 'PhaseStart': '0.44697807717035193', 'PhaseEnd': '0.46913516677254'}","[{'After': '30-AUG-2024:17:46:09', 'Before': '24-OCT-2024:00:17:55'}, {'After': '28-APR-2024:15:02:08', 'Before': '29-JUN-2024:10:05:40'}, {'After': '31-OCT-2024:19:08:10', 'Before': '25-DEC-2024:01:39:56'}, {'After': '03-JAN-2024:00:49:53', 'Before': '04-MAR-2024:19:53:25'}, {'After': '01-NOV-2023:23:27:53', 'Before': '02-JAN-2024:18:31:24'}, {'After': '08-JUL-2023:09:15:38', 'Before': '08-SEP-2023:04:19:09'}, {'After': '08-SEP-2023:10:37:38', 'Before': '01-NOV-2023:17:09:24'}, {'After': '05-MAR-2024:02:11:54', 'Before': '28-APR-2024:08:43:40'}, {'After': '29-JUN-2024:16:24:09', 'Before': '30-AUG-2024:11:27:40'}, {'After': '24-OCT-2024:06:36:24', 'Before': '31-OCT-2024:12:49:41'}, {'After': '01-JUL-2023:00:00:00', 'Before': '08-JUL-2023:02:57:09'}]",1.8805136000000002,0.458056621971446,0.11809716948249314
GO,3730,Diamond-Lowe,2,18,1,Archived,eclipse,TOI-1468,TOI-1468,b,01:06:36.9279,+19:13:29.60,MIRI,Imaging TS,None,F1500W,SUB256,FASTR1,31,1448,5.33,2024-01-17 19:04:00,2024-01-18 00:14:57,,12,TOI-1468 : toi-1468_3,"['Between', 'PeriodZeroPhase', 'TimeSeriesObservation']","{'ZeroPhase': '2458765.6799888485', 'Period': '1.8805136 Days', 'PhaseStart': '0.44697807717035193', 'PhaseEnd': '0.46913516677254'}","[{'After': '30-AUG-2024:17:46:09', 'Before': '24-OCT-2024:00:17:55'}, {'After': '28-APR-2024:15:02:08', 'Before': '29-JUN-2024:10:05:40'}, {'After': '31-OCT-2024:19:08:10', 'Before': '25-DEC-2024:01:39:56'}, {'After': '03-JAN-2024:00:49:53', 'Before': '04-MAR-2024:19:53:25'}, {'After': '01-NOV-2023:23:27:53', 'Before': '02-JAN-2024:18:31:24'}, {'After': '08-JUL-2023:09:15:38', 'Before': '08-SEP-2023:04:19:09'}, {'After': '08-SEP-2023:10:37:38', 'Before': '01-NOV-2023:17:09:24'}, {'After': '05-MAR-2024:02:11:54', 'Before': '28-APR-2024:08:43:40'}, {'After': '29-JUN-2024:16:24:09', 'Before': '30-AUG-2024:11:27:40'}, {'After': '24-OCT-2024:06:36:24', 'Before': '31-OCT-2024:12:49:41'}, {'After': '01-JUL-2023:00:00:00', 'Before': '08-JUL-2023:02:57:09'}]",1.8805136000000002,0.458056621971446,0.11809716948249314
GO,3730,Diamond-Lowe,2,19,1,Archived,eclipse,L 231-32,L-231-32,b,04:33:39.8638,-51:57:26.75,MIRI,Imaging TS,None,F1500W,SUB256,FASTR1,25,2021,5.93,2024-02-17 03:52:41,2024-02-17 09:35:20,,12,L-231-32 : l-231-32_1,"['Between', 'PeriodZeroPhase', 'TimeSeriesObservation']","{'ZeroPhase': '2458387.0942400363', 'Period': '3.3601538 Days', 'PhaseStart': '0.46711583666488354', 'PhaseEnd': '0.4795160751103182'}","[{'After': '06-AUG-2024:20:56:24', 'Before': '23-AUG-2024:07:32:50'}, {'After': '23-AUG-2024:16:09:31', 'Before': '12-SEP-2024:11:24:33'}, {'After': '06-OCT-2023:02:21:51', 'Before': '01-NOV-2023:14:54:08'}, {'After': '27-JUL-2023:12:50:48', 'Before': '12-AUG-2023:23:27:13'}, {'After': '05-SEP-2023:20:34:15', 'Before': '18-SEP-2023:22:32:03'}, {'After': '13-AUG-2023:08:03:54', 'Before': '19-AUG-2023:16:44:28'}, {'After': '19-OCT-2024:19:06:04', 'Before': '05-NOV-2024:05:42:30'}, {'After': '28-NOV-2023:20:39:48', 'Before': '04-JAN-2024:11:07:57'}, {'After': '20-AUG-2023:01:21:09', 'Before': '05-SEP-2023:11:57:34'}, {'After': '01-NOV-2023:23:30:49', 'Before': '11-NOV-2023:16:50:00'}, {'After': '19-SEP-2023:07:08:44', 'Before': '05-OCT-2023:17:45:10'}, {'After': '27-FEB-2024:14:02:34', 'Before': '15-MAR-2024:00:39:00'}, {'After': '04-JAN-2024:19:44:38', 'Before': '14-JAN-2024:13:03:49'}, {'After': '12-NOV-2023:01:26:41', 'Before': '28-NOV-2023:12:03:06'}, {'After': '15-MAR-2024:09:15:41', 'Before': '28-MAR-2024:11:13:29'}, {'After': '14-JAN-2024:21:40:30', 'Before': '21-JAN-2024:06:21:03'}, {'After': '21-JAN-2024:14:57:44', 'Before': '27-FEB-2024:05:25:53'}, {'After': '28-MAR-2024:19:50:10', 'Before': '20-APR-2024:23:43:50'}, {'After': '14-JUN-2024:02:38:28', 'Before': '30-JUN-2024:13:14:53'}, {'After': '08-MAY-2024:03:33:37', 'Before': '10-JUN-2024:09:23:09'}, {'After': '21-APR-2024:08:20:31', 'Before': '07-MAY-2024:18:56:56'}, {'After': '30-JUN-2024:21:51:34', 'Before': '20-JUL-2024:17:06:37'}, {'After': '01-JUL-2023:00:00:00', 'Before': '27-JUL-2023:04:14:07'}, {'After': '05-NOV-2024:14:19:11', 'Before': '22-NOV-2024:00:55:36'}, {'After': '10-JUN-2024:17:59:50', 'Before': '13-JUN-2024:18:01:46'}, {'After': '29-SEP-2024:15:14:21', 'Before': '19-OCT-2024:10:29:23'}, {'After': '22-NOV-2024:09:32:17', 'Before': '29-DEC-2024:00:00:27'}, {'After': '21-JUL-2024:01:43:18', 'Before': '06-AUG-2024:12:19:43'}, {'After': '12-SEP-2024:20:01:14', 'Before': '29-SEP-2024:06:37:40'}, {'After': '29-DEC-2024:08:37:08', 'Before': '01-JAN-2025:08:39:04'}]",3.3601538,0.4733159558876009,0.07353334044808703
GO,3730,Diamond-Lowe,2,20,1,Archived,eclipse,L 231-32,L-231-32,b,04:33:39.8638,-51:57:26.75,MIRI,Imaging TS,None,F1500W,SUB256,FASTR1,25,2021,5.93,2024-02-10 10:35:09,2024-02-10 16:16:55,,12,L-231-32 : l-231-32_2,"['Between', 'PeriodZeroPhase', 'TimeSeriesObservation']","{'ZeroPhase': '2458387.0942400363', 'Period': '3.3601538 Days', 'PhaseStart': '0.46711583666488354', 'PhaseEnd': '0.4795160751103182'}","[{'After': '06-AUG-2024:20:56:24', 'Before': '23-AUG-2024:07:32:50'}, {'After': '23-AUG-2024:16:09:31', 'Before': '12-SEP-2024:11:24:33'}, {'After': '06-OCT-2023:02:21:51', 'Before': '01-NOV-2023:14:54:08'}, {'After': '27-JUL-2023:12:50:48', 'Before': '12-AUG-2023:23:27:13'}, {'After': '05-SEP-2023:20:34:15', 'Before': '18-SEP-2023:22:32:03'}, {'After': '13-AUG-2023:08:03:54', 'Before': '19-AUG-2023:16:44:28'}, {'After': '19-OCT-2024:19:06:04', 'Before': '05-NOV-2024:05:42:30'}, {'After': '28-NOV-2023:20:39:48', 'Before': '04-JAN-2024:11:07:57'}, {'After': '20-AUG-2023:01:21:09', 'Before': '05-SEP-2023:11:57:34'}, {'After': '01-NOV-2023:23:30:49', 'Before': '11-NOV-2023:16:50:00'}, {'After': '19-SEP-2023:07:08:44', 'Before': '05-OCT-2023:17:45:10'}, {'After': '27-FEB-2024:14:02:34', 'Before': '15-MAR-2024:00:39:00'}, {'After': '04-JAN-2024:19:44:38', 'Before': '14-JAN-2024:13:03:49'}, {'After': '12-NOV-2023:01:26:41', 'Before': '28-NOV-2023:12:03:06'}, {'After': '15-MAR-2024:09:15:41', 'Before': '28-MAR-2024:11:13:29'}, {'After': '14-JAN-2024:21:40:30', 'Before': '21-JAN-2024:06:21:03'}, {'After': '21-JAN-2024:14:57:44', 'Before': '27-FEB-2024:05:25:53'}, {'After': '28-MAR-2024:19:50:10', 'Before': '20-APR-2024:23:43:50'}, {'After': '14-JUN-2024:02:38:28', 'Before': '30-JUN-2024:13:14:53'}, {'After': '08-MAY-2024:03:33:37', 'Before': '10-JUN-2024:09:23:09'}, {'After': '21-APR-2024:08:20:31', 'Before': '07-MAY-2024:18:56:56'}, {'After': '30-JUN-2024:21:51:34', 'Before': '20-JUL-2024:17:06:37'}, {'After': '01-JUL-2023:00:00:00', 'Before': '27-JUL-2023:04:14:07'}, {'After': '05-NOV-2024:14:19:11', 'Before': '22-NOV-2024:00:55:36'}, {'After': '10-JUN-2024:17:59:50', 'Before': '13-JUN-2024:18:01:46'}, {'After': '29-SEP-2024:15:14:21', 'Before': '19-OCT-2024:10:29:23'}, {'After': '22-NOV-2024:09:32:17', 'Before': '29-DEC-2024:00:00:27'}, {'After': '21-JUL-2024:01:43:18', 'Before': '06-AUG-2024:12:19:43'}, {'After': '12-SEP-2024:20:01:14', 'Before': '29-SEP-2024:06:37:40'}, {'After': '29-DEC-2024:08:37:08', 'Before': '01-JAN-2025:08:39:04'}]",3.3601538,0.4733159558876009,0.07353334044808703
GO,3730,Diamond-Lowe,2,21,1,Archived,eclipse,L 231-32,L-231-32,b,04:33:39.8638,-51:57:26.75,MIRI,Imaging TS,None,F1500W,SUB256,FASTR1,25,2021,5.93,2024-02-07 01:56:23,2024-02-07 07:38:06,,12,L-231-32 : l-231-32_3,"['Between', 'PeriodZeroPhase', 'TimeSeriesObservation']","{'ZeroPhase': '2458387.0942400363', 'Period': '3.3601538 Days', 'PhaseStart': '0.46711583666488354', 'PhaseEnd': '0.4795160751103182'}","[{'After': '06-AUG-2024:20:56:24', 'Before': '23-AUG-2024:07:32:50'}, {'After': '23-AUG-2024:16:09:31', 'Before': '12-SEP-2024:11:24:33'}, {'After': '06-OCT-2023:02:21:51', 'Before': '01-NOV-2023:14:54:08'}, {'After': '27-JUL-2023:12:50:48', 'Before': '12-AUG-2023:23:27:13'}, {'After': '05-SEP-2023:20:34:15', 'Before': '18-SEP-2023:22:32:03'}, {'After': '13-AUG-2023:08:03:54', 'Before': '19-AUG-2023:16:44:28'}, {'After': '19-OCT-2024:19:06:04', 'Before': '05-NOV-2024:05:42:30'}, {'After': '28-NOV-2023:20:39:48', 'Before': '04-JAN-2024:11:07:57'}, {'After': '20-AUG-2023:01:21:09', 'Before': '05-SEP-2023:11:57:34'}, {'After': '01-NOV-2023:23:30:49', 'Before': '11-NOV-2023:16:50:00'}, {'After': '19-SEP-2023:07:08:44', 'Before': '05-OCT-2023:17:45:10'}, {'After': '27-FEB-2024:14:02:34', 'Before': '15-MAR-2024:00:39:00'}, {'After': '04-JAN-2024:19:44:38', 'Before': '14-JAN-2024:13:03:49'}, {'After': '12-NOV-2023:01:26:41', 'Before': '28-NOV-2023:12:03:06'}, {'After': '15-MAR-2024:09:15:41', 'Before': '28-MAR-2024:11:13:29'}, {'After': '14-JAN-2024:21:40:30', 'Before': '21-JAN-2024:06:21:03'}, {'After': '21-JAN-2024:14:57:44', 'Before': '27-FEB-2024:05:25:53'}, {'After': '28-MAR-2024:19:50:10', 'Before': '20-APR-2024:23:43:50'}, {'After': '14-JUN-2024:02:38:28', 'Before': '30-JUN-2024:13:14:53'}, {'After': '08-MAY-2024:03:33:37', 'Before': '10-JUN-2024:09:23:09'}, {'After': '21-APR-2024:08:20:31', 'Before': '07-MAY-2024:18:56:56'}, {'After': '30-JUN-2024:21:51:34', 'Before': '20-JUL-2024:17:06:37'}, {'After': '01-JUL-2023:00:00:00', 'Before': '27-JUL-2023:04:14:07'}, {'After': '05-NOV-2024:14:19:11', 'Before': '22-NOV-2024:00:55:36'}, {'After': '10-JUN-2024:17:59:50', 'Before': '13-JUN-2024:18:01:46'}, {'After': '29-SEP-2024:15:14:21', 'Before': '19-OCT-2024:10:29:23'}, {'After': '22-NOV-2024:09:32:17', 'Before': '29-DEC-2024:00:00:27'}, {'After': '21-JUL-2024:01:43:18', 'Before': '06-AUG-2024:12:19:43'}, {'After': '12-SEP-2024:20:01:14', 'Before': '29-SEP-2024:06:37:40'}, {'After': '29-DEC-2024:08:37:08', 'Before': '01-JAN-2025:08:39:04'}]",3.3601538,0.4733159558876009,0.07353334044808703
GO,3730,Diamond-Lowe,2,22,1,Archived,eclipse,L 231-32,L-231-32,b,04:33:39.8638,-51:57:26.75,MIRI,Imaging TS,None,F1500W,SUB256,FASTR1,25,2021,5.93,2024-01-31 08:38:50,2024-01-31 14:20:34,,12,L-231-32 : l-231-32_4,"['Between', 'PeriodZeroPhase', 'TimeSeriesObservation']","{'ZeroPhase': '2458387.0942400363', 'Period': '3.3601538 Days', 'PhaseStart': '0.46711583666488354', 'PhaseEnd': '0.4795160751103182'}","[{'After': '06-AUG-2024:20:56:24', 'Before': '23-AUG-2024:07:32:50'}, {'After': '23-AUG-2024:16:09:31', 'Before': '12-SEP-2024:11:24:33'}, {'After': '06-OCT-2023:02:21:51', 'Before': '01-NOV-2023:14:54:08'}, {'After': '27-JUL-2023:12:50:48', 'Before': '12-AUG-2023:23:27:13'}, {'After': '05-SEP-2023:20:34:15', 'Before': '18-SEP-2023:22:32:03'}, {'After': '13-AUG-2023:08:03:54', 'Before': '19-AUG-2023:16:44:28'}, {'After': '19-OCT-2024:19:06:04', 'Before': '05-NOV-2024:05:42:30'}, {'After': '28-NOV-2023:20:39:48', 'Before': '04-JAN-2024:11:07:57'}, {'After': '20-AUG-2023:01:21:09', 'Before': '05-SEP-2023:11:57:34'}, {'After': '01-NOV-2023:23:30:49', 'Before': '11-NOV-2023:16:50:00'}, {'After': '19-SEP-2023:07:08:44', 'Before': '05-OCT-2023:17:45:10'}, {'After': '27-FEB-2024:14:02:34', 'Before': '15-MAR-2024:00:39:00'}, {'After': '04-JAN-2024:19:44:38', 'Before': '14-JAN-2024:13:03:49'}, {'After': '12-NOV-2023:01:26:41', 'Before': '28-NOV-2023:12:03:06'}, {'After': '15-MAR-2024:09:15:41', 'Before': '28-MAR-2024:11:13:29'}, {'After': '14-JAN-2024:21:40:30', 'Before': '21-JAN-2024:06:21:03'}, {'After': '21-JAN-2024:14:57:44', 'Before': '27-FEB-2024:05:25:53'}, {'After': '28-MAR-2024:19:50:10', 'Before': '20-APR-2024:23:43:50'}, {'After': '14-JUN-2024:02:38:28', 'Before': '30-JUN-2024:13:14:53'}, {'After': '08-MAY-2024:03:33:37', 'Before': '10-JUN-2024:09:23:09'}, {'After': '21-APR-2024:08:20:31', 'Before': '07-MAY-2024:18:56:56'}, {'After': '30-JUN-2024:21:51:34', 'Before': '20-JUL-2024:17:06:37'}, {'After': '01-JUL-2023:00:00:00', 'Before': '27-JUL-2023:04:14:07'}, {'After': '05-NOV-2024:14:19:11', 'Before': '22-NOV-2024:00:55:36'}, {'After': '10-JUN-2024:17:59:50', 'Before': '13-JUN-2024:18:01:46'}, {'After': '29-SEP-2024:15:14:21', 'Before': '19-OCT-2024:10:29:23'}, {'After': '22-NOV-2024:09:32:17', 'Before': '29-DEC-2024:00:00:27'}, {'After': '21-JUL-2024:01:43:18', 'Before': '06-AUG-2024:12:19:43'}, {'After': '12-SEP-2024:20:01:14', 'Before': '29-SEP-2024:06:37:40'}, {'After': '29-DEC-2024:08:37:08', 'Before': '01-JAN-2025:08:39:04'}]",3.3601538,0.4733159558876009,0.07353334044808703
GO,3731,Jordan,2,1,1,Archived,transit,TOI-3235,TOI-3235,b,13:49:53.7237,-46:03:59.45,NIRSPEC,BOTS,PRISM,CLEAR,SUB512S,NRSRAPID,4,25441,7.08,2024-07-27 22:30:12,2024-07-28 05:10:47,,12,,"['PeriodZeroPhase', 'TimeSeriesObservation']","{'ZeroPhase': '2459690.00173', 'Period': '2.59261842 Days', 'PhaseStart': '0.9439145193117845', 'PhaseEnd': '0.9599857786069348'}",[],2.59261842,0.9519501489593596,0.11378458076372072
GO,3731,Jordan,2,2,1,Withdrawn,transit,TOI-5205,TOI-5205,b,20:55:4.9600,+24:21:39.54,NIRSPEC,BOTS,PRISM,CLEAR,SUB512,NRSRAPID,3,20040,6.96,,,,12,,"['PeriodZeroPhase', 'TimeSeriesObservation']","{'ZeroPhase': '2459443.47179', 'Period': '1.630757 Days', 'PhaseStart': '0.9118609741774321', 'PhaseEnd': '0.9374114802716367'}",[],1.6307569999999998,0.9246362272245343,0.1778315224156634
GO,3784,Zhang,2,1,1,Archived,phase curve,2MASS J02531581+0003087,2MASS-J02531581+0003087,b,02:53:15.8773,+00:03:8.41,NIRSPEC,BOTS,PRISM,CLEAR,SUB512,NRSRAPID,7,26365,16.56,2024-01-28 05:18:24,2024-01-28 20:10:20,,12,,"['PeriodZeroPhase', 'TimeSeriesObservation']","{'ZeroPhase': '2458411.21990', 'Period': '0.7422572 Days', 'PhaseStart': '-0.46', 'PhaseEnd': '-0.40'}",[],0.3711286,0.1399999999999999,1.859193821225311
GO,3818,Gapp,2,2,1,Withdrawn,transit,TOI-270,TOI-270,d,04:33:39.8593,-51:57:26.62,NIRSPEC,BOTS,G395H,F290LP,SUB2048,NRSRAPID,11,1763,7.23,,,,12, : g395h transit,['TimeSeriesObservation'],,[],,,
GO,3838,Kirk,2,1,1,Archived,transit,TrES-4,TRES-4,b,17:53:13.0407,+37:12:42.26,NIRSPEC,BOTS,G395H,F290LP,SUB2048,NRSRAPID,80,378,9.91,2024-06-17 00:32:26,2024-06-17 09:08:38,,12, : tres-4 transit,"['PeriodZeroPhase', 'TimeSeriesObservation']","{'ZeroPhase': '2455321.96190', 'Period': '3.55392921 Days', 'PhaseStart': '0.9492486608458173', 'PhaseEnd': '0.960972773568554'}",[],3.55392921,0.9551107172071857,0.1161859570823209
GO,3838,Kirk,2,2,1,Archived,transit,KELT-7,KELT-7,b,05:13:10.9419,+33:19:4.63,NIRSPEC,BOTS,G395H,F290LP,SUB2048,NRSRAPID,5,4976,9.78,2024-02-23 15:51:38,2024-02-24 00:53:23,,12, : kelt-7 transit,"['PeriodZeroPhase', 'TimeSeriesObservation']","{'ZeroPhase': '2458816.51857', 'Period': '2.73476539 Days', 'PhaseStart': '0.9353996992529342', 'PhaseEnd': '0.9506356192404497'}",[],2.73476539,0.9430176592466919,0.14900729747790173
GO,3838,Kirk,2,3,1,Archived,transit,NGTS-2,NGTS-2,b,14:20:29.4628,-31:12:7.45,NIRSPEC,BOTS,G395H,F290LP,SUB2048,NRSRAPID,48,706,11.13,2024-07-10 03:03:47,2024-07-10 13:17:08,,12, : ngts-2 transit,"['PeriodZeroPhase', 'TimeSeriesObservation']","{'ZeroPhase': '2458602.70654', 'Period': '4.5111228 Days', 'PhaseStart': '0.9553621846280339', 'PhaseEnd': '0.9645986138971876'}",[],4.5111228,0.9599803992626108,0.10280145776568086
GO,3838,Kirk,2,4,1,Archived,transit,WASP-15,WASP-15,b,13:55:42.7227,-32:09:34.96,NIRSPEC,BOTS,G395H,F290LP,SUB2048,NRSRAPID,44,685,10.04,2024-01-26 22:17:28,2024-01-27 07:32:26,,12, : wasp-15 transit,"['PeriodZeroPhase', 'TimeSeriesObservation']","{'ZeroPhase': '2456036.76051', 'Period': '3.75209970 Days', 'PhaseStart': '0.9516226430052841', 'PhaseEnd': '0.9627275362645614'}",[],3.7520997,0.9571750896349227,0.11149312832314485
GO,3838,Kirk,2,5,1,Archived,transit,HAT-P-30,HAT-P-30,b,08:15:47.9623,+05:50:12.72,NIRSPEC,BOTS,G395H,F290LP,SUB2048,NRSRAPID,26,925,8.33,2024-03-10 22:20:47,2024-03-11 06:02:39,,12, : hat-p-30 transit,"['PeriodZeroPhase', 'TimeSeriesObservation']","{'ZeroPhase': '2457426.69746', 'Period': '2.81060126 Days', 'PhaseStart': '0.9462081291460034', 'PhaseEnd': '0.9610329523109467'}",[],2.81060126,0.953620540728475,0.12349077696397723
GO,3860,Teske,2,1,1,Archived,phase curve,TOI-561,TOI-561,b,09:52:44.4364,+06:12:57.97,NIRSPEC,BOTS,G395H,F290LP,SUB2048,NRSRAPID,6,21228,44.22,2024-05-01 21:59:19,2024-05-03 12:35:44,,12, : toi561_phasecurve1,"['PeriodZeroPhase', 'TimeSeriesObservation']","{'ZeroPhase': '2459317.7498', 'Period': '1.786276 Days', 'PhaseStart': '0.045376713', 'PhaseEnd': '0.068702708875896'}",[],0.446569,0.228158843751792,4.12590215621774
GO,3942,Damiano,2,1,1,Archived,transit,L 98-59,L-98-59,b,08:18:7.8865,-68:18:52.08,NIRSPEC,BOTS,G395H,F290LP,SUB2048,NRSRAPID,3,2822,4.37,2024-01-30 06:01:59,2024-01-30 10:23:52,,12,,"['PeriodZeroPhase', 'TimeSeriesObservation']","{'ZeroPhase': '2458366.17067', 'Period': '2.2531136 Days', 'PhaseStart': '0.9601689082058191', 'PhaseEnd': '0.9786618358001786'}",[],2.2531136,0.9694153720029989,0.080814093587351
GO,3942,Damiano,2,2,1,Archived,transit,L 98-59,L-98-59,b,08:18:7.8865,-68:18:52.08,NIRSPEC,BOTS,G395H,F290LP,SUB2048,NRSRAPID,3,2822,4.37,2024-02-03 18:10:50,2024-02-03 22:32:46,,12,,"['PeriodZeroPhase', 'TimeSeriesObservation']","{'ZeroPhase': '2458366.17067', 'Period': '2.2531136 Days', 'PhaseStart': '0.9601689082058191', 'PhaseEnd': '0.9786618358001786'}",[],2.2531136,0.9694153720029989,0.080814093587351
GO,3942,Damiano,2,3,1,Archived,transit,L 98-59,L-98-59,b,08:18:7.8865,-68:18:52.08,NIRSPEC,BOTS,G395H,F290LP,SUB2048,NRSRAPID,3,2822,4.37,2024-02-06 00:23:14,2024-02-06 04:37:15,,12,,"['PeriodZeroPhase', 'TimeSeriesObservation']","{'ZeroPhase': '2458366.17067', 'Period': '2.2531136 Days', 'PhaseStart': '0.9601689082058191', 'PhaseEnd': '0.9786618358001786'}",[],2.2531136,0.9694153720029989,0.080814093587351
GO,3942,Damiano,2,4,1,Archived,transit,L 98-59,L-98-59,b,08:18:7.8865,-68:18:52.08,NIRSPEC,BOTS,G395H,F290LP,SUB2048,NRSRAPID,3,2822,4.37,2024-02-19 12:41:46,2024-02-19 17:03:48,,12,,"['PeriodZeroPhase', 'TimeSeriesObservation']","{'ZeroPhase': '2458366.17067', 'Period': '2.2531136 Days', 'PhaseStart': '0.9601689082058191', 'PhaseEnd': '0.9786618358001786'}",[],2.2531136,0.9694153720029989,0.080814093587351
GO,3969,Espinoza,2,1,1,Archived,transit,Kepler-12,KEPLER-12,b,19:04:58.4270,+50:02:25.32,NIRSPEC,BOTS,PRISM,CLEAR,SUB512,NRSRAPID,5,29131,13.93,2024-07-01 22:32:18,2024-07-02 11:13:13,,12,Kepler-12 Transits : prism transit 1,"['PeriodZeroPhase', 'TimeSeriesObservation']","{'ZeroPhase': '2455004.00915', 'Period': '4.4379629 Days', 'PhaseStart': '0.93946', 'PhaseEnd': '0.94885'}",[],4.4379629,0.944155,0.13078447921830683
GO,3969,Espinoza,2,5,1,Archived,transit,Kepler-12,KEPLER-12,b,19:04:58.4270,+50:02:25.32,NIRSPEC,BOTS,PRISM,CLEAR,SUB512,NRSRAPID,5,29131,13.93,2024-04-21 22:33:41,2024-04-22 11:05:11,,12,Kepler-12 Transits : prism transit 2,"['PeriodZeroPhase', 'TimeSeriesObservation']","{'ZeroPhase': '2455004.00915', 'Period': '4.4379629 Days', 'PhaseStart': '0.93946', 'PhaseEnd': '0.94885'}",[],4.4379629,0.944155,0.13078447921830683
GO,3969,Espinoza,2,3,1,Archived,transit,WASP-52,WASP-52,b,23:13:58.7501,+08:45:39.86,NIRSPEC,BOTS,G395H,F290LP,SUB2048,NRSRAPID,35,616,7.52,2023-10-30 21:53:30,2023-10-31 04:53:55,,12,WASP-52 transit : g395h transit,"['PeriodZeroPhase', 'TimeSeriesObservation']","{'ZeroPhase': '2456770.05972', 'Period': '1.7497798 Days', 'PhaseStart': '0.91297', 'PhaseEnd': '0.93679'}",[],1.7497798,0.9248799999999999,0.17907015118892866
GO,3969,Espinoza,2,4,1,Archived,transit,HAT-P-65,HAT-P-65,b,21:03:37.3175,+11:59:21.72,NIRSPEC,BOTS,PRISM,CLEAR,SUB512,NRSRAPID,3,40787,13.16,2024-06-09 10:13:14,2024-06-09 22:04:33,,12,HAT-P-65b Transits : prism transit 1,"['PeriodZeroPhase', 'TimeSeriesObservation']","{'ZeroPhase': '2457149.2808', 'Period': '2.6054552 Days', 'PhaseStart': '0.9022', 'PhaseEnd': '0.9182'}",[],2.6054552,0.9102,0.21045586711041253
GO,3969,Espinoza,2,6,1,Archived,transit,HAT-P-65,HAT-P-65,b,21:03:37.3175,+11:59:21.72,NIRSPEC,BOTS,PRISM,CLEAR,SUB512,NRSRAPID,3,40787,13.16,2024-06-12 00:44:48,2024-06-12 12:36:01,,12,HAT-P-65b Transits : prism transit 2,"['PeriodZeroPhase', 'TimeSeriesObservation']","{'ZeroPhase': '2457149.2808', 'Period': '2.6054552 Days', 'PhaseStart': '0.9022', 'PhaseEnd': '0.9182'}",[],2.6054552,0.9102,0.21045586711041253
GO,4008,Zieba,2,1,1,Archived,phase curve,LHS 3844,LHS3844,b,22:41:59.1203,-69:10:19.95,NIRSPEC,BOTS,G395H,F290LP,SUB2048,NRSRAPID,15,3769,18.63,2024-06-25 00:57:27,2024-06-25 17:08:11,,12,LHS3844b NIRSpec BOTS : lhs3844b - g395h,"['PeriodZeroPhase', 'TimeSeriesObservation']","{'ZeroPhase': '2459085.39295', 'Period': '0.92585826 Days', 'PhaseStart': '0.3757639209', 'PhaseEnd': '0.4207672097'}",[],0.46292912999999997,0.7965311306,1.6768225408498274
GO,4082,Radica,2,1,1,Archived,transit,WASP-96,WASP-96,b,00:04:11.1767,-47:21:38.29,NIRSPEC,BOTS,G395H,F290LP,SUB2048,NRSRAPID,128,152,6.68,2024-08-10 01:55:29,2024-08-10 08:16:37,,12,Transit 1,"['PeriodZeroPhase', 'TimeSeriesObservation']","{'ZeroPhase': '2459111.30170', 'Period': '3.4252577 Days', 'PhaseStart': '0.9583194377851726', 'PhaseEnd': '0.9704839726365698'}",[],3.4252577,0.9644017052108712,0.0812590928073334
GO,4098,Benneke,2,1,1,Archived,transit,L 98-59,L98-59,d,08:18:7.8951,-68:18:46.87,NIRISS,SOSS,None,CLEAR,SUBSTRIP96,NISRAPID,4,1101,4.99,2023-12-28 17:54:17,2023-12-28 22:48:19,,0,L98-59d : soss,"['OrientRange', 'PeriodZeroPhase', 'TimeSeriesObservation']","{'ZeroPhase': '2458362.7375', 'Period': '7.45085656 Days', 'PhaseStart': '0.985956', 'PhaseEnd': '0.991558'}",[],7.45085656,0.9887570000000001,0.027905069033655732
GO,4098,Benneke,2,2,1,Archived,transit,L 98-59,L98-59-updated,d,08:18:7.8951,-68:18:52.25,NIRSPEC,BOTS,G395H,F290LP,SUB2048,NRSRAPID,6,2121,5.4,2024-03-12 05:37:44,2024-03-12 10:47:48,,0,L98-59d : g395h,"['PeriodZeroPhase', 'TimeSeriesObservation']","{'ZeroPhase': '2458362.73980', 'Period': '7.4507290 Days', 'PhaseStart': '0.986774457', 'PhaseEnd': '0.992366653'}",[],7.450729,0.989570555,0.0301983872987462
GO,4098,Benneke,2,3,1,Archived,transit,TOI-1685,TOI-1685,b,04:34:22.5504,+43:02:13.30,NIRISS,SOSS,None,CLEAR,SUBSTRIP256,NISRAPID,5,320,4.45,2025-01-15 12:05:17,2025-01-15 16:36:07,,0,TOI-1685b : soss,"['OrientRange', 'PeriodZeroPhase', 'TimeSeriesObservation']","{'ZeroPhase': '2458816.22615', 'Period': '0.6691403 Days', 'PhaseStart': '0.871841', 'PhaseEnd': '0.944488'}",[],0.6691403,0.9081645,0.2770968460077306
GO,4098,Benneke,2,4,1,Archived,transit,TOI-1685,TOI-1685,b,04:34:22.5504,+43:02:13.30,NIRISS,SOSS,None,CLEAR,SUBSTRIP256,NISRAPID,5,320,4.45,2025-01-16 04:08:53,2025-01-16 08:39:47,,0,TOI-1685b : soss,"['OrientRange', 'PeriodZeroPhase', 'TimeSeriesObservation']","{'ZeroPhase': '2458816.22615', 'Period': '0.6691403 Days', 'PhaseStart': '0.871841', 'PhaseEnd': '0.944488'}",[],0.6691403,0.9081645,0.2770968460077306
GO,4098,Benneke,2,7,1,Archived,transit,GJ 9827,GJ9827,d,23:27:5.2388,-01:17:7.13,NIRISS,SOSS,None,CLEAR,SUBSTRIP256,NISRAPID,2,756,5.07,2023-11-10 07:33:42,2023-11-10 11:55:03,,0,GJ 9827d : soss,"['OrientRange', 'PeriodZeroPhase', 'TimeSeriesObservation']","{'ZeroPhase': '2459185.987', 'Period': '6.20186 Days', 'PhaseStart': '0.9842949', 'PhaseEnd': '0.9921329'}",[],6.20186,0.9882139,0.03406236193658031
GO,4098,Benneke,2,8,1,Archived,transit,GJ 9827,GJ9827,d,23:27:5.2388,-01:17:7.13,NIRISS,SOSS,None,CLEAR,SUBSTRIP256,NISRAPID,2,756,5.07,2023-11-16 10:52:19,2023-11-16 15:46:02,,0,GJ 9827d : soss,"['OrientRange', 'PeriodZeroPhase', 'TimeSeriesObservation']","{'ZeroPhase': '2459185.987', 'Period': '6.20186 Days', 'PhaseStart': '0.9842949', 'PhaseEnd': '0.9921329'}",[],6.20186,0.9882139,0.03406236193658031
GO,4098,Benneke,2,9,1,Skipped,transit,GJ 9827,GJ9827,d,23:27:5.2388,-01:17:7.13,NIRSPEC,BOTS,G395H,F290LP,SUB2048,NRSRAPID,4,2753,5.09,,,,0,GJ 9827d : g395h,"['PeriodZeroPhase', 'TimeSeriesObservation']","{'ZeroPhase': '2459185.987', 'Period': '6.20186 Days', 'PhaseStart': '0.9842949', 'PhaseEnd': '0.9921329'}",[],6.20186,0.9882139,0.034196730228243356
GO,4098,Benneke,2,91,1,Archived,transit,GJ 9827,GJ9827,d,23:27:5.2388,-01:17:7.13,NIRSPEC,BOTS,G395H,F290LP,SUB2048,NRSRAPID,4,2753,5.09,2024-11-28 18:22:11,2024-11-28 23:25:25,,0,GJ 9827d : g395h,"['PeriodZeroPhase', 'TimeSeriesObservation']","{'ZeroPhase': '2459185.987', 'Period': '6.20186 Days', 'PhaseStart': '0.9842949', 'PhaseEnd': '0.9921329'}",[],6.20186,0.9882139,0.034196730228243356
GO,4098,Benneke,2,10,1,Archived,transit,GJ 9827,GJ9827,d,23:27:5.2388,-01:17:7.13,NIRSPEC,BOTS,G395H,F290LP,SUB2048,NRSRAPID,4,2753,5.09,2024-06-08 02:55:31,2024-06-08 07:51:57,,0,GJ 9827d : g395h,"['PeriodZeroPhase', 'TimeSeriesObservation']","{'ZeroPhase': '2459185.987', 'Period': '6.20186 Days', 'PhaseStart': '0.9842949', 'PhaseEnd': '0.9921329'}",[],6.20186,0.9882139,0.034196730228243356
GO,4098,Benneke,2,11,1,Skipped,transit,GJ 3090,GJ3090,b,01:21:45.2173,-46:42:53.04,NIRISS,SOSS,None,CLEAR,SUBSTRIP256,NISRAPID,2,779,5.19,,,,0,GJ 3090b : soss,"['OrientRange', 'PeriodZeroPhase', 'TimeSeriesObservation']","{'ZeroPhase': '2458370.418490', 'Period': '2.8531054 Days', 'PhaseStart': '0.962722', 'PhaseEnd': '0.979759'}",[],2.8531054,0.9712405,0.07579460611584837
GO,4098,Benneke,2,12,1,Archived,transit,GJ 3090,GJ3090,b,01:21:45.2173,-46:42:53.04,NIRISS,SOSS,None,CLEAR,SUBSTRIP256,NISRAPID,2,779,5.19,2023-12-06 04:30:14,2023-12-06 09:34:58,,0,GJ 3090b : soss,"['OrientRange', 'PeriodZeroPhase', 'TimeSeriesObservation']","{'ZeroPhase': '2458370.418490', 'Period': '2.8531054 Days', 'PhaseStart': '0.962722', 'PhaseEnd': '0.979759'}",[],2.8531054,0.9712405,0.07579460611584837
GO,4098,Benneke,2,111,1,Archived,transit,GJ 3090,GJ3090,b,01:21:45.2173,-46:42:53.04,NIRISS,SOSS,None,CLEAR,SUBSTRIP256,NISRAPID,2,779,5.19,2024-07-04 07:27:13,2024-07-04 12:36:15,,0,GJ 3090b : soss,"['OrientRange', 'PeriodZeroPhase', 'TimeSeriesObservation']","{'ZeroPhase': '2458370.418490', 'Period': '2.8531054 Days', 'PhaseStart': '0.962722', 'PhaseEnd': '0.979759'}",[],2.8531054,0.9712405,0.07579460611584837
GO,4098,Benneke,2,13,1,Archived,transit,GJ 3090,GJ3090,b,01:21:45.2173,-46:42:53.04,NIRSPEC,BOTS,G395H,F290LP,SUB2048,NRSRAPID,4,2845,5.22,2023-08-02 15:47:21,2023-08-02 20:41:03,,0,GJ 3090b : g395h,"['PeriodZeroPhase', 'TimeSeriesObservation']","{'ZeroPhase': '2458370.418490', 'Period': '2.8531054 Days', 'PhaseStart': '0.962722', 'PhaseEnd': '0.979759'}",[],2.8531054,0.9712405,0.0762327252263446
GO,4098,Benneke,2,14,1,Archived,transit,GJ 3090,GJ3090,b,01:21:45.2173,-46:42:53.04,NIRSPEC,BOTS,G395H,F290LP,SUB2048,NRSRAPID,4,2845,5.22,2023-09-23 00:11:23,2023-09-23 05:12:09,,0,GJ 3090b : g395h,"['PeriodZeroPhase', 'TimeSeriesObservation']","{'ZeroPhase': '2458370.418490', 'Period': '2.8531054 Days', 'PhaseStart': '0.962722', 'PhaseEnd': '0.979759'}",[],2.8531054,0.9712405,0.0762327252263446
GO,4098,Benneke,2,15,1,Archived,transit,TOI-270,TOI-270,d,04:33:39.8638,-51:57:26.75,NIRISS,SOSS,None,CLEAR,SUBSTRIP256,NISRAPID,3,868,7.2,2024-02-06 06:29:19,2024-02-06 13:17:57,,0,TOI-270 : soss,"['OrientRange', 'PeriodZeroPhase', 'TimeSeriesObservation']","{'ZeroPhase': '2458389.681860', 'Period': '11.37957 Days', 'PhaseStart': '0.987970', 'PhaseEnd': '0.992242'}",[],11.37957,0.9901059999999999,0.026363034807114858
GO,4098,Benneke,2,16,1,Archived,transit,TOI-270,TOI-270,d,04:33:39.8638,-51:57:26.75,NIRSPEC,BOTS,G395H,F290LP,SUB2048,NRSRAPID,11,1763,7.22,2024-08-29 02:27:59,2024-08-29 09:21:48,,0,TOI-270 : g395h,"['PeriodZeroPhase', 'TimeSeriesObservation']","{'ZeroPhase': '2458389.681860', 'Period': '11.37957 Days', 'PhaseStart': '0.987970', 'PhaseEnd': '0.992242'}",[],11.37957,0.9901059999999999,0.026436265459356845
GO,4098,Benneke,2,17,1,Archived,transit,TOI-270,TOI-270,d,04:33:39.8638,-51:57:26.75,NIRSPEC,BOTS,G395H,F290LP,SUB2048,NRSRAPID,11,1763,7.22,2023-10-04 02:34:26,2023-10-04 09:09:54,,0,TOI-270 : g395h,"['PeriodZeroPhase', 'TimeSeriesObservation']","{'ZeroPhase': '2458389.681860', 'Period': '11.37957 Days', 'PhaseStart': '0.987970', 'PhaseEnd': '0.992242'}",[],11.37957,0.9901059999999999,0.026436265459356845
GO,4102,Roy,2,1,1,Archived,eclipse,TOI-824,TOI-824,b,14:48:39.7097,-57:35:20.00,NIRSPEC,BOTS,G395M,F290LP,SUB2048,NRSRAPID,5,3257,6.63,2024-07-31 22:08:50,2024-08-01 04:30:23,,12,TOI-824b NIRSpec BOTS : toi-824b-g395h-eclipse1,"['PeriodZeroPhase', 'TimeSeriesObservation']","{'ZeroPhase': '2458983.66859', 'Period': '1.392975 Days', 'PhaseStart': '0.41315249295633766', 'PhaseEnd': '0.44306442743532204'}",[],1.392975,0.4281084601958298,0.19831655270195084
GO,4102,Roy,2,2,1,Archived,eclipse,TOI-824,TOI-824,b,14:48:39.7097,-57:35:20.00,NIRSPEC,BOTS,G395M,F290LP,SUB2048,NRSRAPID,5,3257,6.63,2024-07-29 03:16:47,2024-07-29 09:38:29,,12,TOI-824b NIRSpec BOTS : toi-824b-g395h-eclipse1,"['PeriodZeroPhase', 'TimeSeriesObservation']","{'ZeroPhase': '2458983.66859', 'Period': '1.392975 Days', 'PhaseStart': '0.41315249295633766', 'PhaseEnd': '0.44306442743532204'}",[],1.392975,0.4281084601958298,0.19831655270195084
GO,4105,Alderson,2,1,1,Archived,transit,HAT-P-11,HAT-P-11,b,19:50:50.4423,+48:04:54.71,NIRSPEC,BOTS,G395H,F290LP,SUB2048,NRSRAPID,3,5218,7.1,2024-07-18 15:13:04,2024-07-18 22:00:50,,12,,"['PeriodZeroPhase', 'TimeSeriesObservation']","{'ZeroPhase': '2455109.335119', 'Period': '4.88780244 Days', 'PhaseStart': '0.9670949603001275', 'PhaseEnd': ' 0.9756195819840323'}",[],4.88780244,0.9713572711420799,0.0605248139557239
GO,4105,Alderson,2,2,1,Archived,transit,HAT-P-11,HAT-P-11,b,19:50:50.4423,+48:04:54.71,NIRSPEC,BOTS,G395H,F290LP,SUB2048,NRSRAPID,3,5218,7.1,2024-07-13 17:54:46,2024-07-14 00:42:32,,12,,"['PeriodZeroPhase', 'TimeSeriesObservation']","{'ZeroPhase': '2455109.335119', 'Period': '4.88780244 Days', 'PhaseStart': '0.9670949603001275', 'PhaseEnd': ' 0.9756195819840323'}",[],4.88780244,0.9713572711420799,0.0605248139557239
GO,4126,Fisher,2,1,1,Skipped,transit,TOI-125,TOI-125,b,01:34:22.4221,-66:40:34.86,NIRSPEC,BOTS,G395H,F290LP,SUB2048,NRSRAPID,22,1331,9.97,,,,12, : toi-125 b transit,"['PeriodZeroPhase', 'TimeSeriesObservation']","{'ZeroPhase': '2458327.4514124691', 'Period': '4.6517225100 Days', 'PhaseStart': '0.95779341', 'PhaseEnd': '0.96675067'}",[],4.65172251,0.96227204,0.08930383654090035
GO,4126,Fisher,2,101,1,Archived,transit,TOI-125,TOI-125,b,01:34:22.4221,-66:40:34.86,NIRSPEC,BOTS,G395H,F290LP,SUB2048,NRSRAPID,22,1331,9.97,2024-09-29 18:41:25,2024-09-30 03:55:24,,12, : toi-125 b transit,"['PeriodZeroPhase', 'TimeSeriesObservation']","{'ZeroPhase': '2458327.4514124691', 'Period': '4.6517225100 Days', 'PhaseStart': '0.95779341', 'PhaseEnd': '0.96675067'}",[],4.65172251,0.96227204,0.08930383654090035
GO,4126,Fisher,2,2,1,Skipped,transit,TOI-125,TOI-125,c,01:34:22.4221,-66:40:34.86,NIRSPEC,BOTS,G395H,F290LP,SUB2048,NRSRAPID,22,1328,9.95,,,,12, : toi-125 c transit,"['PeriodZeroPhase', 'TimeSeriesObservation']","{'ZeroPhase': '2458334.4430253939', 'Period': '9.1549332897 Days', 'PhaseStart': '0.97859078', 'PhaseEnd': '0.98314206'}",[],9.1549332897,0.98086642,0.0452852380475313
GO,4126,Fisher,2,201,1,Archived,transit,TOI-125,TOI-125,c,01:34:22.4221,-66:40:34.86,NIRSPEC,BOTS,G395H,F290LP,SUB2048,NRSRAPID,22,1328,9.95,2024-11-26 17:32:08,2024-11-27 02:47:15,,12, : toi-125 c transit,"['PeriodZeroPhase', 'TimeSeriesObservation']","{'ZeroPhase': '2458334.4430253939', 'Period': '9.1549332897 Days', 'PhaseStart': '0.97859078', 'PhaseEnd': '0.98314206'}",[],9.1549332897,0.98086642,0.0452852380475313
GO,4195,Fisher,2,1,1,Archived,transit,TOI-1685,TOI-1685,b,04:34:22.5504,+43:02:13.30,NIRSPEC,BOTS,G395H,F290LP,SUB2048,NRSRAPID,16,1032,6.17,2024-02-29 06:54:28,2024-02-29 12:44:13,,12, : toi-1685b transit 1,"['PeriodZeroPhase', 'TimeSeriesObservation']","{'ZeroPhase': '2459910.93830', 'Period': '0.66913923 Days', 'PhaseStart': '0.81625593', 'PhaseEnd': '0.87852499'}",[],0.66913923,0.84739046,0.3842000615228214
GO,4195,Fisher,2,2,1,Archived,transit,TOI-1685,TOI-1685,b,04:34:22.5504,+43:02:13.30,NIRSPEC,BOTS,G395H,F290LP,SUB2048,NRSRAPID,16,1032,6.17,2024-03-02 07:05:25,2024-03-02 12:55:13,,12, : toi-1685b transit 2,"['PeriodZeroPhase', 'TimeSeriesObservation']","{'ZeroPhase': '2459910.93830', 'Period': '0.66913923 Days', 'PhaseStart': '0.81625593', 'PhaseEnd': '0.87852499'}",[],0.66913923,0.84739046,0.3842000615228214
GO,4195,Fisher,2,3,1,Archived,transit,TOI-1685,TOI-1685,b,04:34:22.5504,+43:02:13.30,NIRSPEC,BOTS,G395H,F290LP,SUB2048,NRSRAPID,16,1032,6.17,2024-02-25 06:32:33,2024-02-25 12:27:28,,12, : toi-1685b transit 3,"['PeriodZeroPhase', 'TimeSeriesObservation']","{'ZeroPhase': '2459910.93830', 'Period': '0.66913923 Days', 'PhaseStart': '0.81625593', 'PhaseEnd': '0.87852499'}",[],0.66913923,0.84739046,0.3842000615228214
GO,4195,Fisher,2,4,1,Skipped,transit,TOI-1685,TOI-1685,b,04:34:22.5504,+43:02:13.30,NIRSPEC,BOTS,G395H,F290LP,SUB2048,NRSRAPID,16,1032,6.17,,,,12, : toi-1685b transit 4,"['PeriodZeroPhase', 'TimeSeriesObservation']","{'ZeroPhase': '2459910.93830', 'Period': '0.66913923 Days', 'PhaseStart': '0.81625593', 'PhaseEnd': '0.87852499'}",[],0.66913923,0.84739046,0.3842000615228214
GO,4195,Fisher,2,104,1,Archived,transit,TOI-1685,TOI-1685,b,04:34:22.5504,+43:02:13.30,NIRSPEC,BOTS,G395H,F290LP,SUB2048,NRSRAPID,16,1032,6.17,2024-08-31 23:13:50,2024-09-01 05:13:11,,12, : toi-1685b transit 4,"['PeriodZeroPhase', 'TimeSeriesObservation']","{'ZeroPhase': '2459910.93830', 'Period': '0.66913923 Days', 'PhaseStart': '0.81625593', 'PhaseEnd': '0.87852499'}",[],0.66913923,0.84739046,0.3842000615228214
GO,4227,Claringbold,2,1,1,Skipped,transit,TOI-1899,TOI-1899,b,19:57:42.3954,+40:08:35.75,NIRSPEC,BOTS,PRISM,CLEAR,SUB512,NRSRAPID,5,26136,12.6,,,,12, : transit,"['PeriodZeroPhase', 'TimeSeriesObservation']","{'ZeroPhase': '2458711.959171', 'Period': '29.090312000 Days', 'PhaseStart': '0.9921222341421891', 'PhaseEnd': '0.9935545552072457'}",[],29.090312000000004,0.9928383946747175,0.018047245419712237
GO,4227,Claringbold,2,11,1,Archived,transit,TOI-1899,TOI-1899,b,19:57:42.3954,+40:08:35.75,NIRSPEC,BOTS,PRISM,CLEAR,SUB512,NRSRAPID,5,26136,12.6,2025-05-10 17:16:34,2025-05-11 04:17:29,,12, : transit - repeat of obs 1,"['PeriodZeroPhase', 'TimeSeriesObservation']","{'ZeroPhase': '2458711.959171', 'Period': '29.090312000 Days', 'PhaseStart': '0.9921222341421891', 'PhaseEnd': '0.9935545552072457'}",[],29.090312000000004,0.9928383946747175,0.018047245419712237
GTO,4536,Greene,3,1,1,Archived,transit,GJ 3470,GJ-3470,b,07:59:5.6341,+15:23:28.32,NIRSPEC,BOTS,G395H,F290LP,SUB2048,NRSRAPID,9,2125,7.06,2025-03-07 01:47:14,2025-03-07 08:32:40,,12, : gj 3470 b transit,"['PeriodZeroPhase', 'TimeSeriesObservation']","{'ZeroPhase': '2459527.228800', 'Period': '3.33667 Days', 'PhaseStart': '0.95731', 'PhaseEnd': '0.96981'}",[],3.33667,0.96356,0.08816175008816175
GO,4711,Hu,3,1,1,Archived,transit,TOI-4336,TOI-4336,b,13:44:25.4773,-40:20:15.52,NIRISS,SOSS,None,CLEAR,SUBSTRIP96,NISRAPID,9,1040,8.59,2025-06-28 03:57:34,2025-06-28 11:24:50,,12,TOI-4336b,"['OrientRange', 'PeriodZeroPhase', 'TimeSeriesObservation']","{'ZeroPhase': '2459335.5727619864', 'Period': '16.336351499526266 Days', 'PhaseStart': '0.9909015473352393', 'PhaseEnd': '0.9934520964384386'}",[],16.336351499526266,0.992176821886839,0.02190921679648273
GO,4711,Hu,3,2,1,Archived,transit,TOI-4336,TOI-4336,b,13:44:25.4773,-40:20:15.52,NIRSPEC,BOTS,G395H,F290LP,SUB2048,NRSRAPID,14,1701,8.41,2025-07-30 19:37:13,2025-07-31 03:32:31,,12,TOI-4336b,"['PeriodZeroPhase', 'TimeSeriesObservation']","{'ZeroPhase': '2459335.5727619864', 'Period': '16.336351499526266 Days', 'PhaseStart': '0.9909015473352393', 'PhaseEnd': '0.9934520964384386'}",[],16.336351499526266,0.992176821886839,0.02145011795790684
GO,4818,Weiner Mansfield,3,1,1,Archived,eclipse,GJ 9827,GJ-9827,b,23:27:4.8377,-01:17:10.58,MIRI,LRS,None,None,SLITLESSPRISM,FASTR1,10,8141,5.65,2025-06-13 19:28:47,2025-06-14 00:13:47,,12,GJ 9827 : gj 9827,"['PeriodZeroPhase', 'TimeSeriesObservation']","{'ZeroPhase': '2457738.8259', 'Period': '1.208974 Days', 'PhaseStart': '0.409', 'PhaseEnd': '0.444'}",[],1.208974,0.4265,0.1947243420178322
GO,4818,Weiner Mansfield,3,3,1,Archived,eclipse,HD 20329,HD-20329,b,03:16:42.6298,+15:39:26.01,MIRI,LRS,None,None,SLITLESSPRISM,FASTR1,10,8033,5.59,2025-08-25 21:12:46,2025-08-26 02:41:59,,12,HD 20329 : hd 20329,"['PeriodZeroPhase', 'TimeSeriesObservation']","{'ZeroPhase': '2459472.14261147', 'Period': '0.92606086 Days', 'PhaseStart': '0.382', 'PhaseEnd': '0.427'}",[],0.92606086,0.40449999999999997,0.2515133472617196
GO,4818,Weiner Mansfield,3,5,1,Archived,eclipse,TOI-1416,TOI-1416,b,14:27:41.7656,+41:57:12.32,MIRI,LRS,None,None,SLITLESSPRISM,FASTR1,18,4947,5.89,2025-02-17 18:29:44,2025-02-17 23:23:31,,12,TOI-1416 : toi-1416,"['PeriodZeroPhase', 'TimeSeriesObservation']","{'ZeroPhase': '2458739.4621', 'Period': '1.0697568 Days', 'PhaseStart': '0.393', 'PhaseEnd': '0.432'}",[],1.0697568,0.4125,0.22941351404979773
GO,4818,Weiner Mansfield,3,7,1,Archived,eclipse,TOI-500,TOI-500,b,07:06:13.9753,-47:35:13.87,MIRI,LRS,None,None,SLITLESSPRISM,FASTR1,18,4345,5.3,2025-02-18 07:01:08,2025-02-18 12:14:54,,12,TOI-500 : toi-500,"['PeriodZeroPhase', 'TimeSeriesObservation']","{'ZeroPhase': '2458468.3905', 'Period': '0.548177 Days', 'PhaseStart': '0.309', 'PhaseEnd': '0.386'}",[],0.548177,0.34750000000000003,0.4028504175354554
GO,4818,Weiner Mansfield,3,9,1,Archived,eclipse,TOI-1442,TOI-1442,b,19:09:9.7936,+74:10:20.22,MIRI,LRS,None,None,SLITLESSPRISM,FASTR1,108,687,4.91,2025-02-23 04:33:16,2025-02-23 08:40:34,,12,TOI-1442 : toi-1442,"['PeriodZeroPhase', 'TimeSeriesObservation']","{'ZeroPhase': '2458683.4523', 'Period': '0.4090677 Days', 'PhaseStart': '0.265', 'PhaseEnd': '0.367'}",[],0.40906770000000003,0.316,0.5001209661220706
GO,4818,Weiner Mansfield,3,11,1,Archived,eclipse,TOI-561,TOI-561,b,09:52:44.5492,+06:12:58.92,MIRI,LRS,None,None,SLITLESSPRISM,FASTR1,32,2715,5.65,2025-04-14 08:43:13,2025-04-14 14:15:53,,12,TOI-561 : toi-561,"['PeriodZeroPhase', 'TimeSeriesObservation']","{'ZeroPhase': '2459317.7498', 'Period': '0.4465688 Days', 'PhaseStart': '0.252', 'PhaseEnd': '0.346'}",[],0.4465688,0.299,0.5271677436190496
GO,4818,Weiner Mansfield,3,13,1,Archived,eclipse,TOI-1075,TOI-1075,b,20:39:53.3385,-65:26:57.99,MIRI,LRS,None,None,SLITLESSPRISM,FASTR1,55,1478,5.3,2025-06-15 04:50:13,2025-06-15 10:04:35,,12,TOI-1075 : toi-1075,"['PeriodZeroPhase', 'TimeSeriesObservation']","{'ZeroPhase': '2458654.2510', 'Period': '0.6047328 Days', 'PhaseStart': '0.327', 'PhaseEnd': '0.396'}",[],0.6047328,0.36150000000000004,0.3651750547238935
GO,4818,Weiner Mansfield,3,15,1,Archived,eclipse,TOI-1807,TOI-1807,b,13:25:7.9957,+38:55:20.94,MIRI,LRS,None,None,SLITLESSPRISM,FASTR1,15,5182,5.32,2025-02-22 08:54:18,2025-02-22 13:51:30,,12,TOI-1807 : toi-1807,"['PeriodZeroPhase', 'TimeSeriesObservation']","{'ZeroPhase': '2457000.166', 'Period': '0.549372 Days', 'PhaseStart': '0.311', 'PhaseEnd': '0.387'}",[],0.549372,0.349,0.40349101640903917
GO,4818,Weiner Mansfield,3,17,1,Archived,eclipse,HD 3167,HD-3167,b,00:34:57.5242,+04:22:53.28,MIRI,LRS,None,None,SLITLESSPRISM,FASTR1,9,9636,6.0,2025-06-28 16:31:30,2025-06-28 22:21:47,,12,HD 3167 : hd 3167,"['PeriodZeroPhase', 'TimeSeriesObservation']","{'ZeroPhase': '2458269.57891', 'Period': '0.95965428 Days', 'PhaseStart': '0.378', 'PhaseEnd': '0.422'}",[],0.9596542799999999,0.4,0.26051048300435864
GO,4818,Weiner Mansfield,3,19,1,Archived,eclipse,TOI-431,TOI-431,b,05:33:4.6005,-26:43:28.27,MIRI,LRS,None,None,SLITLESSPRISM,FASTR1,8,9400,5.4,2025-02-01 08:53:48,2025-02-01 14:00:18,,12,TOI-431 : toi-431,"['PeriodZeroPhase', 'TimeSeriesObservation']","{'ZeroPhase': '2458627.538', 'Period': '0.490047 Days', 'PhaseStart': '0.283', 'PhaseEnd': '0.369'}",[],0.490047,0.32599999999999996,0.4591396335453538
GO,4931,Weiner Mansfield,3,1,1,Archived,eclipse,TOI-4481,TOI-4481,b,20:45:4.0992,+44:29:56.65,MIRI,LRS,None,None,SLITLESSPRISM,FASTR1,5,12766,4.99,2025-06-06 01:57:00,2025-06-06 06:55:04,,12, : toi-4481 visit 1,"['PeriodZeroPhase', 'TimeSeriesObservation']","{'ZeroPhase': '2459823.5151590', 'Period': '0.9263245 Days', 'PhaseStart': '0.390', 'PhaseEnd': '0.435'}",[],0.9263245,0.4125,0.22445338179727156
GO,4931,Weiner Mansfield,3,3,1,Archived,eclipse,TOI-4481,TOI-4481,b,20:45:4.0992,+44:29:56.65,MIRI,LRS,None,None,SLITLESSPRISM,FASTR1,5,12766,4.99,2025-06-14 10:10:09,2025-06-14 14:59:26,,12, : toi-4481 visit 2,"['PeriodZeroPhase', 'TimeSeriesObservation']","{'ZeroPhase': '2459823.5151590', 'Period': '0.9263245 Days', 'PhaseStart': '0.390', 'PhaseEnd': '0.435'}",[],0.9263245,0.4125,0.22445338179727156
GO,4931,Weiner Mansfield,3,5,1,Archived,eclipse,TOI-4481,TOI-4481,b,20:45:4.0992,+44:29:56.65,MIRI,LRS,None,None,SLITLESSPRISM,FASTR1,5,12766,4.99,2025-06-12 13:33:54,2025-06-12 18:31:48,,12, : toi-4481 visit 3,"['PeriodZeroPhase', 'TimeSeriesObservation']","{'ZeroPhase': '2459823.5151590', 'Period': '0.9263245 Days', 'PhaseStart': '0.390', 'PhaseEnd': '0.435'}",[],0.9263245,0.4125,0.22445338179727156
GO,5022,Barros,3,1,1,Archived,phase curve,WASP-103,WASP-103,b,16:37:15.5766,+07:11:0.11,NIRSPEC,BOTS,PRISM,CLEAR,SUB512,NRSRAPID,5,25791,35.46,2025-07-06 03:17:29,2025-07-07 10:32:24,,12, : wasp-103prism,"['PeriodZeroPhase', 'TimeSeriesObservation']","{'ZeroPhase': '2457511.944458', 'Period': '1.85109097 Days', 'PhaseStart': '0.1523', 'PhaseEnd': '0.1748'}",[],0.925545485,0.3271,1.5963559046479492
GO,5177,Hu,3,1,1,Archived,transit,CD-60 1144,CD-60-1144,b,05:20:25.3152,-59:53:44.46,NIRSPEC,BOTS,G395M,F290LP,SUB2048,NRSRAPID,7,10280,24.98,2024-12-23 05:22:13,2024-12-24 03:09:02,,12,,"['Between', 'TimeSeriesObservation']",,"[{'After': '23-DEC-2024:06:22:34', 'Before': '23-DEC-2024:07:22:34'}]",,,
GO,5191,Ducrot,3,1,1,Archived,eclipse,TRAPPIST-1,TRAPPIST-1,b c,23:06:29.3685,-05:02:29.04,MIRI,Imaging TS,None,F1280W,SUB256,FASTR1,93,310,4.67,2024-10-30 08:46:02,2024-10-30 12:35:46,,12,TRAPPIST-1 : visit1,"['Between', 'PeriodZeroPhase', 'TimeSeriesObservation']","{'ZeroPhase': '2460469.9030580', 'Period': '2.42179346 Days', 'PhaseStart': '0.469031215326', 'PhaseEnd': '0.47763365549'}","[{'After': '29-OCT-2024:00:00:00', 'Before': '31-OCT-2024:00:00:00'}]",2.42179346,0.47333243540799996,0.08034679114763707
GO,5191,Ducrot,3,2,1,Archived,eclipse,TRAPPIST-1,TRAPPIST-1,b c,23:06:29.3685,-05:02:29.04,MIRI,Imaging TS,None,F1280W,SUB256,FASTR1,93,394,5.43,2024-11-11 10:45:26,2024-11-11 15:14:22,,12,TRAPPIST-1 : visit2,"['Between', 'PeriodZeroPhase', 'TimeSeriesObservation']","{'ZeroPhase': '2460469.9030580', 'Period': '2.42179346 Days', 'PhaseStart': '0.4578480432008891', 'PhaseEnd': '0.4664504833665'}","[{'After': '10-NOV-2024:00:00:00', 'Before': '12-NOV-2024:00:00:00'}]",2.42179346,0.46214926328369454,0.09342250019950091
GO,5191,Ducrot,3,3,1,Archived,eclipse,TRAPPIST-1,TRAPPIST-1,b c,23:06:29.3685,-05:02:29.04,MIRI,Imaging TS,None,F1280W,SUB256,FASTR1,93,491,6.31,2024-11-23 12:39:00,2024-11-23 17:53:24,,12,TRAPPIST-1 : visit3,"['Between', 'PeriodZeroPhase', 'TimeSeriesObservation']","{'ZeroPhase': '2460469.9030580', 'Period': '2.42179346 Days', 'PhaseStart': '0.44494438295233', 'PhaseEnd': '0.45354682311803'}","[{'After': '22-NOV-2024:00:00:00', 'Before': '24-NOV-2024:00:00:00'}]",2.42179346,0.44924560303518,0.10856279489113274
GO,5191,Ducrot,3,4,1,Archived,eclipse,TRAPPIST-1,TRAPPIST-1,b c,23:06:29.3685,-05:02:29.04,MIRI,Imaging TS,None,F1280W,SUB256,FASTR1,93,555,6.89,2024-12-05 15:25:26,2024-12-05 20:31:59,,12,TRAPPIST-1 : visit4,"['Between', 'PeriodZeroPhase', 'TimeSeriesObservation']","{'ZeroPhase': '2460469.9030580', 'Period': '2.42179346 Days', 'PhaseStart': '0.4363419429148', 'PhaseEnd': '0.444944383080'}","[{'After': '04-DEC-2024:00:00:00', 'Before': '06-DEC-2024:00:00:00'}]",2.42179346,0.44064316299740003,0.11854162548334461
GO,5268,Wardenier,3,1,1,Archived,phase curve,BD+01 316,BD+01-316,b,01:46:31.9100,+02:42:1.38,NIRSPEC,BOTS,G395H,F290LP,SUB2048,NRSRAPID,8,7405,59.43,2025-01-02 23:58:09,2025-01-05 03:40:48,,12, : wasp-76b phase curve,"['OrientRange', 'PeriodZeroPhase', 'TimeSeriesObservation']","{'ZeroPhase': '2459371.070433', 'Period': '3.61976904 Days', 'PhaseStart': '0.2057175982201398', 'PhaseEnd': '0.2172284902866488'}",[],1.80988452,0.4229460885067886,1.3681812141251972
GO,5311,Feinstein,3,1,1,Archived,transit,AU Mic,AU-MIC,b,20:45:9.8838,-31:20:33.00,NIRCAM,GRISMR TS,"CLEAR,GRISMR","WLP4,F444W",SUBGRISM64,BRIGHT1,2,26324,12.7,2025-05-22 18:21:03,2025-05-23 05:55:49,,6,,"['Between', 'PeriodZeroPhase', 'TimeSeriesObservation']","{'ZeroPhase': '2460200.7339', 'Period': '8.46314280 Days', 'PhaseStart': '0.97475', 'PhaseEnd': '0.97980'}","[{'After': '27-APR-2025:00:00:00', 'Before': '10-JUN-2025:00:00:00'}]",8.4631428,0.977275,0.06252602362643185
GO,5311,Feinstein,3,4,1,Archived,transit,AU Mic,AU-MIC,b,20:45:9.8838,-31:20:33.00,NIRCAM,GRISMR TS,"CLEAR,GRISMR","WLP4,F444W",SUBGRISM64,BRIGHT1,2,26324,12.72,2025-05-31 05:26:20,2025-05-31 17:01:43,,6,,"['Between', 'PeriodZeroPhase', 'TimeSeriesObservation']","{'ZeroPhase': '2460200.7339', 'Period': '8.46314280 Days', 'PhaseStart': '0.97475', 'PhaseEnd': '0.97980'}","[{'After': '27-APR-2025:00:00:00', 'Before': '10-JUN-2025:00:00:00'}]",8.4631428,0.977275,0.06262448980537112
GO,5311,Feinstein,3,2,1,Archived,transit,AU Mic,AU-MIC,b,20:45:9.8838,-31:20:33.00,NIRCAM,GRISMR TS,"CLEAR,GRISMR","WLP4,F322W2",SUBGRISM64,RAPID,2,35055,12.72,2025-06-08 16:32:20,2025-06-09 04:08:08,,6,,"['Between', 'PeriodZeroPhase', 'TimeSeriesObservation']","{'ZeroPhase': '2460200.7339', 'Period': '8.46314280 Days', 'PhaseStart': '0.97475', 'PhaseEnd': '0.97980'}","[{'After': '27-APR-2025:00:00:00', 'Before': '10-JUN-2025:00:00:00'}]",8.4631428,0.977275,0.06262448980537112
GO,5311,Feinstein,3,3,1,Archived,transit,AU Mic,AU-MIC,b,20:45:9.8838,-31:20:33.00,NIRCAM,GRISMR TS,"CLEAR,GRISMR","WLP4,F322W2",SUBGRISM64,RAPID,2,35055,12.71,2025-05-14 08:13:37,2025-05-14 19:22:23,,6,,"['Between', 'PeriodZeroPhase', 'TimeSeriesObservation']","{'ZeroPhase': '2460200.7339', 'Period': '8.46314280 Days', 'PhaseStart': '0.97475', 'PhaseEnd': '0.97980'}","[{'After': '27-APR-2025:00:00:00', 'Before': '10-JUN-2025:00:00:00'}]",8.4631428,0.977275,0.06257525671590149
GO,5531,Changeat,3,1,1,Withdrawn,transit,Kepler-167,Kepler-167,e,19:30:38.0262,+38:20:43.44,NIRISS,SOSS,None,CLEAR,SUBSTRIP256,NISRAPID,30,696,39.26,,,,12,,"['PeriodZeroPhase', 'TimeSeriesObservation']","{'ZeroPhase': '2455253.28756', 'Period': '1071.23205 Days', 'PhaseStart': '0.9993026565377066', 'PhaseEnd': '0.9993415525609041'}",[],1071.23205,0.9993221045493053,0.0015270578707324274
GO,5634,Baeyens,3,1,1,Archived,eclipse,WASP-39,WASP-39,b,14:29:18.3955,-03:26:40.20,NIRSPEC,BOTS,G395H,F290LP,SUB2048,NRSRAPID,70,339,7.98,2025-06-13 04:40:08,2025-06-13 12:05:50,,12,,"['PeriodZeroPhase', 'TimeSeriesObservation']","{'ZeroPhase': '2456401.39684', 'Period': '4.05527892 Days', 'PhaseStart': '0.463901', 'PhaseEnd': '0.474175'}",[],4.05527892,0.469038,0.08199189416051313
GO,5687,Valentine,3,1,1,Archived,eclipse,KELT-8,KELT-8,b,18:53:13.3242,+24:07:38.58,MIRI,LRS,None,None,SLITLESSPRISM,FASTR1,85,948,9.44,2025-07-28 07:38:00,2025-07-28 16:04:58,,12,,"['OrientRange', 'PeriodZeroPhase', 'TimeSeriesObservation']","{'ZeroPhase': '2459021.32978', 'Period': '3.24406 Days', 'PhaseStart': '0.446532536', 'PhaseEnd': '0.459376438'}",[],3.2440600000000006,0.45295448699999996,0.12124724368024428
GO,5687,Valentine,3,2,1,Archived,eclipse,KELT-8,KELT-8,b,18:53:13.3242,+24:07:38.58,MIRI,LRS,None,None,SLITLESSPRISM,FASTR1,85,1641,15.54,2025-08-03 13:43:18,2025-08-04 03:47:57,,12,,"['OrientRange', 'PeriodZeroPhase', 'TimeSeriesObservation']","{'ZeroPhase': '2459021.32978', 'Period': '3.24406 Days', 'PhaseStart': '0.378898929', 'PhaseEnd': '0.391742832'}",[],3.2440600000000006,0.3853208805,0.19959556851599536
GO,5799,Garcia,3,1,1,Archived,transit,TOI-3884,TOI-3884,b,12:06:17.4371,+12:30:24.88,NIRISS,SOSS,None,CLEAR,SUBSTRIP256,NISRAPID,10,321,7.3,2025-06-02 06:45:50,2025-06-02 13:43:39,,12,TOI-3884 b : soss,"['OrientRange', 'PeriodZeroPhase', 'TimeSeriesObservation']","{'ZeroPhase': '2459642.86314', 'Period': '4.5445697 Days', 'PhaseStart': '0.96724112296 ', 'PhaseEnd': '0.97640957441 '}",[],4.5445697,0.9718253486849999,0.06692969560279088
GO,5799,Garcia,3,2,1,Archived,transit,TOI-3884,TOI-3884,b,12:06:17.4371,+12:30:24.88,NIRISS,SOSS,None,CLEAR,SUBSTRIP256,NISRAPID,10,321,7.3,2025-06-15 22:11:04,2025-06-16 04:58:13,,12,TOI-3884 b : soss,"['OrientRange', 'PeriodZeroPhase', 'TimeSeriesObservation']","{'ZeroPhase': '2459642.86314', 'Period': '4.5445697 Days', 'PhaseStart': '0.96724112296 ', 'PhaseEnd': '0.97640957441 '}",[],4.5445697,0.9718253486849999,0.06692969560279088
GO,5799,Garcia,3,3,1,Archived,transit,TOI-3884,TOI-3884,b,12:06:17.4371,+12:30:24.88,NIRSPEC,BOTS,G395H,F290LP,SUB2048,NRSRAPID,70,303,7.23,2025-05-24 04:48:18,2025-05-24 11:36:23,,12,TOI-3884 b : g395h,"['OrientRange', 'PeriodZeroPhase', 'TimeSeriesObservation']","{'ZeroPhase': '2459642.86314', 'Period': '4.5445697 Days', 'PhaseStart': '0.96724112296 ', 'PhaseEnd': '0.97640957441 '}",[],4.5445697,0.9718253486849999,0.06628790400112028
GO,5844,Radica,3,1,1,Archived,transit,HAT-P-18,HAT-P-18,b,17:05:23.1475,+33:00:44.94,NIRSPEC,BOTS,G395M,F290LP,SUB2048,NRSRAPID,27,774,7.28,2025-04-30 04:02:29,2025-04-30 10:59:14,,12,NIRSpec G395M Transit : transit 1,"['PeriodZeroPhase', 'TimeSeriesObservation']","{'ZeroPhase': '2459743.853395', 'Period': '5.508023 Days', 'PhaseStart': '0.971904619860883', 'PhaseEnd': '0.9794693425693151'}",[],5.508023,0.975686981215099,0.05507118131738618
GO,5844,Radica,3,2,1,Archived,transit,HAT-P-18,HAT-P-18,b,17:05:23.1475,+33:00:44.94,MIRI,LRS,None,None,SLITLESSPRISM,FASTR1,164,950,9.12,2025-07-05 04:47:57,2025-07-05 13:19:37,,12,MIRI LRS Transit : transit 2,"['PeriodZeroPhase', 'TimeSeriesObservation']","{'ZeroPhase': '2459743.853395', 'Period': '5.508023 Days', 'PhaseStart': '0.9605545113414433', 'PhaseEnd': '0.9681192337751954'}",[],5.508023,0.9643368725583193,0.06899027110090136
GO,5863,Murray,3,1,1,Archived,transit,TOI-3884,TOI-3884b,b,12:06:17.2338,+12:30:25.31,NIRISS,SOSS,None,CLEAR,SUBSTRIP256,NISRAPID,10,251,6.19,2024-12-16 03:30:48,2024-12-16 09:31:52,,12, : niriss toi-3884b,"['OrientRange', 'PeriodZeroPhase', 'TimeSeriesObservation']","{'ZeroPhase': '2459556.51661753', 'Period': '4.54458889 Days', 'PhaseStart': '0.968827354918769', 'PhaseEnd': '0.9779957799426605'}",[],4.54458889,0.9734115674307148,0.056752474846336796
GO,5863,Murray,3,2,1,Archived,transit,TOI-3884,TOI-3884b,b,12:06:17.2338,+12:30:25.31,NIRSPEC,BOTS,G395M,F290LP,SUB2048,NRSRAPID,23,699,5.75,2024-12-20 16:45:51,2024-12-20 22:22:05,,12, : nirspec toi-3884b,"['PeriodZeroPhase', 'TimeSeriesObservation']","{'ZeroPhase': '2459556.51661753', 'Period': '4.54458889 Days', 'PhaseStart': '0.968827354918769', 'PhaseEnd': '0.9779957799426605'}",[],4.54458889,0.9734115674307148,0.05271837324175066
GO,5863,Murray,3,3,1,Archived,transit,TOI-3884,TOI-3884b,b,12:06:17.2338,+12:30:25.31,NIRISS,SOSS,None,CLEAR,SUBSTRIP256,NISRAPID,10,251,6.19,2024-12-25 06:48:03,2024-12-25 12:26:52,,12, : niriss toi-3884b,"['OrientRange', 'PeriodZeroPhase', 'TimeSeriesObservation']","{'ZeroPhase': '2459556.51661753', 'Period': '4.54458889 Days', 'PhaseStart': '0.976162126881991', 'PhaseEnd': '0.9853305396196868'}",[],4.54458889,0.9807463332508388,0.056752474846336796
GO,5863,Murray,3,4,1,Archived,transit,TOI-3884,TOI-3884b,b,12:06:17.2338,+12:30:25.31,NIRSPEC,BOTS,G395M,F290LP,SUB2048,NRSRAPID,23,699,5.75,2024-12-29 20:13:23,2024-12-30 01:18:28,,12, : nirspec toi-3884b,"['PeriodZeroPhase', 'TimeSeriesObservation']","{'ZeroPhase': '2459556.51661753', 'Period': '4.54458889 Days', 'PhaseStart': '0.976162126881991', 'PhaseEnd': '0.9853305396196868'}",[],4.54458889,0.9807463332508388,0.05271837324175066
GO,5866,MacDonald,3,1,1,Archived,transit,Wolf 437,WOLF-437,b,12:47:55.5675,+09:44:57.91,NIRISS,SOSS,None,CLEAR,SUBSTRIP96,NISRAPID,3,1431,5.22,2025-06-01 12:29:38,2025-06-01 16:52:12,,12,,"['OrientRange', 'PeriodZeroPhase', 'TimeSeriesObservation']","{'ZeroPhase': '2459670.58857', 'Period': '1.4671214 Days', 'PhaseStart': '0.9356', 'PhaseEnd': '0.9640'}",[],1.4671214,0.9498,0.14824949046479727
GO,5866,MacDonald,3,2,1,Archived,transit,Wolf 437,WOLF-437,b,12:47:55.5675,+09:44:57.91,NIRISS,SOSS,None,CLEAR,SUBSTRIP96,NISRAPID,3,1431,5.22,2025-05-28 02:02:18,2025-05-28 07:13:06,,12,,"['OrientRange', 'PeriodZeroPhase', 'TimeSeriesObservation']","{'ZeroPhase': '2459670.58857', 'Period': '1.4671214 Days', 'PhaseStart': '0.9356', 'PhaseEnd': '0.9640'}",[],1.4671214,0.9498,0.14824949046479727
GO,5866,MacDonald,3,3,1,Archived,transit,Wolf 437,WOLF-437,b,12:47:55.5675,+09:44:57.91,NIRISS,SOSS,None,CLEAR,SUBSTRIP96,NISRAPID,3,1431,5.22,2025-06-02 23:51:27,2025-06-03 04:04:26,,12,,"['OrientRange', 'PeriodZeroPhase', 'TimeSeriesObservation']","{'ZeroPhase': '2459670.58857', 'Period': '1.4671214 Days', 'PhaseStart': '0.9356', 'PhaseEnd': '0.9640'}",[],1.4671214,0.9498,0.14824949046479727
GO,5882,Dai,3,2,1,Skipped,transit,V1298 Tau,V-V1298-Tau,e,04:05:19.5910,+20:09:25.31,NIRSPEC,BOTS,G395H,F290LP,SUB2048,NRSRAPID,8,6750,18.71,,,,12, : v1298 tau e,"['Between', 'TimeSeriesObservation']",,"[{'After': '29-AUG-2024:22:24:00', 'Before': '29-AUG-2024:23:24:00'}, {'After': '22-JAN-2025:22:56:00', 'Before': '22-JAN-2025:23:56:00'}, {'After': '23-SEP-2025:07:45:00', 'Before': '23-SEP-2025:08:45:00'}, {'After': '16-FEB-2026:08:14:00', 'Before': '16-FEB-2026:09:14:00'}]",,,
GO,5882,Dai,3,3,1,Archived,transit,V1298 Tau,V-V1298-Tau,e,04:05:19.5910,+20:09:25.31,NIRSPEC,BOTS,G395H,F290LP,SUB2048,NRSRAPID,8,6750,18.71,2025-09-23 07:00:34,2025-09-23 23:08:03,,12, : v1298 tau e,"['Between', 'TimeSeriesObservation']",,"[{'After': '12-MAR-2025:15:05:00', 'Before': '12-MAR-2025:16:05:00'}, {'After': '30-APR-2025:07:15:00', 'Before': '30-APR-2025:08:15:00'}, {'After': '17-JUN-2025:23:26:00', 'Before': '18-JUN-2025:00:26:00'}, {'After': '05-AUG-2025:15:36:00', 'Before': '05-AUG-2025:16:36:00'}, {'After': '23-SEP-2025:07:46:00', 'Before': '23-SEP-2025:08:46:00'}, {'After': '10-NOV-2025:23:57:00', 'Before': '11-NOV-2025:00:57:00'}, {'After': '29-DEC-2025:16:07:00', 'Before': '29-DEC-2025:17:07:00'}, {'After': '16-FEB-2026:08:18:00', 'Before': '16-FEB-2026:09:18:00'}, {'After': '06-APR-2026:00:28:00', 'Before': '06-APR-2026:01:28:00'}, {'After': '24-MAY-2026:16:39:00', 'Before': '24-MAY-2026:17:39:00'}, {'After': '12-JUL-2026:08:50:00', 'Before': '12-JUL-2026:09:50:00'}, {'After': '30-AUG-2026:01:02:00', 'Before': '30-AUG-2026:02:02:00'}, {'After': '17-OCT-2026:17:13:00', 'Before': '17-OCT-2026:18:13:00'}, {'After': '05-DEC-2026:09:26:00', 'Before': '05-DEC-2026:10:26:00'}, {'After': '23-JAN-2027:01:39:00', 'Before': '23-JAN-2027:02:39:00'}, {'After': '12-MAR-2027:17:52:00', 'Before': '12-MAR-2027:18:52:00'}]",,,
GO,5894,Kunimoto,3,1,1,Archived,transit,TOI-4010,TOI-4010,b,01:20:51.5598,+66:04:19.91,NIRSPEC,BOTS,PRISM,CLEAR,SUB512,NRSRAPID,5,11583,6.22,2024-11-14 21:53:21,2024-11-15 03:55:12,,12,TOI-4010 : toi-4010b,"['PeriodZeroPhase', 'TimeSeriesObservation']","{'ZeroPhase': '2459007.549134722', 'Period': '1.3483330639091156 Days', 'PhaseStart': '0.9122002296746221', 'PhaseEnd': '0.9431025844280284'}",[],1.3483330639091156,0.9276514070513253,0.19221264656618686
GO,5894,Kunimoto,3,2,1,Archived,transit,TOI-4010,TOI-4010,c,01:20:51.5598,+66:04:19.91,NIRSPEC,BOTS,PRISM,CLEAR,SUB512,NRSRAPID,5,16295,8.32,2025-08-07 11:09:03,2025-08-07 18:59:47,,12,TOI-4010 : toi-4010c,"['PeriodZeroPhase', 'TimeSeriesObservation']","{'ZeroPhase': '2459000.0526590105', 'Period': '5.414649117720943 Days', 'PhaseStart': '0.9712038896808587', 'PhaseEnd': '0.9788990635990173'}",[],5.414649117720943,0.9750514766399381,0.06402384699907954
GO,5894,Kunimoto,3,3,1,Archived,transit,TOI-4010,TOI-4010,d,01:20:51.5598,+66:04:19.91,NIRSPEC,BOTS,PRISM,CLEAR,SUB512,NRSRAPID,5,20220,10.06,2024-10-05 12:05:17,2024-10-05 21:25:58,,12,TOI-4010 : toi-4010d,"['PeriodZeroPhase', 'TimeSeriesObservation']","{'ZeroPhase': '2458985.9838572093', 'Period': '14.708895809833232 Days', 'PhaseStart': '0.9872707417501616', 'PhaseEnd': '0.9901034946097482'}",[],14.708895809833232,0.9886871181799549,0.02849749376744135
GO,5924,Sing,3,1,1,Archived,transit,HAT-P-11,HAT-P-11,b,19:50:50.2473,+48:04:51.10,NIRISS,SOSS,None,CLEAR,SUBSTRIP96,NISRAPID,3,2326,7.78,2025-08-08 18:53:57,2025-08-09 02:17:28,,0, : hat-p-11_niriss_soss - transit,"['OrientRange', 'PeriodZeroPhase', 'TimeSeriesObservation']","{'ZeroPhase': '2454957.813556', 'Period': '4.88780267 Days', 'PhaseStart': '0.9712921230717361', 'PhaseEnd': '0.979816744354507'}",[],4.88780267,0.9755544337131216,0.06632155357995798
GO,5924,Sing,3,2,1,Archived,transit,WASP-69,WASP-69,b,21:00:6.1968,-05:05:40.03,NIRISS,SOSS,None,CLEAR,SUBSTRIP96,NISRAPID,3,2064,7.03,2025-05-04 22:24:35,2025-05-05 05:09:17,,0, : wasp-69_niriss_soss - transit,"['OrientRange', 'PeriodZeroPhase', 'TimeSeriesObservation']","{'ZeroPhase': '2457176.17789', 'Period': '3.868139 Days', 'PhaseStart': '0.9672094092488417', 'PhaseEnd': '0.9779811669066996'}",[],3.868139,0.9725952880777706,0.07572547591145681
GO,5924,Sing,3,3,1,Archived,transit,WASP-80,WASP-80,b,20:12:40.1693,-02:08:39.19,NIRISS,SOSS,None,CLEAR,SUBSTRIP256,NISRAPID,3,857,7.25,2024-10-20 19:27:30,2024-10-21 01:51:39,,0, : wasp-80_niriss_soss - transit,"['OrientRange', 'PeriodZeroPhase', 'TimeSeriesObservation']","{'ZeroPhase': '2456726.717483', 'Period': '3.06785251 Days', 'PhaseStart': '0.9576496337698935', 'PhaseEnd': '0.9712313391614467'}",[],3.0678525100000003,0.9644404864656702,0.09846735863235268
GO,5924,Sing,3,4,1,Archived,transit,WASP-94 A,WASP-94A,b,20:55:7.9444,-34:08:8.01,NIRISS,SOSS,None,CLEAR,SUBSTRIP256,NISRAPID,3,1458,11.51,2024-10-11 22:36:23,2024-10-12 09:12:22,,0, : wasp-94ab_niriss_soss - transit,"['OrientRange', 'PeriodZeroPhase', 'TimeSeriesObservation']","{'ZeroPhase': '2458300.64763', 'Period': '3.9502001 Days', 'PhaseStart': '0.9477435051679758', 'PhaseEnd': '0.9582914940323036'}",[],3.9502001,0.9530174996001397,0.12140735182841329
GO,5924,Sing,3,5,1,Archived,transit,NGTS-2,NGTS-2,b,14:20:29.4891,-31:12:7.44,NIRISS,SOSS,None,CLEAR,SUBSTRIP256,NISRAPID,6,858,11.86,2025-06-27 00:26:44,2025-06-27 10:56:32,,0, : ngts-2_niriss_soss - transit,"['OrientRange', 'PeriodZeroPhase', 'TimeSeriesObservation']","{'ZeroPhase': '2459351.553003', 'Period': '4.5111234 Days', 'PhaseStart': '0.9530295101380012', 'PhaseEnd': '0.9622659381786677'}",[],4.5111234,0.9576477241583344,0.10954403656230435
GO,5924,Sing,3,6,1,Archived,transit,HAT-P-30,HAT-P-30,b,08:15:47.9802,+05:50:12.35,NIRISS,SOSS,None,CLEAR,SUBSTRIP256,NISRAPID,4,709,7.47,2025-03-30 23:48:53,2025-03-31 06:57:48,,0, : hat-p-30_niriss_soss - transit,"['OrientRange', 'PeriodZeroPhase', 'TimeSeriesObservation']","{'ZeroPhase': '2457775.212778', 'Period': '2.8106007 Days', 'PhaseStart': '0.9524560665532813', 'PhaseEnd': '0.9672808912478613'}",[],2.8106007,0.9598684789005714,0.11074145110687547
GO,5924,Sing,3,7,1,Archived,transit,KELT-7,KELT-7,b,05:13:10.9289,+33:19:5.40,NIRISS,SOSS,None,CLEAR,SUBSTRIP96,NISRAPID,3,3045,9.84,2025-02-15 21:56:11,2025-02-16 06:56:44,,0, : kelt-7_niriss_soss - transit,"['OrientRange', 'PeriodZeroPhase', 'TimeSeriesObservation']","{'ZeroPhase': '2460257.740089', 'Period': '2.7347656 Days', 'PhaseStart': '0.9353996992529342', 'PhaseEnd': '0.9506356192404497'}",[],2.7347656,0.9430176592466919,0.14992144116482964
GO,5924,Sing,3,8,1,Archived,transit,HAT-P-1,HAT-P-1,b,22:57:46.8442,+38:40:30.36,NIRSPEC,BOTS,G395H,F290LP,SUB2048,NRSRAPID,19,1336,8.76,2024-11-18 12:08:51,2024-11-18 20:22:00,,0, : hat-p-1_nirspec_g395h - transit,"['PeriodZeroPhase', 'TimeSeriesObservation']","{'ZeroPhase': '2454363.94778', 'Period': '4.46530031 Days', 'PhaseStart': '0.9639821073382018', 'PhaseEnd': '0.9733133176942746'}",[],4.46530031,0.9686477125162383,0.08174142267264439
GO,5924,Sing,3,9,1,Archived,transit,WASP-63,WASP-63,b,06:17:20.7485,-38:19:23.75,NIRSPEC,BOTS,G395H,F290LP,SUB2048,NRSRAPID,33,1351,14.34,2025-01-31 01:46:54,2025-01-31 14:49:14,,0, : wasp-63_nirspec_g395h - transit,"['PeriodZeroPhase', 'TimeSeriesObservation']","{'ZeroPhase': '2458574.77102', 'Period': '4.37808205 Days', 'PhaseStart': '0.9404615487877764', 'PhaseEnd': '0.9499786538102066'}",[],4.37808205,0.9452201012989916,0.1364752860216496
GO,5924,Sing,3,10,1,Archived,transit,HATS-72,HATS-72,b,22:36:6.3190,-16:59:59.79,NIRSPEC,BOTS,PRISM,CLEAR,SUB512,NRSRAPID,3,23585,8.02,2025-06-16 05:57:36,2025-06-16 13:32:51,,0, : hats-72 nirspec_prism - transit,"['PeriodZeroPhase', 'TimeSeriesObservation']","{'ZeroPhase': '2458124.28757', 'Period': '7.3279496 Days', 'PhaseStart': '0.979986918124536', 'PhaseEnd': '0.9856729106519228'}",[],7.327949600000001,0.9828299143882293,0.04560166006964167
GO,5924,Sing,3,11,1,Skipped,transit,WASP-6,WASP-6,b,23:12:37.7368,-22:40:26.27,NIRSPEC,BOTS,PRISM,CLEAR,SUB512,NRSRAPID,4,19400,8.19,,,,0, : wasp-6_nirspec_prism - transit,"['PeriodZeroPhase', 'TimeSeriesObservation']","{'ZeroPhase': '2456132.410973', 'Period': '3.36100237 Days', 'PhaseStart': '0.9553742685494054', 'PhaseEnd': '0.9677713357008471'}",[],3.36100237,0.9615728021251262,0.10153221046374923
GO,5924,Sing,3,16,1,Archived,transit,WASP-6,WASP-6,b,23:12:37.7368,-22:40:26.27,NIRSPEC,BOTS,PRISM,CLEAR,SUB512,NRSRAPID,4,19400,8.19,2025-10-16 19:38:45,2025-10-17 03:22:44,,0, : wasp-6_nirspec_prism - transit,"['PeriodZeroPhase', 'TimeSeriesObservation']","{'ZeroPhase': '2456132.410973', 'Period': '3.36100237 Days', 'PhaseStart': '0.9553742685494054', 'PhaseEnd': '0.9677713357008471'}",[],3.36100237,0.9615728021251262,0.10153221046374923
GO,5924,Sing,3,12,1,Archived,transit,WASP-19,WASP-19,b,09:53:40.0766,-45:39:33.06,NIRSPEC,BOTS,PRISM,CLEAR,SUB512,NRSRAPID,4,13330,5.93,2025-03-22 10:21:19,2025-03-22 16:08:21,,0, : wasp-19_nirspec_prism - transit,"['Between', 'PeriodZeroPhase', 'TimeSeriesObservation']","{'ZeroPhase': '2458556.24349', 'Period': '0.788839 Days', 'PhaseStart': '0.8609980813680316', 'PhaseEnd': '0.9138183237680317'}","[{'After': '11-FEB-2025', 'Before': '09-APR-2025'}]",0.788839,0.8874082025680317,0.3132240334635247
GO,5924,Sing,3,13,1,Archived,transit,WASP-12,WASP-12,b,06:30:32.7966,+29:40:20.26,NIRSPEC,BOTS,PRISM,CLEAR,SUB512,NRSRAPID,3,26100,8.77,2026-03-10 03:50:45,2026-03-10 12:05:01,,0, : wasp-12_nirspec_prism - transit,"['OrientRange', 'PeriodZeroPhase', 'TimeSeriesObservation']","{'ZeroPhase': '2457036.706177', 'Period': '1.09141918 Days', 'PhaseStart': '0.8526833057484688', 'PhaseEnd': '0.8908598708349311'}",[],1.09141918,0.8717715882917,0.3348087273550266
GO,5924,Sing,3,14,1,Archived,transit,WASP-76,WASP-76,b,01:46:31.8576,+02:42:2.03,NIRISS,SOSS,None,CLEAR,SUBSTRIP96,NISRAPID,4,2449,9.88,2025-08-21 17:22:40,2025-08-22 02:35:06,,0,WASP-76 : wasp-76_niriss_soss - transit,"['OrientRange', 'PeriodZeroPhase', 'TimeSeriesObservation']","{'ZeroPhase': '2459305.914867', 'Period': '1.80988043 Days', 'PhaseStart': '0.9016360264241594', 'PhaseEnd': '0.9246577342370639'}",[],1.8098804299999998,0.9131468803306116,0.2274551731943235
GO,5959,Feinstein,3,1,1,Archived,transit,V1298 Tau,V-V1298-Tau,c,04:05:19.5971,+20:09:25.31,NIRSPEC,BOTS,G395H,F290LP,SUB2048,NRSRAPID,4,7628,12.14,2026-02-09 17:41:53,2026-02-10 04:50:13,,0, : v1298 tau c,"['Between', 'PeriodZeroPhase', 'TimeSeriesObservation']","{'ZeroPhase': '2461032.001', 'Period': '8.24958 Days', 'PhaseStart': '0.975757393', 'PhaseEnd': '0.98080815'}","[{'After': '19-FEB-2025:00:00:00', 'Before': '21-FEB-2025:00:00:00'}, {'After': '27-FEB-2025:00:00:00', 'Before': '01-MAR-2025:00:00:00'}, {'After': '16-MAR-2025:00:00:00', 'Before': '18-MAR-2025:00:00:00'}, {'After': '24-MAR-2025:00:00:00', 'Before': '26-MAR-2025:00:00:00'}, {'After': '09-APR-2025:00:00:00', 'Before': '12-APR-2025:00:00:00'}, {'After': '18-APR-2025:00:00:00', 'Before': '21-APR-2025:00:00:00'}, {'After': '03-MAY-2025:00:00:00', 'Before': '06-MAY-2025:00:00:00'}, {'After': '11-MAY-2025:00:00:00', 'Before': '15-MAY-2025:00:00:00'}, {'After': '28-MAY-2025:00:00:00', 'Before': '01-JUN-2025:00:00:00'}, {'After': '05-JUN-2025:00:00:00', 'Before': '08-JUN-2025:00:00:00'}, {'After': '22-JUN-2025:00:00:00', 'Before': '26-JUN-2025:00:00:00'}, {'After': '01-JUL-2025:00:00:00', 'Before': '04-JUL-2025:00:00:00'}, {'After': '16-JUL-2025:00:00:00', 'Before': '20-JUL-2025:00:00:00'}, {'After': '25-JUL-2025:00:00:00', 'Before': '29-JUL-2025:00:00:00'}, {'After': '10-AUG-2025:00:00:00', 'Before': '14-AUG-2025:00:00:00'}, {'After': '18-AUG-2025:00:00:00', 'Before': '22-AUG-2025:00:00:00'}, {'After': '05-SEP-2025:00:00:00', 'Before': '08-SEP-2025:00:00:00'}, {'After': '12-SEP-2025:00:00:00', 'Before': '16-SEP-2025:00:00:00'}, {'After': '30-SEP-2025:00:00:00', 'Before': '03-OCT-2025:00:00:00'}, {'After': '07-OCT-2025:00:00:00', 'Before': '11-OCT-2025:00:00:00'}, {'After': '23-OCT-2025:00:00:00', 'Before': '27-OCT-2025:00:00:00'}, {'After': '01-NOV-2025:00:00:00', 'Before': '05-NOV-2025:00:00:00'}, {'After': '17-NOV-2025:00:00:00', 'Before': '21-NOV-2025:00:00:00'}, {'After': '25-NOV-2025:00:00:00', 'Before': '29-NOV-2025:00:00:00'}, {'After': '12-DEC-2025:00:00:00', 'Before': '16-DEC-2025:00:00:00'}, {'After': '20-DEC-2025:00:00:00', 'Before': '24-DEC-2025:00:00:00'}, {'After': '05-JAN-2026:00:00:00', 'Before': '09-JAN-2026:00:00:00'}, {'After': '14-JAN-2026:00:00:00', 'Before': '18-JAN-2026:00:00:00'}, {'After': '29-JAN-2026:00:00:00', 'Before': '03-FEB-2026:00:00:00'}, {'After': '07-FEB-2026:00:00:00', 'Before': '11-FEB-2026:00:00:00'}, {'After': '24-FEB-2026:00:00:00', 'Before': '28-FEB-2026:00:00:00'}, {'After': '04-MAR-2026:00:00:00', 'Before': '08-MAR-2026:00:00:00'}, {'After': '21-MAR-2026:00:00:00', 'Before': '25-MAR-2026:00:00:00'}, {'After': '29-MAR-2026:00:00:00', 'Before': '02-APR-2026:00:00:00'}]",8.24958,0.9782827715,0.061316252867822774
GO,5959,Feinstein,3,2,1,Archived,transit,V1298 Tau,V-V1298-Tau,c,04:05:19.5971,+20:09:25.31,NIRISS,SOSS,None,CLEAR,SUBSTRIP96,NISRAPID,5,2598,12.28,2025-09-06 00:30:18,2025-09-06 11:46:19,,0, : v1298 tau c,"['Between', 'OrientRange', 'PeriodZeroPhase', 'TimeSeriesObservation']","{'ZeroPhase': '2460900.037', 'Period': '8.24958 Days', 'PhaseStart': '0.975757393', 'PhaseEnd': '0.98080815'}","[{'After': '19-FEB-2025:00:00:00', 'Before': '21-FEB-2025:00:00:00'}, {'After': '27-FEB-2025:00:00:00', 'Before': '01-MAR-2025:00:00:00'}, {'After': '16-MAR-2025:00:00:00', 'Before': '18-MAR-2025:00:00:00'}, {'After': '24-MAR-2025:00:00:00', 'Before': '26-MAR-2025:00:00:00'}, {'After': '09-APR-2025:00:00:00', 'Before': '12-APR-2025:00:00:00'}, {'After': '18-APR-2025:00:00:00', 'Before': '21-APR-2025:00:00:00'}, {'After': '03-MAY-2025:00:00:00', 'Before': '06-MAY-2025:00:00:00'}, {'After': '11-MAY-2025:00:00:00', 'Before': '15-MAY-2025:00:00:00'}, {'After': '28-MAY-2025:00:00:00', 'Before': '01-JUN-2025:00:00:00'}, {'After': '05-JUN-2025:00:00:00', 'Before': '08-JUN-2025:00:00:00'}, {'After': '22-JUN-2025:00:00:00', 'Before': '26-JUN-2025:00:00:00'}, {'After': '01-JUL-2025:00:00:00', 'Before': '04-JUL-2025:00:00:00'}, {'After': '16-JUL-2025:00:00:00', 'Before': '20-JUL-2025:00:00:00'}, {'After': '25-JUL-2025:00:00:00', 'Before': '29-JUL-2025:00:00:00'}, {'After': '10-AUG-2025:00:00:00', 'Before': '14-AUG-2025:00:00:00'}, {'After': '18-AUG-2025:00:00:00', 'Before': '22-AUG-2025:00:00:00'}, {'After': '05-SEP-2025:00:00:00', 'Before': '08-SEP-2025:00:00:00'}, {'After': '12-SEP-2025:00:00:00', 'Before': '16-SEP-2025:00:00:00'}, {'After': '30-SEP-2025:00:00:00', 'Before': '03-OCT-2025:00:00:00'}, {'After': '07-OCT-2025:00:00:00', 'Before': '11-OCT-2025:00:00:00'}, {'After': '23-OCT-2025:00:00:00', 'Before': '27-OCT-2025:00:00:00'}, {'After': '01-NOV-2025:00:00:00', 'Before': '05-NOV-2025:00:00:00'}, {'After': '17-NOV-2025:00:00:00', 'Before': '21-NOV-2025:00:00:00'}, {'After': '25-NOV-2025:00:00:00', 'Before': '29-NOV-2025:00:00:00'}, {'After': '12-DEC-2025:00:00:00', 'Before': '16-DEC-2025:00:00:00'}, {'After': '20-DEC-2025:00:00:00', 'Before': '24-DEC-2025:00:00:00'}, {'After': '05-JAN-2026:00:00:00', 'Before': '09-JAN-2026:00:00:00'}, {'After': '14-JAN-2026:00:00:00', 'Before': '18-JAN-2026:00:00:00'}, {'After': '29-JAN-2026:00:00:00', 'Before': '03-FEB-2026:00:00:00'}, {'After': '07-FEB-2026:00:00:00', 'Before': '11-FEB-2026:00:00:00'}, {'After': '24-FEB-2026:00:00:00', 'Before': '28-FEB-2026:00:00:00'}, {'After': '04-MAR-2026:00:00:00', 'Before': '08-MAR-2026:00:00:00'}, {'After': '21-MAR-2026:00:00:00', 'Before': '25-MAR-2026:00:00:00'}, {'After': '29-MAR-2026:00:00:00', 'Before': '02-APR-2026:00:00:00'}]",8.24958,0.9782827715,0.062023359573053015
GO,5959,Feinstein,3,3,1,Withdrawn,transit,V1298 Tau,V-V1298-Tau,d,04:05:19.5971,+20:09:25.31,NIRSPEC,BOTS,G395H,F290LP,SUB2048,NRSRAPID,4,8741,13.76,,,,0, : v1298 tau d,"['Between', 'PeriodZeroPhase', 'TimeSeriesObservation']","{'ZeroPhase': '2460904.541', 'Period': '12.4032 Days', 'PhaseStart': '0.9782817226', 'PhaseEnd': '0.981817256'}","[{'After': '22-FEB-2025:00:00:00', 'Before': '26-FEB-2025:00:00:00'}, {'After': '19-MAR-2025:00:00:00', 'Before': '23-MAR-2025:00:00:00'}, {'After': '13-APR-2025:00:00:00', 'Before': '16-APR-2025:00:00:00'}, {'After': '07-MAY-2025:00:00:00', 'Before': '11-MAY-2025:00:00:00'}, {'After': '01-JUN-2025:00:00:00', 'Before': '05-JUN-2025:00:00:00'}, {'After': '26-JUN-2025:00:00:00', 'Before': '30-JUN-2025:00:00:00'}, {'After': '21-JUL-2025:00:00:00', 'Before': '25-JUL-2025:00:00:00'}, {'After': '15-AUG-2025:00:00:00', 'Before': '18-AUG-2025:00:00:00'}, {'After': '08-SEP-2025:00:00:00', 'Before': '12-SEP-2025:00:00:00'}, {'After': '03-OCT-2025:00:00:00', 'Before': '07-OCT-2025:00:00:00'}, {'After': '28-OCT-2025:00:00:00', 'Before': '01-NOV-2025:00:00:00'}, {'After': '22-NOV-2025:00:00:00', 'Before': '26-NOV-2025:00:00:00'}, {'After': '17-DEC-2025:00:00:00', 'Before': '20-DEC-2025:00:00:00'}, {'After': '10-JAN-2026:00:00:00', 'Before': '14-JAN-2026:00:00:00'}, {'After': '04-FEB-2026:00:00:00', 'Before': '08-FEB-2026:00:00:00'}, {'After': '01-MAR-2026:00:00:00', 'Before': '05-MAR-2026:00:00:00'}, {'After': '26-MAR-2026:00:00:00', 'Before': '30-MAR-2026:00:00:00'}]",12.4032,0.9800494893,0.046224630202958375
GO,5959,Feinstein,3,16,1,Archived,transit,V1298 Tau,V-V1298-Tau,d,04:05:19.5971,+20:09:25.31,NIRSPEC,BOTS,G395H,F290LP,SUB2048,NRSRAPID,4,8741,13.77,2025-02-24 01:47:03,2025-02-24 14:19:17,,0, : v1298 tau d,"['Between', 'PeriodZeroPhase', 'TimeSeriesObservation']","{'ZeroPhase': '2460718.467', 'Period': '12.3960 Days', 'PhaseStart': '0.981523153', 'PhaseEnd': '0.984882501'}","[{'After': '22-FEB-2025:00:00:00', 'Before': '26-FEB-2025:00:00:00'}, {'After': '19-MAR-2025:00:00:00', 'Before': '23-MAR-2025:00:00:00'}, {'After': '13-APR-2025:00:00:00', 'Before': '16-APR-2025:00:00:00'}, {'After': '07-MAY-2025:00:00:00', 'Before': '11-MAY-2025:00:00:00'}, {'After': '01-JUN-2025:00:00:00', 'Before': '05-JUN-2025:00:00:00'}, {'After': '26-JUN-2025:00:00:00', 'Before': '30-JUN-2025:00:00:00'}, {'After': '21-JUL-2025:00:00:00', 'Before': '25-JUL-2025:00:00:00'}, {'After': '15-AUG-2025:00:00:00', 'Before': '18-AUG-2025:00:00:00'}, {'After': '08-SEP-2025:00:00:00', 'Before': '12-SEP-2025:00:00:00'}, {'After': '03-OCT-2025:00:00:00', 'Before': '07-OCT-2025:00:00:00'}, {'After': '28-OCT-2025:00:00:00', 'Before': '01-NOV-2025:00:00:00'}, {'After': '22-NOV-2025:00:00:00', 'Before': '26-NOV-2025:00:00:00'}, {'After': '17-DEC-2025:00:00:00', 'Before': '20-DEC-2025:00:00:00'}, {'After': '10-JAN-2026:00:00:00', 'Before': '14-JAN-2026:00:00:00'}, {'After': '04-FEB-2026:00:00:00', 'Before': '08-FEB-2026:00:00:00'}, {'After': '01-MAR-2026:00:00:00', 'Before': '05-MAR-2026:00:00:00'}, {'After': '26-MAR-2026:00:00:00', 'Before': '30-MAR-2026:00:00:00'}]",12.396,0.983202827,0.046285091965150044
GO,5959,Feinstein,3,4,1,Archived,transit,V1298 Tau,V-V1298-Tau,d,04:05:19.5971,+20:09:25.31,NIRISS,SOSS,None,CLEAR,SUBSTRIP96,NISRAPID,5,2976,13.9,2025-10-05 07:36:36,2025-10-05 20:15:56,,0, : v1298 tau d,"['Between', 'OrientRange', 'PeriodZeroPhase', 'TimeSeriesObservation']","{'ZeroPhase': '2460904.541', 'Period': '12.4032 Days', 'PhaseStart': '0.9782817226', 'PhaseEnd': '0.981817256'}","[{'After': '10-JAN-2026:00:00:00', 'Before': '14-JAN-2026:00:00:00'}, {'After': '04-FEB-2026:00:00:00', 'Before': '08-FEB-2026:00:00:00'}, {'After': '17-DEC-2025:00:00:00', 'Before': '20-DEC-2025:00:00:00'}, {'After': '22-NOV-2025:00:00:00', 'Before': '26-NOV-2025:00:00:00'}, {'After': '28-OCT-2025:00:00:00', 'Before': '01-NOV-2025:00:00:00'}, {'After': '03-OCT-2025:00:00:00', 'Before': '07-OCT-2025:00:00:00'}, {'After': '15-AUG-2025:00:00:00', 'Before': '18-AUG-2025:00:00:00'}, {'After': '08-SEP-2025:00:00:00', 'Before': '12-SEP-2025:00:00:00'}, {'After': '21-JUL-2025:00:00:00', 'Before': '25-JUL-2025:00:00:00'}, {'After': '26-JUN-2025:00:00:00', 'Before': '30-JUN-2025:00:00:00'}, {'After': '01-JUN-2025:00:00:00', 'Before': '05-JUN-2025:00:00:00'}, {'After': '07-MAY-2025:00:00:00', 'Before': '11-MAY-2025:00:00:00'}, {'After': '13-APR-2025:00:00:00', 'Before': '16-APR-2025:00:00:00'}, {'After': '19-MAR-2025:00:00:00', 'Before': '23-MAR-2025:00:00:00'}, {'After': '22-FEB-2025:00:00:00', 'Before': '26-FEB-2025:00:00:00'}, {'After': '01-MAR-2026:00:00:00', 'Before': '05-MAR-2026:00:00:00'}, {'After': '26-MAR-2026:00:00:00', 'Before': '30-MAR-2026:00:00:00'}]",12.4032,0.9800494893,0.04669493894048848
GO,5959,Feinstein,3,17,1,Archived,transit,V1298 Tau,V-V1298-Tau,d,04:05:19.5971,+20:09:25.31,NIRISS,SOSS,None,CLEAR,SUBSTRIP96,NISRAPID,5,2976,14.9,2025-09-10 14:40:27,2025-09-11 03:20:28,,0, : v1298 tau d,"['Between', 'OrientRange', 'PeriodZeroPhase', 'TimeSeriesObservation']","{'ZeroPhase': '2460904.541', 'Period': '12.4032 Days', 'PhaseStart': '0.98622667', 'PhaseEnd': '0.9879063'}","[{'After': '10-JAN-2026:00:00:00', 'Before': '14-JAN-2026:00:00:00'}, {'After': '04-FEB-2026:00:00:00', 'Before': '08-FEB-2026:00:00:00'}, {'After': '17-DEC-2025:00:00:00', 'Before': '20-DEC-2025:00:00:00'}, {'After': '22-NOV-2025:00:00:00', 'Before': '26-NOV-2025:00:00:00'}, {'After': '28-OCT-2025:00:00:00', 'Before': '01-NOV-2025:00:00:00'}, {'After': '03-OCT-2025:00:00:00', 'Before': '07-OCT-2025:00:00:00'}, {'After': '15-AUG-2025:00:00:00', 'Before': '18-AUG-2025:00:00:00'}, {'After': '08-SEP-2025:00:00:00', 'Before': '12-SEP-2025:00:00:00'}, {'After': '21-JUL-2025:00:00:00', 'Before': '25-JUL-2025:00:00:00'}, {'After': '26-JUN-2025:00:00:00', 'Before': '30-JUN-2025:00:00:00'}, {'After': '01-JUN-2025:00:00:00', 'Before': '05-JUN-2025:00:00:00'}, {'After': '07-MAY-2025:00:00:00', 'Before': '11-MAY-2025:00:00:00'}, {'After': '13-APR-2025:00:00:00', 'Before': '16-APR-2025:00:00:00'}, {'After': '19-MAR-2025:00:00:00', 'Before': '23-MAR-2025:00:00:00'}, {'After': '22-FEB-2025:00:00:00', 'Before': '26-FEB-2025:00:00:00'}, {'After': '01-MAR-2026:00:00:00', 'Before': '05-MAR-2026:00:00:00'}, {'After': '26-MAR-2026:00:00:00', 'Before': '30-MAR-2026:00:00:00'}]",12.4032,0.9870664849999999,0.05005428706570347
GO,5959,Feinstein,3,5,1,Skipped,transit,CD-38 1467,CD-38-1467,c,04:11:51.9469,-37:56:23.22,NIRSPEC,BOTS,G395H,F290LP,SUB2048,NRSRAPID,5,4440,8.84,,,,0, : toi 451 c,"['PeriodZeroPhase', 'TimeSeriesObservation']","{'ZeroPhase': '2458411.806253', 'Period': '9.192522 Days', 'PhaseStart': '0.982549088', 'PhaseEnd': '0.987081758'}",[],9.192522,0.9848154229999999,0.04006880085066245
GO,5959,Feinstein,3,15,1,Archived,transit,CD-38 1467,CD-38-1467-copy,c,04:11:51.9319,-37:56:23.02,NIRSPEC,BOTS,G395H,F290LP,SUB2048,NRSRAPID,5,4440,8.84,2024-10-06 17:50:37,2024-10-07 01:21:42,,0, : toi 451 c,"['PeriodZeroPhase', 'TimeSeriesObservation']","{'ZeroPhase': '2458411.806253', 'Period': '9.192522 Days', 'PhaseStart': '0.982549088', 'PhaseEnd': '0.987081758'}",[],9.192522,0.9848154229999999,0.04006880085066245
GO,5959,Feinstein,3,6,1,Archived,transit,CD-38 1467,CD-38-1467-copy,c,04:11:51.9319,-37:56:23.02,NIRISS,SOSS,None,CLEAR,SUBSTRIP256,NISRAPID,6,627,9.0,2025-01-25 00:41:41,2025-01-25 08:54:18,,0, : toi 451 c,"['OrientRange', 'PeriodZeroPhase', 'TimeSeriesObservation']","{'ZeroPhase': '2458411.806253', 'Period': '9.192522 Days', 'PhaseStart': ' 0.982549088', 'PhaseEnd': '0.987081758'}",[],9.192522,0.9848154229999999,0.040794028015380325
GO,5959,Feinstein,3,7,1,Archived,transit,CD-38 1467,CD-38-1467-copy,d,04:11:51.9319,-37:56:23.02,NIRSPEC,BOTS,G395H,F290LP,SUB2048,NRSRAPID,10,2716,9.77,2024-11-27 12:47:58,2024-11-27 21:53:37,,0, : toi 451 d,"['Between', 'PeriodZeroPhase', 'TimeSeriesObservation']","{'ZeroPhase': '2458416.63478', 'Period': '16.364988 Days', 'PhaseStart': '0.989179337', 'PhaseEnd': '0.991725423'}","[{'After': '04-NOV-2024:00:00:00', 'Before': '01-DEC-2024:00:00:00'}]",16.364988,0.99045238,0.024875260118329037
GO,5959,Feinstein,3,8,1,Archived,transit,CD-38 1467,CD-38-1467-copy,d,04:11:51.9319,-37:56:23.02,NIRISS,SOSS,None,CLEAR,SUBSTRIP256,NISRAPID,6,701,9.92,2024-12-30 06:14:42,2024-12-30 15:28:30,,0, : toi 451 d,"['PeriodZeroPhase', 'TimeSeriesObservation']","{'ZeroPhase': '2458416.63478', 'Period': '16.364988 Days', 'PhaseStart': '0.989179337', 'PhaseEnd': '0.991725423'}",[],16.364988,0.99045238,0.025257173016768074
GO,5959,Feinstein,3,9,1,Archived,transit,BD+40 2790,BD+40-2790,b,14:29:34.0787,+39:47:25.43,NIRSPEC,BOTS,G395H,F290LP,SUB1024B,NRSRAPID,3,13208,8.85,2025-03-17 21:48:48,2025-03-18 06:06:51,,0, : toi 2076 b,"['PeriodZeroPhase', 'TimeSeriesObservation']","{'ZeroPhase': '2458743.744', 'Period': '10.355096 Days', 'PhaseStart': '0.984507877', 'PhaseEnd': '0.988531663'}",[],10.355096,0.9865197699999999,0.03561048589023221
GO,5959,Feinstein,3,10,1,Archived,transit,BD+40 2790,BD+40-2790,b,14:29:34.0787,+39:47:25.43,NIRISS,SOSS,None,CLEAR,SUBSTRIP96,NISRAPID,2,3620,8.89,2025-04-17 23:17:04,2025-04-18 07:37:46,,0, : toi 2076 b,"['OrientRange', 'PeriodZeroPhase', 'TimeSeriesObservation']","{'ZeroPhase': '2458743.744', 'Period': '10.355096 Days', 'PhaseStart': '0.984507877', 'PhaseEnd': '0.988531663'}",[],10.355096,0.9865197699999999,0.03577143723888863
GO,5959,Feinstein,3,11,1,Archived,transit,BD+40 2790,BD+40-2790,c,14:29:34.0787,+39:47:25.43,NIRSPEC,BOTS,G395H,F290LP,SUB1024B,NRSRAPID,3,15179,10.01,2025-01-27 09:45:22,2025-01-27 18:50:25,,0, : toi 2076 c,"['PeriodZeroPhase', 'TimeSeriesObservation']","{'ZeroPhase': '2458748.68944', 'Period': '21.01538 Days', 'PhaseStart': '0.991375227', 'PhaseEnd': '0.993357902'}",[],21.01538,0.9923665644999999,0.019846575856983472
GO,5959,Feinstein,3,12,1,Archived,transit,BD+40 2790,BD+40-2790,c,14:29:34.0787,+39:47:25.43,NIRISS,SOSS,None,CLEAR,SUBSTRIP96,NISRAPID,2,4160,10.05,2025-06-23 11:51:23,2025-06-23 20:53:57,,0, : toi 2076 c,"['OrientRange', 'PeriodZeroPhase', 'TimeSeriesObservation']","{'ZeroPhase': '2458748.68944', 'Period': '21.01538 Days', 'PhaseStart': '0.991375227', 'PhaseEnd': '0.993357902'}",[],21.01538,0.9923665644999999,0.019925882853414977
GO,5959,Feinstein,3,13,1,Archived,transit,BD+40 2790,BD+40-2790,d,14:29:34.0787,+39:47:25.43,NIRSPEC,BOTS,G395H,F290LP,SUB1024B,NRSRAPID,3,13208,8.85,2025-07-13 11:24:00,2025-07-13 19:32:43,,0, : toi 2076 d,"['PeriodZeroPhase', 'TimeSeriesObservation']","{'ZeroPhase': '2458938.2931', 'Period': '35.12537 Days', 'PhaseStart': '0.995432864', 'PhaseEnd': '0.996619092'}",[],35.12537,0.996025978,0.010498110055495502
GO,5959,Feinstein,3,14,1,Archived,transit,BD+40 2790,BD+40-2790,d,14:29:34.0787,+39:47:25.43,NIRISS,SOSS,None,CLEAR,SUBSTRIP96,NISRAPID,2,3620,8.89,2025-01-18 20:04:38,2025-01-19 04:25:28,,0, : toi 2076 d,"['OrientRange', 'PeriodZeroPhase', 'TimeSeriesObservation']","{'ZeroPhase': '2458938.2931', 'Period': '35.12537 Days', 'PhaseStart': '0.995432864', 'PhaseEnd': '0.996619092'}",[],35.12537,0.996025978,0.010545559140492093
GO,5967,Roy,3,1,1,Skipped,eclipse,TOI-849,TOI-849,b,01:54:51.7938,-29:25:18.14,NIRSPEC,BOTS,G395M,F290LP,SUB2048,NRSRAPID,33,631,7.11,,,,12, : eclipse 1,"['PeriodZeroPhase', 'TimeSeriesObservation']","{'ZeroPhase': '2458394.73768', 'Period': '0.76552414 Days', 'PhaseStart': '0.31929592274734364', 'PhaseEnd': '0.37372486167886665'}",[],0.76552414,0.34651039221310515,0.3869897558031285
GO,5967,Roy,3,2,1,Archived,eclipse,TOI-849,TOI-849,b,01:54:51.7938,-29:25:18.14,NIRSPEC,BOTS,G395M,F290LP,SUB2048,NRSRAPID,33,631,7.11,2025-09-05 17:10:57,2025-09-05 23:55:46,,12, : eclipse 2,"['PeriodZeroPhase', 'TimeSeriesObservation']","{'ZeroPhase': '2458394.73768', 'Period': '0.76552414 Days', 'PhaseStart': '0.31929592274734364', 'PhaseEnd': '0.37372486167886665'}",[],0.76552414,0.34651039221310515,0.3869897558031285
GO,5967,Roy,3,3,1,Archived,eclipse,TOI-849,TOI-849,b,01:54:51.7938,-29:25:18.14,NIRSPEC,BOTS,G395M,F290LP,SUB2048,NRSRAPID,33,631,7.11,2025-08-13 18:55:18,2025-08-14 00:55:14,,12, : eclipse 3,"['PeriodZeroPhase', 'TimeSeriesObservation']","{'ZeroPhase': '2458394.73768', 'Period': '0.76552414 Days', 'PhaseStart': '0.31929592274734364', 'PhaseEnd': '0.37372486167886665'}",[],0.76552414,0.34651039221310515,0.3869897558031285
GO,5967,Roy,3,11,1,Archived,eclipse,TOI-849,TOI-849,b,01:54:51.7938,-29:25:18.14,NIRSPEC,BOTS,G395M,F290LP,SUB2048,NRSRAPID,33,631,7.11,2025-09-09 13:06:27,2025-09-09 19:47:39,,12, : eclipse 1,"['PeriodZeroPhase', 'TimeSeriesObservation']","{'ZeroPhase': '2458394.73768', 'Period': '0.76552414 Days', 'PhaseStart': '0.31929592274734364', 'PhaseEnd': '0.37372486167886665'}",[],0.76552414,0.34651039221310515,0.3869897558031285
GO,6045,Baeyens,3,1,1,Archived,transit,BD+01 316,BD+01-316,b,01:46:31.8576,+02:42:2.03,MIRI,LRS,None,None,SLITLESSPRISM,FASTR1,25,6868,10.22,2025-07-21 23:17:35,2025-07-22 08:20:54,,12, : wasp-76b,"['PeriodZeroPhase', 'TimeSeriesObservation']","{'ZeroPhase': '2459371.069659127', 'Period': '1.80988452 Days', 'PhaseStart': '-0.108055', 'PhaseEnd': '-0.085033'}",[],1.80988452,0.903456,0.2352820462453225
GO,6193,Pass,3,1,1,Archived,transit,TOI-700,TOI-700,d,06:28:22.9720,-65:34:43.01,NIRISS,SOSS,None,CLEAR,SUBSTRIP256,NISRAPID,4,1181,11.65,2025-03-28 06:35:47,2025-03-28 16:56:36,,12,TOI 700 - NIRISS SOSS : toi-700 d,"['OrientRange', 'PeriodZeroPhase', 'TimeSeriesObservation']","{'ZeroPhase': '2458816.9952', 'Period': '37.42396 Days', 'PhaseStart': '0.9941436805012974', 'PhaseEnd': '0.9952570492272865'}",[],37.42396,0.994700364864292,0.0129707456577729
GO,6193,Pass,3,2,1,Archived,transit,TOI-700,TOI-700,e,06:28:22.9720,-65:34:43.01,NIRISS,SOSS,None,CLEAR,SUBSTRIP256,NISRAPID,4,1087,10.81,2025-04-06 17:09:31,2025-04-07 02:38:46,,12,TOI 700 - NIRISS SOSS : toi-700 e,"['OrientRange', 'PeriodZeroPhase', 'TimeSeriesObservation']","{'ZeroPhase': '2458964.811200', 'Period': '27.80978 Days', 'PhaseStart': '0.992658458043657', 'PhaseEnd': '0.9941567319122985'}",[],27.80978,0.9934075949779777,0.016196340520013702
GO,6284,Coy,3,1,1,Skipped,transit,HD 207496,HD-207496,b,21:54:51.3013,-77:20:16.79,NIRCAM,GRISMR TS,"CLEAR,GRISMR","WLP4,F322W2",SUBGRISM64,BRIGHT1,4,6621,6.94,,,,12," : transit 1, f332w2","['OrientRange', 'PeriodZeroPhase', 'TimeSeriesObservation']","{'ZeroPhase': '2458658.78978', 'Period': '6.441008 Days', 'PhaseStart': '0.9794373109638532', 'PhaseEnd': '0.9859062777259915'}",[],6.441008,0.9826717943449224,0.044894629329239565
GO,6284,Coy,3,3,1,Archived,transit,HD 207496,HD-207496,b,21:54:51.3013,-77:20:16.79,NIRCAM,GRISMR TS,"CLEAR,GRISMR","WLP4,F322W2",SUBGRISM64,BRIGHT1,4,6621,6.94,2025-08-25 10:57:17,2025-08-25 17:17:17,,12," : transit 1, f332w2 - repeat of obs 1","['OrientRange', 'PeriodZeroPhase', 'TimeSeriesObservation']","{'ZeroPhase': '2458658.78978', 'Period': '6.441008 Days', 'PhaseStart': '0.9794373109638532', 'PhaseEnd': '0.9859062777259915'}",[],6.441008,0.9826717943449224,0.044894629329239565
GO,6284,Coy,3,2,1,Archived,transit,HD 207496,HD-207496,b,21:54:51.3013,-77:20:16.79,NIRCAM,GRISMR TS,"CLEAR,GRISMR","WLP4,F444W",SUBGRISM64,BRIGHT1,7,3786,6.93,2025-07-04 21:59:10,2025-07-05 04:35:36,,12," : transit 2, f444w","['OrientRange', 'PeriodZeroPhase', 'TimeSeriesObservation']","{'ZeroPhase': '2458658.78978', 'Period': '6.441008 Days', 'PhaseStart': '0.9794373109638532', 'PhaseEnd': '0.9859062777259915'}",[],6.441008,0.9826717943449224,0.044829939661618176
GO,6456,Allen,3,1,1,Archived,transit,TRAPPIST-1,TRAPPIST-1,b e,23:06:30.3652,-05:02:36.70,NIRSPEC,BOTS,PRISM,CLEAR,SUB512,NRSRAPID,5,22070,10.79,2024-07-05 01:12:34,2024-07-05 10:23:43,,12,TRAPPIST-1 b + e : 530,"['Between', 'TimeSeriesObservation']",,"[{'After': '05-JUL-2024:01:32:56', 'Before': '05-JUL-2024:02:32:56'}]",,,
GO,6456,Allen,3,2,1,Archived,transit,TRAPPIST-1,TRAPPIST-1,b e,23:06:30.3652,-05:02:36.70,NIRSPEC,BOTS,PRISM,CLEAR,SUB512,NRSRAPID,5,9830,5.35,2025-06-17 16:41:32,2025-06-17 21:58:30,,12,TRAPPIST-1 b + e : 587,"['Between', 'TimeSeriesObservation']",,"[{'After': '17-JUN-2025:18:07:36', 'Before': '17-JUN-2025:19:07:36'}]",,,
GO,6456,Allen,3,3,1,Archived,transit,TRAPPIST-1,TRAPPIST-1,b e,23:06:30.3652,-05:02:36.70,NIRSPEC,BOTS,PRISM,CLEAR,SUB512,NRSRAPID,5,18480,9.2,2024-07-11 03:29:24,2024-07-11 11:16:21,,12,TRAPPIST-1 b + e : 531,"['Between', 'TimeSeriesObservation']",,"[{'After': '11-JUL-2024:03:57:46', 'Before': '11-JUL-2024:04:57:46'}]",,,
GO,6456,Allen,3,4,1,Archived,transit,TRAPPIST-1,TRAPPIST-1,b e,23:06:30.3652,-05:02:36.70,NIRSPEC,BOTS,PRISM,CLEAR,SUB512,NRSRAPID,5,16840,8.47,2025-06-05 11:56:05,2025-06-05 19:54:24,,12,TRAPPIST-1 b + e : 585,"['Between', 'TimeSeriesObservation']",,"[{'After': '05-JUN-2025:13:22:10', 'Before': '05-JUN-2025:14:22:10'}]",,,
GO,6456,Allen,3,5,1,Archived,transit,TRAPPIST-1,TRAPPIST-1,b e,23:06:30.3652,-05:02:36.70,NIRSPEC,BOTS,PRISM,CLEAR,SUB512,NRSRAPID,5,13300,6.89,2025-06-11 14:19:04,2025-06-11 20:55:53,,12,TRAPPIST-1 b + e : 586,"['Between', 'TimeSeriesObservation']",,"[{'After': '11-JUN-2025:15:45:09', 'Before': '11-JUN-2025:16:45:09'}]",,,
GO,6456,Allen,3,15,1,Archived,transit,TRAPPIST-1,TRAPPIST-1,b e,23:06:30.3652,-05:02:36.70,NIRSPEC,BOTS,PRISM,CLEAR,SUB512,NRSRAPID,5,23370,11.37,2024-12-10 15:07:35,2024-12-11 01:26:22,,12,TRAPPIST-1 b + e : 556,"['Between', 'TimeSeriesObservation']",,"[{'After': '10-DEC-2024:16:24:09', 'Before': '10-DEC-2024:17:24:09'}]",,,
GO,6457,Benneke,3,1,1,Archived,eclipse,LP 791-18,LP-791-18,d,11:02:45.9546,-16:24:22.29,MIRI,Imaging TS,None,F1500W,SUB256,FASTR1,130,298,4.62,2025-05-31 23:05:44,2025-06-01 03:32:20,,12, : eclipse,"['PeriodZeroPhase', 'TimeSeriesObservation']","{'ZeroPhase': '2458772.16211', 'Period': '2.753436 Days', 'PhaseStart': '0.4666', 'PhaseEnd': '0.4817'}",[],2.753436,0.47415,0.069912647325015
GO,6457,Benneke,3,2,1,Archived,eclipse,LP 791-18,LP-791-18,d,11:02:45.9546,-16:24:22.29,MIRI,Imaging TS,None,F1500W,SUB256,FASTR1,130,298,4.62,2025-05-20 22:31:07,2025-05-21 03:10:53,,12, : eclipse,"['PeriodZeroPhase', 'TimeSeriesObservation']","{'ZeroPhase': '2458772.16211', 'Period': '2.753436 Days', 'PhaseStart': '0.4666', 'PhaseEnd': '0.4817'}",[],2.753436,0.47415,0.069912647325015
GO,6457,Benneke,3,3,1,Archived,eclipse,LP 791-18,LP-791-18,d,11:02:45.9546,-16:24:22.29,MIRI,Imaging TS,None,F1500W,SUB256,FASTR1,130,298,4.62,2025-06-17 11:24:08,2025-06-17 16:03:31,,12, : eclipse,"['PeriodZeroPhase', 'TimeSeriesObservation']","{'ZeroPhase': '2458772.16211', 'Period': '2.753436 Days', 'PhaseStart': '0.4666', 'PhaseEnd': '0.4817'}",[],2.753436,0.47415,0.069912647325015
GO,6457,Benneke,3,4,1,Archived,eclipse,LP 791-18,LP-791-18,d,11:02:45.9546,-16:24:22.29,MIRI,Imaging TS,None,F1500W,SUB256,FASTR1,130,298,4.62,2025-01-28 01:11:15,2025-01-28 05:46:06,,12, : eclipse,"['PeriodZeroPhase', 'TimeSeriesObservation']","{'ZeroPhase': '2458772.16211', 'Period': '2.753436 Days', 'PhaseStart': '0.4666', 'PhaseEnd': '0.4817'}",[],2.753436,0.47415,0.069912647325015
GO,6457,Benneke,3,5,1,Archived,eclipse,LP 791-18,LP-791-18,d,11:02:45.9546,-16:24:22.29,MIRI,Imaging TS,None,F1500W,SUB256,FASTR1,130,298,4.62,2025-06-11 23:15:08,2025-06-12 03:53:00,,12, : eclipse,"['PeriodZeroPhase', 'TimeSeriesObservation']","{'ZeroPhase': '2458772.16211', 'Period': '2.753436 Days', 'PhaseStart': '0.4666', 'PhaseEnd': '0.4817'}",[],2.753436,0.47415,0.069912647325015
GO,6491,Cassese,3,1,1,Archived,transit,Kepler-167,Kepler-167,e,19:30:38.0262,+38:20:43.44,NIRSPEC,BOTS,PRISM,CLEAR,SUB512,NRSRAPID,6,22368,70.62,2024-10-24 14:24:14,2024-10-27 03:59:28,,12,,"['OrientRange', 'PeriodZeroPhase', 'TimeSeriesObservation']","{'ZeroPhase': '2455253.28756', 'Period': '1071.23205 Days', 'PhaseStart': '0.998798', 'PhaseEnd': '0.998876'}",[],1071.23205,0.998837,0.0027468371582048913
DD,6543,Cadieux,2,1,1,Archived,transit,LHS 1140,LHS1140,b,00:44:59.3309,-15:16:17.54,NIRISS,SOSS,None,CLEAR,SUBSTRIP256,NISRAPID,3,949,7.88,2023-12-01 05:56:27,2023-12-01 13:15:22,,0,Transit spectroscopy of LHS 1140 b with NIRISS : lhs 1140 b,"['OrientRange', 'PeriodZeroPhase', 'TimeSeriesObservation']","{'ZeroPhase': '2458399.9300', 'Period': '24.73723 Days', 'PhaseStart': '0.993852046759749', 'PhaseEnd': '0.9955364175105027'}",[],24.737230000000004,0.9946942321351259,0.013272841515939065
DD,6543,Cadieux,2,2,1,Archived,transit,LHS 1140,LHS-1140,b,00:44:59.6827,-15:16:27.09,NIRISS,SOSS,None,CLEAR,SUBSTRIP256,NISRAPID,3,949,7.88,2023-12-25 23:36:44,2023-12-26 07:00:34,,0,Transit spectroscopy of LHS 1140 b with NIRISS : lhs 1140 b,"['OrientRange', 'PeriodZeroPhase', 'TimeSeriesObservation']","{'ZeroPhase': '2458399.9300', 'Period': '24.73723 Days', 'PhaseStart': '0.993852046759749', 'PhaseEnd': '0.9955364175105027'}",[],24.737230000000004,0.9946942321351259,0.013272841515939065
GO,6932,Luque,4,1,1,Archived,transit,TOI-1801,TOI-1801,b,11:42:18.1365,+23:01:37.34,NIRISS,SOSS,None,CLEAR,SUBSTRIP96,NISRAPID,5,1597,7.89,2026-01-23 13:16:32,2026-01-23 20:45:06,,12,Visit1 : niriss_toi1801,"['Before', 'OrientRange', 'PeriodZeroPhase', 'TimeSeriesObservation']","{'ZeroPhase': '2461032.3428879734', 'Period': '10.6440099046 Days', 'PhaseStart': '0.98551592', 'PhaseEnd': '0.98943054'}",[],10.6440099046,0.98747323,0.03088591639302447
GO,6932,Luque,4,2,1,Archived,transit,TOI-1801,TOI-1801,b,11:42:18.1365,+23:01:37.34,NIRSPEC,BOTS,G395H,F290LP,SUB2048,NRSRAPID,8,2608,7.84,2025-12-22 14:27:06,2025-12-22 21:53:22,,12,Visit1 : nirspec_toi1801,"['Before', 'PeriodZeroPhase', 'TimeSeriesObservation']","{'ZeroPhase': '2458903.5435', 'Period': '10.64387 Days', 'PhaseStart': '0.98551592', 'PhaseEnd': '0.98943054'}",[],10.64387,0.98747323,0.030690591548625325
GO,6932,Luque,4,3,1,Archived,transit,TOI-1801,TOI-1801,b,11:42:18.1365,+23:01:37.34,NIRISS,SOSS,None,CLEAR,SUBSTRIP96,NISRAPID,5,1597,7.89,2026-01-12 21:38:33,2026-01-13 04:55:55,,12,Visit2 : niriss_toi1801,"['OrientRange', 'PeriodZeroPhase', 'TimeSeriesObservation']","{'ZeroPhase': '2458903.5435', 'Period': '10.64387 Days', 'PhaseStart': '0.98551592', 'PhaseEnd': '0.98943054'}",[],10.64387,0.98747323,0.03088632236207319
GO,6932,Luque,4,4,1,Archived,transit,TOI-1801,TOI-1801,b,11:42:18.1365,+23:01:37.34,NIRSPEC,BOTS,G395H,F290LP,SUB2048,NRSRAPID,8,2608,7.84,2026-04-18 17:00:47,2026-04-19 00:27:10,,12,Visit2 : nirspec_toi1801,"['PeriodZeroPhase', 'TimeSeriesObservation']","{'ZeroPhase': '2461032.3428879734', 'Period': '10.6440099046 Days', 'PhaseStart': '0.98551592', 'PhaseEnd': '0.98943054'}",[],10.6440099046,0.98747323,0.030690188152257523
GO,6932,Luque,4,5,1,Archived,transit,TOI-1801,TOI-1801,b,11:42:18.1365,+23:01:37.34,NIRISS,SOSS,None,CLEAR,SUBSTRIP96,NISRAPID,5,1597,7.89,2026-05-10 00:05:00,2026-05-10 07:21:18,,12,Visit3 : niriss_toi1801,"['OrientRange', 'PeriodZeroPhase', 'TimeSeriesObservation']","{'ZeroPhase': '2461032.3428879734', 'Period': '10.6440099046 Days', 'PhaseStart': '0.98551592', 'PhaseEnd': '0.98943054'}",[],10.6440099046,0.98747323,0.03088591639302447
GO,6932,Luque,4,6,1,Archived,transit,TOI-1801,TOI-1801,b,11:42:18.1365,+23:01:37.34,NIRSPEC,BOTS,G395H,F290LP,SUB2048,NRSRAPID,8,2608,7.84,2026-05-31 07:12:15,2026-05-31 14:21:36,,12,Visit3 : nirspec_toi1801,"['PeriodZeroPhase', 'TimeSeriesObservation']","{'ZeroPhase': '2461032.3428879734', 'Period': '10.6440099046 Days', 'PhaseStart': '0.98551592', 'PhaseEnd': '0.98943054'}",[],10.6440099046,0.98747323,0.030690188152257523
GO,6978,Wardenier,4,1,1,Archived,eclipse,KELT-20,KELT-20,b,19:38:38.7400,+31:13:9.12,NIRSPEC,BOTS,G395H,F290LP,SUB2048,NRSRAPID,5,8987,16.8,2025-10-19 15:59:09,2025-10-20 06:34:30,,12,KELT-20b eclipse : kelt-20b eclipse,"['PeriodZeroPhase', 'TimeSeriesObservation']","{'ZeroPhase': '2458694.73670', 'Period': '3.474100 Days', 'PhaseStart': '0.4042', 'PhaseEnd': '0.4222'}",[],3.4741,0.4132,0.20149103364900262
GO,7068,Doshi,4,1,1,Archived,stare,TIC 261560580,TIC_261560580,none,23:17:0.1185,-74:32:9.44,NIRISS,SOSS,None,CLEAR,SUBSTRIP256,NISRAPID,8,697,12.37,2025-09-05 04:48:57,2025-09-05 15:52:22,,12,M-dwarf Observations : 3200k m-dwarf,"['OrientRange', 'TimeSeriesObservation']",,[],,,
GO,7068,Doshi,4,2,1,Archived,stare,TIC 231020638,TIC_231020638,none,01:50:56.9007,-58:44:3.21,NIRISS,SOSS,None,CLEAR,SUBSTRIP256,NISRAPID,3,1553,11.81,2025-09-03 00:00:12,2025-09-03 10:35:24,,12,M-dwarf Observations : 3300k m-dwarf,"['OrientRange', 'TimeSeriesObservation']",,[],,,
GO,7068,Doshi,4,3,1,Skipped,stare,TIC 80427281,TIC_80427281,none,00:42:10.9234,-42:52:54.55,NIRISS,SOSS,None,CLEAR,SUBSTRIP256,NISRAPID,4,854,8.75,,,,12,M-dwarf Observations : 3500k m-dwarf,"['OrientRange', 'TimeSeriesObservation']",,[],,,
GO,7068,Doshi,4,6,1,Archived,stare,TIC 80427281,TIC_80427281,none,00:42:10.9234,-42:52:54.55,NIRISS,SOSS,None,CLEAR,SUBSTRIP256,NISRAPID,4,854,8.75,2025-11-12 06:23:56,2025-11-12 13:48:26,,12,M-dwarf Observations : 3500k m-dwarf,"['OrientRange', 'TimeSeriesObservation']",,[],,,
GO,7068,Doshi,4,4,1,Archived,stare,TIC 89502706,TIC_89502706,none,23:47:22.4705,-23:17:17.30,NIRISS,SOSS,None,CLEAR,SUBSTRIP256,NISRAPID,4,690,7.3,2025-11-12 00:18:14,2025-11-12 06:23:52,,12,M-dwarf Observations : 3600k m-dwarf,"['OrientRange', 'TimeSeriesObservation']",,[],,,
GO,7068,Doshi,4,5,1,Archived,stare,TIC 207140650,TIC_207140650,none,02:56:57.6741,-58:21:45.39,NIRISS,SOSS,None,CLEAR,SUBSTRIP256,NISRAPID,5,633,7.93,2025-09-03 12:40:48,2025-09-03 19:33:37,,12,M-dwarf Observations : 3700k m-dwarf,"['OrientRange', 'TimeSeriesObservation']",,[],,,
GO,7073,Lustig-Yaeger,4,11,1,Archived,transit,LTT 1445 A,LTT-1445A,c,03:01:51.3937,-16:35:36.03,NIRISS,SOSS,None,CLEAR,SUBSTRIP96,NISRAPID,3,1424,5.22,2026-01-27 06:14:25,2026-01-27 10:59:06,,0,LTT-1445Ac : niriss-transit-1,"['Offset', 'OrientRange', 'PeriodZeroPhase', 'TimeSeriesObservation']","{'ZeroPhase': '2458412.58159', 'Period': '3.1239035 Days', 'PhaseStart': '0.96992', 'PhaseEnd': '0.98325'}",[],3.1239035,0.976585,0.06962442981993522
GO,7073,Lustig-Yaeger,4,12,1,Archived,transit,LTT 1445 A,LTT-1445A,c,03:01:51.3937,-16:35:36.03,NIRISS,SOSS,None,CLEAR,SUBSTRIP96,NISRAPID,3,1424,5.22,2026-01-20 23:50:40,2026-01-21 05:01:28,,0,LTT-1445Ac : niriss-transit-2,"['Offset', 'OrientRange', 'PeriodZeroPhase', 'TimeSeriesObservation']","{'ZeroPhase': '2458412.58159', 'Period': '3.1239035 Days', 'PhaseStart': '0.96992', 'PhaseEnd': '0.98325'}",[],3.1239035,0.976585,0.06962442981993522
GO,7073,Lustig-Yaeger,4,13,1,Archived,transit,LTT 1445 A,LTT-1445A,c,03:01:51.3937,-16:35:36.03,NIRSPEC,BOTS,G395H,F290LP,SUB2048,NRSRAPID,3,3493,4.45,2025-09-14 22:02:28,2025-09-15 02:59:02,,0,LTT-1445Ac : nirspec-transit-1,"['Before', 'PeriodZeroPhase', 'TimeSeriesObservation']","{'ZeroPhase': '2458412.58159', 'Period': '3.1239035 Days', 'PhaseStart': '0.96992', 'PhaseEnd': '0.98325'}",[],3.1239035,0.976585,0.059354159520826
GO,7073,Lustig-Yaeger,4,14,1,Flight Ready,transit,LTT 1445 A,LTT-1445A,c,03:01:51.3937,-16:35:36.03,NIRSPEC,BOTS,G395H,F290LP,SUB2048,NRSRAPID,3,3493,5.16,,,2026-09-02 - 2026-09-03,0,LTT-1445Ac : nirspec-transit-2,"['PeriodZeroPhase', 'TimeSeriesObservation']","{'ZeroPhase': '2458412.58159', 'Period': '3.1239035 Days', 'PhaseStart': '0.96992', 'PhaseEnd': '0.98325'}",[],3.1239035,0.976585,0.06882414901740723
GO,7073,Lustig-Yaeger,4,1,1,Archived,transit,LTT 1445 A,LTT-1445A,b,03:01:51.3937,-16:35:36.03,NIRISS,SOSS,None,CLEAR,SUBSTRIP96,NISRAPID,3,1776,6.22,2026-01-24 14:54:59,2026-01-24 20:58:14,,0,LTT-1445Ab : niriss-transit-1,"['Offset', 'OrientRange', 'PeriodZeroPhase', 'TimeSeriesObservation']","{'ZeroPhase': '2458423.426378', 'Period': '5.358765 Days', 'PhaseStart': '0.97909', 'PhaseEnd': '0.98687'}",[],5.358765,0.98298,0.04836313342097791
GO,7073,Lustig-Yaeger,4,2,1,Archived,transit,LTT 1445 A,LTT-1445A,b,03:01:51.3937,-16:35:36.03,NIRISS,SOSS,None,CLEAR,SUBSTRIP96,NISRAPID,3,1776,6.22,2026-01-30 00:05:58,2026-01-30 05:34:55,,0,LTT-1445Ab : niriss-transit-2,"['Offset', 'OrientRange', 'PeriodZeroPhase', 'TimeSeriesObservation']","{'ZeroPhase': '2458423.426378', 'Period': '5.358765 Days', 'PhaseStart': '0.97909', 'PhaseEnd': '0.98687'}",[],5.358765,0.98298,0.04836313342097791
GO,7073,Lustig-Yaeger,4,3,1,Archived,transit,LTT 1445 A,LTT-1445A,b,03:01:51.3937,-16:35:36.03,NIRSPEC,BOTS,G395H,F290LP,SUB2048,NRSRAPID,3,4343,5.44,2026-01-03 05:08:23,2026-01-03 10:23:50,,0,LTT-1445Ab : nirspec-transit-1,"['PeriodZeroPhase', 'TimeSeriesObservation']","{'ZeroPhase': '2458423.426378', 'Period': '5.358765 Days', 'PhaseStart': '0.97909', 'PhaseEnd': '0.98687'}",[],5.358765,0.98298,0.042298303184906724
GO,7073,Lustig-Yaeger,4,31,1,Archived,transit,LHS 1140,LHS-1140,c,00:44:59.3309,-15:16:17.54,NIRISS,SOSS,None,CLEAR,SUBSTRIP256,NISRAPID,5,450,6.0,2025-07-26 01:27:53,2025-07-26 07:19:42,,0,LHS-1140c : niriss-transit-1,"['OrientRange', 'PeriodZeroPhase', 'TimeSeriesObservation']","{'ZeroPhase': '2458389.2939', 'Period': '3.777940 Days', 'PhaseStart': '0.97171', 'PhaseEnd': '0.98274'}",[],3.77794,0.977225,0.06617362901475407
GO,7073,Lustig-Yaeger,4,32,1,Flight Ready,transit,LHS 1140,LHS-1140,c,00:44:59.3309,-15:16:17.54,NIRSPEC,BOTS,G395M,F290LP,SUB2048,NRSRAPID,7,2054,5.81,,,2026-11-21 - 2026-11-21,0,LHS-1140c : nirspec-transit-1,"['PeriodZeroPhase', 'TimeSeriesObservation']","{'ZeroPhase': '2458389.2939', 'Period': '3.777940 Days', 'PhaseStart': '0.97171', 'PhaseEnd': '0.98274'}",[],3.77794,0.977225,0.06407813076262019
GO,7073,Lustig-Yaeger,4,33,1,Archived,transit,LHS 1140,LHS-1140,c,00:44:59.3309,-15:16:17.54,NIRSPEC,BOTS,G395M,F290LP,SUB2048,NRSRAPID,7,2054,5.79,2025-11-12 15:53:21,2025-11-12 20:38:21,,0,LHS-1140c : nirspec-transit-2,"['PeriodZeroPhase', 'TimeSeriesObservation']","{'ZeroPhase': '2458389.2939', 'Period': '3.777940 Days', 'PhaseStart': '0.97171', 'PhaseEnd': '0.98274'}",[],3.77794,0.977225,0.06385755199923768
GO,7073,Lustig-Yaeger,4,21,1,Archived,transit,LHS 1140,LHS-1140,b,00:44:59.3309,-15:16:17.54,NIRISS,SOSS,None,CLEAR,SUBSTRIP256,NISRAPID,5,547,7.04,2025-08-10 16:44:26,2025-08-10 23:29:27,,0,LHS-1140b : niriss-transit-1,"['OrientRange', 'PeriodZeroPhase', 'TimeSeriesObservation']","{'ZeroPhase': '2458399.9300', 'Period': '24.73723 Days', 'PhaseStart': '0.99494', 'PhaseEnd': '0.99662'}",[],24.737230000000004,0.99578,0.011857970085305966
GO,7073,Lustig-Yaeger,4,22,1,Flight Ready,transit,LHS 1140,LHS-1140,b,00:44:59.3309,-15:16:17.54,NIRISS,SOSS,None,CLEAR,SUBSTRIP256,NISRAPID,5,547,7.05,,,2026-07-23 - 2026-07-23,0,LHS-1140b : niriss-transit-2,"['OrientRange', 'PeriodZeroPhase', 'TimeSeriesObservation']","{'ZeroPhase': '2458399.9300', 'Period': '24.73723 Days', 'PhaseStart': '0.99494', 'PhaseEnd': '0.99662'}",[],24.737230000000004,0.99578,0.011874813792813502
GO,7073,Lustig-Yaeger,4,23,1,Flight Ready,transit,LHS 1140,LHS-1140,b,00:44:59.3309,-15:16:17.54,NIRISS,SOSS,None,CLEAR,SUBSTRIP256,NISRAPID,5,547,7.05,,,2026-11-23 - 2026-11-23,0,LHS-1140b : niriss-transit-3,"['OrientRange', 'PeriodZeroPhase', 'TimeSeriesObservation']","{'ZeroPhase': '2458399.9300', 'Period': '24.73723 Days', 'PhaseStart': '0.99494', 'PhaseEnd': '0.99662'}",[],24.737230000000004,0.99578,0.011874813792813502
GO,7073,Lustig-Yaeger,4,24,1,Archived,transit,LHS 1140,LHS-1140,b,00:44:59.3309,-15:16:17.54,NIRSPEC,BOTS,G395M,F290LP,SUB2048,NRSRAPID,7,2496,6.82,2025-07-16 23:11:12,2025-07-17 05:44:15,,0,LHS-1140b : nirspec-transit-1,"['PeriodZeroPhase', 'TimeSeriesObservation']","{'ZeroPhase': '2458399.9300', 'Period': '24.73723 Days', 'PhaseStart': '0.99494', 'PhaseEnd': '0.99662'}",[],24.737230000000004,0.99578,0.011487408520140154
GO,7073,Lustig-Yaeger,4,25,1,Archived,transit,LHS 1140,LHS-1140,b,00:44:59.3309,-15:16:17.54,NIRSPEC,BOTS,G395M,F290LP,SUB2048,NRSRAPID,7,2496,6.82,2025-12-12 09:21:46,2025-12-12 15:54:47,,0,LHS-1140b : nirspec-transit-2,"['PeriodZeroPhase', 'TimeSeriesObservation']","{'ZeroPhase': '2458399.9300', 'Period': '24.73723 Days', 'PhaseStart': '0.99494', 'PhaseEnd': '0.99662'}",[],24.737230000000004,0.99578,0.011487408520140154
GO,7073,Lustig-Yaeger,4,26,1,Flight Ready,transit,LHS 1140,LHS-1140,b,00:44:59.3309,-15:16:17.54,NIRSPEC,BOTS,G395M,F290LP,SUB2048,NRSRAPID,7,2496,6.84,,,2026-06-28 - 2026-06-28,0,LHS-1140b : nirspec-transit-3,"['PeriodZeroPhase', 'TimeSeriesObservation']","{'ZeroPhase': '2458399.9300', 'Period': '24.73723 Days', 'PhaseStart': '0.99494', 'PhaseEnd': '0.99662'}",[],24.737230000000004,0.99578,0.011521095935155228
GO,7073,Lustig-Yaeger,4,41,1,Archived,transit,LP 890-9,LP-890-9,b,04:16:31.1618,-28:18:52.95,NIRSPEC,BOTS,PRISM,CLEAR,SUB512,NRSRAPID,5,10050,5.45,2025-09-14 05:47:22,2025-09-14 10:54:24,,0,LP-890-9b : transit-1,"['PeriodZeroPhase', 'TimeSeriesObservation']","{'ZeroPhase': '2459447.82637', 'Period': '2.7299025 Days', 'PhaseStart': '0.9630', 'PhaseEnd': '0.9782'}",[],2.7299025,0.9705999999999999,0.0831836790263877
GO,7073,Lustig-Yaeger,4,42,1,Archived,transit,LP 890-9,LP-890-9,b,04:16:31.1618,-28:18:52.95,NIRSPEC,BOTS,PRISM,CLEAR,SUB512,NRSRAPID,5,10050,5.45,2025-08-31 14:05:18,2025-08-31 19:20:16,,0,LP-890-9b : transit-2,"['PeriodZeroPhase', 'TimeSeriesObservation']","{'ZeroPhase': '2459447.82637', 'Period': '2.7299025 Days', 'PhaseStart': '0.9630', 'PhaseEnd': '0.9782'}",[],2.7299025,0.9705999999999999,0.0831836790263877
GO,7073,Lustig-Yaeger,4,43,1,Archived,transit,LP 890-9,LP-890-9,b,04:16:31.1618,-28:18:52.95,NIRSPEC,BOTS,PRISM,CLEAR,SUB512,NRSRAPID,5,10050,5.45,2025-09-16 23:03:10,2025-09-17 04:25:29,,0,LP-890-9b : transit-3,"['PeriodZeroPhase', 'TimeSeriesObservation']","{'ZeroPhase': '2459447.82637', 'Period': '2.7299025 Days', 'PhaseStart': '0.9630', 'PhaseEnd': '0.9782'}",[],2.7299025,0.9705999999999999,0.0831836790263877
GO,7073,Lustig-Yaeger,4,44,1,Archived,transit,LP 890-9,LP-890-9,b,04:16:31.1618,-28:18:52.95,NIRSPEC,BOTS,PRISM,CLEAR,SUB512,NRSRAPID,5,10050,5.45,2025-08-17 22:24:14,2025-08-18 03:46:22,,0,LP-890-9b : transit-4,"['PeriodZeroPhase', 'TimeSeriesObservation']","{'ZeroPhase': '2459447.82637', 'Period': '2.7299025 Days', 'PhaseStart': '0.9630', 'PhaseEnd': '0.9782'}",[],2.7299025,0.9705999999999999,0.0831836790263877
GO,7073,Lustig-Yaeger,4,45,1,Archived,transit,LP 890-9,LP-890-9,b,04:16:31.1618,-28:18:52.95,NIRSPEC,BOTS,PRISM,CLEAR,SUB512,NRSRAPID,5,10050,5.45,2025-08-23 09:58:37,2025-08-23 14:47:53,,0,LP-890-9b : transit-5,"['PeriodZeroPhase', 'TimeSeriesObservation']","{'ZeroPhase': '2459447.82637', 'Period': '2.7299025 Days', 'PhaseStart': '0.9630', 'PhaseEnd': '0.9782'}",[],2.7299025,0.9705999999999999,0.0831836790263877
GO,7073,Lustig-Yaeger,4,46,1,Archived,transit,LP 890-9,LP-890-9,b,04:16:31.1618,-28:18:52.95,NIRSPEC,BOTS,PRISM,CLEAR,SUB512,NRSRAPID,5,10050,5.45,2025-09-11 12:18:10,2025-09-11 17:23:37,,0,LP-890-9b : transit-6,"['PeriodZeroPhase', 'TimeSeriesObservation']","{'ZeroPhase': '2459447.82637', 'Period': '2.7299025 Days', 'PhaseStart': '0.9630', 'PhaseEnd': '0.9782'}",[],2.7299025,0.9705999999999999,0.0831836790263877
GO,7073,Lustig-Yaeger,4,47,1,Archived,transit,LP 890-9,LP-890-9,b,04:16:31.1618,-28:18:52.95,NIRSPEC,BOTS,PRISM,CLEAR,SUB512,NRSRAPID,5,10050,5.45,2025-08-12 11:22:36,2025-08-12 16:44:45,,0,LP-890-9b : transit-7,"['PeriodZeroPhase', 'TimeSeriesObservation']","{'ZeroPhase': '2459447.82637', 'Period': '2.7299025 Days', 'PhaseStart': '0.9630', 'PhaseEnd': '0.9782'}",[],2.7299025,0.9705999999999999,0.0831836790263877
GO,7073,Lustig-Yaeger,4,48,1,Archived,transit,LP 890-9,LP-890-9,b,04:16:31.1618,-28:18:52.95,NIRSPEC,BOTS,PRISM,CLEAR,SUB512,NRSRAPID,5,10050,5.45,2025-09-25 03:35:43,2025-09-25 08:57:48,,0,LP-890-9b : transit-8,"['PeriodZeroPhase', 'TimeSeriesObservation']","{'ZeroPhase': '2459447.82637', 'Period': '2.7299025 Days', 'PhaseStart': '0.9630', 'PhaseEnd': '0.9782'}",[],2.7299025,0.9705999999999999,0.0831836790263877
GO,7073,Lustig-Yaeger,4,51,1,Archived,transit,LP 890-9,LP-890-9,c,04:16:31.1618,-28:18:52.95,NIRSPEC,BOTS,PRISM,CLEAR,SUB512,NRSRAPID,5,10348,5.58,2025-08-20 01:36:09,2025-08-20 07:05:07,,0,LP-890-9c : transit-1,"['PeriodZeroPhase', 'TimeSeriesObservation']","{'ZeroPhase': '2459520.70598', 'Period': '8.457463 Days', 'PhaseStart': '0.9878', 'PhaseEnd': '0.9927'}",[],8.457463,0.9902500000000001,0.027490513408098854
GO,7073,Lustig-Yaeger,4,52,1,Archived,transit,LP 890-9,LP-890-9,c,04:16:31.1618,-28:18:52.95,NIRSPEC,BOTS,PRISM,CLEAR,SUB512,NRSRAPID,5,10348,5.58,2025-09-14 10:54:28,2025-09-14 15:59:01,,0,LP-890-9c : transit-2,"['PeriodZeroPhase', 'TimeSeriesObservation']","{'ZeroPhase': '2459520.70598', 'Period': '8.457463 Days', 'PhaseStart': '0.9878', 'PhaseEnd': '0.9927'}",[],8.457463,0.9902500000000001,0.027490513408098854
GO,7073,Lustig-Yaeger,4,53,1,Flight Ready,transit,LP 890-9,LP-890-9,c,04:16:31.1618,-28:18:52.95,NIRSPEC,BOTS,PRISM,CLEAR,SUB512,NRSRAPID,5,10348,5.6,,,2026-09-21 - 2026-09-21,0,LP-890-9c : transit-3,"['PeriodZeroPhase', 'TimeSeriesObservation']","{'ZeroPhase': '2459520.70598', 'Period': '8.457463 Days', 'PhaseStart': '0.9878', 'PhaseEnd': '0.9927'}",[],8.457463,0.9902500000000001,0.027589045714221074
GO,7073,Lustig-Yaeger,4,54,1,Flight Ready,transit,LP 890-9,LP-890-9,c,04:16:31.1618,-28:18:52.95,NIRSPEC,BOTS,PRISM,CLEAR,SUB512,NRSRAPID,5,10348,5.6,,,2026-09-30 - 2026-09-30,0,LP-890-9c : transit-4,"['PeriodZeroPhase', 'TimeSeriesObservation']","{'ZeroPhase': '2459520.70598', 'Period': '8.457463 Days', 'PhaseStart': '0.9878', 'PhaseEnd': '0.9927'}",[],8.457463,0.9902500000000001,0.027589045714221074
GO,7073,Lustig-Yaeger,4,55,1,Archived,transit,LP 890-9,LP-890-9,c,04:16:31.1618,-28:18:52.95,NIRSPEC,BOTS,PRISM,CLEAR,SUB512,NRSRAPID,5,10348,5.58,2025-11-04 04:21:02,2025-11-04 09:48:41,,0,LP-890-9c : transit-5,"['PeriodZeroPhase', 'TimeSeriesObservation']","{'ZeroPhase': '2459520.70598', 'Period': '8.457463 Days', 'PhaseStart': '0.9878', 'PhaseEnd': '0.9927'}",[],8.457463,0.9902500000000001,0.027490513408098854
GO,7073,Lustig-Yaeger,4,56,1,Flight Ready,transit,LP 890-9,LP-890-9,c,04:16:31.1618,-28:18:52.95,NIRSPEC,BOTS,PRISM,CLEAR,SUB512,NRSRAPID,5,10348,5.6,,,2026-09-04 - 2026-09-04,0,LP-890-9c : transit-6,"['PeriodZeroPhase', 'TimeSeriesObservation']","{'ZeroPhase': '2459520.70598', 'Period': '8.457463 Days', 'PhaseStart': '0.9878', 'PhaseEnd': '0.9927'}",[],8.457463,0.9902500000000001,0.027589045714221074
GO,7073,Lustig-Yaeger,4,57,1,Archived,transit,LP 890-9,LP-890-9,c,04:16:31.1618,-28:18:52.95,NIRSPEC,BOTS,PRISM,CLEAR,SUB512,NRSRAPID,5,10348,5.58,2025-12-24 22:17:08,2025-12-25 03:42:13,,0,LP-890-9c : transit-7,"['PeriodZeroPhase', 'TimeSeriesObservation']","{'ZeroPhase': '2459520.70598', 'Period': '8.457463 Days', 'PhaseStart': '0.9878', 'PhaseEnd': '0.9927'}",[],8.457463,0.9902500000000001,0.027490513408098854
GO,7073,Lustig-Yaeger,4,58,1,Flight Ready,transit,LP 890-9,LP-890-9,c,04:16:31.1618,-28:18:52.95,NIRSPEC,BOTS,PRISM,CLEAR,SUB512,NRSRAPID,5,10348,5.6,,,2026-08-18 - 2026-08-18,0,LP-890-9c : transit-8,"['PeriodZeroPhase', 'TimeSeriesObservation']","{'ZeroPhase': '2459520.70598', 'Period': '8.457463 Days', 'PhaseStart': '0.9878', 'PhaseEnd': '0.9927'}",[],8.457463,0.9902500000000001,0.027589045714221074
GO,7073,Lustig-Yaeger,4,59,1,Archived,transit,LP 890-9,LP-890-9,c,04:16:31.1618,-28:18:52.95,NIRSPEC,BOTS,PRISM,CLEAR,SUB512,NRSRAPID,5,10348,5.58,2025-10-01 08:48:41,2025-10-01 13:55:15,,0,LP-890-9c : transit-9,"['PeriodZeroPhase', 'TimeSeriesObservation']","{'ZeroPhase': '2459520.70598', 'Period': '8.457463 Days', 'PhaseStart': '0.9878', 'PhaseEnd': '0.9927'}",[],8.457463,0.9902500000000001,0.027490513408098854
GO,7073,Lustig-Yaeger,4,60,1,Archived,transit,LP 890-9,LP-890-9,c,04:16:31.1618,-28:18:52.95,NIRSPEC,BOTS,PRISM,CLEAR,SUB512,NRSRAPID,5,10348,5.58,2026-01-19 07:11:26,2026-01-19 12:40:18,,0,LP-890-9c : transit-10,"['PeriodZeroPhase', 'TimeSeriesObservation']","{'ZeroPhase': '2459520.70598', 'Period': '8.457463 Days', 'PhaseStart': '0.9878', 'PhaseEnd': '0.9927'}",[],8.457463,0.9902500000000001,0.027490513408098854
GO,7073,Lustig-Yaeger,4,61,1,Archived,transit,LP 890-9,LP-890-9,c,04:16:31.1618,-28:18:52.95,NIRSPEC,BOTS,PRISM,CLEAR,SUB512,NRSRAPID,5,10348,5.58,2026-01-27 18:56:26,2026-01-27 23:39:49,,0,LP-890-9c : transit-11,"['PeriodZeroPhase', 'TimeSeriesObservation']","{'ZeroPhase': '2459520.70598', 'Period': '8.457463 Days', 'PhaseStart': '0.9878', 'PhaseEnd': '0.9927'}",[],8.457463,0.9902500000000001,0.027490513408098854
GO,7073,Lustig-Yaeger,4,62,1,Archived,transit,LP 890-9,LP-890-9,c,04:16:31.1618,-28:18:52.95,NIRSPEC,BOTS,PRISM,CLEAR,SUB512,NRSRAPID,5,10348,5.58,2025-11-21 02:17:07,2025-11-21 07:46:09,,0,LP-890-9c : transit-12,"['PeriodZeroPhase', 'TimeSeriesObservation']","{'ZeroPhase': '2459520.70598', 'Period': '8.457463 Days', 'PhaseStart': '0.9878', 'PhaseEnd': '0.9927'}",[],8.457463,0.9902500000000001,0.027490513408098854
GO,7073,Lustig-Yaeger,4,63,1,Archived,transit,LP 890-9,LP-890-9,c,04:16:31.1618,-28:18:52.95,NIRSPEC,BOTS,PRISM,CLEAR,SUB512,NRSRAPID,5,10348,5.58,2025-10-18 06:22:48,2025-10-18 11:51:49,,0,LP-890-9c : transit-13,"['PeriodZeroPhase', 'TimeSeriesObservation']","{'ZeroPhase': '2459520.70598', 'Period': '8.457463 Days', 'PhaseStart': '0.9878', 'PhaseEnd': '0.9927'}",[],8.457463,0.9902500000000001,0.027490513408098854
GO,7073,Lustig-Yaeger,4,64,1,Flight Ready,transit,LP 890-9,LP-890-9,c,04:16:31.1618,-28:18:52.95,NIRSPEC,BOTS,PRISM,CLEAR,SUB512,NRSRAPID,5,10348,5.6,,,2026-08-27 - 2026-08-27,0,LP-890-9c : transit-14,"['PeriodZeroPhase', 'TimeSeriesObservation']","{'ZeroPhase': '2459520.70598', 'Period': '8.457463 Days', 'PhaseStart': '0.9878', 'PhaseEnd': '0.9927'}",[],8.457463,0.9902500000000001,0.027589045714221074
GO,7073,Lustig-Yaeger,4,65,1,Archived,transit,LP 890-9,LP-890-9,c,04:16:31.1618,-28:18:52.95,NIRSPEC,BOTS,PRISM,CLEAR,SUB512,NRSRAPID,5,10348,5.58,2026-02-13 16:10:03,2026-02-13 21:39:04,,0,LP-890-9c : transit-15,"['PeriodZeroPhase', 'TimeSeriesObservation']","{'ZeroPhase': '2459520.70598', 'Period': '8.457463 Days', 'PhaseStart': '0.9878', 'PhaseEnd': '0.9927'}",[],8.457463,0.9902500000000001,0.027490513408098854
GO,7073,Lustig-Yaeger,4,66,1,Archived,transit,LP 890-9,LP-890-9,c,04:16:31.1618,-28:18:52.95,NIRSPEC,BOTS,PRISM,CLEAR,SUB512,NRSRAPID,5,10348,5.58,2025-10-26 17:26:28,2025-10-26 22:50:09,,0,LP-890-9c : transit-16,"['PeriodZeroPhase', 'TimeSeriesObservation']","{'ZeroPhase': '2459520.70598', 'Period': '8.457463 Days', 'PhaseStart': '0.9878', 'PhaseEnd': '0.9927'}",[],8.457463,0.9902500000000001,0.027490513408098854
GO,7073,Lustig-Yaeger,4,67,1,Skipped,transit,LP 890-9,LP-890-9,c,04:16:31.1618,-28:18:52.95,NIRSPEC,BOTS,PRISM,CLEAR,SUB512,NRSRAPID,5,10348,5.58,,,,0,LP-890-9c : transit-17,"['PeriodZeroPhase', 'TimeSeriesObservation']","{'ZeroPhase': '2459520.70598', 'Period': '8.457463 Days', 'PhaseStart': '0.9878', 'PhaseEnd': '0.9927'}",[],8.457463,0.9902500000000001,0.027490513408098854
GO,7073,Lustig-Yaeger,4,77,1,Archived,transit,LP 890-9,LP-890-9,c,04:16:31.1618,-28:18:52.95,NIRSPEC,BOTS,PRISM,CLEAR,SUB512,NRSRAPID,5,10348,5.58,2026-01-02 09:12:35,2026-01-02 14:41:32,,0,LP-890-9c : transit-17 - repeat of obs 67,"['PeriodZeroPhase', 'TimeSeriesObservation']","{'ZeroPhase': '2459520.70598', 'Period': '8.457463 Days', 'PhaseStart': '0.9878', 'PhaseEnd': '0.9927'}",[],8.457463,0.9902500000000001,0.027490513408098854
GO,7073,Lustig-Yaeger,4,68,1,Flight Ready,transit,LP 890-9,LP-890-9,c,04:16:31.1618,-28:18:52.95,NIRSPEC,BOTS,PRISM,CLEAR,SUB512,NRSRAPID,5,10348,5.6,,,2026-08-10 - 2026-08-10,0,LP-890-9c : transit-18,"['PeriodZeroPhase', 'TimeSeriesObservation']","{'ZeroPhase': '2459520.70598', 'Period': '8.457463 Days', 'PhaseStart': '0.9878', 'PhaseEnd': '0.9927'}",[],8.457463,0.9902500000000001,0.027589045714221074
GO,7188,Acuna,4,1,1,Archived,transit,CD-60 1144,CD-60-1144,b,05:20:25.4127,-59:53:43.53,NIRSPEC,BOTS,G395H,F290LP,SUB2048,NRSRAPID,19,2818,17.41,2025-11-02 22:31:21,2025-11-03 13:55:25,,12, : toi-199,"['PeriodZeroPhase', 'TimeSeriesObservation']","{'ZeroPhase': '2460668.21986812', 'Period': '104.871165659651 Days', 'PhaseStart': '0.9967007137012', 'PhaseEnd': '0.997098026598454'}",[],104.87116565965098,0.996899370149827,0.006917217541196546
GO,7188,Acuna,4,2,1,Archived,transit,CD-60 1144,CD-60-1144,b,05:20:25.4127,-59:53:43.53,NIRSPEC,BOTS,G395H,F290LP,SUB2048,NRSRAPID,19,2818,17.41,2026-02-15 19:10:17,2026-02-16 10:50:57,,12, : toi-199,"['PeriodZeroPhase', 'TimeSeriesObservation']","{'ZeroPhase': '2460668.219868123', 'Period': '104.87116565965115 Days', 'PhaseStart': '0.9967007137012', 'PhaseEnd': '0.997098026598454'}",[],104.87116565965115,0.996899370149827,0.0069172175411965344
GO,7251,Bennett,4,1,1,Inactive,transit,BD-17 588 A,BD-17-588A,b,03:01:50.9819,-16:35:40.32,NIRCAM,GRISMR TS,"DHS0,GRISMR","F150W2,F322W2",SUB41S1_2-SPECTRA,DHS3,7,3168,5.8,,,2026-07-25 - 2026-07-25,12, : f150w2+f322w2 1,"['OrientRange', 'PeriodZeroPhase', 'TimeSeriesObservation']","{'ZeroPhase': '2458412.70851', 'Period': '5.3587657 Days', 'PhaseStart': '0.9803722961421', 'PhaseEnd': '0.9881477185059975'}",[],5.3587657,0.9842600073240487,0.04509744971060531
GO,7251,Bennett,4,2,1,Inactive,transit,BD-17 588 A,BD-17-588A,b,03:01:50.9819,-16:35:40.32,NIRCAM,GRISMR TS,"DHS0,GRISMR","F150W2,F444W",SUB41S1_2-SPECTRA,DHS3,8,2757,5.74,,,2026-09-01 - 2026-09-01,12, : f150w2+f444w 1,"['OrientRange', 'PeriodZeroPhase', 'TimeSeriesObservation']","{'ZeroPhase': '2458412.70851', 'Period': '5.3587657 Days', 'PhaseStart': '0.9803662334724093', 'PhaseEnd': '0.9881416558363068'}",[],5.3587657,0.984253944654358,0.04463092436877146
GO,7251,Bennett,4,3,1,Inactive,transit,BD-17 588 A,BD-17-588A,b,03:01:50.9819,-16:35:40.32,NIRCAM,GRISMR TS,"DHS0,GRISMR","F150W2,F322W2",SUB41S1_2-SPECTRA,DHS3,7,3168,5.8,,,2026-09-06 - 2026-09-06,12, : f150w2+f322w2 2,"['OrientRange', 'PeriodZeroPhase', 'TimeSeriesObservation']","{'ZeroPhase': '2458412.70851', 'Period': '5.3587657 Days', 'PhaseStart': '0.9803722961421', 'PhaseEnd': '0.9881477185059975'}",[],5.3587657,0.9842600073240487,0.04509744971060531
GO,7251,Bennett,4,4,1,Inactive,transit,BD-17 588 A,BD-17-588A,b,03:01:50.9819,-16:35:40.32,NIRCAM,GRISMR TS,"DHS0,GRISMR","F150W2,F444W",SUB41S1_2-SPECTRA,DHS3,8,2757,5.74,,,2026-09-12 - 2026-09-12,12, : f150w2+f444w 2,"['OrientRange', 'PeriodZeroPhase', 'TimeSeriesObservation']","{'ZeroPhase': '2458412.70851', 'Period': '5.3587657 Days', 'PhaseStart': '0.9803662334724093', 'PhaseEnd': '0.9881416558363068'}",[],5.3587657,0.984253944654358,0.04463092436877146
GO,7251,Bennett,4,5,1,Inactive,transit,BD-17 588 A,BD-17-588A,b,03:01:50.9819,-16:35:40.32,NIRCAM,GRISMR TS,"DHS0,GRISMR","F150W2,F322W2",SUB41S1_2-SPECTRA,DHS3,7,3168,5.8,,,2026-09-17 - 2026-09-17,12, : f150w2+f322w2 3,"['OrientRange', 'PeriodZeroPhase', 'TimeSeriesObservation']","{'ZeroPhase': '2458412.70851', 'Period': '5.3587657 Days', 'PhaseStart': '0.9803722961421', 'PhaseEnd': '0.9881477185059975'}",[],5.3587657,0.9842600073240487,0.04509744971060531
GO,7251,Bennett,4,6,1,Inactive,transit,BD-17 588 A,BD-17-588A,b,03:01:50.9819,-16:35:40.32,NIRCAM,GRISMR TS,"DHS0,GRISMR","F150W2,F444W",SUB41S1_2-SPECTRA,DHS3,8,2757,5.74,,,2026-09-22 - 2026-09-22,12, : f150w2+f444w 3,"['OrientRange', 'PeriodZeroPhase', 'TimeSeriesObservation']","{'ZeroPhase': '2458412.70851', 'Period': '5.3587657 Days', 'PhaseStart': '0.9803662334724093', 'PhaseEnd': '0.9881416558363068'}",[],5.3587657,0.984253944654358,0.04463092436877146
GO,7251,Bennett,4,7,1,Inactive,transit,BD-17 588 A,BD-17-588A,b,03:01:50.9819,-16:35:40.32,NIRCAM,GRISMR TS,"DHS0,GRISMR","F150W2,F322W2",SUB41S1_2-SPECTRA,DHS3,7,3168,5.8,,,2026-12-17 - 2026-12-17,12, : f150w2+f322w2 4,"['OrientRange', 'PeriodZeroPhase', 'TimeSeriesObservation']","{'ZeroPhase': '2458412.70851', 'Period': '5.3587657 Days', 'PhaseStart': '0.9803722961421', 'PhaseEnd': '0.9881477185059975'}",[],5.3587657,0.9842600073240487,0.04509744971060531
GO,7251,Bennett,4,8,1,Inactive,transit,BD-17 588 A,BD-17-588A,b,03:01:50.9819,-16:35:40.32,NIRCAM,GRISMR TS,"DHS0,GRISMR","F150W2,F444W",SUB41S1_2-SPECTRA,DHS3,8,2757,5.74,,,2026-12-12 - 2026-12-12,12, : f150w2+f444w 4,"['OrientRange', 'PeriodZeroPhase', 'TimeSeriesObservation']","{'ZeroPhase': '2458412.70851', 'Period': '5.3587657 Days', 'PhaseStart': '0.9803662334724093', 'PhaseEnd': '0.9881416558363068'}",[],5.3587657,0.984253944654358,0.04463092436877146
GO,7255,Stevenson,4,1,1,Flight Ready,phase curve,KELT-9,KELT-9,b,20:31:26.3534,+39:56:19.77,NIRISS,SOSS,None,CLEAR,SUBSTRIP96,NISRAPID,3,9130,27.25,,,2026-11-05 - 2026-11-05,12,KELT-9b : phase curve pt1,"['OrientRange', 'PeriodZeroPhase', 'TimeSeriesObservation']","{'ZeroPhase': '2458955.970923', 'Period': '2.96223748 Days', 'PhaseStart': '0.182483', 'PhaseEnd': '0.196550'}",[],2.96223748,0.1895165,0.38329697545608893
GO,7255,Stevenson,4,2,1,Flight Ready,phase curve,KELT-9,KELT-9,b,20:31:26.3534,+39:56:19.77,NIRISS,SOSS,None,CLEAR,SUBSTRIP96,NISRAPID,3,8582,24.91,,,2026-11-06 - 2026-11-06,12,KELT-9b : phase curve pt2,['TimeSeriesObservation'],,[],,,
GO,7407,Nixon,4,1,1,Implementation,transit,HD 86226,HD-86226,c,09:56:29.8442,-24:05:57.80,NIRCAM,GRISMR TS,"DHS0,GRISMR","F150W2,F444W",SUB164S4_8-SPECTRA,DHS4,3,3319,10.48,,,not yet assigned,12,,"['After', 'OrientRange', 'PeriodZeroPhase', 'TimeSeriesObservation']","{'ZeroPhase': '2460738.7991707963', 'Period': '3.98442 Days', 'PhaseStart': '0.949072470606345', 'PhaseEnd': '0.9595298688391284'}",[],3.9844200000000005,0.9543011697227367,0.10959353347956959
GO,7407,Nixon,4,2,1,Implementation,transit,HD 86226,HD-86226,c,09:56:29.8442,-24:05:57.80,NIRCAM,GRISMR TS,"DHS0,GRISMR","F150W2,F322W2",SUB164S4_8-SPECTRA,DHS4,2,5523,10.54,,,not yet assigned,12,,"['After', 'OrientRange', 'PeriodZeroPhase', 'TimeSeriesObservation']","{'ZeroPhase': '2460738.7991707963', 'Period': '3.98442 Days', 'PhaseStart': '0.949072470606345', 'PhaseEnd': '0.9595298688391284'}",[],3.9844200000000005,0.9543011697227367,0.11022097737353657
GO,7407,Nixon,4,3,1,Implementation,transit,HD 86226,HD-86226-copy,c,09:56:29.8442,-24:05:57.80,MIRI,LRS,None,None,SLITLESSPRISM,FASTR1,6,25838,10.37,,,2027-05-01 - 2027-05-02,12,,"['After', 'PeriodZeroPhase', 'TimeSeriesObservation']","{'ZeroPhase': '2460738.7991707963', 'Period': '3.98442 Days', 'PhaseStart': '0.949072470606345', 'PhaseEnd': '0.9595298688391284'}",[],3.9844200000000005,0.9543011697227367,0.1084432196739634
GO,7675,August,4,1,1,Implementation,eclipse,LHS 1478,LHS-1478,b,02:57:21.4288,+76:33:4.86,MIRI,LRS,None,None,SLITLESSPRISM,FASTR1,32,2647,5.6,,,2026-12-09 - 2026-12-09,12,LHS-1478_MIRI_LRS : lhs-1478_lrs_1,"['OrientRange', 'PeriodZeroPhase', 'TimeSeriesObservation']","{'ZeroPhase': '2458786.753429028', 'Period': '1.9495378 Days', 'PhaseStart': '0.4390346949586375', 'PhaseEnd': '0.4604072821773448'}",[],1.9495378000000003,0.44972098856799114,0.11968648842476062
GO,7675,August,4,2,1,Archived,eclipse,LHS 1478,LHS-1478,b,02:57:21.4288,+76:33:4.86,MIRI,LRS,None,None,SLITLESSPRISM,FASTR1,32,2647,5.59,2025-12-23 21:52:29,2025-12-24 03:21:58,,12,LHS-1478_MIRI_LRS : lhs-1478_lrs_2,"['OrientRange', 'PeriodZeroPhase', 'TimeSeriesObservation']","{'ZeroPhase': '2458786.753429028', 'Period': '1.9495378 Days', 'PhaseStart': '0.4390346949586375', 'PhaseEnd': '0.4604072821773448'}",[],1.9495378000000003,0.44972098856799114,0.11947276255257355
GO,7675,August,4,3,1,Implementation,eclipse,LHS 1478,LHS-1478,b,02:57:21.4288,+76:33:4.86,MIRI,LRS,None,None,SLITLESSPRISM,FASTR1,32,2647,5.6,,,2026-11-14 - 2026-11-14,12,LHS-1478_MIRI_LRS : lhs-1478_lrs_3,"['OrientRange', 'PeriodZeroPhase', 'TimeSeriesObservation']","{'ZeroPhase': '2458786.753429028', 'Period': '1.9495378 Days', 'PhaseStart': '0.4390346949586375', 'PhaseEnd': '0.4604072821773448'}",[],1.9495378000000003,0.44972098856799114,0.11968648842476062
GO,7675,August,4,4,1,Implementation,eclipse,LHS 1478,LHS-1478,b,02:57:21.4288,+76:33:4.86,MIRI,LRS,None,None,SLITLESSPRISM,FASTR1,32,2647,5.6,,,2026-12-06 - 2026-12-06,12,LHS-1478_MIRI_LRS : lhs-1478_lrs_4,"['OrientRange', 'PeriodZeroPhase', 'TimeSeriesObservation']","{'ZeroPhase': '2458786.753429028', 'Period': '1.9495378 Days', 'PhaseStart': '0.4390346949586375', 'PhaseEnd': '0.4604072821773448'}",[],1.9495378000000003,0.44972098856799114,0.11968648842476062
GO,7675,August,4,5,1,Archived,eclipse,LHS 1478,LHS-1478,b,02:57:21.4288,+76:33:4.86,MIRI,LRS,None,None,SLITLESSPRISM,FASTR1,32,2647,5.59,2025-12-25 20:56:35,2025-12-26 02:09:24,,12,LHS-1478_MIRI_LRS : lhs-1478_lrs_5,"['OrientRange', 'PeriodZeroPhase', 'TimeSeriesObservation']","{'ZeroPhase': '2458786.753429028', 'Period': '1.9495378 Days', 'PhaseStart': '0.4390346949586375', 'PhaseEnd': '0.4604072821773448'}",[],1.9495378000000003,0.44972098856799114,0.11947276255257355
GO,7675,August,4,6,1,Archived,eclipse,LHS 1478,LHS-1478,b,02:57:21.4288,+76:33:4.86,MIRI,Imaging TS,None,F1500W,SUB256,FASTR1,39,1160,5.34,2026-01-31 21:52:33,2026-02-01 03:05:56,,12,LHS-1478_MIRI_F1500W : lhs-1478_f1500w_1,"['PeriodZeroPhase', 'TimeSeriesObservation']","{'ZeroPhase': '2458786.753429028', 'Period': '1.9495378 Days', 'PhaseStart': '0.4390346949586375', 'PhaseEnd': '0.4604072821773448'}",[],1.9495378000000003,0.44972098856799114,0.11412961574789675
GO,7675,August,4,7,1,Implementation,eclipse,LHS 1478,LHS-1478,b,02:57:21.4288,+76:33:4.86,MIRI,Imaging TS,None,F1500W,SUB256,FASTR1,39,1160,5.35,,,2026-12-11 - 2026-12-11,12,LHS-1478_MIRI_F1500W : lhs-1478_f1500w_2,"['PeriodZeroPhase', 'TimeSeriesObservation']","{'ZeroPhase': '2458786.753429028', 'Period': '1.9495378 Days', 'PhaseStart': '0.4390346949586375', 'PhaseEnd': '0.4604072821773448'}",[],1.9495378000000003,0.44972098856799114,0.11434334162008382
GO,7683,Kanodia,4,1,1,Implementation,eclipse,TOI-5205,TOI-5205,b,20:55:4.9164,+24:21:38.71,MIRI,LRS,None,None,SLITLESSPRISM,FASTR1,252,780,11.23,,,2026-11-18 - 2026-11-19,12,TOI-5205b Eclipse : eclipse1,"['OrientRange', 'PeriodZeroPhase', 'TimeSeriesObservation']","{'ZeroPhase': '2459443.471790', 'Period': '1.630757000 Days', 'PhaseStart': '0.36713', 'PhaseEnd': '0.39268'}",[],1.6307569999999998,0.379905,0.2869321834379167
GO,7683,Kanodia,4,2,1,Implementation,eclipse,TOI-5205,TOI-5205,b,20:55:4.9164,+24:21:38.71,MIRI,LRS,None,None,SLITLESSPRISM,FASTR1,252,780,11.23,,,2026-10-18 - 2026-10-19,12,TOI-5205b Eclipse : eclipse2,"['OrientRange', 'PeriodZeroPhase', 'TimeSeriesObservation']","{'ZeroPhase': '2459443.471790', 'Period': '1.630757000 Days', 'PhaseStart': '0.36713', 'PhaseEnd': '0.39268'}",[],1.6307569999999998,0.379905,0.2869321834379167
GO,7686,Mullens,4,1,1,Implementation,phase curve,TYC 7052-1753-1,TYC-7052-1753-1,.01,04:52:29.8573,-36:15:25.75,NIRSPEC,BOTS,G395H,F290LP,SUB2048,NRSRAPID,70,1483,31.63,,,2026-11-12 - 2026-11-12,12,Partial Phase Curve,"['PeriodZeroPhase', 'TimeSeriesObservation']","{'ZeroPhase': '2459180.6943', 'Period': '60.3326 Days', 'PhaseStart': '0.07127307230699446', 'PhaseEnd': '0.0719636884360303'}",[],60.3326,0.07161838037151239,0.02184418816140307
GO,7849,Moran,4,1,1,Archived,transit,HATS-72,HATS-72b,b,22:36:6.3190,-16:59:59.79,MIRI,LRS,None,None,SLITLESSPRISM,FASTR1,116,1488,10.04,2026-06-02 22:08:10,2026-06-03 07:26:15,,12,HATS-72b : hats-72b transit,"['PeriodZeroPhase', 'TimeSeriesObservation']","{'ZeroPhase': '2458124.28757', 'Period': '7.3279474 Days', 'PhaseStart': '0.971074031', 'PhaseEnd': '0.9767600253'}",[],7.327947399999999,0.97391702815,0.057087382113759896
GO,7849,Moran,4,2,1,Scheduled,transit,Kepler-12,Kepler-12,b,19:04:58.4221,+50:02:25.27,MIRI,LRS,None,None,SLITLESSPRISM,FASTR1,596,200,13.36,2026-06-16 11:59:48,2026-06-16 21:25:34,,12,Kepler-12b : kepler-12b transit 1,"['PeriodZeroPhase', 'TimeSeriesObservation']","{'ZeroPhase': '2455004.00915', 'Period': '4.4379629 Days', 'PhaseStart': '0.9369117407', 'PhaseEnd': '0.9463004327'}",[],4.4379629,0.9416060867,0.12543292479228854
GO,7849,Moran,4,4,1,Scheduled,transit,Kepler-12,Kepler-12,b,19:04:58.4221,+50:02:25.27,MIRI,LRS,None,None,SLITLESSPRISM,FASTR1,596,200,13.36,2026-06-12 01:29:15,2026-06-12 10:55:01,,12,Kepler-12b : kepler-12b transit 2,"['PeriodZeroPhase', 'TimeSeriesObservation']","{'ZeroPhase': '2455004.00915', 'Period': '4.4379629 Days', 'PhaseStart': '0.9369117407', 'PhaseEnd': '0.9463004327'}",[],4.4379629,0.9416060867,0.12543292479228854
GO,7849,Moran,4,6,1,Archived,transit,HAT-P-32,HAT-P-32,b,02:04:10.2774,+46:41:16.21,MIRI,LRS,None,None,SLITLESSPRISM,FASTR1,109,1490,9.51,2026-02-02 22:43:38,2026-02-03 07:34:54,,12,HAT-P-32b : hat-p-32b,"['OrientRange', 'PeriodZeroPhase', 'TimeSeriesObservation']","{'ZeroPhase': '2456265.154123', 'Period': '2.1500082 Days', 'PhaseStart': '0.9009928195', 'PhaseEnd': '0.9203725905'}",[],2.1500082,0.9106827049999999,0.18430162266357872
GO,7875,Zhang,4,1,1,Archived,eclipse,55 Cnc,-rho01-Cnc,e,08:52:35.8111,+28:19:50.95,MIRI,MRS,MEDIUM(B),None,FULL,FASTR1,50,123,6.61,2026-04-25 03:10:01,2026-04-25 09:17:11,,12, : eclipse 1,"['PeriodZeroPhase', 'TimeSeriesObservation']","{'ZeroPhase': '2459370.807543', 'Period': '0.73654625 Days', 'PhaseStart': '0.301', 'PhaseEnd': '0.359'}",[],0.73654625,0.32999999999999996,0.37392990143750876
GO,7875,Zhang,4,2,1,Flight Ready,eclipse,55 Cnc,-rho01-Cnc,e,08:52:35.8111,+28:19:50.95,MIRI,MRS,MEDIUM(B),None,FULL,FASTR1,50,123,6.62,,,2026-10-26 - 2026-10-26,12, : eclipse 2,"['PeriodZeroPhase', 'TimeSeriesObservation']","{'ZeroPhase': '2459370.807543', 'Period': '0.73654625 Days', 'PhaseStart': '0.301', 'PhaseEnd': '0.359'}",[],0.73654625,0.32999999999999996,0.37449560476797394
GO,7875,Zhang,4,3,1,Flight Ready,eclipse,55 Cnc,-rho01-Cnc,e,08:52:35.8111,+28:19:50.95,MIRI,MRS,MEDIUM(B),None,FULL,FASTR1,50,123,6.62,,,2026-11-04 - 2026-11-04,12, : eclipse 3,"['PeriodZeroPhase', 'TimeSeriesObservation']","{'ZeroPhase': '2459370.807543', 'Period': '0.73654625 Days', 'PhaseStart': '0.301', 'PhaseEnd': '0.359'}",[],0.73654625,0.32999999999999996,0.37449560476797394
GO,7953,Paragas,4,1,1,Archived,eclipse,LHS 3844,LHS_3844,b,22:41:59.1203,-69:10:19.95,MIRI,LRS,None,None,SLITLESSPRISM,FASTR1,30,2225,4.59,2025-10-15 23:42:55,2025-10-16 04:20:11,,12,LHS 3844 b MIRI : miri,"['PeriodZeroPhase', 'TimeSeriesObservation']","{'ZeroPhase': '2458325.72554', 'Period': '0.462929655 Days', 'PhaseStart': '0.27286865899', 'PhaseEnd': '0.36287513452'}",[],0.46292965500000005,0.317871896755,0.4131297227005256
GO,7953,Paragas,4,2,1,Archived,eclipse,LHS 3844,LHS_3844,b,22:41:59.1203,-69:10:19.95,MIRI,LRS,None,None,SLITLESSPRISM,FASTR1,30,2225,4.59,2025-09-29 19:43:48,2025-09-29 23:41:31,,12,LHS 3844 b MIRI : miri,"['PeriodZeroPhase', 'TimeSeriesObservation']","{'ZeroPhase': '2458325.72554', 'Period': '0.462929655 Days', 'PhaseStart': '0.27286865899', 'PhaseEnd': '0.36287513452'}",[],0.46292965500000005,0.317871896755,0.4131297227005256
GO,7953,Paragas,4,3,1,Archived,eclipse,LHS 3844,LHS_3844,b,22:41:59.1203,-69:10:19.95,MIRI,LRS,None,None,SLITLESSPRISM,FASTR1,30,2225,4.59,2025-08-16 08:12:10,2025-08-16 12:49:23,,12,LHS 3844 b MIRI : miri,"['PeriodZeroPhase', 'TimeSeriesObservation']","{'ZeroPhase': '2458325.72554', 'Period': '0.462929655 Days', 'PhaseStart': '0.27286865899', 'PhaseEnd': '0.36287513452'}",[],0.46292965500000005,0.317871896755,0.4131297227005256
GO,7953,Paragas,4,4,1,Archived,eclipse,LHS 3844,LHS_3844,b,22:41:59.1203,-69:10:19.95,MIRI,LRS,None,None,SLITLESSPRISM,FASTR1,30,2225,4.59,2025-09-30 06:29:41,2025-09-30 10:33:48,,12,LHS 3844 b MIRI : miri,"['PeriodZeroPhase', 'TimeSeriesObservation']","{'ZeroPhase': '2458325.72554', 'Period': '0.462929655 Days', 'PhaseStart': '0.27286865899', 'PhaseEnd': '0.36287513452'}",[],0.46292965500000005,0.317871896755,0.4131297227005256
GO,7953,Paragas,4,5,1,Archived,eclipse,LHS 3844,LHS_3844,b,22:41:59.1203,-69:10:19.95,MIRI,LRS,None,None,SLITLESSPRISM,FASTR1,30,2225,4.59,2025-10-01 16:01:40,2025-10-01 19:53:43,,12,LHS 3844 b MIRI : miri,"['PeriodZeroPhase', 'TimeSeriesObservation']","{'ZeroPhase': '2458325.72554', 'Period': '0.462929655 Days', 'PhaseStart': '0.27286865899', 'PhaseEnd': '0.36287513452'}",[],0.46292965500000005,0.317871896755,0.4131297227005256
GO,7953,Paragas,4,6,1,Archived,eclipse,LHS 3844,LHS_3844,b,22:41:59.1203,-69:10:19.95,MIRI,LRS,None,None,SLITLESSPRISM,FASTR1,30,2225,4.59,2025-07-10 07:22:35,2025-07-10 11:59:55,,12,LHS 3844 b MIRI : miri,"['PeriodZeroPhase', 'TimeSeriesObservation']","{'ZeroPhase': '2458325.72554', 'Period': '0.462929655 Days', 'PhaseStart': '0.27286865899', 'PhaseEnd': '0.36287513452'}",[],0.46292965500000005,0.317871896755,0.4131297227005256
GO,7953,Paragas,4,7,1,Archived,eclipse,LHS 3844,LHS_3844,b,22:41:59.1203,-69:10:19.95,MIRI,LRS,None,None,SLITLESSPRISM,FASTR1,30,2225,4.59,2025-10-02 02:41:24,2025-10-02 07:00:31,,12,LHS 3844 b MIRI : miri,"['PeriodZeroPhase', 'TimeSeriesObservation']","{'ZeroPhase': '2458325.72554', 'Period': '0.462929655 Days', 'PhaseStart': '0.27286865899', 'PhaseEnd': '0.36287513452'}",[],0.46292965500000005,0.317871896755,0.4131297227005256
GO,7953,Paragas,4,8,1,Archived,eclipse,LHS 3844,LHS_3844,b,22:41:59.1203,-69:10:19.95,MIRI,LRS,None,None,SLITLESSPRISM,FASTR1,30,2225,4.59,2025-10-03 00:58:42,2025-10-03 05:13:55,,12,LHS 3844 b MIRI : miri,"['PeriodZeroPhase', 'TimeSeriesObservation']","{'ZeroPhase': '2458325.72554', 'Period': '0.462929655 Days', 'PhaseStart': '0.27286865899', 'PhaseEnd': '0.36287513452'}",[],0.46292965500000005,0.317871896755,0.4131297227005256
GO,7953,Paragas,4,9,1,Archived,eclipse,LHS 3844,LHS_3844,b,22:41:59.1203,-69:10:19.95,NIRSPEC,BOTS,G395H,F290LP,SUB2048,NRSRAPID,15,765,4.63,2025-10-04 10:12:00,2025-10-04 14:39:19,,12,LHS 3844 b MIRI : nirspec,"['PeriodZeroPhase', 'TimeSeriesObservation']","{'ZeroPhase': '2458325.72554', 'Period': '0.462929655 Days', 'PhaseStart': '0.27231061884', 'PhaseEnd': '0.36231709437'}",[],0.46292965500000005,0.317313856605,0.41672998172188097
GO,7982,Claringbold,4,1,1,Flight Ready,transit,NGTS-11,NGTS-11,b,01:34:5.1361,-14:25:9.15,NIRISS,SOSS,None,CLEAR,SUBSTRIP256,NISRAPID,15,296,9.78,,,2026-07-05 - 2026-07-05,12,NGTS-11b : ngts-11b soss,"['OrientRange', 'PeriodZeroPhase', 'TimeSeriesObservation']","{'ZeroPhase': '2458390.70545', 'Period': '35.455984 Days', 'PhaseStart': '0.9951935710861483', 'PhaseEnd': '0.996368737079755'}",[],35.455984,0.9957811540829516,0.011493123417474467
GO,7982,Claringbold,4,4,1,Flight Ready,transit,NGTS-11,NGTS-11,b,01:34:5.1361,-14:25:9.15,NIRSPEC,BOTS,G395M,F290LP,SUB2048,NRSRAPID,37,754,9.33,,,2026-11-24 - 2026-11-24,12,NGTS-11b : ngts-11b g395m,"['PeriodZeroPhase', 'TimeSeriesObservation']","{'ZeroPhase': '2458390.70545', 'Period': '35.455984 Days', 'PhaseStart': '0.9951935710861483', 'PhaseEnd': '0.996368737079755'}",[],35.455984,0.9957811540829516,0.010964298720351408
GO,7982,Claringbold,4,2,1,Flight Ready,transit,TOI-216,TOI-216,c,04:55:55.2549,-63:15:36.31,NIRISS,SOSS,None,CLEAR,SUBSTRIP256,NISRAPID,14,482,14.18,,,2026-12-27 - 2026-12-27,12,TOI-216c : toi-216c soss,"['Between', 'OrientRange', 'TimeSeriesObservation']",,"[{'After': '27-DEC-2026:07:44:19', 'Before': '27-DEC-2026:08:44:19'}]",,,
GO,7982,Claringbold,4,5,1,Flight Ready,transit,TOI-216,TOI-216,c,04:55:55.2549,-63:15:36.31,NIRSPEC,BOTS,G395M,F290LP,SUB2048,NRSRAPID,34,1257,13.8,,,2026-08-11 - 2026-08-11,12,TOI-216c : toi-216c g395m,"['Between', 'TimeSeriesObservation']",,"[{'After': '11-AUG-2026:02:18:52', 'Before': '11-AUG-2026:03:18:52'}]",,,
GO,7982,Claringbold,4,3,1,Flight Ready,transit,TOI-1670,TOI-1670,c,17:16:4.1608,+72:09:40.17,NIRSPEC,BOTS,G235M,F170LP,SUB2048,NRSRAPID,4,8583,13.55,,,2027-03-16 - 2027-03-16,12,TOI-1670c : toi-1670c g235m,"['PeriodZeroPhase', 'TimeSeriesObservation']","{'ZeroPhase': '2459402.88333', 'Period': '40.750145 Days', 'PhaseStart': '0.9939754815596362', 'PhaseEnd': '0.9949979728088493'}",[],40.750145,0.9944867271842428,0.013854756426838071
GO,7982,Claringbold,4,6,1,Flight Ready,transit,TOI-1670,TOI-1670,c,17:16:4.1608,+72:09:40.17,NIRSPEC,BOTS,G395M,F290LP,SUB2048,NRSRAPID,8,4778,13.55,,,2026-10-04 - 2026-10-04,12,TOI-1670c : toi-1670c g395m,"['PeriodZeroPhase', 'TimeSeriesObservation']","{'ZeroPhase': '2459402.88333', 'Period': '40.750145 Days', 'PhaseStart': '0.9939754815596362', 'PhaseEnd': '0.9949979728088493'}",[],40.750145,0.9944867271842428,0.013854756426838071
GO,8004,Batalha,4,1,1,Flight Ready,transit,TOI-431,TOI-431d,d,05:33:4.6005,-26:43:28.27,NIRSPEC,BOTS,G395H,F290LP,SUB2048,NRSRAPID,3,8124,10.59,,,2026-10-05 - 2026-10-05,12, : toi-431 d,"['PeriodZeroPhase', 'TimeSeriesObservation']","{'ZeroPhase': '2458764.61739', 'Period': '12.46103 Days', 'PhaseStart': '0.9830462282545397', 'PhaseEnd': '0.9863899860872924'}",[],12.46103,0.9847181071709161,0.03541039544885134
GO,8004,Batalha,4,2,1,Archived,transit,TOI-431,TOI-431d,d,05:33:4.6005,-26:43:28.27,NIRSPEC,BOTS,G395H,F290LP,SUB2048,NRSRAPID,3,8124,10.57,2026-01-29 03:13:33,2026-01-29 13:01:05,,12, : toi-431 d,"['PeriodZeroPhase', 'TimeSeriesObservation']","{'ZeroPhase': '2458764.61739', 'Period': '12.46103 Days', 'PhaseStart': '0.9830462282545397', 'PhaseEnd': '0.9863899860872924'}",[],12.46103,0.9847181071709161,0.03534352029219629
GO,8004,Batalha,4,3,1,Archived,transit,HD 12572,HD-12572b,b,02:03:37.0253,+21:16:51.11,NIRSPEC,BOTS,G395H,F290LP,SUB2048,NRSRAPID,6,6494,14.13,2025-09-08 23:12:49,2025-09-09 11:54:02,,12, : hd 12572 b,"['PeriodZeroPhase', 'TimeSeriesObservation']","{'ZeroPhase': '2458767.42089', 'Period': '20.772858 Days', 'PhaseStart': '0.986571264407061', 'PhaseEnd': '0.9885770869408051'}",[],20.772858,0.9875741756739331,0.028342272401804317
GO,8004,Batalha,4,4,1,Archived,transit,HD 12572,HD-12572b,b,02:03:37.0253,+21:16:51.11,NIRSPEC,BOTS,G395H,F290LP,SUB2048,NRSRAPID,6,6494,14.13,2026-01-11 14:22:27,2026-01-12 03:13:44,,12, : hd 12572 b,"['PeriodZeroPhase', 'TimeSeriesObservation']","{'ZeroPhase': '2458767.42089', 'Period': '20.772858 Days', 'PhaseStart': '0.986571264407061', 'PhaseEnd': '0.9885770869408051'}",[],20.772858,0.9875741756739331,0.028342272401804317
GO,8017,Welbanks,4,1,1,Archived,transit,WASP-39,WASP-39b,b,14:29:18.4152,-03:26:40.20,NIRSPEC,BOTS,G140H,F100LP,SUB2048,NRSRAPID,21,1288,9.23,2025-08-02 20:31:47,2025-08-03 05:09:21,,0, : nirspec g140h,"['PeriodZeroPhase', 'TimeSeriesObservation']","{'ZeroPhase': '2459783.5015000', 'Period': '4.0552842 Days', 'PhaseStart': '0.955786', 'PhaseEnd': '0.966061'}",[],4.0552842,0.9609235,0.09483511250169183
GO,8017,Welbanks,4,2,1,Scheduled,transit,WASP-39,WASP-39b,b,14:29:18.4152,-03:26:40.20,NIRSPEC,BOTS,G235H,F170LP,SUB2048,NRSRAPID,38,727,9.24,2026-06-15 05:21:09,2026-06-15 11:17:37,,0, : nirspec g235h,"['PeriodZeroPhase', 'TimeSeriesObservation']","{'ZeroPhase': '2459783.5015000', 'Period': '4.0552842 Days', 'PhaseStart': '0.955786', 'PhaseEnd': '0.966061'}",[],4.0552842,0.9609235,0.09493785910245205
GO,8233,Miguel,4,1,1,Archived,transit,HAT-P-13,HAT-P-13,b,08:39:31.7694,+47:21:6.85,NIRISS,SOSS,None,CLEAR,SUBSTRIP256,NISRAPID,3,1228,9.81,2026-03-14 06:21:58,2026-03-14 15:30:40,,12, : niriss transit,"['OrientRange', 'PeriodZeroPhase', 'TimeSeriesObservation']","{'ZeroPhase': '2455631.47279', 'Period': '2.91624268 Days', 'PhaseStart': '0.9392768871', 'PhaseEnd': '0.9535646784'}",[],2.91624268,0.94642078275,0.1401632322314136
GO,8233,Miguel,4,2,1,Archived,transit,HAT-P-13,HAT-P-13,b,08:39:31.7694,+47:21:6.85,NIRSPEC,BOTS,G395M,F290LP,SUB2048,NRSRAPID,8,3318,9.57,2026-03-28 20:31:46,2026-03-29 05:27:08,,12, : nirspec transit,"['PeriodZeroPhase', 'TimeSeriesObservation']","{'ZeroPhase': '2455631.47279', 'Period': '2.91624268 Days', 'PhaseStart': '0.9392768871', 'PhaseEnd': '0.9535646784'}",[],2.91624268,0.94642078275,0.13673416232972765
GO,8309,Mullens,4,1,1,Implementation,transit,WASP-17,WASP-17,b,15:59:50.9492,-28:03:42.31,MIRI,LRS,None,None,SLITLESSPRISM,FASTR1,168,448,12.77,,,2026-07-27 - 2026-07-27,12,MIRI LRS Transits : wasp-17b transit 1,"['OrientRange', 'PeriodZeroPhase', 'TimeSeriesObservation']","{'ZeroPhase': '2457569.988220', 'Period': '3.73548546 Days', 'PhaseStart': '0.9338272086', 'PhaseEnd': '0.9449814929'}",[],3.73548546,0.9394043507500001,0.14244020998902063
GO,8309,Mullens,4,3,1,Implementation,transit,WASP-17,WASP-17,b,15:59:50.9492,-28:03:42.31,MIRI,LRS,None,None,SLITLESSPRISM,FASTR1,168,448,12.77,,,2026-07-31 - 2026-07-31,12,MIRI LRS Transits : wasp-17b transit 2,"['OrientRange', 'PeriodZeroPhase', 'TimeSeriesObservation']","{'ZeroPhase': '2457569.988220', 'Period': '3.73548546 Days', 'PhaseStart': '0.9338272086', 'PhaseEnd': '0.9449814929'}",[],3.73548546,0.9394043507500001,0.14244020998902063
GO,8309,Mullens,4,5,1,Implementation,eclipse,WASP-17,WASP-17,b,15:59:50.9492,-28:03:42.31,MIRI,LRS,None,None,SLITLESSPRISM,FASTR1,168,448,12.77,,,2026-08-06 - 2026-08-06,12,MIRI LRS Eclipse : wasp-17b eclipse 1,"['OrientRange', 'PeriodZeroPhase', 'TimeSeriesObservation']","{'ZeroPhase': '2457569.988220', 'Period': '3.73548546 Days', 'PhaseStart': '0.4338272086', 'PhaseEnd': '0.4449814929'}",[],3.73548546,0.43940435075,0.14244020998902063
GO,8597,Feinstein,4,1,1,Implementation,transit,IRAS 04125+2902,IRAS-04125+2902,b,04:15:42.8019,+29:09:59.54,NIRISS,SOSS,None,CLEAR,SUBSTRIP256,NISRAPID,16,636,21.55,,,2027-10-05 - 2027-10-05,12, : planet_niriss,"['OrientRange', 'PeriodZeroPhase', 'TimeSeriesObservation']","{'ZeroPhase': '2458821.8251', 'Period': '8.834978 Days', 'PhaseStart': '0.9589699', 'PhaseEnd': '0.9613279'}",[],8.834978,0.9601489000000001,0.10163202066452987
GO,8597,Feinstein,4,2,1,Implementation,transit,IRAS 04125+2902,IRAS-04125+2902,b,04:15:42.8019,+29:09:59.54,NIRSPEC,BOTS,G395M,F290LP,SUB2048,NRSRAPID,27,2350,21.15,,,2027-10-14 - 2027-10-14,12, : planet_nirspec,"['PeriodZeroPhase', 'TimeSeriesObservation']","{'ZeroPhase': '2458821.8251', 'Period': '8.834978 Days', 'PhaseStart': '0.9589699', 'PhaseEnd': '0.9613279'}",[],8.834978,0.9601489000000001,0.09974557944569869
GO,8696,Zhang,4,1,1,Archived,transit,TOI-6894,TOI-6894,b,11:33:52.7495,+12:27:3.58,NIRSPEC,BOTS,PRISM,CLEAR,SUB512,NRSRAPID,10,7177,6.79,2026-01-10 21:54:01,2026-01-11 04:25:36,,12,One and only transit : transit,"['PeriodZeroPhase', 'TimeSeriesObservation']","{'ZeroPhase': '2460313.411670', 'Period': '3.37077196 Days', 'PhaseStart': '-0.0402', 'PhaseEnd': '-0.0278'}",[],3.37077196,0.966,0.08393230690890958
GO,8739,Hon,4,1,1,Archived,phase curve,BD+05 4868,BD+05-4868,b,21:47:26.7438,+06:36:19.20,MIRI,LRS,None,None,SLITLESSPRISM,FASTR1,16,9770,43.66,2025-10-09 10:14:40,2025-10-11 00:35:54,,12, : phase curve,"['OrientRange', 'PeriodZeroPhase', 'TimeSeriesObservation']","{'ZeroPhase': '2460556.28921965', 'Period': '2.543738 Days', 'PhaseStart': '-0.0813801', 'PhaseEnd': '-0.065'}",[],1.271869,0.8536199,1.4303097777103355
GO,8864,Dang,4,1,1,Archived,phase curve,TOI-1807,TOI-1807b,b,13:25:7.9957,+38:55:20.94,MIRI,LRS,None,None,SLITLESSPRISM,FASTR1,10,13492,23.94,2026-05-19 21:35:43,2026-05-20 18:53:40,,12,MIRI Phase Curve : toi-1807b,"['PeriodZeroPhase', 'TimeSeriesObservation']","{'ZeroPhase': '2458899.3449', 'Period': '1.098748 Days', 'PhaseStart': '0.10808774272588947', 'PhaseEnd': '0.16497066765499058'}",[],0.549374,0.2730584103808801,1.8157029637369078
GO,8864,Dang,4,2,1,Scheduled,phase curve,TOI-2260,TOI-2260b,b,16:30:40.1197,+49:02:47.49,MIRI,LRS,None,None,SLITLESSPRISM,FASTR1,25,4928,27.41,2026-06-09 03:58:26,2026-06-10 01:30:40,,12,MIRI Phase Curve : toi-2260b,"['PeriodZeroPhase', 'TimeSeriesObservation']","{'ZeroPhase': '2458928.239', 'Period': '1.0574184 Days', 'PhaseStart': '0.03425164226375687', 'PhaseEnd': '0.0933578579301383'}",[],0.5287092,0.12760950019389516,2.1601351618873537
GO,8864,Dang,4,3,1,Archived,phase curve,TOI-431,TOI-431b,b,05:33:4.6005,-26:43:28.27,MIRI,LRS,None,None,SLITLESSPRISM,FASTR1,5,16992,22.0,2026-03-07 16:58:09,2026-03-08 12:36:20,,12,MIRI Phase Curve : toi-431b,"['PeriodZeroPhase', 'TimeSeriesObservation']","{'ZeroPhase': '2458627.538', 'Period': '0.980094 Days', 'PhaseStart': '0.09579769171575354', 'PhaseEnd': '0.15956708526371935'}",[],0.490047,0.2553647769794729,1.870568877406997
GO,8864,Dang,4,4,1,Flight Ready,phase curve,TOI-2431,TOI-2431b,b,02:31:3.2802,+08:22:55.18,MIRI,LRS,None,None,SLITLESSPRISM,FASTR1,10,11035,13.56,,,2026-08-05 - 2026-08-05,12,MIRI Phase Curve : toi-2431b,"['PeriodZeroPhase', 'TimeSeriesObservation']","{'ZeroPhase': '2459145.116151', 'Period': '0.6725853 Days', 'PhaseStart': '-0.02610364390491314', 'PhaseEnd': '0.06682137244617274'}",[],0.33629265,0.0407177285412596,1.6800842956276325
GO,8864,Dang,4,5,1,Flight Ready,phase curve,TOI-6255,TOI-6255b,b,22:06:0.6662,+39:18:2.90,MIRI,LRS,None,None,SLITLESSPRISM,FASTR1,13,8705,13.61,,,2026-09-11 - 2026-09-11,12,MIRI Phase Curve : toi-6255b,"['PeriodZeroPhase', 'TimeSeriesObservation']","{'ZeroPhase': '2458738.71248', 'Period': '0.71454732 Days', 'PhaseStart': '-0.0007734972217443421', 'PhaseEnd': '0.08669446781099834'}",[],0.35727366,0.08592097058925399,1.5872520054608374
GO,8877,Wallack,4,1,1,Archived,phase curve,BD+16 3058,BD+16-3058,b,16:52:44.7203,+16:34:47.84,NIRSPEC,BOTS,G395H,F290LP,SUB2048,NRSRAPID,26,3150,25.82,2025-08-14 22:09:34,2025-08-15 21:05:41,,12, : toi2109b_phasecurve,"['PeriodZeroPhase', 'TimeSeriesObservation']","{'ZeroPhase': '2459378.459370', 'Period': '1.34494828 Days', 'PhaseStart': '0.147734605', 'PhaseEnd': '0.178714731'}",[],0.67247414,0.326449336,1.599813687011568
GO,9025,Gao,4,1,1,Archived,transit,WASP-25,WASP-25,b,13:01:26.3760,-27:31:19.92,NIRSPEC,BOTS,G395H,F290LP,SUB2048,NRSRAPID,99,272,8.89,2026-05-28 19:39:26,2026-05-29 03:59:42,,12,WASP 25b : transit,"['PeriodZeroPhase', 'TimeSeriesObservation']","{'ZeroPhase': '2455888.66484', 'Period': '3.76483 Days', 'PhaseStart': '0.9568373605182704', 'PhaseEnd': '0.9679047039751242'}",[],3.76483,0.9623710322466973,0.09838868333142976
GO,9025,Gao,4,2,1,Flight Ready,transit,K2-232,K2-232,b,04:55:3.9626,+18:39:16.31,NIRSPEC,BOTS,G395H,F290LP,SUB2048,NRSRAPID,20,2091,13.87,,,2026-09-14 - 2026-09-15,12,K2-232b : transit,"['PeriodZeroPhase', 'TimeSeriesObservation']","{'ZeroPhase': '2458160.403851', 'Period': '11.168454 Days', 'PhaseStart': '0.9776155231511899', 'PhaseEnd': '0.9813462692926583'}",[],11.168454,0.9794808962219241,0.0517454489821659
GO,9025,Gao,4,3,1,Flight Ready,transit,WASP-84,WASP-84,b,08:44:25.7032,+01:51:36.11,NIRSPEC,BOTS,G395H,F290LP,SUB2048,NRSRAPID,30,876,8.99,,,2026-11-29 - 2026-11-30,12,WASP 84b : transit,"['PeriodZeroPhase', 'TimeSeriesObservation']","{'ZeroPhase': '2456448.052286', 'Period': '8.52349648 Days', 'PhaseStart': '0.9809350540143591', 'PhaseEnd': '0.985823501702985'}",[],8.52349648,0.9833792778586721,0.0439471447207465
GO,9025,Gao,4,4,1,Archived,transit,TOI-2031,TOI-2031,b,22:04:28.0921,+81:33:57.39,NIRSPEC,BOTS,G395H,F290LP,SUB2048,NRSRAPID,85,372,10.28,2025-09-18 23:04:25,2025-09-19 08:16:22,,12,TOI-2031b : transit,"['PeriodZeroPhase', 'TimeSeriesObservation']","{'ZeroPhase': '2459634.565', 'Period': '5.7154834 Days', 'PhaseStart': '0.9671943759', 'PhaseEnd': '0.9744845146'}",[],5.7154834,0.97083944525,0.07494262573369269
GO,9025,Gao,4,5,1,Archived,transit,TOI-677,TOI-677,b,09:36:28.6865,-50:27:47.80,NIRSPEC,BOTS,G395H,F290LP,SUB2048,NRSRAPID,20,1255,8.73,2026-03-20 22:24:35,2026-03-21 06:35:23,,12,TOI-677b : transit 1,"['PeriodZeroPhase', 'TimeSeriesObservation']","{'ZeroPhase': '2458918.28242', 'Period': '11.2366 Days', 'PhaseStart': '0.9859091421485741', 'PhaseEnd': '0.9896172626357914'}",[],11.2366,0.9877632023921827,0.032371891853407615
GO,9025,Gao,4,6,1,Archived,transit,TOI-677,TOI-677,b,09:36:28.6865,-50:27:47.80,NIRSPEC,BOTS,G395H,F290LP,SUB2048,NRSRAPID,20,1255,8.73,2026-05-16 02:50:09,2026-05-16 11:00:47,,12,TOI-677b : transit 2,"['PeriodZeroPhase', 'TimeSeriesObservation']","{'ZeroPhase': '2458918.28242', 'Period': '11.2366 Days', 'PhaseStart': '0.9859091421485741', 'PhaseEnd': '0.9896172626357914'}",[],11.2366,0.9877632023921827,0.032371891853407615
GO,9033,MacDonald,4,1,1,Archived,transit,WD 1856+534,WD1856+534,b,18:57:39.3437,+53:30:33.30,MIRI,LRS,None,None,SLITLESSPRISM,FASTR1,380,122,3.46,2025-09-05 00:49:17,2025-09-05 04:28:31,,12, : miri lrs (transit 1),"['PeriodZeroPhase', 'TimeSeriesObservation']","{'ZeroPhase': '2458779.375086', 'Period': '1.40793913 Days', 'PhaseStart': '0.9512881814265912', 'PhaseEnd': '0.9808822638544776'}",[],1.40793913,0.9660852226405344,0.10239552520048695
GO,9033,MacDonald,4,2,1,Archived,transit,WD 1856+534,WD1856+534,b,18:57:39.3437,+53:30:33.30,MIRI,LRS,None,None,SLITLESSPRISM,FASTR1,380,122,3.46,2025-09-13 11:47:03,2025-09-13 15:13:05,,12, : miri lrs (transit 2),"['PeriodZeroPhase', 'TimeSeriesObservation']","{'ZeroPhase': '2458779.375086', 'Period': '1.40793913 Days', 'PhaseStart': '0.9512881814265912', 'PhaseEnd': '0.9808822638544776'}",[],1.40793913,0.9660852226405344,0.10239552520048695
GO,9033,MacDonald,4,3,1,Archived,transit,WD 1856+534,WD1856+534,b,18:57:39.3437,+53:30:33.30,NIRSPEC,BOTS,PRISM,CLEAR,SUB512,NRSRAPID,105,310,3.38,2025-10-22 22:16:11,2025-10-23 01:22:15,,12, : nirspec prism transit 1,"['PeriodZeroPhase', 'TimeSeriesObservation']","{'ZeroPhase': '2458779.375086', 'Period': '1.40793913 Days', 'PhaseStart': '0.9512881814265912', 'PhaseEnd': '0.9808822638544776'}",[],1.40793913,0.9660852226405344,0.10002799860625604
GO,9033,MacDonald,4,4,1,Archived,transit,WD 1856+534,WD1856+534,b,18:57:39.3437,+53:30:33.30,NIRSPEC,BOTS,PRISM,CLEAR,SUB512,NRSRAPID,105,310,3.38,2025-09-26 03:54:57,2025-09-26 07:20:09,,12, : nirspec prism transit 2,"['PeriodZeroPhase', 'TimeSeriesObservation']","{'ZeroPhase': '2458779.375086', 'Period': '1.40793913 Days', 'PhaseStart': '0.9512881814265912', 'PhaseEnd': '0.9808822638544776'}",[],1.40793913,0.9660852226405344,0.10002799860625604
GO,9095,Piaulet Ghorayeb,4,2,1,Archived,transit,TOI-674,TOI-674,b,10:58:20.9850,-36:51:29.14,NIRISS,SOSS,None,CLEAR,SUBSTRIP256,NISRAPID,9,210,4.99,2026-05-09 13:48:57,2026-05-09 18:12:19,,12,Transits : toi674-transit-nirisssoss,"['OrientRange', 'PeriodZeroPhase', 'TimeSeriesObservation']","{'ZeroPhase': '2459062.541166', 'Period': '1.9771646 Days', 'PhaseStart': '0.95562', 'PhaseEnd': '0.97711'}",[],1.9771646,0.966365,0.10515900733134037
GO,9095,Piaulet Ghorayeb,4,3,1,Archived,transit,TOI-674,TOI-674,b,10:58:20.9850,-36:51:29.14,NIRSPEC,BOTS,G395M,F290LP,SUB2048,NRSRAPID,12,980,4.77,2026-05-11 12:36:56,2026-05-11 17:23:48,,12,Transits : toi674-transit-nirspecg395m,"['PeriodZeroPhase', 'TimeSeriesObservation']","{'ZeroPhase': '2459062.541166', 'Period': '1.9771646 Days', 'PhaseStart': '0.95562', 'PhaseEnd': '0.97711'}",[],1.9771646,0.966365,0.10052273847104079
GO,9095,Piaulet Ghorayeb,4,4,1,Archived,transit,TOI-674,TOI-674,b,10:58:20.9850,-36:51:29.14,MIRI,LRS,None,None,SLITLESSPRISM,FASTR1,63,1130,4.81,2026-06-04 06:00:04,2026-06-04 10:48:14,,12,Transits : toi674-transit1-mirilrs,"['OrientRange', 'PeriodZeroPhase', 'TimeSeriesObservation']","{'ZeroPhase': '2459062.541166', 'Period': '1.9771646 Days', 'PhaseStart': '0.95562', 'PhaseEnd': '0.97711'}",[],1.9771646,0.966365,0.10136569644564072
GO,9095,Piaulet Ghorayeb,4,5,1,Scheduled,transit,TOI-674,TOI-674,b,10:58:20.9850,-36:51:29.14,MIRI,LRS,None,None,SLITLESSPRISM,FASTR1,63,1130,4.81,2026-06-14 04:46:33,2026-06-14 06:50:20,,12,Transits : toi674-transit2-mirilrs,"['OrientRange', 'PeriodZeroPhase', 'TimeSeriesObservation']","{'ZeroPhase': '2459062.541166', 'Period': '1.9771646 Days', 'PhaseStart': '0.95562', 'PhaseEnd': '0.97711'}",[],1.9771646,0.966365,0.10136569644564072
GO,9095,Piaulet Ghorayeb,4,6,1,Flight Ready,transit,TOI-674,TOI-674,b,10:58:20.9850,-36:51:29.14,MIRI,LRS,None,None,SLITLESSPRISM,FASTR1,63,1130,4.81,,,2026-06-30 - 2026-06-30,12,Transits : toi674-transit3-mirilrs,"['OrientRange', 'PeriodZeroPhase', 'TimeSeriesObservation']","{'ZeroPhase': '2459062.541166', 'Period': '1.9771646 Days', 'PhaseStart': '0.95562', 'PhaseEnd': '0.97711'}",[],1.9771646,0.966365,0.10136569644564072
GO,9095,Piaulet Ghorayeb,4,7,1,Archived,transit,TOI-674,TOI-674,b,10:58:20.9850,-36:51:29.14,MIRI,LRS,None,None,SLITLESSPRISM,FASTR1,87,821,4.8,2026-01-06 22:28:26,2026-01-07 03:16:27,,12,Transits : toi674-transit4-mirilrs,"['OrientRange', 'PeriodZeroPhase', 'TimeSeriesObservation']","{'ZeroPhase': '2458641.4045520', 'Period': '1.9771430 Days', 'PhaseStart': '0.95562', 'PhaseEnd': '0.97711'}",[],1.977143,0.966365,0.10115606205519782
GO,9095,Piaulet Ghorayeb,4,9,1,Scheduled,eclipse,TOI-674,TOI-674,b,10:58:20.9850,-36:51:29.14,NIRSPEC,BOTS,G395M,F290LP,SUB2048,NRSRAPID,12,990,4.83,2026-06-13 04:58:46,2026-06-13 07:06:54,,12,Eclipses : toi674-eclipsefinder-nirspecg395m,"['PeriodZeroPhase', 'TimeSeriesObservation']","{'ZeroPhase': '2459062.541166', 'Period': '1.9771646 Days', 'PhaseStart': '0.45417 ', 'PhaseEnd': '0.47566 '}",[],1.9771646,0.464915,0.10178717543294068
GO,9095,Piaulet Ghorayeb,4,10,1,On Hold (Inactive),eclipse,TOI-674,TOI-674,b,10:58:20.9850,-36:51:29.14,NIRSPEC,BOTS,G395H,F290LP,SUB2048,NRSRAPID,12,990,4.83,,,2026-06-30 - 2026-07-01,12,Eclipses : toi674-eclipse2-nirspecg395m,"['OnHold', 'PeriodZeroPhase', 'TimeSeriesObservation']","{'ZeroPhase': '2459062.541166', 'Period': '1.9771646 Days', 'PhaseStart': '0.45417', 'PhaseEnd': '0.47566'}",[],1.9771646,0.464915,0.10178717543294068
GO,9101,Radica,4,1,1,Archived,transit,WASP-127,WASP-127,b,10:42:14.0837,-03:50:6.26,MIRI,LRS,None,None,SLITLESSPRISM,FASTR1,45,2637,13.54,2026-05-06 22:41:43,2026-05-07 11:01:56,,12,WASP-127 b Transit : miri lrs transit,"['OrientRange', 'PeriodZeroPhase', 'TimeSeriesObservation']","{'ZeroPhase': '2458238.943367', 'Period': '4.17806203 Days', 'PhaseStart': '0.9391663731075178', 'PhaseEnd': '0.9491390988275968'}",[],4.17806203,0.9441527359675573,0.13503070624987026
GO,9101,Radica,4,2,1,Archived,transit,WASP-193,WASP-193,b,10:57:23.8522,-29:59:49.67,MIRI,LRS,None,None,SLITLESSPRISM,FASTR1,250,476,13.36,2026-02-14 04:00:00,2026-02-14 16:10:42,,12,WASP-193 b Transits : miri lrs transit,"['OrientRange', 'PeriodZeroPhase', 'TimeSeriesObservation']","{'ZeroPhase': '2459243.31080', 'Period': '6.2463475 Days', 'PhaseStart': '0.9599372539979031', 'PhaseEnd': '0.9666078189427234'}",[],6.2463475,0.9632725364703132,0.08911874766280081
GO,9101,Radica,4,3,1,Archived,transit,WASP-193,WASP-193,b,10:57:23.8522,-29:59:49.67,NIRSPEC,BOTS,G395M,F290LP,SUB2048,NRSRAPID,54,702,12.21,2026-04-23 21:50:54,2026-04-24 09:02:37,,12,WASP-193 b Transits : nirspec g395m transit,"['PeriodZeroPhase', 'TimeSeriesObservation']","{'ZeroPhase': '2459243.31080', 'Period': '6.2463475 Days', 'PhaseStart': '0.9649401047392941', 'PhaseEnd': '0.9716106835670317'}",[],6.2463475,0.968275394153163,0.08144759797625732
GO,9101,Radica,4,4,1,Archived,transit,WASP-193,WASP-193,b,10:57:23.8522,-29:59:49.67,NIRSPEC,BOTS,G235M,F170LP,SUB2048,NRSRAPID,24,1546,12.23,2026-04-30 03:46:05,2026-04-30 14:58:47,,12,WASP-193 b Transits : nirspec g235m transit,"['PeriodZeroPhase', 'TimeSeriesObservation']","{'ZeroPhase': '2459243.31080', 'Period': '6.2463475 Days', 'PhaseStart': '0.9649401047392941', 'PhaseEnd': '0.9716106835670317'}",[],6.2463475,0.968275394153163,0.08158100927515373
GO,9101,Radica,4,5,1,Archived,transit,WASP-193,WASP-193,b,10:57:23.8522,-29:59:49.67,NIRSPEC,BOTS,G140H,F100LP,SUB2048,NRSRAPID,26,1433,12.24,2026-05-25 03:27:21,2026-05-25 14:40:39,,12,WASP-193 b Transits : nirspec g140h transit,"['PeriodZeroPhase', 'TimeSeriesObservation']","{'ZeroPhase': '2459243.31080', 'Period': '6.2463475 Days', 'PhaseStart': '0.9649401047392941', 'PhaseEnd': '0.9716106835670317'}",[],6.2463475,0.968275394153163,0.08164771492460193
GO,9101,Radica,4,6,1,Flight Ready,transit,TOI-1420,TOI-1420,b,21:31:45.9171,+66:20:55.93,MIRI,LRS,None,None,SLITLESSPRISM,FASTR1,150,1267,10.92,,,2026-09-14 - 2026-09-14,12,TOI-1420 b Transits : miri lrs transit,"['OrientRange', 'PeriodZeroPhase', 'TimeSeriesObservation']","{'ZeroPhase': '2459517.43305', 'Period': '6.9561063 Days', 'PhaseStart': '0.9691513321832471', 'PhaseEnd': '0.9751413647690244'}",[],6.9561063,0.9721463484761357,0.06541015625365011
GO,9101,Radica,4,7,1,Flight Ready,transit,TOI-1420,TOI-1420,b,21:31:45.9171,+66:20:55.93,NIRSPEC,BOTS,G235M,F170LP,SUB2048,NRSRAPID,30,977,9.81,,,2026-12-06 - 2026-12-07,12,TOI-1420 b Transits : nirspec g395m transit,"['PeriodZeroPhase', 'TimeSeriesObservation']","{'ZeroPhase': '2459517.43305', 'Period': '6.9561063 Days', 'PhaseStart': '0.97364385662258', 'PhaseEnd': '0.9796338892083573'}",[],6.9561063,0.9766388729154687,0.05876132168940546
GO,9101,Radica,4,8,1,Implementation,transit,TOI-1420,TOI-1420,b,21:31:45.9171,+66:20:55.93,NIRISS,SOSS,None,CLEAR,SUBSTRIP256,NISRAPID,12,390,10.32,,,2026-12-13 - 2026-12-13,12,TOI-1420 b Transits : niriss soss transit,"['OrientRange', 'PeriodZeroPhase', 'TimeSeriesObservation']","{'ZeroPhase': '2459517.43305', 'Period': '6.9561063 Days', 'PhaseStart': '0.97364385662258', 'PhaseEnd': '0.9796338892083573'}",[],6.9561063,0.9766388729154687,0.061816191624328685
DD,9235,Espinoza,3,1,1,Archived,eclipse,GJ 3929,GJ3929,b,15:58:18.6104,+35:24:29.37,MIRI,Imaging TS,None,F1500W,SUB128,FASTR1,47,3387,7.7,2025-07-08 07:34:25,2025-07-08 13:21:59,,0,MIRI Eclipses : gj3929b eclipse 1,"['PeriodZeroPhase', 'TimeSeriesObservation']","{'ZeroPhase': '2460789.0854564', 'Period': '2.6162644 Days', 'PhaseStart': '0.9412646', 'PhaseEnd': '0.9571923'}",[],2.6162644,0.94922845,0.12263031723144394
DD,9235,Espinoza,3,2,1,Archived,eclipse,GJ 3929,GJ3929,b,15:58:18.6104,+35:24:29.37,MIRI,Imaging TS,None,F1500W,SUB128,FASTR1,47,3863,8.58,2025-07-31 18:17:28,2025-08-01 01:49:56,,0,MIRI Eclipses : gj3929b eclipse 2,"['PeriodZeroPhase', 'TimeSeriesObservation']","{'ZeroPhase': '2460789.0697490', 'Period': '2.6162644 Days', 'PhaseStart': '0.9352609', 'PhaseEnd': '0.9511885'}",[],2.6162644,0.9432247,0.13664521062932325
DD,9235,Espinoza,3,3,1,Archived,eclipse,GJ 3929,GJ3929,b,15:58:18.6104,+35:24:29.37,MIRI,Imaging TS,None,F1500W,SUB128,FASTR1,47,3891,8.04,2026-01-30 21:35:12,2026-01-31 05:10:26,,0,MIRI Eclipses : gj3929b eclipse 3,"['Between', 'PeriodZeroPhase', 'TimeSeriesObservation']","{'ZeroPhase': '2460789.0688109', 'Period': '2.6162644 Days', 'PhaseStart': '0.9349023', 'PhaseEnd': '0.9508299'}","[{'After': '30-JAN-2026:22:50:00', 'Before': '30-JAN-2026:23:50:00'}]",2.6162644,0.9428661,0.1280451624078973
DD,9235,Espinoza,3,4,1,Archived,eclipse,GJ 3929,GJ3929,b,15:58:18.6104,+35:24:29.37,MIRI,Imaging TS,None,F1500W,SUB128,FASTR1,47,2980,6.35,2026-02-10 07:48:43,2026-02-10 13:42:34,,0,MIRI Eclipses : gj3929b eclipse 4 - part 1,"['Between', 'PeriodZeroPhase', 'TimeSeriesObservation']","{'ZeroPhase': '2460789.0447950', 'Period': '2.6162644 Days', 'PhaseStart': '0.9257229', 'PhaseEnd': '0.9416505'}","[{'After': '10-FEB-2026:08:50:00', 'Before': '10-FEB-2026:09:50:00'}]",2.6162644,0.9336867,0.10113019667787909
DD,9235,Espinoza,3,5,1,Archived,eclipse,GJ 3929,GJ3929,b,15:58:18.6104,+35:24:29.37,MIRI,Imaging TS,None,F1500W,SUB128,FASTR1,47,1637,3.19,2026-02-10 13:42:38,2026-02-10 16:34:43,,0,MIRI Eclipses : gj3929b eclipse 4 - part 2,['TimeSeriesObservation'],,[],,,
GO,9256,Allen,4,6,1,Archived,transit,TRAPPIST-1,TRAPPIST-1,b e,23:06:30.3652,-05:02:36.70,NIRSPEC,BOTS,PRISM,CLEAR,SUB512,NRSRAPID,5,11710,6.18,2025-06-29 20:02:09,2025-06-30 01:56:23,,0,TRAPPIST-1 b + e : 589,"['Between', 'TimeSeriesObservation']",,"[{'After': '29-JUN-2025:21:22:11', 'Before': '29-JUN-2025:22:22:11'}]",,,
GO,9256,Allen,4,7,1,Archived,transit,TRAPPIST-1,TRAPPIST-1,b e,23:06:30.3652,-05:02:36.70,NIRSPEC,BOTS,PRISM,CLEAR,SUB512,NRSRAPID,5,32160,15.28,2025-10-29 19:34:48,2025-10-30 09:25:40,,0,TRAPPIST-1 b + e : 590,"['Between', 'TimeSeriesObservation']",,"[{'After': '29-OCT-2025:21:00:53', 'Before': '29-OCT-2025:22:00:53'}]",,,
GO,9256,Allen,4,8,1,Archived,transit,TRAPPIST-1,TRAPPIST-1,b e,23:06:30.3652,-05:02:36.70,NIRSPEC,BOTS,PRISM,CLEAR,SUB512,NRSRAPID,5,18770,9.33,2025-07-11 22:21:02,2025-07-12 06:43:39,,0,TRAPPIST-1 b + e : 591,"['Between', 'TimeSeriesObservation']",,"[{'After': '11-JUL-2025:23:27:08', 'Before': '12-JUL-2025:00:27:08'}]",,,
GO,9256,Allen,4,9,1,Archived,transit,TRAPPIST-1,TRAPPIST-1,b e,23:06:30.3652,-05:02:36.70,NIRSPEC,BOTS,PRISM,CLEAR,SUB512,NRSRAPID,5,22330,10.91,2025-07-17 23:03:52,2025-07-18 09:08:24,,0,TRAPPIST-1 b + e : 592,"['Between', 'TimeSeriesObservation']",,"[{'After': '18-JUL-2025:00:29:56', 'Before': '18-JUL-2025:01:29:56'}]",,,
GO,9256,Allen,4,10,1,Archived,transit,TRAPPIST-1,TRAPPIST-1,b e,23:06:30.3652,-05:02:36.70,NIRSPEC,BOTS,PRISM,CLEAR,SUB512,NRSRAPID,5,22350,10.92,2025-11-05 00:37:44,2025-11-05 10:12:13,,0,TRAPPIST-1 b + e : 610,"['Between', 'TimeSeriesObservation']",,"[{'After': '05-NOV-2025:01:33:16', 'Before': '05-NOV-2025:02:33:16'}]",,,
GO,9256,Allen,4,11,1,Archived,transit,TRAPPIST-1,TRAPPIST-1,b e,23:06:30.3652,-05:02:36.70,NIRSPEC,BOTS,PRISM,CLEAR,SUB512,NRSRAPID,5,15240,7.75,2025-11-17 05:11:08,2025-11-17 12:16:30,,0,TRAPPIST-1 b + e : 612,"['Between', 'TimeSeriesObservation']",,"[{'After': '17-NOV-2025:06:21:05', 'Before': '17-NOV-2025:07:21:05'}]",,,
GO,9256,Allen,4,12,1,Archived,transit,TRAPPIST-1,TRAPPIST-1,b e,23:06:30.3652,-05:02:36.70,NIRSPEC,BOTS,PRISM,CLEAR,SUB512,NRSRAPID,5,23308,11.34,2025-11-23 05:56:29,2025-11-23 15:59:28,,0,TRAPPIST-1 b + e : 613*,"['Between', 'TimeSeriesObservation']",,"[{'After': '23-NOV-2025:06:58:31', 'Before': '23-NOV-2025:07:58:31'}]",,,
GO,9256,Allen,4,13,1,Archived,transit,TRAPPIST-1,TRAPPIST-1,b e,23:06:30.3652,-05:02:36.70,NIRSPEC,BOTS,PRISM,CLEAR,SUB512,NRSRAPID,5,21600,10.6,2026-06-06 06:45:45,2026-06-06 16:33:53,,0,TRAPPIST-1 b + e : 615,"['Between', 'TimeSeriesObservation']",,"[{'After': '06-JUN-2026:08:12:06', 'Before': '06-JUN-2026:09:12:06'}]",,,
GO,9256,Allen,4,14,1,Withdrawn,transit,TRAPPIST-1,TRAPPIST-1,b e,23:06:30.3652,-05:02:36.70,NIRSPEC,BOTS,PRISM,CLEAR,SUB512,NRSRAPID,5,13692,7.08,,,,0,TRAPPIST-1 b + e : 616,"['Between', 'TimeSeriesObservation']",,"[{'After': '11-DEC-2025:13:45:10', 'Before': '11-DEC-2025:14:45:10'}]",,,
GO,9709,Sing,5,1,1,Implementation,transit,TOI-1420,TOI-1420,b,21:31:45.9171,+66:20:55.93,NIRSPEC,BOTS,G395H,F290LP,SUB2048,NRSRAPID,70,420,9.67,,,2027-10-22 - 2027-10-23,0, : toi-1420 nirspec,"['PeriodZeroPhase', 'TimeSeriesObservation']","{'ZeroPhase': '2459517.43305', 'Period': '6.9561063 Days', 'PhaseStart': '0.9746207512218702', 'PhaseEnd': '0.9806106922707393'}",[],6.9561063,0.9776157217463047,0.0579227299425638
GO,9709,Sing,5,2,1,Implementation,transit,TOI-1173,TOI-1173b,b,13:10:43.7621,+70:46:6.27,NIRISS,SOSS,None,CLEAR,SUBSTRIP256,NISRAPID,4,769,8.0,,,2027-01-16 - 2027-01-17,0, : toi-1173 b soss,"['OrientRange', 'PeriodZeroPhase', 'TimeSeriesObservation']","{'ZeroPhase': '2458688.715', 'Period': '7.064397357 Days', 'PhaseStart': '0.97974', 'PhaseEnd': '0.98564'}",[],7.064397357,0.9826900000000001,0.0471849637680755
GO,9709,Sing,5,3,1,Implementation,transit,TOI-1173,TOI-1173b,b,13:10:43.7621,+70:46:6.27,NIRSPEC,BOTS,G395H,F290LP,SUB2048,NRSRAPID,26,867,7.81,,,2027-03-21 - 2027-03-21,0, : toi-1173 b nirspec,"['PeriodZeroPhase', 'TimeSeriesObservation']","{'ZeroPhase': '2458688.71500', 'Period': '7.064397357 Days', 'PhaseStart': '0.97974', 'PhaseEnd': '0.98564'}",[],7.064397357,0.9826900000000001,0.046064320878583705
GO,9709,Sing,5,4,1,Implementation,transit,TOI-2134,TOI-2134_c,c,18:07:44.4478,+39:04:26.92,NIRISS,SOSS,None,CLEAR,SUB204STRIPE_SOSS,NISRAPID,3,1710,13.7,,,2027-05-14 - 2027-05-14,0, : toi-2134 c soss,"['OrientRange', 'PeriodZeroPhase', 'TimeSeriesObservation']","{'ZeroPhase': '2459718.96933', 'Period': '95.852876 Days', 'PhaseStart': '0.9974382', 'PhaseEnd': '0.9978729'}",[],95.852876,0.99765555,0.005955307312149229
GO,9709,Sing,5,5,1,Implementation,transit,TOI-2134,TOI-2134_c,c,18:07:44.4478,+39:04:26.92,NIRSPEC,BOTS,G395H,F290LP,SUB2048,NRSRAPID,3,10703,13.54,,,2026-07-30 - 2026-07-30,0, : toi-2134 c nirspec,"['PeriodZeroPhase', 'TimeSeriesObservation']","{'ZeroPhase': '2459718.96933', 'Period': '95.852876 Days', 'PhaseStart': '0.9974382', 'PhaseEnd': '0.9978729'}",[],95.852876,0.99765555,0.005885756277846757
GO,9709,Sing,5,6,1,Implementation,transit,WASP-193,WASP-193,b,10:57:23.8522,-29:59:49.67,NIRISS,SOSS,None,CLEAR,SUBSTRIP256,NISRAPID,12,463,12.0,,,2027-01-17 - 2027-01-17,0, : wasp-193 soss,"['OrientRange', 'PeriodZeroPhase', 'TimeSeriesObservation']","{'ZeroPhase': '2457781.66567', 'Period': '6.2463345 Days', 'PhaseStart': '0.96604', 'PhaseEnd': '0.97271'}",[],6.2463345,0.969375,0.08004694593285071
GO,9709,Sing,5,7,1,Implementation,transit,WASP-127,WASP-127,b,10:42:14.0837,-03:50:6.26,NIRSPEC,BOTS,G395H,F290LP,SUB2048,NRSRAPID,14,2754,13.11,,,2027-04-22 - 2027-04-23,0, : wasp-127b nirspec,"['PeriodZeroPhase', 'TimeSeriesObservation']","{'ZeroPhase': '2457248.741', 'Period': '4.178062 Days', 'PhaseStart': '0.9433244572718531', 'PhaseEnd': '0.9532971755924664'}",[],4.178062,0.9483108164321598,0.13074243512901437
GO,9709,Sing,5,8,1,Implementation,transit,KELT-11,KELT-11,b,10:46:49.7402,-09:23:56.50,NIRISS,SOSS,None,CLEAR,SUB204STRIPE_SOSS,NISRAPID,3,2278,17.86,,,2027-05-21 - 2027-05-21,0, : kelt-11 soss,"['OrientRange', 'PeriodZeroPhase', 'TimeSeriesObservation']","{'ZeroPhase': '2458260.168608', 'Period': '4.73620495 Days', 'PhaseStart': '0.9322944756469348', 'PhaseEnd': '0.9410919552971063'}",[],4.73620495,0.9366932154720206,0.1571229865520635
GO,9709,Sing,5,16,1,Implementation,transit,KELT-11,KELT-11,b,10:46:49.7402,-09:23:56.50,NIRSPEC,BOTS,G395H,F290LP,SUB2048,NRSRAPID,3,14258,17.77,,,2027-05-07 - 2027-05-07,0, : kelt-11 nirspec,"['PeriodZeroPhase', 'TimeSeriesObservation']","{'ZeroPhase': '2458260.168608', 'Period': '4.73620495 Days', 'PhaseStart': '0.9322944756469348', 'PhaseEnd': '0.9410919552971063'}",[],4.73620495,0.9366932154720206,0.15633121338354808
GO,9709,Sing,5,9,1,Implementation,transit,WASP-131,WASP-131,b,14:00:46.4448,-30:35:0.85,NIRISS,SOSS,None,CLEAR,SUB680STRIPE_SOSS,NISRAPID,4,1086,10.87,,,2027-03-10 - 2027-03-10,0, : wasp-131 soss,"['OrientRange', 'PeriodZeroPhase', 'TimeSeriesObservation']","{'ZeroPhase': '2458282.2588', 'Period': '5.3220125 Days', 'PhaseStart': '0.9634471906817483', 'PhaseEnd': '0.9712763092091224'}",[],5.3220125,0.9673617499454354,0.08510251839255671
GO,9709,Sing,5,10,1,Implementation,transit,WASP-131,WASP-131,b,14:00:46.4448,-30:35:0.85,NIRSPEC,BOTS,G395H,F290LP,SUB2048,NRSRAPID,10,3018,10.76,,,2026-07-03 - 2026-07-03,0, : wasp-131 nirspec,"['PeriodZeroPhase', 'TimeSeriesObservation']","{'ZeroPhase': '2458282.2588', 'Period': '5.3220125 Days', 'PhaseStart': '0.9634471906817483', 'PhaseEnd': '0.9712763092091224'}",[],5.3220125,0.9673617499454354,0.08424131535454556
GO,9709,Sing,5,11,1,Implementation,transit,WASP-20,WASP-20,b,00:20:38.5350,-23:56:8.60,NIRISS,SOSS,None,CLEAR,SUBSTRIP256,NISRAPID,4,902,9.19,,,2026-11-25 - 2026-11-25,0, : wasp-20 soss,"['OrientRange', 'PeriodZeroPhase', 'TimeSeriesObservation']","{'ZeroPhase': '2458087.08446', 'Period': '4.89964477 Days', 'PhaseStart': '0.96747', 'PhaseEnd': '0.97597'}",[],4.89964477,0.97172,0.07815192419891834
GO,9709,Sing,5,12,1,Implementation,transit,WASP-20,WASP-20,b,00:20:38.5350,-23:56:8.60,NIRSPEC,BOTS,G395H,F290LP,SUB2048,NRSRAPID,30,885,8.98,,,2027-06-18 - 2027-06-19,0, : wasp-20 nirspec,"['PeriodZeroPhase', 'TimeSeriesObservation']","{'ZeroPhase': '2458087.08446', 'Period': '4.89964477 Days', 'PhaseStart': '0.96747', 'PhaseEnd': '0.97597'}",[],4.89964477,0.97172,0.07636608044682118
GO,9709,Sing,5,13,1,Implementation,transit,HD 209458,HD-209458b,b,22:03:10.7727,+18:53:3.55,NIRISS,SOSS,None,CLEAR,SUB60STRIPE_SOSS,NISRAPID,5,676,9.25,,,2026-10-25 - 2026-10-25,0, : hd 209458b soss,"['OrientRange', 'PeriodZeroPhase', 'TimeSeriesObservation']","{'ZeroPhase': '2451659.93742', 'Period': '3.52474859 Days', 'PhaseStart': '0.953268335278042', 'PhaseEnd': '0.9650895049634902'}",[],3.5247485899999997,0.9591789201207661,0.10934586022961333
GO,9709,Sing,5,14,1,Implementation,transit,KELT-4 A,KELT-4,b,10:28:15.0111,+25:34:23.47,NIRISS,SOSS,None,CLEAR,SUB680STRIPE_SOSS,NISRAPID,5,807,9.83,,,2027-05-12 - 2027-05-13,0, : kelt-4 soss,"['OrientRange', 'PeriodZeroPhase', 'TimeSeriesObservation']","{'ZeroPhase': '2456617.81302', 'Period': '2.98958682 Days', 'PhaseStart': '0.9412424146364888', 'PhaseEnd': '0.955179680611814'}",[],2.98958682,0.9482110476241514,0.13700332453744674
GO,9709,Sing,5,15,1,Implementation,transit,KELT-4 A,KELT-4,b,10:28:15.0111,+25:34:23.47,NIRSPEC,BOTS,G395H,F290LP,SUB2048,NRSRAPID,20,1410,9.71,,,2027-04-07 - 2027-04-07,0, : kelt-4 nirspec,"['OrientRange', 'PeriodZeroPhase', 'TimeSeriesObservation']","{'ZeroPhase': '2456617.81302', 'Period': '2.98958682 Days', 'PhaseStart': '0.9412424146364888 ', 'PhaseEnd': '0.955179680611814'}",[],2.98958682,0.9482110476241514,0.1353308526204077
GO,9825,Hoeijmakers,5,1,1,Implementation,eclipse,55 Cnc,-rho01-Cnc,e,08:52:35.8111,+28:19:50.95,NIRISS,SOSS,None,CLEAR,SUB60STRIPE_SOSS,NISRAPID,4,655,7.56,,,2027-03-15 - 2027-03-15,12, : eclipse 1,"['PeriodZeroPhase', 'TimeSeriesObservation']","{'ZeroPhase': '2459370.807543', 'Period': '0.73654625 Days', 'PhaseStart': '0.293505', 'PhaseEnd': '0.350079'}",[],0.73654625,0.32179199999999997,0.4276717178317044
GO,9825,Hoeijmakers,5,2,1,On Hold (Inactive),eclipse,55 Cnc,-rho01-Cnc,e,08:52:35.8111,+28:19:50.95,NIRISS,SOSS,None,CLEAR,SUB60STRIPE_SOSS,NISRAPID,4,655,7.56,,,2027-04-02 - 2027-04-02,12, : eclipse 2,"['OnHold', 'PeriodZeroPhase', 'TimeSeriesObservation']","{'ZeroPhase': '2459370.807543', 'Period': '0.73654625 Days', 'PhaseStart': '0.293505', 'PhaseEnd': '0.350079'}",[],0.73654625,0.32179199999999997,0.4276717178317044
GO,9825,Hoeijmakers,5,3,1,On Hold (Inactive),eclipse,55 Cnc,-rho01-Cnc,e,08:52:35.8111,+28:19:50.95,NIRISS,SOSS,None,CLEAR,SUB60STRIPE_SOSS,NISRAPID,4,655,7.56,,,2027-04-06 - 2027-04-06,12, : eclipse 3,"['OnHold', 'PeriodZeroPhase', 'TimeSeriesObservation']","{'ZeroPhase': '2459370.807543', 'Period': '0.73654625 Days', 'PhaseStart': '0.293505', 'PhaseEnd': '0.350079'}",[],0.73654625,0.32179199999999997,0.4276717178317044
GO,9825,Hoeijmakers,5,4,1,On Hold (Inactive),eclipse,55 Cnc,-rho01-Cnc,e,08:52:35.8111,+28:19:50.95,NIRISS,SOSS,None,CLEAR,SUB60STRIPE_SOSS,NISRAPID,4,655,7.56,,,2027-04-10 - 2027-04-10,12, : eclipse 4,"['OnHold', 'PeriodZeroPhase', 'TimeSeriesObservation']","{'ZeroPhase': '2459370.807543', 'Period': '0.73654625 Days', 'PhaseStart': '0.293505', 'PhaseEnd': '0.350079'}",[],0.73654625,0.32179199999999997,0.4276717178317044
GO,9825,Hoeijmakers,5,5,1,On Hold (Inactive),eclipse,55 Cnc,-rho01-Cnc,e,08:52:35.8111,+28:19:50.95,NIRISS,SOSS,None,CLEAR,SUB60STRIPE_SOSS,NISRAPID,4,655,7.56,,,2027-04-13 - 2027-04-13,12, : eclipse 5,"['OnHold', 'PeriodZeroPhase', 'TimeSeriesObservation']","{'ZeroPhase': '2459370.807543', 'Period': '0.73654625 Days', 'PhaseStart': '0.293505', 'PhaseEnd': '0.350079'}",[],0.73654625,0.32179199999999997,0.4276717178317044
GO,9942,Welbanks,5,1,1,Implementation,transit,HAT-P-17,HAT-P-17b,b,21:38:8.7310,+30:29:19.45,NIRSPEC,BOTS,G395H,F290LP,SUB2048,NRSRAPID,18,2017,12.23,,,2026-09-30 - 2026-09-30,12, : hat-p-17b g395h transit,"['PeriodZeroPhase', 'TimeSeriesObservation']","{'ZeroPhase': '2456703.460703', 'Period': '10.33853522 Days', 'PhaseStart': '0.977606', 'PhaseEnd': '0.981638'}",[],10.33853522,0.979622,0.049289703279004095
GO,9942,Welbanks,5,6,1,Implementation,transit,K2-287,K2-287b,b,15:32:17.8470,-22:21:29.76,NIRSPEC,BOTS,G395H,F290LP,SUB2048,NRSRAPID,32,1173,12.35,,,2027-08-03 - 2027-08-03,12, : k2-287b g395h transit,"['PeriodZeroPhase', 'TimeSeriesObservation']","{'ZeroPhase': '2458001.72138', 'Period': '14.893291 Days', 'PhaseStart': '0.984771', 'PhaseEnd': '0.987569'}",[],14.893291,0.98617,0.034551351567181046
GO,9942,Welbanks,5,7,1,Implementation,transit,WASP-148,WASP-148b,b,16:56:31.3397,+44:18:9.55,NIRSPEC,BOTS,G395H,F290LP,SUB2048,NRSRAPID,109,280,10.03,,,2028-02-11 - 2028-02-11,12, : wasp-148b g395h transit,"['PeriodZeroPhase', 'TimeSeriesObservation']","{'ZeroPhase': '2459163.62033', 'Period': '8.803544 Days', 'PhaseStart': '0.978625', 'PhaseEnd': '0.983358'}",[],8.803544,0.9809915,0.047471412270634034
GO,10047,Luque,5,1,1,Implementation,transit,TOI-6109,TOI-6109,b,03:20:31.6230,+42:36:25.49,NIRISS,SOSS,None,CLEAR,SUBSTRIP256,NISRAPID,5,764,9.18,,,2027-09-21 - 2027-09-21,0,TOI-6109 : planet b - niriss,"['OrientRange', 'PeriodZeroPhase', 'TimeSeriesObservation']","{'ZeroPhase': '2458791.0538', 'Period': '5.690476 Days', 'PhaseStart': '0.9707112960907547', 'PhaseEnd': '0.978033472068066'}",[],5.690476,0.9743723840794103,0.067217575471718
GO,10047,Luque,5,2,1,Implementation,transit,TOI-6109,TOI-6109,b,03:20:31.6230,+42:36:25.49,NIRSPEC,BOTS,G395H,F290LP,SUB2048,NRSRAPID,35,775,9.14,,,2027-01-02 - 2027-01-03,0,TOI-6109 : planet b - nirspec,"['PeriodZeroPhase', 'TimeSeriesObservation']","{'ZeroPhase': '2458791.0538', 'Period': '5.690476 Days', 'PhaseStart': '0.9707112960907547', 'PhaseEnd': '0.978033472068066'}",[],5.690476,0.9743723840794103,0.06692468843262556
GO,10047,Luque,5,3,1,Implementation,transit,TOI-6109,TOI-6109,c,03:20:31.6230,+42:36:25.49,NIRISS,SOSS,None,CLEAR,SUBSTRIP256,NISRAPID,5,829,9.87,,,2027-02-16 - 2027-02-17,0,TOI-6109 : planet c - niriss,"['OrientRange', 'PeriodZeroPhase', 'TimeSeriesObservation']","{'ZeroPhase': '2458798.0657', 'Period': '8.538878 Days', 'PhaseStart': '0.9790175399312806', 'PhaseEnd': '0.983897181807727'}",[],8.538878,0.9814573608695039,0.048162065320525714
GO,10047,Luque,5,4,1,Implementation,transit,TOI-6109,TOI-6109,c,03:20:31.6230,+42:36:25.49,NIRSPEC,BOTS,G395H,F290LP,SUB2048,NRSRAPID,35,842,9.84,,,2028-01-07 - 2028-01-07,0,TOI-6109 : planet c - nirspec,"['PeriodZeroPhase', 'TimeSeriesObservation']","{'ZeroPhase': '2458798.0657', 'Period': '8.538878 Days', 'PhaseStart': '0.9790175399312806', 'PhaseEnd': '0.983897181807727'}",[],8.538878,0.9814573608695039,0.04801567606423233
GO,10047,Luque,5,5,1,Implementation,transit,TOI-1136,TOI-1136,d,12:48:44.3726,+64:51:19.15,NIRISS,SOSS,None,CLEAR,SUBSTRIP96,NISRAPID,4,3493,13.54,,,2028-02-14 - 2028-02-14,0,TOI-1136 : planet d - niriss,"['OrientRange', 'PeriodZeroPhase', 'TimeSeriesObservation']","{'ZeroPhase': '2458686.0628', 'Period': '12.5199 Days', 'PhaseStart': '0.9790175399312806', 'PhaseEnd': '0.983897181807727'}",[],12.519899999999998,0.9814573608695039,0.045061595273657676
GO,10047,Luque,5,6,1,Implementation,transit,TOI-1136,TOI-1136,d,12:48:44.3726,+64:51:19.15,NIRSPEC,BOTS,G395H,F290LP,SUB2048,NRSRAPID,11,3573,13.51,,,2028-01-20 - 2028-01-20,0,TOI-1136 : planet d - nirspec,"['PeriodZeroPhase', 'TimeSeriesObservation']","{'ZeroPhase': '2458686.0628', 'Period': '12.5199 Days', 'PhaseStart': '0.9790175399312806', 'PhaseEnd': '0.983897181807727'}",[],12.519899999999998,0.9814573608695039,0.044961754220614124
GO,10047,Luque,5,7,1,Implementation,transit,TOI-1136,TOI-1136,f,12:48:44.3726,+64:51:19.15,NIRISS,SOSS,None,CLEAR,SUBSTRIP96,NISRAPID,4,4174,15.97,,,2027-01-30 - 2027-01-30,0,TOI-1136 : planet f - niriss,"['OrientRange', 'PeriodZeroPhase', 'TimeSeriesObservation']","{'ZeroPhase': '2458699.3777', 'Period': '26.321 Days', 'PhaseStart': '0.9790175399312806', 'PhaseEnd': '0.983897181807727'}",[],26.320999999999998,0.9814573608695039,0.025280827729442904
GO,10047,Luque,5,8,1,Implementation,transit,TOI-1136,TOI-1136,f,12:48:44.3726,+64:51:19.15,NIRSPEC,BOTS,G395H,F290LP,SUB2048,NRSRAPID,11,4271,15.95,,,2027-05-15 - 2027-05-16,0,TOI-1136 : planet f - nirspec,"['PeriodZeroPhase', 'TimeSeriesObservation']","{'ZeroPhase': '2458699.3777', 'Period': '26.321 Days', 'PhaseStart': '0.9790175399312806', 'PhaseEnd': '0.983897181807727'}",[],26.320999999999998,0.9814573608695039,0.025249167331535025
GO,10047,Luque,5,9,1,Implementation,transit,HD 110067,HD-110067,b,12:39:21.5037,+20:01:40.04,NIRISS,SOSS,None,CLEAR,SUB204STRIPE_SOSS,NISRAPID,5,920,11.13,,,2027-06-15 - 2027-06-15,0,HD 110067 : planet b - niriss,"['PeriodZeroPhase', 'TimeSeriesObservation']","{'ZeroPhase': '2459640.15797', 'Period': '9.113678 Days', 'PhaseStart': '0.9790175399312806', 'PhaseEnd': '0.983897181807727'}",[],9.113678,0.9814573608695039,0.05088505431067457
GO,10047,Luque,5,10,1,Implementation,transit,HD 110067,HD-110067,b,12:39:21.5037,+20:01:40.04,NIRSPEC,BOTS,G395H,F290LP,SUB2048,NRSRAPID,3,8608,11.17,,,2027-05-28 - 2027-05-28,0,HD 110067 : planet b - nirspec,"['PeriodZeroPhase', 'TimeSeriesObservation']","{'ZeroPhase': '2459640.15797', 'Period': '9.113678 Days', 'PhaseStart': '0.9790175399312806', 'PhaseEnd': '0.983897181807727'}",[],9.113678,0.9814573608695039,0.051067929618170256
GO,10047,Luque,5,11,1,Implementation,transit,HD 110067,HD-110067,d,12:39:21.5037,+20:01:40.04,NIRISS,SOSS,None,CLEAR,SUB204STRIPE_SOSS,NISRAPID,5,1072,12.8,,,2027-05-08 - 2027-05-08,0,HD 110067 : planet d - niriss,"['PeriodZeroPhase', 'TimeSeriesObservation']","{'ZeroPhase': '2459708.20282', 'Period': '20.519617 Days', 'PhaseStart': '0.9790175399312806', 'PhaseEnd': '0.983897181807727'}",[],20.519617,0.9814573608695039,0.025991388305801874
GO,10047,Luque,5,12,1,Implementation,transit,HD 110067,HD-110067,d,12:39:21.5037,+20:01:40.04,NIRSPEC,BOTS,G395H,F290LP,SUB2048,NRSRAPID,3,10036,12.84,,,2027-01-25 - 2027-01-26,0,HD 110067 : planet d - nirspec,"['PeriodZeroPhase', 'TimeSeriesObservation']","{'ZeroPhase': '2459708.20282', 'Period': '20.519617 Days', 'PhaseStart': '0.9790175399312806', 'PhaseEnd': '0.983897181807727'}",[],20.519617,0.9814573608695039,0.026072611394257504
GO,10047,Luque,5,13,1,Implementation,transit,HD 110067,HD-110067,f,12:39:21.5037,+20:01:40.04,NIRISS,SOSS,None,CLEAR,SUB204STRIPE_SOSS,NISRAPID,5,1358,15.93,,,2027-06-13 - 2027-06-14,0,HD 110067 : planet f - niriss,"['PeriodZeroPhase', 'TimeSeriesObservation']","{'ZeroPhase': '2459641.5763', 'Period': '41.05854 Days', 'PhaseStart': '0.9790175399312806', 'PhaseEnd': '0.983897181807727'}",[],41.05854,0.9814573608695039,0.01616594257857196
GO,10047,Luque,5,14,1,Implementation,transit,HD 110067,HD-110067,f,12:39:21.5037,+20:01:40.04,NIRSPEC,BOTS,G395H,F290LP,SUB2048,NRSRAPID,3,12714,15.97,,,2027-05-03 - 2027-05-04,0,HD 110067 : planet f - nirspec,"['PeriodZeroPhase', 'TimeSeriesObservation']","{'ZeroPhase': '2459641.5763', 'Period': '41.05854 Days', 'PhaseStart': '0.9790175399312806', 'PhaseEnd': '0.983897181807727'}",[],41.05854,0.9814573608695039,0.016206535026980176
GO,10047,Luque,5,15,1,Implementation,transit,TOI-178,TOI-178,d,00:29:12.3029,-30:27:13.47,NIRISS,SOSS,None,CLEAR,SUBSTRIP256,NISRAPID,4,940,10.38,,,2027-06-29 - 2027-06-30,0,TOI-178 : planet d - niriss,"['OrientRange', 'PeriodZeroPhase', 'TimeSeriesObservation']","{'ZeroPhase': '2458747.14623', 'Period': '6.5577 Days', 'PhaseStart': '0.9790175399312806', 'PhaseEnd': '0.983897181807727'}",[],6.557699999999999,0.9814573608695039,0.06595300181466064
GO,10047,Luque,5,16,1,Implementation,transit,TOI-178,TOI-178,g,00:29:12.3029,-30:27:13.47,NIRISS,SOSS,None,CLEAR,SUBSTRIP256,NISRAPID,4,895,8.98,,,2027-12-10 - 2027-12-11,0,TOI-178 : planet g - niriss,"['OrientRange', 'PeriodZeroPhase', 'TimeSeriesObservation']","{'ZeroPhase': '2458748.0302', 'Period': '20.7095 Days', 'PhaseStart': '0.9790175399312806', 'PhaseEnd': '0.983897181807727'}",[],20.7095,0.9814573608695039,0.018067392581504464
GO,10248,Vissapragada,5,1,1,Implementation,phase curve,WASP-12,WASP-12,b,06:30:32.7966,+29:40:20.26,NIRSPEC,BOTS,G395H,F290LP,SUB2048,NRSRAPID,30,4210,39.0,,,2028-02-20 - 2028-02-20,12, : wasp-12b phase curve,"['PeriodZeroPhase', 'TimeSeriesObservation']","{'ZeroPhase': '2461376.1825', 'Period': '2.182838732 Days', 'PhaseStart': '0.1927351191', 'PhaseEnd': '0.2118234128'}",[],1.091419366,0.4045585319,1.4888869032584124
GO,10290,Lothringer,5,1,1,Implementation,transit,HD 134004,HD-134004,b,15:09:4.8934,-42:42:17.79,MIRI,LRS,None,None,SLITLESSPRISM,FASTR1,104,1590,9.67,,,2028-03-03 - 2028-03-03,12,,"['PeriodZeroPhase', 'TimeSeriesObservation']","{'ZeroPhase': '2456612.6581', 'Period': '3.3448334281314875 Days', 'PhaseStart': '0.947', 'PhaseEnd': '0.96'}",[],3.3448334281314875,0.9535,0.12045941160416665
GO,10300,Whiteford,5,1,1,Implementation,phase curve,PSO J318.5-22,PSOJ318.5-22,none,21:14:8.0256,-22:51:35.84,NIRSPEC,BOTS,PRISM,CLEAR,SUB2048,NRS,35,244,10.51,,,2027-09-22 - 2027-10-20,12,"PSO J318.5-22, TSO : nirspec/prism",['TimeSeriesObservation'],,[],,,
GO,10300,Whiteford,5,2,1,Implementation,phase curve,PSO J318.5-22,PSOJ318.5-22,none,21:14:8.0256,-22:51:35.84,MIRI,MRS,SHORT(A),None,FULL,FASTR1,100,4,1.68,,,2027-09-23 - 2027-10-21,12,"PSO J318.5-22, TSO : miri/mrs",['TimeSeriesObservation'],,[],,,
GO,10300,Whiteford,5,8,1,Implementation,phase curve,PSO J318.5-22,PSOJ318.5-22,none,21:14:8.0256,-22:51:35.84,MIRI,MRS,SHORT(A),None,FULL,FASTR1,100,4,2.18,,,2027-09-27 - 2027-10-25,12,"PSO J318.5-22, TSO : miri/mrs",['TimeSeriesObservation'],,[],,,
GO,10498,Murphy,5,1,1,Implementation,transit,L 98-59,L-98-59,d,08:18:7.8951,-68:18:52.25,NIRSPEC,BOTS,G395H,F290LP,SUB2048,NRSRAPID,6,2121,5.42,,,2028-03-04 - 2028-03-04,12,Transit Observations of L98-59d : g395h,"['PeriodZeroPhase', 'TimeSeriesObservation']","{'ZeroPhase': ' 2458362.73980', 'Period': '7.4507290 Days', 'PhaseStart': '0.986774457', 'PhaseEnd': ' 0.992366653'}",[],7.450729,0.989570555,0.030310233177630447
GO,10498,Murphy,5,2,1,Implementation,transit,L 98-59,L-98-59,d,08:18:7.8951,-68:18:52.25,NIRSPEC,BOTS,G395H,F290LP,SUB2048,NRSRAPID,6,2121,5.42,,,2027-03-19 - 2027-03-20,12,Transit Observations of L98-59d : g395h,"['PeriodZeroPhase', 'TimeSeriesObservation']","{'ZeroPhase': ' 2458362.73980', 'Period': '7.4507290 Days', 'PhaseStart': '0.986774457', 'PhaseEnd': ' 0.992366653'}",[],7.450729,0.989570555,0.030310233177630447
GO,10498,Murphy,5,3,1,Implementation,transit,L 98-59,L-98-59,d,08:18:7.8951,-68:18:52.25,NIRSPEC,BOTS,G395H,F290LP,SUB2048,NRSRAPID,6,2121,5.42,,,2028-02-18 - 2028-02-18,12,Transit Observations of L98-59d : g395h,"['PeriodZeroPhase', 'TimeSeriesObservation']","{'ZeroPhase': ' 2458362.73980', 'Period': '7.4507290 Days', 'PhaseStart': '0.986774457', 'PhaseEnd': ' 0.992366653'}",[],7.450729,0.989570555,0.030310233177630447
GO,10498,Murphy,5,4,1,Implementation,transit,L 98-59,L-98-59,d,08:18:7.8951,-68:18:52.25,NIRSPEC,BOTS,G395H,F290LP,SUB2048,NRSRAPID,6,2121,5.42,,,2026-08-01 - 2026-08-01,12,Transit Observations of L98-59d : g395h,"['PeriodZeroPhase', 'TimeSeriesObservation']","{'ZeroPhase': ' 2458362.73980', 'Period': '7.4507290 Days', 'PhaseStart': '0.986774457', 'PhaseEnd': ' 0.992366653'}",[],7.450729,0.989570555,0.030310233177630447
GO,10498,Murphy,5,5,1,Implementation,transit,L 98-59,L-98-59,d,08:18:7.8951,-68:18:52.25,NIRSPEC,BOTS,G395H,F290LP,SUB2048,NRSRAPID,6,2121,5.42,,,2028-02-03 - 2028-02-03,12,Transit Observations of L98-59d : g395h,"['PeriodZeroPhase', 'TimeSeriesObservation']","{'ZeroPhase': ' 2458362.73980', 'Period': '7.4507290 Days', 'PhaseStart': '0.986774457', 'PhaseEnd': ' 0.992366653'}",[],7.450729,0.989570555,0.030310233177630447
GO,10498,Murphy,5,6,1,Implementation,transit,L 98-59,L-98-59,d,08:18:7.8951,-68:18:52.25,NIRSPEC,BOTS,G395H,F290LP,SUB2048,NRSRAPID,6,2121,5.42,,,2027-07-02 - 2027-07-02,12,Transit Observations of L98-59d : g395h,"['PeriodZeroPhase', 'TimeSeriesObservation']","{'ZeroPhase': ' 2458362.73980', 'Period': '7.4507290 Days', 'PhaseStart': '0.986774457', 'PhaseEnd': ' 0.992366653'}",[],7.450729,0.989570555,0.030310233177630447
GO,10498,Murphy,5,7,1,Implementation,transit,L 98-59,L-98-59,d,08:18:7.8951,-68:18:52.25,NIRSPEC,BOTS,G395H,F290LP,SUB2048,NRSRAPID,6,2121,5.42,,,2027-05-26 - 2027-05-26,12,Transit Observations of L98-59d : g395h,"['PeriodZeroPhase', 'TimeSeriesObservation']","{'ZeroPhase': ' 2458362.73980', 'Period': '7.4507290 Days', 'PhaseStart': '0.986774457', 'PhaseEnd': ' 0.992366653'}",[],7.450729,0.989570555,0.030310233177630447
GO,10498,Murphy,5,8,1,Implementation,transit,L 98-59,L-98-59,d,08:18:7.8951,-68:18:52.25,NIRSPEC,BOTS,G395H,F290LP,SUB2048,NRSRAPID,6,2121,5.42,,,2027-07-09 - 2027-07-09,12,Transit Observations of L98-59d : g395h,"['PeriodZeroPhase', 'TimeSeriesObservation']","{'ZeroPhase': ' 2458362.73980', 'Period': '7.4507290 Days', 'PhaseStart': '0.986774457', 'PhaseEnd': ' 0.992366653'}",[],7.450729,0.989570555,0.030310233177630447
GO,10498,Murphy,5,9,1,Implementation,transit,L 98-59,L-98-59,d,08:18:7.8951,-68:18:52.25,NIRSPEC,BOTS,G395H,F290LP,SUB2048,NRSRAPID,6,2121,5.42,,,2027-06-17 - 2027-06-17,12,Transit Observations of L98-59d : g395h,"['PeriodZeroPhase', 'TimeSeriesObservation']","{'ZeroPhase': ' 2458362.73980', 'Period': '7.4507290 Days', 'PhaseStart': '0.986774457', 'PhaseEnd': ' 0.992366653'}",[],7.450729,0.989570555,0.030310233177630447
GO,10586,Mann,5,1,1,Implementation,transit,K2-33,K2-33,b,16:10:14.7377,-19:19:9.41,NIRSPEC,BOTS,PRISM,CLEAR,SUB512,NRSRAPID,2,47502,11.79,,,2027-03-17 - 2027-03-18,12, : nirspec,"['PeriodZeroPhase', 'TimeSeriesObservation']","{'ZeroPhase': '2456898.69288', 'Period': '5.424865 Days', 'PhaseStart': '0.9609821', 'PhaseEnd': '0.9686628'}",[],5.424865,0.96482245,0.09055524884029373
GO,10586,Mann,5,2,1,Implementation,transit,K2-33,K2-33,b,16:10:14.7377,-19:19:9.41,MIRI,LRS,None,None,SLITLESSPRISM,FASTR1,174,640,12.6,,,2027-07-26 - 2027-07-26,12, : miri,"['PeriodZeroPhase', 'TimeSeriesObservation']","{'ZeroPhase': '2456898.69288', 'Period': '5.424865 Days', 'PhaseStart': '0.9571418', 'PhaseEnd': '0.9648225'}",[],5.424865,0.96098215,0.09677660181405437
GO,10653,Dai,5,1,1,Implementation,phase curve,G 264-17,G-264-17,b,22:03:21.2557,+67:29:59.83,MIRI,LRS,None,None,SLITLESSPRISM,FASTR1,25,6471,26.97,,,2027-01-23 - 2027-01-24,12,MIRI Phase Curve,"['PeriodZeroPhase', 'TimeSeriesObservation']","{'ZeroPhase': '2458739.97928', 'Period': '1.116884 Days', 'PhaseStart': '0.05', 'PhaseEnd': '0.1'}",[],0.558442,0.15000000000000002,2.012294920510993
GO,10674,Lothringer,5,1,1,Implementation,transit,Kepler-89,Kepler-89,c,19:49:19.9343,+41:53:28.01,NIRSPEC,BOTS,PRISM,CLEAR,SUB512,NRSRAPID,4,35800,14.3,,,2026-09-03 - 2026-09-04,12,Kepler-89c : kepler-89c,"['PeriodZeroPhase', 'TimeSeriesObservation']","{'ZeroPhase': '2454971.00904', 'Period': '10.4236774 Days', 'PhaseStart': '0.9717', 'PhaseEnd': '0.977'}",[],10.4236774,0.97435,0.057161528553572975
GO,10674,Lothringer,5,2,1,Implementation,transit,Kepler-89,Kepler-89,c,19:49:19.9343,+41:53:28.01,NIRSPEC,BOTS,PRISM,CLEAR,SUB512,NRSRAPID,4,35800,14.3,,,2026-11-15 - 2026-11-15,12,Kepler-89c : kepler-89c,"['PeriodZeroPhase', 'TimeSeriesObservation']","{'ZeroPhase': '2454971.00904', 'Period': '10.4236774 Days', 'PhaseStart': '0.9717', 'PhaseEnd': '0.977'}",[],10.4236774,0.97435,0.057161528553572975
GO,10674,Lothringer,5,3,1,Implementation,transit,Kepler-89,Kepler-89,c,19:49:19.9343,+41:53:28.01,NIRSPEC,BOTS,PRISM,CLEAR,SUB512,NRSRAPID,4,35800,14.3,,,2026-07-24 - 2026-07-24,12,Kepler-89c : kepler-89c,"['PeriodZeroPhase', 'TimeSeriesObservation']","{'ZeroPhase': '2454971.00904', 'Period': '10.4236774 Days', 'PhaseStart': '0.9717', 'PhaseEnd': '0.977'}",[],10.4236774,0.97435,0.057161528553572975
GO,10674,Lothringer,5,4,1,Implementation,transit,Kepler-89,Kepler-89,c,19:49:19.9343,+41:53:28.01,NIRSPEC,BOTS,PRISM,CLEAR,SUB512,NRSRAPID,4,35800,14.3,,,2026-08-14 - 2026-08-14,12,Kepler-89c : kepler-89c,"['PeriodZeroPhase', 'TimeSeriesObservation']","{'ZeroPhase': '2454971.00904', 'Period': '10.4236774 Days', 'PhaseStart': '0.9717', 'PhaseEnd': '0.977'}",[],10.4236774,0.97435,0.057161528553572975
GO,10674,Lothringer,5,5,1,Implementation,transit,Kepler-89,Kepler-89,d,19:49:19.9343,+41:53:28.01,NIRSPEC,BOTS,PRISM,CLEAR,SUB512,NRSRAPID,4,43500,17.17,,,2026-09-27 - 2026-09-27,12,Kepler-89d : kepler-89d,"['PeriodZeroPhase', 'TimeSeriesObservation']","{'ZeroPhase': '2454965.74164', 'Period': '22.3429648 Days', 'PhaseStart': '0.9842', 'PhaseEnd': '0.987'}",[],22.3429648,0.9856,0.03201977325169786
GO,10674,Lothringer,5,6,1,Implementation,transit,Kepler-89,Kepler-89,e,19:49:19.9343,+41:53:28.01,NIRSPEC,BOTS,PRISM,CLEAR,SUB512,NRSRAPID,4,27625,21.56,,,2027-06-10 - 2027-06-10,12,Kepler-89e : kepler-89e,"['PeriodZeroPhase', 'TimeSeriesObservation']","{'ZeroPhase': '2454994.23987', 'Period': '54.319962 Days', 'PhaseStart': '0.9918', 'PhaseEnd': '0.9932'}",[],54.319962,0.9924999999999999,0.016537812256446967
GO,10674,Lothringer,5,7,1,Implementation,transit,Kepler-89,Kepler-89,e,19:49:19.9343,+41:53:28.01,NIRSPEC,BOTS,PRISM,CLEAR,SUB512,NRSRAPID,4,27625,21.56,,,2027-09-26 - 2027-09-26,12,Kepler-89e : kepler-89e,"['PeriodZeroPhase', 'TimeSeriesObservation']","{'ZeroPhase': '2454994.23987', 'Period': '54.319962 Days', 'PhaseStart': '0.9918', 'PhaseEnd': '0.9932'}",[],54.319962,0.9924999999999999,0.016537812256446967
GO,10786,Taylor,5,1,1,Implementation,eclipse,HAT-P-1,HAT-P-1,b,22:57:46.8442,+38:40:30.36,NIRSPEC,BOTS,G395M,F290LP,SUB2048,NRSRAPID,9,3475,11.22,,,2027-08-17 - 2027-08-18,12,HAT-P-1b Eclipse,"['PeriodZeroPhase', 'TimeSeriesObservation']","{'ZeroPhase': '2456476.03405', 'Period': '4.46529913 Days', 'PhaseStart': '0.45194424223639124', 'PhaseEnd': '0.46127545733612113'}",[],4.46529913,0.4566098497862562,0.10469623341896919
GO,10786,Taylor,5,2,1,Implementation,eclipse,WASP-94 A,WASP-94A,b,20:55:7.9444,-34:08:8.01,NIRSPEC,BOTS,G395M,F290LP,SUB2048,NRSRAPID,9,5050,15.79,,,2026-09-20 - 2026-09-21,12,WASP-94A b Eclipse,"['PeriodZeroPhase', 'TimeSeriesObservation']","{'ZeroPhase': '2458328.29911', 'Period': '3.95020049 Days', 'PhaseStart': '0.4245818870660243', 'PhaseEnd': '0.43512987488895793'}",[],3.95020049,0.4298558809774911,0.16655272772412286
GO,10786,Taylor,5,3,1,Implementation,eclipse,WASP-127,WASP-127,b,10:42:14.0837,-03:50:6.26,NIRSPEC,BOTS,G395M,F290LP,SUB2048,NRSRAPID,7,6125,15.17,,,2027-04-25 - 2027-04-25,12,WASP-127 b Eclipse,"['PeriodZeroPhase', 'TimeSeriesObservation']","{'ZeroPhase': '2458385.175527', 'Period': '4.17806513 Days', 'PhaseStart': '0.4304901533053252', 'PhaseEnd': '0.4404628716259385'}",[],4.17806513,0.43547651246563185,0.15128613692370405
GO,10786,Taylor,5,4,1,Implementation,eclipse,HAT-P-13,HAT-P-13,b,08:39:31.8072,+47:21:7.27,NIRSPEC,BOTS,G395M,F290LP,SUB2048,NRSRAPID,10,3475,12.02,,,2027-03-23 - 2027-03-24,12,HAT-P-13 b Eclipse,"['PeriodZeroPhase', 'TimeSeriesObservation']","{'ZeroPhase': '2455631.47279', 'Period': '2.91624268 Days', 'PhaseStart': '0.4121533545450296', 'PhaseEnd': '0.42644114580205444'}",[],2.91624268,0.419297250173542,0.1717392509094385
GO,10786,Taylor,5,5,1,Implementation,eclipse,HAT-P-30,HAT-P-30,b,08:15:47.9802,+05:50:12.35,NIRSPEC,BOTS,G395M,F290LP,SUB2048,NRSRAPID,12,2175,9.12,,,2027-04-18 - 2027-04-19,12,HAT-P-30 b Eclipse,"['PeriodZeroPhase', 'TimeSeriesObservation']","{'ZeroPhase': '2457825.80333', 'Period': '2.81060097 Days', 'PhaseStart': '0.4216577120870891', 'PhaseEnd': '0.43648253678166915'}",[],2.81060097,0.4290701244343791,0.13520240121457014
GO,10786,Taylor,5,6,1,Implementation,eclipse,HAT-P-32,HAT-P-32,b,02:04:10.2774,+46:41:16.21,NIRSPEC,BOTS,G395M,F290LP,SUB2048,NRSRAPID,27,1375,12.2,,,2026-12-25 - 2026-12-25,12,HAT-P-32 b Eclipse,"['PeriodZeroPhase', 'TimeSeriesObservation']","{'ZeroPhase': '2456265.154123', 'Period': '2.150008197 Days', 'PhaseStart': '0.3900250696652609', 'PhaseEnd': '0.4094048407399973'}",[],2.150008197,0.3997149552026291,0.23643320711178353
GO,10786,Taylor,5,7,1,Implementation,eclipse,KELT-7,KELT-7,b,05:13:10.9289,+33:19:5.40,NIRSPEC,BOTS,G395H,F290LP,SUB2048,NRSRAPID,7,5125,12.84,,,2027-02-11 - 2027-02-12,12,KELT-7 b Eclipse,"['PeriodZeroPhase', 'TimeSeriesObservation']","{'ZeroPhase': '2459109.138447', 'Period': '2.7347656 Days', 'PhaseStart': '0.4093462830354942', 'PhaseEnd': '0.42458220185305817'}",[],2.7347656,0.4169642424442762,0.1956291976175216
GO,10786,Taylor,5,8,1,Implementation,eclipse,WASP-178,WASP-178,b,15:09:4.8934,-42:42:17.79,NIRSPEC,BOTS,G395M,F290LP,SUB2048,NRSRAPID,20,1975,13.07,,,2026-08-20 - 2026-08-20,12,WASP-178 b Eclipse,"['PeriodZeroPhase', 'TimeSeriesObservation']","{'ZeroPhase': '2456927.0692', 'Period': '3.3448369 Days', 'PhaseStart': '0.4233893885827437', 'PhaseEnd': '0.4358463985692895'}",[],3.3448369,0.4296178935760166,0.16281312052415273
GO,10786,Taylor,5,9,1,Implementation,eclipse,WASP-12,WASP-12,b,06:30:32.7966,+29:40:20.26,NIRSPEC,BOTS,G395M,F290LP,SUB2048,NRSRAPID,32,1105,11.61,,,2026-10-02 - 2026-10-03,12,WASP-12 b Eclipse,"['PeriodZeroPhase', 'TimeSeriesObservation']","{'ZeroPhase': '2457036.706177', 'Period': '1.091419179 Days', 'PhaseStart': '0.29137930054548256', 'PhaseEnd': '0.32955589434956367'}",[],1.091419179,0.3104675974475231,0.4432302540653814
GO,11144,Tsai,5,1,1,On Hold (Inactive),transit,GJ 436,GJ-436,b,11:42:11.0933,+26:42:23.65,NIRCAM,GRISMR TS,"DHS0,GRISMR","F150W2,F322W2",SUB82S2_4-SPECTRA,BRIGHT1,3,6715,6.97,,,2026-12-04 - 2026-12-05,12, : gj 436b (f322w2+dhs),"['OnHold', 'OrientRange', 'PeriodZeroPhase', 'TimeSeriesObservation']","{'ZeroPhase': '2454865.084034', 'Period': '2.64388312 Days', 'PhaseStart': '0.9487389089524754', 'PhaseEnd': '0.964498556703722'}",[],2.64388312,0.9566187328280986,0.10984474482618833
GO,11144,Tsai,5,2,1,On Hold (Inactive),transit,GJ 436,GJ-436,b,11:42:11.0933,+26:42:23.65,NIRCAM,GRISMR TS,"DHS0,GRISMR","F150W2,F444W",SUB82S2_4-SPECTRA,BRIGHT1,4,5049,6.91,,,2027-01-10 - 2027-01-11,12, : gj 436b (f444w+dhs),"['OnHold', 'OrientRange', 'PeriodZeroPhase', 'TimeSeriesObservation']","{'ZeroPhase': '2454865.084034', 'Period': '2.64388312 Days', 'PhaseStart': '0.9487389089524754', 'PhaseEnd': '0.964498556703722'}",[],2.64388312,0.9566187328280986,0.10889916596111354
GO,11253,Cassese,5,1,1,Implementation,transit,BD+10 1799,BD+10-1799,f,08:26:27.8491,+10:04:49.33,NIRISS,SOSS,None,CLEAR,SUB204STRIPE_SOSS,NISRAPID,12,1638,39.2,,,2027-04-26 - 2027-04-26,12, : transit observation,"['OrientRange', 'PeriodZeroPhase', 'TimeSeriesObservation']","{'ZeroPhase': '2460980.56325', 'Period': '542.07975 Days', 'PhaseStart': '0.998462', 'PhaseEnd': '0.998616'}",[],542.07975,0.998539,0.003013086789044109
GO,11301,Splinter,5,1,1,Implementation,phase curve,HD 189733,HD-189733b,b,20:00:43.7129,+22:42:39.07,MIRI,LRS,None,None,SLITLESSPRISM,FASTR1,5,31761,69.53,,,2026-10-28 - 2026-10-28,12,MIRI LRS Phase Curve : hd 189733b phase curve,"['OrientRange', 'PeriodZeroPhase', 'TimeSeriesObservation']","{'ZeroPhase': '2454632.19046', 'Period': '4.437150286 Days', 'PhaseStart': '0.2139', 'PhaseEnd': '0.2233'}",[],2.218575143,0.43720000000000003,1.3058306104592166
GO,11302,French,5,1,1,Implementation,transit,TOI-1338 A,TOI-1338,b,06:08:31.9675,-59:32:28.08,NIRSPEC,BOTS,PRISM,CLEAR,SUB512,NRSRAPID,3,39649,24.71,,,2026-09-24 - 2026-09-24,12, : transit across primary star,"['Between', 'TimeSeriesObservation']",,"[{'After': '24-SEP-2026:07:49:26', 'Before': '24-SEP-2026:08:49:55'}]",,,
GO,11302,French,5,2,1,Implementation,transit,TOI-1338 A,TOI-1338,b,06:08:31.9675,-59:32:28.08,NIRSPEC,BOTS,PRISM,CLEAR,SUB512,NRSRAPID,3,22140,7.61,,,2026-09-25 - 2026-09-25,12, : transit across secondary star,"['Between', 'TimeSeriesObservation']",,"[{'After': '25-SEP-2026:02:34:04', 'Before': '25-SEP-2026:03:34:34'}]",,,
GO,11302,French,5,3,1,Implementation,eclipse,TOI-1338 A,TOI-1338,b,06:08:31.9675,-59:32:28.08,NIRSPEC,BOTS,PRISM,CLEAR,SUB512,NRSRAPID,3,53017,16.83,,,2026-09-25 - 2026-09-25,12, : secondary eclipse,"['Between', 'TimeSeriesObservation']",,"[{'After': '25-SEP-2026:06:25:55', 'Before': '25-SEP-2026:07:26:24'}]",,,
GO,11672,Ih,5,1,1,Implementation,transit,TOI-421,TOI-421,c,05:27:24.8259,-14:16:37.05,NIRISS,SOSS,None,CLEAR,SUBSTRIP96,NISRAPID,3,2944,9.58,,,2027-02-24 - 2027-02-24,12, : niriss,"['OrientRange', 'PeriodZeroPhase', 'TimeSeriesObservation']","{'ZeroPhase': '2459195.307', 'Period': '16.067541 Days', 'PhaseStart': '0.9883175444622588', 'PhaseEnd': '0.9909107643374511'}",[],16.067541,0.9896141543998549,0.02484304640434194
GO,11672,Ih,5,2,1,Implementation,transit,TOI-421,TOI-421,c,05:27:24.8259,-14:16:37.05,NIRSPEC,BOTS,G395H,F290LP,SUB2048,NRSRAPID,10,2629,9.5,,,2027-02-08 - 2027-02-08,12, : nirspec,"['PeriodZeroPhase', 'TimeSeriesObservation']","{'ZeroPhase': '2459195.307', 'Period': '16.067541 Days', 'PhaseStart': '0.9883175444622588', 'PhaseEnd': '0.9909107643374511'}",[],16.067541,0.9896141543998549,0.024635588814326558
GO,11712,Adams,5,1,1,Implementation,phase curve,HD 106906,HD-106906B,b,12:17:52.6100,-55:58:26.60,NIRSPEC,BOTS,PRISM,CLEAR,SUB512,NRS,25,40,12.34,,,2027-06-26 - 2027-07-24,12,HD 106906 b NIRSpec BOTS : nirspec prism time series,['TimeSeriesObservation'],,[],,,
GO,11712,Adams,5,2,1,Implementation,phase curve,HD 106906,HD-106906B,b,12:17:52.6100,-55:58:26.60,MIRI,Imaging TS,None,F1000W,FULL,FASTR1,54,6,10.98,,,2027-06-18 - 2027-07-16,12,HD 106906 b MIRI Imaging TS : miri f1000w time series,['TimeSeriesObservation'],,[],,,
GO,11779,Chachan,5,1,1,Implementation,transit,WASP-139,WASP-139,b,03:18:14.9435,-41:18:7.66,NIRSPEC,BOTS,G395M,F290LP,SUB2048,NRSRAPID,40,733,9.82,,,2027-01-15 - 2027-01-15,12,All Observations : wasp-139 b transit 1,"['PeriodZeroPhase', 'TimeSeriesObservation']","{'ZeroPhase': '2458363.8746000', 'Period': '5.924266132 Days', 'PhaseStart': '0.967295504', 'PhaseEnd': '0.974328729'}",[],5.924266132,0.9708121165,0.06906621977303613
GO,11779,Chachan,5,11,1,Implementation,transit,WASP-139,WASP-139,b,03:18:14.9435,-41:18:7.66,NIRISS,SOSS,None,CLEAR,SUBSTRIP256,NISRAPID,11,411,10.05,,,2027-09-14 - 2027-09-15,12,All Observations : wasp-139 b transit 2,"['OrientRange', 'PeriodZeroPhase', 'TimeSeriesObservation']","{'ZeroPhase': '2458363.8746000', 'Period': '5.924266132 Days', 'PhaseStart': '0.967295504', 'PhaseEnd': '0.974328729'}",[],5.924266132,0.9708121165,0.07068386035835164
GO,11779,Chachan,5,4,1,Implementation,transit,TOI-181,TOI-181,b,23:28:41.2700,-34:29:29.03,NIRSPEC,BOTS,G395M,F290LP,SUB2048,NRSRAPID,10,2354,8.56,,,2027-10-24 - 2027-10-24,12,All Observations : toi-181 b transit 1,"['PeriodZeroPhase', 'TimeSeriesObservation']","{'ZeroPhase': '2458358.1182630', 'Period': '4.53205017292082 Days', 'PhaseStart': '0.965697997', 'PhaseEnd': '0.974891878'}",[],4.53205017292082,0.9702949375000001,0.07869874627552984
GO,11779,Chachan,5,5,1,Implementation,transit,TOI-181,TOI-181,b,23:28:41.2700,-34:29:29.03,NIRISS,SOSS,None,CLEAR,SUBSTRIP256,NISRAPID,3,1066,8.73,,,2027-10-10 - 2027-10-10,12,All Observations : toi-181 b transit 2,"['OrientRange', 'PeriodZeroPhase', 'TimeSeriesObservation']","{'ZeroPhase': '2458358.1182630', 'Period': '4.53205017292082 Days', 'PhaseStart': '0.965697997', 'PhaseEnd': '0.974891878'}",[],4.53205017292082,0.9702949375000001,0.08026168866651581
GO,11779,Chachan,5,6,1,Implementation,transit,TOI-2374,TOI-2374,b,21:17:59.5906,-22:02:58.88,NIRSPEC,BOTS,G395M,F290LP,SUB2048,NRSRAPID,20,1036,7.41,,,2027-10-08 - 2027-10-08,12,All Observations : toi-2374 b transit 1,"['PeriodZeroPhase', 'TimeSeriesObservation']","{'ZeroPhase': '2459064.1956318', 'Period': '4.31361 Days', 'PhaseStart': '0.969136361', 'PhaseEnd': '0.978795688'}",[],4.31361,0.9739660245,0.07157577991519865
GO,11779,Chachan,5,7,1,Implementation,transit,TOI-2374,TOI-2374,b,21:17:59.5906,-22:02:58.88,NIRISS,SOSS,None,CLEAR,SUBSTRIP256,NISRAPID,6,511,7.57,,,2027-09-25 - 2027-09-25,12,All Observations : toi-2374 b transit 2,"['OrientRange', 'PeriodZeroPhase', 'TimeSeriesObservation']","{'ZeroPhase': '2459064.1956318', 'Period': '4.31361 Days', 'PhaseStart': '0.970136361', 'PhaseEnd': '0.979795688'}",[],4.31361,0.9749660245,0.07312127583779403
GO,11779,Chachan,5,12,1,Implementation,transit,HATS-48,HATS-48,b,19:14:41.2747,-59:34:45.76,NIRSPEC,BOTS,PRISM,CLEAR,SUB512,NRSRAPID,5,16836,8.5,,,2026-08-12 - 2026-08-13,12,All Observations : hats-48a b transit,"['PeriodZeroPhase', 'TimeSeriesObservation']","{'ZeroPhase': '2457955.4954300', 'Period': '3.1316666 Days', 'PhaseStart': '0.947506119', 'PhaseEnd': '0.96081107'}",[],3.1316665999999995,0.9541585945,0.11309207265762795
GO,11779,Chachan,5,13,1,Implementation,transit,TOI-1823,TOI-1823,b,13:04:52.8851,+63:45:13.65,NIRSPEC,BOTS,G395M,F290LP,SUB2048,NRSRAPID,5,6880,12.93,,,2027-03-06 - 2027-03-06,12,All Observations : toi-1823 b transit 1,"['PeriodZeroPhase', 'TimeSeriesObservation']","{'ZeroPhase': '2460345.3485660', 'Period': '38.8135498 Days', 'PhaseStart': '0.993866355', 'PhaseEnd': '0.994940238'}",[],38.8135498,0.9944032965,0.013880461920543017
GO,11779,Chachan,5,14,1,Implementation,transit,TOI-1823,TOI-1823,b,13:04:52.8851,+63:45:13.65,NIRISS,SOSS,None,CLEAR,SUBSTRIP256,NISRAPID,3,1702,13.24,,,2027-05-22 - 2027-05-22,12,All Observations : toi-1823 b transit 2,"['OrientRange', 'PeriodZeroPhase', 'TimeSeriesObservation']","{'ZeroPhase': '2460345.3485660', 'Period': '38.8135498 Days', 'PhaseStart': '0.993866355', 'PhaseEnd': '0.994940238'}",[],38.8135498,0.9944032965,0.01421324948398991
GO,11831,Barat,5,1,1,Implementation,transit,V1298 Tau,V-V1298-Tau,b,04:05:19.5910,+20:09:25.56,NIRISS,SOSS,None,CLEAR,SUBSTRIP96,NISRAPID,5,3690,16.97,,,2026-09-07 - 2026-09-08,12, : v1298 tau b,"['Between', 'OrientRange', 'TimeSeriesObservation']",,"[{'After': '29-SEP-2027:02:13:00', 'Before': '29-SEP-2027:16:01:00'}, {'After': '04-SEP-2027:22:51:00', 'Before': '05-SEP-2027:12:39:00'}, {'After': '01-OCT-2026:23:33:00', 'Before': '02-OCT-2026:13:21:00'}, {'After': '07-SEP-2026:20:07:00', 'Before': '08-SEP-2026:09:55:00'}]",,,
GO,11831,Barat,5,3,1,Implementation,transit,V1298 Tau,V-V1298-Tau,e,04:05:19.5910,+20:09:25.56,NIRISS,SOSS,None,CLEAR,SUBSTRIP96,NISRAPID,5,4110,19.77,,,2027-01-23 - 2027-01-23,12, : v1298 tau e,"['Between', 'OrientRange', 'PeriodZeroPhase', 'TimeSeriesObservation']","{'ZeroPhase': '2458313.543883', 'Period': '48.677714 Days', 'PhaseStart': '0.993187', 'PhaseEnd': '0.993587'}","[{'After': '29-AUG-2026:00:25:00', 'Before': '30-AUG-2026:16:19:00'}, {'After': '23-JAN-2027:01:01:00', 'Before': '23-JAN-2027:16:55:00'}, {'After': '23-SEP-2027:10:14:00', 'Before': '24-SEP-2027:02:08:00'}]",48.677714,0.993387,0.016922528449055764
GO,11962,Scarsdale,5,1,1,Implementation,transit,HD 63935,HD-63935,b,07:51:41.9140,+09:23:6.87,NIRSPEC,BOTS,G395H,F290LP,SUB2048,NRSRAPID,3,8143,10.6,,,2027-03-28 - 2027-03-28,12, : planet-b-nirspec-g395,"['PeriodZeroPhase', 'TimeSeriesObservation']","{'ZeroPhase': '2458494.4462', 'Period': '9.058811 Days', 'PhaseStart': '0.9764961796126813', 'PhaseEnd': '0.9810957530739961'}",[],9.058811,0.9787959663433388,0.048755478689936974
GO,11962,Scarsdale,5,3,1,Implementation,transit,HD 63935,HD-63935,b,07:51:41.9140,+09:23:6.87,NIRISS,SOSS,None,CLEAR,SUB204STRIPE_SOSS,NISRAPID,6,748,10.78,,,2027-03-10 - 2027-03-10,12, : planet-b-niriss,"['OrientRange', 'PeriodZeroPhase', 'TimeSeriesObservation']","{'ZeroPhase': '2458494.4462', 'Period': '9.058811 Days', 'PhaseStart': '0.9764961796126813', 'PhaseEnd': '0.9810957530739961'}",[],9.058811,0.9787959663433388,0.04958340191297364
GO,11962,Scarsdale,5,2,1,Implementation,transit,HD 63935,HD-63935,c,07:51:41.9140,+09:23:6.87,NIRSPEC,BOTS,G395H,F290LP,SUB2048,NRSRAPID,3,11117,14.08,,,2028-03-12 - 2028-03-12,12, : planet-c-nirspec-g395,"['PeriodZeroPhase', 'TimeSeriesObservation']","{'ZeroPhase': '2459231.828048', 'Period': '21.4023 Days', 'PhaseStart': '0.9861098536528006', 'PhaseEnd': '0.9880566849123692'}",[],21.4023,0.9870832692825848,0.027411384134726952
GO,11962,Scarsdale,5,4,1,Implementation,transit,HD 63935,HD-63935,c,07:51:41.9140,+09:23:6.87,NIRISS,SOSS,None,CLEAR,SUB204STRIPE_SOSS,NISRAPID,6,1020,14.25,,,2027-03-14 - 2027-03-14,12, : planet-c-niriss,"['OrientRange', 'PeriodZeroPhase', 'TimeSeriesObservation']","{'ZeroPhase': '2459231.828048', 'Period': '21.4023 Days', 'PhaseStart': '0.9861098536528006', 'PhaseEnd': '0.9880566849123692'}",[],21.4023,0.9870832692825848,0.02774234544885363
GO,12157,Benneke,5,1,1,Implementation,transit,LP 791-18,LP-791-18,c,11:02:45.9546,-16:24:22.29,MIRI,LRS,None,None,SLITLESSPRISM,FASTR1,160,596,6.03,,,2027-05-19 - 2027-05-19,12,LP791-18c : transit,"['Between', 'OrientRange', 'PeriodZeroPhase', 'TimeSeriesObservation']","{'ZeroPhase': '2460113.3411445', 'Period': '4.9899093 Days', 'PhaseStart': '0.9749244521999991 ', 'PhaseEnd': '0.9833554521999992'}","[{'After': '08-MAY-2026:00:00:00', 'Before': '28-JUL-2026:00:00:00'}, {'After': '30-JUL-2026:00:00:00', 'Before': '31-OCT-2026:00:00:00'}, {'After': '02-NOV-2026:00:00:00', 'Before': '07-APR-2028:00:00:00'}, {'After': '09-APR-2028:00:00:00', 'Before': '01-JUL-2028:00:00:00'}]",4.9899093,0.9791399521999992,0.05035161661154843
GO,12157,Benneke,5,3,1,Implementation,transit,LP 791-18,LP-791-18,c,11:02:45.9546,-16:24:22.29,MIRI,LRS,None,None,SLITLESSPRISM,FASTR1,160,596,6.03,,,2027-05-09 - 2027-05-09,12,LP791-18c : transit,"['Between', 'OrientRange', 'PeriodZeroPhase', 'TimeSeriesObservation']","{'ZeroPhase': '2460113.3411445', 'Period': '4.9899093 Days', 'PhaseStart': '0.9749244521999991 ', 'PhaseEnd': '0.9833554521999992'}","[{'After': '08-MAY-2026:00:00:00', 'Before': '28-JUL-2026:00:00:00'}, {'After': '30-JUL-2026:00:00:00', 'Before': '31-OCT-2026:00:00:00'}, {'After': '02-NOV-2026:00:00:00', 'Before': '07-APR-2028:00:00:00'}, {'After': '09-APR-2028:00:00:00', 'Before': '01-JUL-2028:00:00:00'}]",4.9899093,0.9791399521999992,0.05035161661154843
GO,12157,Benneke,5,5,1,Implementation,transit,TOI-270,TOI-270,d,04:33:39.8638,-51:57:26.75,MIRI,LRS,None,None,SLITLESSPRISM,FASTR1,21,5861,7.72,,,2026-10-11 - 2026-10-12,12,TOI-270d : transit,"['Between', 'OrientRange', 'PeriodZeroPhase', 'TimeSeriesObservation']","{'ZeroPhase': '2460346.977984', 'Period': '11.37965984 Days', 'PhaseStart': '0.9855319790006997', 'PhaseEnd': '0.9898039790006996'}","[{'After': '22-APR-2026:00:00:00', 'Before': '06-SEP-2027:00:00:00'}, {'After': '08-SEP-2027:00:00:00', 'Before': '17-SEP-2027:00:00:00'}, {'After': '19-SEP-2027:00:00:00', 'Before': '12-FEB-2028:00:00:00'}, {'After': '14-FEB-2028:00:00:00', 'Before': '01-JUL-2028:00:00:00'}]",11.37965984,0.9876679790006997,0.028266808603188146
GO,12157,Benneke,5,7,1,Implementation,transit,TOI-270,TOI-270,c,04:33:39.8638,-51:57:26.75,MIRI,LRS,None,None,SLITLESSPRISM,FASTR1,21,5118,6.88,,,2026-10-08 - 2026-10-08,12,TOI-270c : transit,"['Between', 'OrientRange', 'PeriodZeroPhase', 'TimeSeriesObservation']","{'ZeroPhase': '2460551.810495', 'Period': '5.6605731 Days', 'PhaseStart': '0.9764876244298818', 'PhaseEnd': '0.9839220895608654'}","[{'After': '22-APR-2026:00:00:00', 'Before': '15-NOV-2026:00:00:00'}, {'After': '17-NOV-2026:00:00:00', 'Before': '18-JUN-2027:00:00:00'}, {'After': '20-JUN-2027:00:00:00', 'Before': '25-AUG-2027:00:00:00'}, {'After': '27-AUG-2027:00:00:00', 'Before': '06-SEP-2027:00:00:00'}, {'After': '08-SEP-2027:00:00:00', 'Before': '17-SEP-2027:00:00:00'}, {'After': '19-SEP-2027:00:00:00', 'Before': '04-OCT-2027:00:00:00'}, {'After': '06-OCT-2027:00:00:00', 'Before': '19-JAN-2028:00:00:00'}, {'After': '21-JAN-2028:00:00:00', 'Before': '06-MAY-2028:00:00:00'}, {'After': '08-MAY-2028:00:00:00', 'Before': '01-JUL-2028:00:00:00'}]",5.6605731,0.9802048569953736,0.05064269316947195
GO,12157,Benneke,5,9,1,Implementation,transit,TOI-270,TOI-270,c,04:33:39.8638,-51:57:26.75,MIRI,LRS,None,None,SLITLESSPRISM,FASTR1,21,5118,6.88,,,2027-09-23 - 2027-09-24,12,TOI-270c : transit,"['Between', 'OrientRange', 'PeriodZeroPhase', 'TimeSeriesObservation']","{'ZeroPhase': '2460551.810495', 'Period': '5.6605731 Days', 'PhaseStart': '0.9764876244298818', 'PhaseEnd': '0.9839220895608654'}","[{'After': '22-APR-2026:00:00:00', 'Before': '15-NOV-2026:00:00:00'}, {'After': '17-NOV-2026:00:00:00', 'Before': '18-JUN-2027:00:00:00'}, {'After': '20-JUN-2027:00:00:00', 'Before': '25-AUG-2027:00:00:00'}, {'After': '27-AUG-2027:00:00:00', 'Before': '06-SEP-2027:00:00:00'}, {'After': '08-SEP-2027:00:00:00', 'Before': '17-SEP-2027:00:00:00'}, {'After': '19-SEP-2027:00:00:00', 'Before': '04-OCT-2027:00:00:00'}, {'After': '06-OCT-2027:00:00:00', 'Before': '19-JAN-2028:00:00:00'}, {'After': '21-JAN-2028:00:00:00', 'Before': '06-MAY-2028:00:00:00'}, {'After': '08-MAY-2028:00:00:00', 'Before': '01-JUL-2028:00:00:00'}]",5.6605731,0.9802048569953736,0.05064269316947195
GO,12157,Benneke,5,11,1,Implementation,transit,GJ 9827,GJ9827,d,23:27:5.2388,-01:17:7.13,MIRI,LRS,None,None,SLITLESSPRISM,FASTR1,10,8999,6.2,,,2026-12-12 - 2026-12-13,12,GJ 9827d : transit,"['Between', 'OrientRange', 'PeriodZeroPhase', 'TimeSeriesObservation']","{'ZeroPhase': '2460265.10196', 'Period': '6.201830 Days', 'PhaseStart': '0.9796482797461573', 'PhaseEnd': '0.9874862797461573'}","[{'After': '08-MAY-2026:00:00:00', 'Before': '16-JUL-2026:00:00:00'}, {'After': '18-JUL-2026:00:00:00', 'Before': '01-JUL-2028:00:00:00'}]",6.201829999999999,0.9835672797461573,0.04165437190850658
GO,12157,Benneke,5,13,1,Implementation,transit,GJ 9827,GJ9827,d,23:27:5.2388,-01:17:7.13,MIRI,LRS,None,None,SLITLESSPRISM,FASTR1,10,8999,6.2,,,2027-11-19 - 2027-11-19,12,GJ 9827d : transit,"['Between', 'OrientRange', 'PeriodZeroPhase', 'TimeSeriesObservation']","{'ZeroPhase': '2460265.10196', 'Period': '6.201830 Days', 'PhaseStart': '0.9796482797461573', 'PhaseEnd': '0.9874862797461573'}","[{'After': '08-MAY-2026:00:00:00', 'Before': '16-JUL-2026:00:00:00'}, {'After': '18-JUL-2026:00:00:00', 'Before': '01-JUL-2028:00:00:00'}]",6.201829999999999,0.9835672797461573,0.04165437190850658
GO,12157,Benneke,5,15,1,Implementation,transit,GJ 3090,GJ3090,b,01:21:45.2173,-46:42:53.04,MIRI,LRS,None,None,SLITLESSPRISM,FASTR1,10,8881,6.14,,,2027-10-07 - 2027-10-07,12,GJ 3090b : transit,"['OrientRange', 'PeriodZeroPhase', 'TimeSeriesObservation']","{'ZeroPhase': '2460159.312806', 'Period': '2.8531054 Days', 'PhaseStart': '0.9569702992975536', 'PhaseEnd': '0.9740072992975537'}",[],2.8531054,0.9654887992975536,0.08966837794822909
GO,12157,Benneke,5,17,1,Implementation,transit,GJ 3090,GJ3090,b,01:21:45.2173,-46:42:53.04,MIRI,LRS,None,None,SLITLESSPRISM,FASTR1,10,8881,6.14,,,2026-09-19 - 2026-09-19,12,GJ 3090b : transit,"['OrientRange', 'PeriodZeroPhase', 'TimeSeriesObservation']","{'ZeroPhase': '2460159.312806', 'Period': '2.8531054 Days', 'PhaseStart': '0.9569702992975536', 'PhaseEnd': '0.9740072992975537'}",[],2.8531054,0.9654887992975536,0.08966837794822909
GO,12237,Boehm,5,1,1,Implementation,transit,55 Cnc,55-Cnc-e,e,08:52:35.8111,+28:19:50.95,NIRISS,SOSS,None,CLEAR,SUB17STRIPE_SOSS,NISRAPID,5,177,6.4,,,2026-11-22 - 2026-11-22,12,55 Cnc e : niriss soss,"['Between', 'OrientRange', 'PeriodZeroPhase', 'TimeSeriesObservation']","{'ZeroPhase': '2459511.487987', 'Period': '0.7365474 Days', 'PhaseStart': '0.8278058320935399', 'PhaseEnd': '0.8843760768146083'}","[{'After': '30-OCT-2026:00:00:00', 'Before': '13-DEC-2026:23:59:59'}]",0.7365474,0.856090954454074,0.36204956621483786
